#pragma once

// Generated from Inter Tight under the SIL Open Font License 1.1.
const uint8_t InterTightBold48Bitmaps[] PROGMEM = {
  0x0F, 0xE0, 0x1F, 0xC0, 0x3F, 0x80, 0x7F, 0x00, 0xFE, 0x01, 0xFC, 0x03, 0xF8, 0x07, 0xF0, 0x0F,
  0xE0, 0x1F, 0xC0, 0x3F, 0x80, 0x7F, 0x00, 0xFE, 0x01, 0xFC, 0x03, 0xF8, 0x07, 0xF0, 0x0F, 0xE0,
  0x1F, 0xC0, 0x3F, 0x80, 0x7F, 0x00, 0xFE, 0x01, 0xFC, 0x03, 0xF8, 0x07, 0xF0, 0x00, 0x00, 0x00,
  0x00, 0x00, 0x00, 0x0C, 0x00, 0xFE, 0x01, 0xFC, 0x07, 0xFC, 0x0F, 0xF8, 0x1F, 0xF0, 0x1F, 0xC0,
  0x1F, 0x00, 0x00, 0x00, 0x0F, 0xE3, 0xF8, 0x07, 0xF1, 0xFC, 0x03, 0xF8, 0x7E, 0x01, 0xFC, 0x3F,
  0x00, 0xFE, 0x1F, 0x80, 0x7F, 0x0F, 0xC0, 0x3F, 0x87, 0xE0, 0x1F, 0xC3, 0xF0, 0x0F, 0xC1, 0xF8,
  0x07, 0xE0, 0xFC, 0x03, 0xF0, 0x7E, 0x00, 0xF8, 0x3F, 0x00, 0x7C, 0x1F, 0x80, 0x3E, 0x0F, 0xC0,
  0x1F, 0x07, 0xE0, 0x00, 0x00, 0x00, 0x00, 0x00, 0x00, 0x00, 0x00, 0x00, 0x00, 0x00, 0x00, 0x00,
  0x00, 0x00, 0x00, 0x00, 0x00, 0x00, 0x00, 0x00, 0x00, 0x00, 0x00, 0x00, 0x00, 0x00, 0x00, 0x00,
  0x00, 0x00, 0x00, 0x00, 0x00, 0x00, 0x00, 0x00, 0x00, 0x00, 0x00, 0x00, 0x00, 0x00, 0x00, 0x00,
  0x00, 0x00, 0x00, 0x00, 0x00, 0x00, 0x00, 0x00, 0x00, 0x00, 0x00, 0x00, 0x00, 0x00, 0x00, 0x00,
  0x00, 0x00, 0x00, 0x7C, 0x07, 0xE0, 0x00, 0xF8, 0x0F, 0x80, 0x03, 0xF0, 0x1F, 0x00, 0x07, 0xE0,
  0x7E, 0x00, 0x0F, 0xC0, 0xFC, 0x00, 0x1F, 0x01, 0xF8, 0x00, 0x3E, 0x03, 0xE0, 0x00, 0x7C, 0x07,
  0xC0, 0x01, 0xF8, 0x0F, 0x80, 0x7F, 0xFF, 0xFF, 0xF8, 0xFF, 0xFF, 0xFF, 0xF1, 0xFF, 0xFF, 0xFF,
  0xC3, 0xFF, 0xFF, 0xFF, 0x87, 0xFF, 0xFF, 0xFF, 0x00, 0xFC, 0x07, 0xC0, 0x01, 0xF8, 0x0F, 0x80,
  0x03, 0xF0, 0x3F, 0x00, 0x07, 0xC0, 0x7E, 0x00, 0x0F, 0x80, 0xFC, 0x00, 0x1F, 0x01, 0xF0, 0x00,
  0x7E, 0x03, 0xE0, 0x0F, 0xFF, 0xFF, 0xFE, 0x3F, 0xFF, 0xFF, 0xFC, 0x7F, 0xFF, 0xFF, 0xF0, 0xFF,
  0xFF, 0xFF, 0xE1, 0xFF, 0xFF, 0xFF, 0xC0, 0x3F, 0x01, 0xF0, 0x00, 0x7E, 0x03, 0xE0, 0x00, 0xFC,
  0x0F, 0xC0, 0x01, 0xF0, 0x1F, 0x80, 0x03, 0xE0, 0x3F, 0x00, 0x07, 0xC0, 0x7C, 0x00, 0x1F, 0x80,
  0xF8, 0x00, 0x3F, 0x01, 0xF0, 0x00, 0x7E, 0x07, 0xE0, 0x00, 0x00, 0x03, 0x80, 0x00, 0x00, 0x0E,
  0x00, 0x00, 0x00, 0x38, 0x00, 0x00, 0x00, 0xE0, 0x00, 0x00, 0x3F, 0xF8, 0x00, 0x07, 0xFF, 0xF8,
  0x00, 0x3F, 0xFF, 0xF8, 0x01, 0xFF, 0xFF, 0xF0, 0x0F, 0xFF, 0xFF, 0xC0, 0x7F, 0xFF, 0xFF, 0x81,
  0xFF, 0x39, 0xFF, 0x0F, 0xF0, 0xE3, 0xFC, 0x3F, 0xC3, 0x87, 0xF0, 0xFF, 0x0E, 0x1F, 0xC3, 0xFC,
  0x38, 0x00, 0x0F, 0xF0, 0xE0, 0x00, 0x3F, 0xE3, 0x80, 0x00, 0x7F, 0xEE, 0x00, 0x01, 0xFF, 0xF8,
  0x00, 0x03, 0xFF, 0xFE, 0x00, 0x07, 0xFF, 0xFE, 0x00, 0x0F, 0xFF, 0xFE, 0x00, 0x0F, 0xFF, 0xFC,
  0x00, 0x07, 0xFF, 0xF8, 0x00, 0x03, 0xFF, 0xF0, 0x00, 0x0E, 0xFF, 0xC0, 0x00, 0x38, 0xFF, 0x00,
  0x00, 0xE1, 0xFE, 0x7F, 0x03, 0x87, 0xF9, 0xFE, 0x0E, 0x1F, 0xE7, 0xF8, 0x38, 0x7F, 0x8F, 0xF0,
  0xE3, 0xFC, 0x3F, 0xE3, 0x9F, 0xF0, 0xFF, 0xFF, 0xFF, 0xC1, 0xFF, 0xFF, 0xFE, 0x03, 0xFF, 0xFF,
  0xF0, 0x07, 0xFF, 0xFF, 0x80, 0x0F, 0xFF, 0xFC, 0x00, 0x07, 0xFF, 0xC0, 0x00, 0x00, 0xE0, 0x00,
  0x00, 0x03, 0x80, 0x00, 0x00, 0x0E, 0x00, 0x00, 0x00, 0x38, 0x00, 0x00, 0x00, 0x00, 0x00, 0x00,
  0x00, 0x00, 0x00, 0x00, 0xFC, 0x00, 0x00, 0x00, 0x03, 0xFF, 0x00, 0x07, 0xC0, 0x07, 0xFF, 0x80,
  0x0F, 0x80, 0x0F, 0xFF, 0xC0, 0x0F, 0x00, 0x0F, 0xCF, 0xC0, 0x1F, 0x00, 0x1F, 0x87, 0xC0, 0x3E,
  0x00, 0x1F, 0x07, 0xE0, 0x3C, 0x00, 0x1F, 0x03, 0xE0, 0x7C, 0x00, 0x1F, 0x03, 0xE0, 0xF8, 0x00,
  0x1F, 0x03, 0xE0, 0xF0, 0x00, 0x1F, 0x07, 0xE1, 0xF0, 0x00, 0x1F, 0x87, 0xC3, 0xE0, 0x00, 0x0F,
  0xCF, 0xC3, 0xC0, 0x00, 0x0F, 0xFF, 0xC7, 0x80, 0x00, 0x07, 0xFF, 0x8F, 0x80, 0x00, 0x03, 0xFF,
  0x0F, 0x00, 0x00, 0x01, 0xFC, 0x1E, 0x00, 0x00, 0x00, 0x00, 0x3E, 0x00, 0x00, 0x00, 0x00, 0x7C,
  0x00, 0x00, 0x00, 0x00, 0x78, 0x00, 0x00, 0x00, 0x00, 0xF8, 0x7F, 0x00, 0x00, 0x01, 0xF0, 0xFF,
  0xC0, 0x00, 0x01, 0xE1, 0xFF, 0xE0, 0x00, 0x03, 0xE3, 0xFF, 0xF0, 0x00, 0x07, 0xC3, 0xF3, 0xF0,
  0x00, 0x07, 0x87, 0xE1, 0xF0, 0x00, 0x0F, 0x87, 0xC1, 0xF0, 0x00, 0x1F, 0x07, 0xC0, 0xF8, 0x00,
  0x1E, 0x07, 0xC0, 0xF8, 0x00, 0x3C, 0x07, 0xC0, 0xF8, 0x00, 0x7C, 0x07, 0xC1, 0xF0, 0x00, 0x78,
  0x07, 0xE1, 0xF0, 0x00, 0xF0, 0x03, 0xE3, 0xF0, 0x01, 0xF0, 0x03, 0xFF, 0xF0, 0x03, 0xE0, 0x01,
  0xFF, 0xE0, 0x07, 0xC0, 0x00, 0xFF, 0xC0, 0x00, 0x00, 0x00, 0x7F, 0x00, 0x00, 0x00, 0x00, 0x00,
  0x00, 0x00, 0x00, 0x00, 0x00, 0x00, 0x00, 0x7F, 0xC0, 0x00, 0x00, 0xFF, 0xF0, 0x00, 0x03, 0xFF,
  0xF8, 0x00, 0x03, 0xFF, 0xF8, 0x00, 0x07, 0xFF, 0xFC, 0x00, 0x07, 0xFF, 0xFC, 0x00, 0x0F, 0xE0,
  0xFE, 0x00, 0x0F, 0xE0, 0x7E, 0x00, 0x0F, 0xC0, 0x7E, 0x00, 0x0F, 0xC0, 0x7E, 0x00, 0x0F, 0xE0,
  0xFC, 0x00, 0x07, 0xE1, 0xFC, 0x00, 0x07, 0xF3, 0xF8, 0x00, 0x07, 0xFF, 0xF8, 0x00, 0x03, 0xFF,
  0xF0, 0x00, 0x01, 0xFF, 0xE0, 0x00, 0x01, 0xFF, 0x80, 0x00, 0x03, 0xFF, 0x00, 0x00, 0x07, 0xFF,
  0x81, 0xF8, 0x0F, 0xFF, 0xC1, 0xF8, 0x1F, 0xFF, 0xE1, 0xF8, 0x3F, 0xCF, 0xF1, 0xF8, 0x3F, 0x87,
  0xF3, 0xF8, 0x7F, 0x87, 0xFB, 0xF8, 0x7F, 0x03, 0xFF, 0xF0, 0x7F, 0x01, 0xFF, 0xF0, 0x7F, 0x00,
  0xFF, 0xF0, 0x7F, 0x80, 0x7F, 0xE0, 0x7F, 0xC0, 0x7F, 0xC0, 0x3F, 0xF1, 0xFF, 0xE0, 0x3F, 0xFF,
  0xFF, 0xE0, 0x1F, 0xFF, 0xFF, 0xF0, 0x0F, 0xFF, 0xFF, 0xF8, 0x07, 0xFF, 0xFB, 0xFC, 0x01, 0xFF,
  0xC1, 0xFE, 0x00, 0x1C, 0x00, 0x00, 0x00, 0x00, 0x00, 0x00, 0x0F, 0xE0, 0x1F, 0xC0, 0x3F, 0x80,
  0x7F, 0x00, 0xFE, 0x01, 0xFC, 0x03, 0xF8, 0x07, 0xF0, 0x0F, 0xC0, 0x1F, 0x80, 0x3F, 0x00, 0x3E,
  0x00, 0x7C, 0x00, 0xF8, 0x01, 0xF0, 0x00, 0x00, 0x00, 0x00, 0x00, 0x00, 0x00, 0x00, 0x00, 0x00,
  0x00, 0x00, 0x00, 0x00, 0x00, 0x00, 0x00, 0x00, 0x00, 0x00, 0x00, 0x00, 0x00, 0x00, 0x00, 0x00,
  0x00, 0x00, 0x00, 0x00, 0x00, 0x00, 0x00, 0x00, 0x00, 0x00, 0x00, 0x00, 0x00, 0x7F, 0x00, 0x7F,
  0x00, 0x3F, 0x80, 0x3F, 0x80, 0x1F, 0xC0, 0x1F, 0xE0, 0x0F, 0xE0, 0x07, 0xF0, 0x07, 0xF8, 0x03,
  0xF8, 0x01, 0xFC, 0x01, 0xFE, 0x00, 0xFF, 0x00, 0x7F, 0x00, 0x3F, 0x80, 0x1F, 0xC0, 0x1F, 0xE0,
  0x0F, 0xF0, 0x07, 0xF8, 0x03, 0xFC, 0x01, 0xFE, 0x00, 0xFE, 0x00, 0x7F, 0x00, 0x3F, 0x80, 0x1F,
  0xC0, 0x0F, 0xF0, 0x07, 0xF8, 0x03, 0xFC, 0x01, 0xFE, 0x00, 0x7F, 0x00, 0x3F, 0x80, 0x1F, 0xE0,
  0x0F, 0xF0, 0x03, 0xF8, 0x01, 0xFC, 0x00, 0xFF, 0x00, 0x3F, 0x80, 0x1F, 0xC0, 0x0F, 0xF0, 0x03,
  0xF8, 0x01, 0xFE, 0x00, 0x7F, 0x00, 0x3F, 0x80, 0x0F, 0xE0, 0x00, 0x00, 0x7F, 0x00, 0x3F, 0x80,
  0x0F, 0xE0, 0x07, 0xF0, 0x01, 0xFC, 0x00, 0xFE, 0x00, 0x7F, 0x80, 0x1F, 0xC0, 0x0F, 0xE0, 0x07,
  0xF0, 0x03, 0xFC, 0x00, 0xFE, 0x00, 0x7F, 0x00, 0x3F, 0x80, 0x1F, 0xE0, 0x0F, 0xF0, 0x03, 0xF8,
  0x01, 0xFC, 0x00, 0xFE, 0x00, 0x7F, 0x00, 0x3F, 0x80, 0x1F, 0xC0, 0x0F, 0xE0, 0x07, 0xF0, 0x03,
  0xF8, 0x01, 0xFC, 0x00, 0xFE, 0x00, 0x7F, 0x00, 0x3F, 0x80, 0x3F, 0xC0, 0x1F, 0xE0, 0x0F, 0xE0,
  0x07, 0xF0, 0x07, 0xF8, 0x03, 0xFC, 0x01, 0xFC, 0x01, 0xFE, 0x00, 0xFE, 0x00, 0x7F, 0x00, 0x7F,
  0x80, 0x3F, 0x80, 0x1F, 0xC0, 0x1F, 0xC0, 0x0F, 0xC0, 0x00, 0x00, 0x00, 0x00, 0x3E, 0x00, 0x00,
  0x07, 0x80, 0x00, 0x01, 0xE0, 0x00, 0x10, 0x78, 0x40, 0x07, 0x1E, 0x38, 0x03, 0xE7, 0xBF, 0x01,
  0xFF, 0xFF, 0xC0, 0x3F, 0xFF, 0xE0, 0x03, 0xFF, 0xE0, 0x00, 0x3F, 0xE0, 0x00, 0x0F, 0xFC, 0x00,
  0x0F, 0xFF, 0xC0, 0x0F, 0xFF, 0xFC, 0x07, 0xF7, 0xFF, 0x00, 0xF9, 0xE7, 0x80, 0x18, 0x78, 0xE0,
  0x04, 0x1E, 0x10, 0x00, 0x07, 0x80, 0x00, 0x01, 0xE0, 0x00, 0x00, 0xF8, 0x00, 0x00, 0x00, 0x00,
  0x00, 0x00, 0x00, 0x00, 0x00, 0x00, 0x00, 0x00, 0x00, 0x00, 0x00, 0x00, 0x00, 0x00, 0x00, 0x00,
  0x00, 0x00, 0x00, 0x00, 0x00, 0x00, 0x00, 0x00, 0x00, 0x00, 0x00, 0x00, 0x00, 0x00, 0x00, 0x00,
  0x00, 0x00, 0x00, 0x00, 0x00, 0x00, 0x00, 0x00, 0x00, 0x00, 0x00, 0x00, 0x00, 0x00, 0x00, 0x0F,
  0xE0, 0x00, 0x00, 0x1F, 0xC0, 0x00, 0x00, 0x3F, 0x80, 0x00, 0x00, 0x7F, 0x00, 0x00, 0x00, 0xFE,
  0x00, 0x00, 0x01, 0xFC, 0x00, 0x00, 0x03, 0xF8, 0x00, 0x00, 0x07, 0xF0, 0x00, 0x00, 0x0F, 0xE0,
  0x00, 0x3F, 0xFF, 0xFF, 0xE0, 0x7F, 0xFF, 0xFF, 0xC0, 0xFF, 0xFF, 0xFF, 0x81, 0xFF, 0xFF, 0xFF,
  0x03, 0xFF, 0xFF, 0xFE, 0x07, 0xFF, 0xFF, 0xFC, 0x00, 0x07, 0xF0, 0x00, 0x00, 0x0F, 0xE0, 0x00,
  0x00, 0x1F, 0xC0, 0x00, 0x00, 0x3F, 0x80, 0x00, 0x00, 0x7F, 0x00, 0x00, 0x00, 0xFE, 0x00, 0x00,
  0x01, 0xFC, 0x00, 0x00, 0x03, 0xF8, 0x00, 0x00, 0x07, 0xF0, 0x00, 0x00, 0x00, 0x00, 0x00, 0x00,
  0x00, 0x00, 0x00, 0x00, 0x00, 0x00, 0x00, 0x0F, 0xE0, 0x1F, 0xC0, 0x3F, 0x80, 0x7E, 0x01, 0xFC,
  0x03, 0xF8, 0x07, 0xE0, 0x0F, 0xC0, 0x1F, 0x80, 0x3E, 0x00, 0x7C, 0x01, 0xF8, 0x03, 0xF0, 0x07,
  0xC0, 0x0F, 0x80, 0x00, 0x3F, 0xFF, 0xC1, 0xFF, 0xFE, 0x0F, 0xFF, 0xF0, 0x7F, 0xFF, 0x83, 0xFF,
  0xFC, 0x1F, 0xFF, 0xE0, 0x00, 0x00, 0x00, 0x00, 0x00, 0x00, 0x00, 0x00, 0x00, 0x00, 0x00, 0x00,
  0x00, 0x00, 0x00, 0x00, 0x00, 0x00, 0x00, 0x00, 0x00, 0x00, 0x00, 0x00, 0x00, 0x00, 0x00, 0x00,
  0x00, 0x00, 0x00, 0x00, 0x03, 0x80, 0x1F, 0x80, 0x3F, 0x80, 0xFF, 0x01, 0xFE, 0x03, 0xFC, 0x03,
  0xF8, 0x03, 0xE0, 0x00, 0x00, 0x00, 0x1F, 0x80, 0x03, 0xF0, 0x00, 0xFE, 0x00, 0x1F, 0xC0, 0x03,
  0xF0, 0x00, 0x7E, 0x00, 0x1F, 0xC0, 0x03, 0xF0, 0x00, 0x7E, 0x00, 0x0F, 0xC0, 0x03, 0xF8, 0x00,
  0x7E, 0x00, 0x0F, 0xC0, 0x01, 0xF8, 0x00, 0x7F, 0x00, 0x0F, 0xC0, 0x01, 0xF8, 0x00, 0x7F, 0x00,
  0x0F, 0xC0, 0x01, 0xF8, 0x00, 0x3F, 0x00, 0x0F, 0xE0, 0x01, 0xF8, 0x00, 0x3F, 0x00, 0x07, 0xE0,
  0x01, 0xFC, 0x00, 0x3F, 0x00, 0x07, 0xE0, 0x01, 0xFC, 0x00, 0x3F, 0x80, 0x07, 0xE0, 0x00, 0xFC,
  0x00, 0x3F, 0x80, 0x07, 0xE0, 0x00, 0xFC, 0x00, 0x1F, 0x80, 0x07, 0xF0, 0x00, 0xFC, 0x00, 0x1F,
  0x80, 0x03, 0xF0, 0x00, 0xFE, 0x00, 0x1F, 0x80, 0x00, 0x00, 0x00, 0x00, 0x00, 0x1F, 0xF8, 0x00,
  0x00, 0xFF, 0xFC, 0x00, 0x07, 0xFF, 0xFC, 0x00, 0x1F, 0xFF, 0xFC, 0x00, 0x7F, 0xFF, 0xFC, 0x00,
  0xFF, 0xFF, 0xFC, 0x03, 0xFE, 0x07, 0xF8, 0x0F, 0xF8, 0x07, 0xF8, 0x1F, 0xE0, 0x0F, 0xF0, 0x3F,
  0xC0, 0x0F, 0xF0, 0xFF, 0x00, 0x1F, 0xE1, 0xFE, 0x00, 0x1F, 0xC3, 0xFC, 0x00, 0x3F, 0x87, 0xF0,
  0x00, 0x7F, 0x8F, 0xE0, 0x00, 0xFF, 0x1F, 0xC0, 0x01, 0xFE, 0x3F, 0x80, 0x03, 0xFC, 0x7F, 0x00,
  0x07, 0xF8, 0xFE, 0x00, 0x0F, 0xF1, 0xFC, 0x00, 0x1F, 0xE3, 0xF8, 0x00, 0x3F, 0xC7, 0xF0, 0x00,
  0x7F, 0x8F, 0xF0, 0x00, 0xFE, 0x1F, 0xE0, 0x01, 0xFC, 0x3F, 0xC0, 0x07, 0xF8, 0x3F, 0x80, 0x0F,
  0xF0, 0x7F, 0x80, 0x3F, 0xC0, 0xFF, 0x80, 0x7F, 0x80, 0xFF, 0x81, 0xFF, 0x01, 0xFF, 0xFF, 0xFC,
  0x01, 0xFF, 0xFF, 0xF0, 0x01, 0xFF, 0xFF, 0xC0, 0x01, 0xFF, 0xFF, 0x80, 0x01, 0xFF, 0xFC, 0x00,
  0x00, 0xFF, 0xE0, 0x00, 0x00, 0x00, 0x00, 0x00, 0x00, 0x00, 0x00, 0x00, 0x00, 0x7F, 0x80, 0x1F,
  0xF0, 0x0F, 0xFE, 0x03, 0xFF, 0xC1, 0xFF, 0xF8, 0xFF, 0xFF, 0x1F, 0xFF, 0xE3, 0xFD, 0xFC, 0x7E,
  0x3F, 0x8F, 0x87, 0xF1, 0xC0, 0xFE, 0x20, 0x1F, 0xC0, 0x03, 0xF8, 0x00, 0x7F, 0x00, 0x0F, 0xE0,
  0x01, 0xFC, 0x00, 0x3F, 0x80, 0x07, 0xF0, 0x00, 0xFE, 0x00, 0x1F, 0xC0, 0x03, 0xF8, 0x00, 0x7F,
  0x00, 0x0F, 0xE0, 0x01, 0xFC, 0x00, 0x3F, 0x80, 0x07, 0xF0, 0x00, 0xFE, 0x00, 0x1F, 0xC0, 0x03,
  0xF8, 0x00, 0x7F, 0x00, 0x0F, 0xE0, 0x01, 0xFC, 0x00, 0x3F, 0x80, 0x07, 0xF0, 0x00, 0xFE, 0x00,
  0x00, 0x7F, 0xF0, 0x00, 0x0F, 0xFF, 0xE0, 0x01, 0xFF, 0xFF, 0x80, 0x1F, 0xFF, 0xFE, 0x01, 0xFF,
  0xFF, 0xF8, 0x0F, 0xFF, 0xFF, 0xC0, 0xFF, 0x81, 0xFF, 0x07, 0xF8, 0x07, 0xF8, 0x3F, 0x80, 0x1F,
  0xC1, 0xFC, 0x00, 0xFE, 0x0F, 0xE0, 0x07, 0xF0, 0x00, 0x00, 0x3F, 0x80, 0x00, 0x01, 0xFC, 0x00,
  0x00, 0x0F, 0xE0, 0x00, 0x00, 0xFE, 0x00, 0x00, 0x0F, 0xF0, 0x00, 0x00, 0xFF, 0x00, 0x00, 0x0F,
  0xF0, 0x00, 0x00, 0xFF, 0x80, 0x00, 0x0F, 0xF8, 0x00, 0x00, 0xFF, 0x80, 0x00, 0x0F, 0xF8, 0x00,
  0x00, 0xFF, 0x80, 0x00, 0x0F, 0xF8, 0x00, 0x00, 0xFF, 0x80, 0x00, 0x0F, 0xF8, 0x00, 0x01, 0xFF,
  0x80, 0x00, 0x1F, 0xF8, 0x00, 0x01, 0xFF, 0x80, 0x00, 0x1F, 0xFF, 0xFF, 0xF0, 0xFF, 0xFF, 0xFF,
  0x87, 0xFF, 0xFF, 0xFC, 0x3F, 0xFF, 0xFF, 0xE1, 0xFF, 0xFF, 0xFF, 0x0F, 0xFF, 0xFF, 0xF8, 0x00,
  0x00, 0x00, 0x00, 0x00, 0x3F, 0xF0, 0x00, 0x07, 0xFF, 0xF0, 0x00, 0x3F, 0xFF, 0xF0, 0x01, 0xFF,
  0xFF, 0xE0, 0x0F, 0xFF, 0xFF, 0xC0, 0x7F, 0xFF, 0xFF, 0x01, 0xFE, 0x03, 0xFE, 0x07, 0xF0, 0x07,
  0xF8, 0x3F, 0xC0, 0x0F, 0xE0, 0xFF, 0x00, 0x3F, 0x80, 0x00, 0x00, 0xFE, 0x00, 0x00, 0x03, 0xF8,
  0x00, 0x00, 0x1F, 0xC0, 0x00, 0x00, 0xFF, 0x00, 0x01, 0xFF, 0xF8, 0x00, 0x07, 0xFF, 0xC0, 0x00,
  0x1F, 0xFC, 0x00, 0x00, 0x7F, 0xF8, 0x00, 0x01, 0xFF, 0xF8, 0x00, 0x07, 0xFF, 0xF0, 0x00, 0x00,
  0x3F, 0xE0, 0x00, 0x00, 0x7F, 0xC0, 0x00, 0x00, 0xFF, 0x00, 0x00, 0x01, 0xFC, 0x00, 0x00, 0x07,
  0xF0, 0xFE, 0x00, 0x1F, 0xC3, 0xF8, 0x00, 0xFF, 0x0F, 0xF0, 0x03, 0xFC, 0x3F, 0xE0, 0x1F, 0xF0,
  0x7F, 0xFF, 0xFF, 0x81, 0xFF, 0xFF, 0xFE, 0x03, 0xFF, 0xFF, 0xF0, 0x07, 0xFF, 0xFF, 0x80, 0x07,
  0xFF, 0xF8, 0x00, 0x07, 0xFF, 0x80, 0x00, 0x00, 0x00, 0x00, 0x00, 0x00, 0x00, 0x00, 0x00, 0x00,
  0xFF, 0x80, 0x00, 0x03, 0xFF, 0x00, 0x00, 0x07, 0xFE, 0x00, 0x00, 0x1F, 0xFC, 0x00, 0x00, 0x7F,
  0xF8, 0x00, 0x00, 0xFF, 0xF0, 0x00, 0x03, 0xFF, 0xE0, 0x00, 0x0F, 0xFF, 0xC0, 0x00, 0x1F, 0xFF,
  0x80, 0x00, 0x7F, 0x7F, 0x00, 0x01, 0xFE, 0xFE, 0x00, 0x03, 0xF9, 0xFC, 0x00, 0x0F, 0xE3, 0xF8,
  0x00, 0x1F, 0xC7, 0xF0, 0x00, 0x7F, 0x0F, 0xE0, 0x01, 0xFC, 0x1F, 0xC0, 0x03, 0xF8, 0x3F, 0x80,
  0x0F, 0xE0, 0x7F, 0x00, 0x3F, 0xC0, 0xFE, 0x00, 0x7F, 0x01, 0xFC, 0x01, 0xFC, 0x03, 0xF8, 0x03,
  0xF8, 0x07, 0xF0, 0x0F, 0xE0, 0x0F, 0xE0, 0x1F, 0xFF, 0xFF, 0xFE, 0x3F, 0xFF, 0xFF, 0xFC, 0x7F,
  0xFF, 0xFF, 0xF8, 0xFF, 0xFF, 0xFF, 0xF1, 0xFF, 0xFF, 0xFF, 0xE3, 0xFF, 0xFF, 0xFF, 0xC0, 0x00,
  0x07, 0xF0, 0x00, 0x00, 0x0F, 0xE0, 0x00, 0x00, 0x1F, 0xC0, 0x00, 0x00, 0x3F, 0x80, 0x00, 0x00,
  0x7F, 0x00, 0x00, 0x00, 0xFE, 0x00, 0x0F, 0xFF, 0xFF, 0xC0, 0x7F, 0xFF, 0xFE, 0x03, 0xFF, 0xFF,
  0xF0, 0x1F, 0xFF, 0xFF, 0x80, 0xFF, 0xFF, 0xFC, 0x07, 0xFF, 0xFF, 0xE0, 0x3F, 0x80, 0x00, 0x01,
  0xFC, 0x00, 0x00, 0x0F, 0xC0, 0x00, 0x00, 0x7E, 0x00, 0x00, 0x03, 0xF0, 0x00, 0x00, 0x1F, 0x80,
  0x00, 0x01, 0xFC, 0x7F, 0x80, 0x0F, 0xEF, 0xFF, 0x00, 0x7F, 0xFF, 0xFC, 0x03, 0xFF, 0xFF, 0xF0,
  0x1F, 0xFF, 0xFF, 0xC0, 0xFF, 0xC7, 0xFE, 0x07, 0xF8, 0x0F, 0xF8, 0x01, 0x80, 0x3F, 0xC0, 0x00,
  0x00, 0xFF, 0x00, 0x00, 0x07, 0xF8, 0x00, 0x00, 0x1F, 0xC0, 0x00, 0x00, 0xFE, 0x00, 0x00, 0x07,
  0xF1, 0xFC, 0x00, 0x7F, 0x8F, 0xF0, 0x03, 0xF8, 0x7F, 0x80, 0x3F, 0xC1, 0xFE, 0x03, 0xFE, 0x0F,
  0xFE, 0x7F, 0xE0, 0x3F, 0xFF, 0xFF, 0x00, 0xFF, 0xFF, 0xF0, 0x03, 0xFF, 0xFF, 0x00, 0x0F, 0xFF,
  0xE0, 0x00, 0x1F, 0xFC, 0x00, 0x00, 0x00, 0x00, 0x00, 0x00, 0x1F, 0xF8, 0x00, 0x01, 0xFF, 0xF8,
  0x00, 0x1F, 0xFF, 0xF0, 0x00, 0xFF, 0xFF, 0xE0, 0x03, 0xFF, 0xFF, 0xC0, 0x1F, 0xFF, 0xFF, 0x80,
  0xFF, 0x83, 0xFE, 0x03, 0xFC, 0x03, 0xFC, 0x1F, 0xE0, 0x0F, 0xF0, 0x7F, 0x00, 0x1F, 0xC1, 0xFC,
  0x00, 0x00, 0x0F, 0xF0, 0x00, 0x00, 0x3F, 0x81, 0xF8, 0x00, 0xFE, 0x3F, 0xF8, 0x03, 0xF9, 0xFF,
  0xF8, 0x0F, 0xEF, 0xFF, 0xF0, 0x3F, 0xFF, 0xFF, 0xE0, 0xFF, 0xF9, 0xFF, 0x83, 0xFF, 0x01, 0xFF,
  0x0F, 0xF8, 0x03, 0xFC, 0x3F, 0xC0, 0x07, 0xF0, 0xFF, 0x00, 0x1F, 0xC3, 0xFC, 0x00, 0x7F, 0x8F,
  0xF0, 0x01, 0xFE, 0x3F, 0xC0, 0x07, 0xF8, 0xFF, 0x00, 0x1F, 0xC1, 0xFC, 0x00, 0x7F, 0x07, 0xF8,
  0x03, 0xFC, 0x0F, 0xF0, 0x1F, 0xF0, 0x3F, 0xF1, 0xFF, 0x80, 0x7F, 0xFF, 0xFC, 0x00, 0xFF, 0xFF,
  0xF0, 0x01, 0xFF, 0xFF, 0x80, 0x03, 0xFF, 0xF8, 0x00, 0x03, 0xFF, 0x80, 0x00, 0x00, 0x00, 0x00,
  0x00, 0x00, 0x00, 0x00, 0x7F, 0xFF, 0xFF, 0xDF, 0xFF, 0xFF, 0xF7, 0xFF, 0xFF, 0xFD, 0xFF, 0xFF,
  0xFF, 0x7F, 0xFF, 0xFF, 0xDF, 0xFF, 0xFF, 0xF0, 0x00, 0x03, 0xF8, 0x00, 0x01, 0xFE, 0x00, 0x00,
  0x7F, 0x00, 0x00, 0x3F, 0xC0, 0x00, 0x0F, 0xE0, 0x00, 0x07, 0xF8, 0x00, 0x01, 0xFC, 0x00, 0x00,
  0xFF, 0x00, 0x00, 0x3F, 0x80, 0x00, 0x1F, 0xE0, 0x00, 0x07, 0xF0, 0x00, 0x03, 0xFC, 0x00, 0x00,
  0xFE, 0x00, 0x00, 0x7F, 0x80, 0x00, 0x1F, 0xC0, 0x00, 0x0F, 0xF0, 0x00, 0x03, 0xF8, 0x00, 0x01,
  0xFE, 0x00, 0x00, 0x7F, 0x00, 0x00, 0x3F, 0xC0, 0x00, 0x0F, 0xE0, 0x00, 0x07, 0xF8, 0x00, 0x01,
  0xFC, 0x00, 0x00, 0xFF, 0x00, 0x00, 0x3F, 0x80, 0x00, 0x1F, 0xE0, 0x00, 0x07, 0xF0, 0x00, 0x03,
  0xFC, 0x00, 0x01, 0xFE, 0x00, 0x00, 0x00, 0x3F, 0xF8, 0x00, 0x07, 0xFF, 0xF8, 0x00, 0x3F, 0xFF,
  0xF0, 0x01, 0xFF, 0xFF, 0xE0, 0x0F, 0xFF, 0xFF, 0xC0, 0x3F, 0xE1, 0xFF, 0x81, 0xFE, 0x01, 0xFE,
  0x07, 0xF8, 0x03, 0xF8, 0x1F, 0xC0, 0x0F, 0xE0, 0x7F, 0x00, 0x3F, 0x81, 0xFC, 0x00, 0xFE, 0x07,
  0xF0, 0x03, 0xF8, 0x0F, 0xE0, 0x1F, 0xE0, 0x3F, 0xC0, 0xFF, 0x00, 0x7F, 0xFF, 0xF8, 0x00, 0xFF,
  0xFF, 0xC0, 0x00, 0xFF, 0xFC, 0x00, 0x07, 0xFF, 0xF8, 0x00, 0x7F, 0xFF, 0xF8, 0x03, 0xFF, 0xFF,
  0xF0, 0x1F, 0xF0, 0x3F, 0xE0, 0x7F, 0x80, 0x7F, 0xC3, 0xFC, 0x00, 0xFF, 0x0F, 0xF0, 0x01, 0xFC,
  0x3F, 0x80, 0x07, 0xF8, 0xFE, 0x00, 0x1F, 0xE3, 0xF8, 0x00, 0x7F, 0x8F, 0xF0, 0x03, 0xFC, 0x3F,
  0xE0, 0x0F, 0xF0, 0x7F, 0xC0, 0xFF, 0xC1, 0xFF, 0xFF, 0xFE, 0x03, 0xFF, 0xFF, 0xF0, 0x07, 0xFF,
  0xFF, 0x80, 0x07, 0xFF, 0xFC, 0x00, 0x07, 0xFF, 0x80, 0x00, 0x00, 0x00, 0x00, 0x00, 0x00, 0x00,
  0x00, 0x00, 0x7F, 0xF0, 0x00, 0x07, 0xFF, 0xF0, 0x00, 0x3F, 0xFF, 0xE0, 0x01, 0xFF, 0xFF, 0xC0,
  0x0F, 0xFF, 0xFF, 0x80, 0x7F, 0xF7, 0xFF, 0x01, 0xFE, 0x03, 0xFE, 0x0F, 0xF0, 0x07, 0xF8, 0x3F,
  0xC0, 0x0F, 0xE0, 0xFE, 0x00, 0x3F, 0xC3, 0xF8, 0x00, 0x7F, 0x0F, 0xE0, 0x01, 0xFC, 0x3F, 0x80,
  0x07, 0xF0, 0xFE, 0x00, 0x3F, 0xC3, 0xF8, 0x00, 0xFF, 0x8F, 0xF0, 0x07, 0xFE, 0x3F, 0xE0, 0x3F,
  0xF8, 0x7F, 0xE3, 0xFF, 0xE0, 0xFF, 0xFF, 0xFF, 0x83, 0xFF, 0xFD, 0xFE, 0x07, 0xFF, 0xE7, 0xF0,
  0x07, 0xFF, 0x1F, 0xC0, 0x07, 0xF0, 0x7F, 0x00, 0x00, 0x01, 0xFC, 0x00, 0x00, 0x0F, 0xF0, 0xFE,
  0x00, 0x3F, 0x83, 0xFC, 0x01, 0xFE, 0x0F, 0xF0, 0x07, 0xF8, 0x1F, 0xF0, 0x7F, 0xC0, 0x7F, 0xFF,
  0xFE, 0x00, 0xFF, 0xFF, 0xF8, 0x01, 0xFF, 0xFF, 0xC0, 0x03, 0xFF, 0xFE, 0x00, 0x07, 0xFF, 0xF0,
  0x00, 0x07, 0xFF, 0x00, 0x00, 0x01, 0x80, 0x00, 0x00, 0x00, 0x00, 0x00, 0x03, 0x80, 0x1F, 0x80,
  0x3F, 0x80, 0xFF, 0x01, 0xFE, 0x03, 0xFC, 0x03, 0xF8, 0x03, 0xE0, 0x00, 0x00, 0x00, 0x00, 0x00,
  0x00, 0x00, 0x00, 0x00, 0x00, 0x00, 0x00, 0x00, 0x00, 0x00, 0x00, 0x00, 0x07, 0x00, 0x3F, 0x00,
  0x7F, 0x01, 0xFE, 0x03, 0xFC, 0x07, 0xF8, 0x07, 0xF0, 0x07, 0xC0, 0x00, 0x00, 0x01, 0x80, 0x0F,
  0xC0, 0x3F, 0x80, 0x7F, 0x80, 0xFF, 0x01, 0xFE, 0x03, 0xF8, 0x03, 0xE0, 0x00, 0x00, 0x00, 0x00,
  0x00, 0x00, 0x00, 0x00, 0x00, 0x00, 0x00, 0x00, 0x00, 0x00, 0x00, 0x00, 0x00, 0x00, 0x00, 0x00,
  0x00, 0x00, 0x00, 0xFE, 0x01, 0xFC, 0x03, 0xF8, 0x07, 0xE0, 0x1F, 0xC0, 0x3F, 0x80, 0x7E, 0x00,
  0xFC, 0x01, 0xF8, 0x03, 0xE0, 0x07, 0xC0, 0x1F, 0x80, 0x3F, 0x00, 0x7C, 0x00, 0xF8, 0x00, 0x00,
  0x00, 0x00, 0x10, 0x00, 0x00, 0x00, 0xE0, 0x00, 0x00, 0x07, 0xC0, 0x00, 0x00, 0x3F, 0x80, 0x00,
  0x03, 0xFF, 0x00, 0x00, 0x1F, 0xFE, 0x00, 0x00, 0xFF, 0xFC, 0x00, 0x0F, 0xFF, 0xF0, 0x00, 0x7F,
  0xFF, 0x80, 0x03, 0xFF, 0xF8, 0x00, 0x1F, 0xFF, 0xC0, 0x00, 0x7F, 0xFC, 0x00, 0x00, 0xFF, 0xE0,
  0x00, 0x01, 0xFE, 0x00, 0x00, 0x03, 0xFC, 0x00, 0x00, 0x07, 0xFF, 0x00, 0x00, 0x0F, 0xFF, 0x80,
  0x00, 0x0F, 0xFF, 0xE0, 0x00, 0x07, 0xFF, 0xF0, 0x00, 0x03, 0xFF, 0xFC, 0x00, 0x01, 0xFF, 0xFE,
  0x00, 0x00, 0x7F, 0xFE, 0x00, 0x00, 0x3F, 0xFC, 0x00, 0x00, 0x1F, 0xF8, 0x00, 0x00, 0x0F, 0xF0,
  0x00, 0x00, 0x03, 0xE0, 0x00, 0x00, 0x01, 0xC0, 0x00, 0x00, 0x00, 0x80, 0x0F, 0xFF, 0xFF, 0xE0,
  0x1F, 0xFF, 0xFF, 0xC0, 0x3F, 0xFF, 0xFF, 0x80, 0x7F, 0xFF, 0xFF, 0x00, 0xFF, 0xFF, 0xFE, 0x01,
  0xFF, 0xFF, 0xFC, 0x00, 0x00, 0x00, 0x00, 0x00, 0x00, 0x00, 0x00, 0x00, 0x00, 0x00, 0x00, 0x00,
  0x00, 0x00, 0x00, 0x00, 0x00, 0x00, 0x00, 0x00, 0x00, 0x00, 0x00, 0xFF, 0xFF, 0xFE, 0x01, 0xFF,
  0xFF, 0xFC, 0x03, 0xFF, 0xFF, 0xF8, 0x07, 0xFF, 0xFF, 0xF0, 0x0F, 0xFF, 0xFF, 0xE0, 0x1F, 0xFF,
  0xFF, 0xC0, 0x00, 0x00, 0x00, 0x00, 0x00, 0x00, 0x00, 0x00, 0x00, 0x00, 0x00, 0x00, 0x00, 0x00,
  0x00, 0x00, 0x00, 0x00, 0x00, 0x00, 0x08, 0x00, 0x00, 0x00, 0x18, 0x00, 0x00, 0x00, 0x3C, 0x00,
  0x00, 0x00, 0x7E, 0x00, 0x00, 0x00, 0xFF, 0x80, 0x00, 0x01, 0xFF, 0xC0, 0x00, 0x03, 0xFF, 0xE0,
  0x00, 0x07, 0xFF, 0xF8, 0x00, 0x03, 0xFF, 0xFC, 0x00, 0x00, 0xFF, 0xFE, 0x00, 0x00, 0x7F, 0xFF,
  0x00, 0x00, 0x1F, 0xFF, 0x80, 0x00, 0x0F, 0xFF, 0x00, 0x00, 0x03, 0xFE, 0x00, 0x00, 0x07, 0xFC,
  0x00, 0x00, 0x3F, 0xF8, 0x00, 0x03, 0xFF, 0xF0, 0x00, 0x1F, 0xFF, 0x80, 0x01, 0xFF, 0xFC, 0x00,
  0x0F, 0xFF, 0xE0, 0x00, 0xFF, 0xFF, 0x00, 0x01, 0xFF, 0xF0, 0x00, 0x03, 0xFF, 0x80, 0x00, 0x07,
  0xFC, 0x00, 0x00, 0x0F, 0xE0, 0x00, 0x00, 0x1E, 0x00, 0x00, 0x00, 0x30, 0x00, 0x00, 0x00, 0x40,
  0x00, 0x00, 0x00, 0x01, 0xFF, 0xC0, 0x03, 0xFF, 0xF8, 0x03, 0xFF, 0xFE, 0x03, 0xFF, 0xFF, 0x83,
  0xFF, 0xFF, 0xE1, 0xFF, 0xBF, 0xF1, 0xFE, 0x07, 0xFC, 0xFF, 0x01, 0xFE, 0x7F, 0x00, 0xFF, 0x3F,
  0x80, 0x3F, 0x80, 0x00, 0x3F, 0xC0, 0x00, 0x1F, 0xE0, 0x00, 0x1F, 0xE0, 0x00, 0x1F, 0xF0, 0x00,
  0x1F, 0xF0, 0x00, 0x3F, 0xF0, 0x00, 0x3F, 0xF0, 0x00, 0x3F, 0xF0, 0x00, 0x1F, 0xE0, 0x00, 0x0F,
  0xE0, 0x00, 0x07, 0xE0, 0x00, 0x07, 0xF0, 0x00, 0x03, 0xF8, 0x00, 0x01, 0xFC, 0x00, 0x00, 0x00,
  0x00, 0x00, 0x00, 0x00, 0x00, 0x00, 0x00, 0x00, 0x02, 0x00, 0x00, 0x07, 0xE0, 0x00, 0x07, 0xF0,
  0x00, 0x07, 0xFC, 0x00, 0x03, 0xFE, 0x00, 0x01, 0xFF, 0x00, 0x00, 0x7F, 0x00, 0x00, 0x1F, 0x00,
  0x00, 0x00, 0x00, 0x00, 0x00, 0x00, 0x00, 0x00, 0x00, 0x07, 0xF0, 0x00, 0x00, 0x00, 0x00, 0xFF,
  0xFF, 0x80, 0x00, 0x00, 0x07, 0xFF, 0xFF, 0xF0, 0x00, 0x00, 0x0F, 0xFF, 0xFF, 0xF8, 0x00, 0x00,
  0x3F, 0xFF, 0xFF, 0xFE, 0x00, 0x00, 0x7F, 0xFF, 0xFF, 0xFF, 0x00, 0x00, 0xFF, 0xE0, 0x03, 0xFF,
  0x80, 0x01, 0xFF, 0x00, 0x00, 0x7F, 0xC0, 0x03, 0xFC, 0x00, 0x00, 0x1F, 0xE0, 0x07, 0xF8, 0x00,
  0x00, 0x0F, 0xE0, 0x07, 0xF0, 0x03, 0x00, 0x07, 0xF0, 0x0F, 0xE0, 0x3F, 0xF3, 0xE3, 0xF0, 0x0F,
  0xE0, 0xFF, 0xFB, 0xE1, 0xF8, 0x1F, 0xC1, 0xFF, 0xFF, 0xE1, 0xF8, 0x1F, 0x83, 0xFF, 0xFF, 0xE1,
  0xF8, 0x1F, 0x83, 0xFF, 0xFF, 0xE0, 0xFC, 0x3F, 0x87, 0xFC, 0x3F, 0xE0, 0xFC, 0x3F, 0x07, 0xF0,
  0x0F, 0xE0, 0xFC, 0x3F, 0x0F, 0xE0, 0x07, 0xE0, 0xFC, 0x3F, 0x0F, 0xC0, 0x07, 0xE0, 0xFC, 0x3F,
  0x0F, 0xC0, 0x07, 0xE0, 0xFC, 0x3F, 0x0F, 0xC0, 0x07, 0xE0, 0xFC, 0x3F, 0x0F, 0xC0, 0x07, 0xE0,
  0xFC, 0x3F, 0x0F, 0xC0, 0x07, 0xE0, 0xFC, 0x3F, 0x0F, 0xC0, 0x07, 0xE0, 0xFC, 0x3F, 0x0F, 0xC0,
  0x07, 0xE0, 0xFC, 0x3F, 0x0F, 0xE0, 0x07, 0xE0, 0xFC, 0x3F, 0x0F, 0xE0, 0x0F, 0xE0, 0xF8, 0x3F,
  0x07, 0xF0, 0x1F, 0xE1, 0xF8, 0x3F, 0x87, 0xFC, 0x7F, 0xF3, 0xF8, 0x1F, 0x83, 0xFF, 0xFF, 0xFF,
  0xF0, 0x1F, 0x83, 0xFF, 0xFF, 0xFF, 0xF0, 0x1F, 0xC1, 0xFF, 0xFF, 0xFF, 0xE0, 0x0F, 0xE0, 0x7F,
  0xF9, 0xFF, 0xC0, 0x0F, 0xE0, 0x3F, 0xE0, 0xFF, 0x00, 0x07, 0xF0, 0x00, 0x00, 0x10, 0x00, 0x07,
  0xFC, 0x00, 0x00, 0x00, 0x00, 0x03, 0xFE, 0x00, 0x00, 0x00, 0x00, 0x01, 0xFF, 0xC0, 0x00, 0xE0,
  0x00, 0x00, 0xFF, 0xFF, 0x7F, 0xE0, 0x00, 0x00, 0x7F, 0xFF, 0xFF, 0xE0, 0x00, 0x00, 0x3F, 0xFF,
  0xFF, 0xF0, 0x00, 0x00, 0x0F, 0xFF, 0xFF, 0xF0, 0x00, 0x00, 0x03, 0xFF, 0xFF, 0xC0, 0x00, 0x00,
  0x00, 0x3F, 0xFC, 0x00, 0x00, 0x00, 0x00, 0x00, 0x00, 0x00, 0x00, 0x00, 0x0F, 0xFC, 0x00, 0x00,
  0x03, 0xFF, 0x00, 0x00, 0x00, 0xFF, 0xE0, 0x00, 0x00, 0x7F, 0xF8, 0x00, 0x00, 0x1F, 0xFE, 0x00,
  0x00, 0x07, 0xFF, 0xC0, 0x00, 0x03, 0xFF, 0xF0, 0x00, 0x00, 0xFF, 0xFC, 0x00, 0x00, 0x7F, 0xFF,
  0x80, 0x00, 0x1F, 0xEF, 0xE0, 0x00, 0x07, 0xF3, 0xFC, 0x00, 0x03, 0xFC, 0xFF, 0x00, 0x00, 0xFF,
  0x1F, 0xC0, 0x00, 0x3F, 0x87, 0xF8, 0x00, 0x1F, 0xE1, 0xFE, 0x00, 0x07, 0xF8, 0x3F, 0x80, 0x01,
  0xFC, 0x0F, 0xF0, 0x00, 0xFF, 0x03, 0xFC, 0x00, 0x3F, 0xC0, 0x7F, 0x00, 0x0F, 0xE0, 0x1F, 0xE0,
  0x07, 0xF8, 0x07, 0xF8, 0x01, 0xFF, 0xFF, 0xFE, 0x00, 0x7F, 0xFF, 0xFF, 0xC0, 0x3F, 0xFF, 0xFF,
  0xF0, 0x0F, 0xFF, 0xFF, 0xFC, 0x03, 0xFF, 0xFF, 0xFF, 0x81, 0xFF, 0xFF, 0xFF, 0xE0, 0x7F, 0x80,
  0x03, 0xF8, 0x1F, 0xC0, 0x00, 0xFF, 0x0F, 0xF0, 0x00, 0x3F, 0xC3, 0xFC, 0x00, 0x07, 0xF0, 0xFE,
  0x00, 0x01, 0xFE, 0x7F, 0x80, 0x00, 0x7F, 0x9F, 0xE0, 0x00, 0x0F, 0xEF, 0xF0, 0x00, 0x03, 0xFC,
  0x3F, 0xFF, 0xF0, 0x00, 0xFF, 0xFF, 0xF8, 0x03, 0xFF, 0xFF, 0xF8, 0x0F, 0xFF, 0xFF, 0xF0, 0x3F,
  0xFF, 0xFF, 0xE0, 0xFF, 0xFF, 0xFF, 0x83, 0xFC, 0x03, 0xFE, 0x0F, 0xF0, 0x07, 0xFC, 0x3F, 0xC0,
  0x0F, 0xF0, 0xFF, 0x00, 0x3F, 0xC3, 0xFC, 0x00, 0xFF, 0x0F, 0xF0, 0x03, 0xF8, 0x3F, 0xC0, 0x0F,
  0xE0, 0xFF, 0x00, 0x7F, 0x03, 0xFC, 0x07, 0xFC, 0x0F, 0xFF, 0xFF, 0xC0, 0x3F, 0xFF, 0xFC, 0x00,
  0xFF, 0xFF, 0xFC, 0x03, 0xFF, 0xFF, 0xFC, 0x0F, 0xFF, 0xFF, 0xF8, 0x3F, 0xC0, 0x1F, 0xF0, 0xFF,
  0x00, 0x3F, 0xC3, 0xFC, 0x00, 0x7F, 0x8F, 0xF0, 0x01, 0xFE, 0x3F, 0xC0, 0x03, 0xF8, 0xFF, 0x00,
  0x1F, 0xE3, 0xFC, 0x00, 0x7F, 0x8F, 0xF0, 0x03, 0xFE, 0x3F, 0xC0, 0x1F, 0xF8, 0xFF, 0xFF, 0xFF,
  0xC3, 0xFF, 0xFF, 0xFF, 0x0F, 0xFF, 0xFF, 0xF8, 0x3F, 0xFF, 0xFF, 0xC0, 0xFF, 0xFF, 0xFC, 0x03,
  0xFF, 0xFF, 0xC0, 0x00, 0x00, 0x0F, 0xFF, 0x00, 0x00, 0x07, 0xFF, 0xF8, 0x00, 0x03, 0xFF, 0xFF,
  0xC0, 0x00, 0xFF, 0xFF, 0xFC, 0x00, 0x3F, 0xFF, 0xFF, 0xC0, 0x0F, 0xFF, 0xFF, 0xFC, 0x01, 0xFF,
  0x83, 0xFF, 0x80, 0x7F, 0xC0, 0x0F, 0xF8, 0x1F, 0xF0, 0x00, 0xFF, 0x03, 0xFC, 0x00, 0x0F, 0xE0,
  0x7F, 0x80, 0x01, 0xFE, 0x1F, 0xE0, 0x00, 0x3F, 0xC3, 0xFC, 0x00, 0x00, 0x00, 0x7F, 0x80, 0x00,
  0x00, 0x0F, 0xE0, 0x00, 0x00, 0x01, 0xFC, 0x00, 0x00, 0x00, 0x3F, 0x80, 0x00, 0x00, 0x07, 0xF0,
  0x00, 0x00, 0x00, 0xFE, 0x00, 0x00, 0x00, 0x1F, 0xC0, 0x00, 0x00, 0x03, 0xF8, 0x00, 0x00, 0x00,
  0x7F, 0x00, 0x00, 0x00, 0x0F, 0xF0, 0x00, 0x00, 0x01, 0xFE, 0x00, 0x03, 0xFC, 0x1F, 0xE0, 0x00,
  0x7F, 0x83, 0xFC, 0x00, 0x0F, 0xF0, 0x7F, 0xC0, 0x03, 0xFC, 0x07, 0xFC, 0x00, 0xFF, 0x80, 0xFF,
  0xE0, 0x7F, 0xE0, 0x0F, 0xFF, 0xFF, 0xF8, 0x00, 0xFF, 0xFF, 0xFF, 0x00, 0x0F, 0xFF, 0xFF, 0xC0,
  0x00, 0xFF, 0xFF, 0xF0, 0x00, 0x07, 0xFF, 0xF8, 0x00, 0x00, 0x3F, 0xFC, 0x00, 0x00, 0x00, 0x00,
  0x00, 0x00, 0x00, 0x00, 0x00, 0x00, 0x3F, 0xFF, 0xE0, 0x00, 0x1F, 0xFF, 0xFE, 0x00, 0x0F, 0xFF,
  0xFF, 0xC0, 0x07, 0xFF, 0xFF, 0xF8, 0x03, 0xFF, 0xFF, 0xFE, 0x01, 0xFF, 0xFF, 0xFF, 0x80, 0xFF,
  0x07, 0xFF, 0xE0, 0x7F, 0x80, 0x1F, 0xF0, 0x3F, 0xC0, 0x07, 0xFC, 0x1F, 0xE0, 0x01, 0xFE, 0x0F,
  0xF0, 0x00, 0x7F, 0x87, 0xF8, 0x00, 0x3F, 0xC3, 0xFC, 0x00, 0x0F, 0xE1, 0xFE, 0x00, 0x07, 0xF0,
  0xFF, 0x00, 0x03, 0xF8, 0x7F, 0x80, 0x01, 0xFE, 0x3F, 0xC0, 0x00, 0xFF, 0x1F, 0xE0, 0x00, 0x7F,
  0x8F, 0xF0, 0x00, 0x3F, 0xC7, 0xF8, 0x00, 0x1F, 0xE3, 0xFC, 0x00, 0x0F, 0xF1, 0xFE, 0x00, 0x07,
  0xF0, 0xFF, 0x00, 0x03, 0xF8, 0x7F, 0x80, 0x03, 0xFC, 0x3F, 0xC0, 0x01, 0xFE, 0x1F, 0xE0, 0x01,
  0xFE, 0x0F, 0xF0, 0x01, 0xFF, 0x07, 0xF8, 0x01, 0xFF, 0x03, 0xFC, 0x0F, 0xFF, 0x81, 0xFF, 0xFF,
  0xFF, 0x80, 0xFF, 0xFF, 0xFF, 0x80, 0x7F, 0xFF, 0xFF, 0x80, 0x3F, 0xFF, 0xFF, 0x00, 0x1F, 0xFF,
  0xFF, 0x00, 0x0F, 0xFF, 0xFC, 0x00, 0x00, 0x3F, 0xFF, 0xFF, 0xC3, 0xFF, 0xFF, 0xFC, 0x3F, 0xFF,
  0xFF, 0xC3, 0xFF, 0xFF, 0xFC, 0x3F, 0xFF, 0xFF, 0xC3, 0xFF, 0xFF, 0xFC, 0x3F, 0xC0, 0x00, 0x03,
  0xFC, 0x00, 0x00, 0x3F, 0xC0, 0x00, 0x03, 0xFC, 0x00, 0x00, 0x3F, 0xC0, 0x00, 0x03, 0xFC, 0x00,
  0x00, 0x3F, 0xC0, 0x00, 0x03, 0xFC, 0x00, 0x00, 0x3F, 0xFF, 0xFF, 0x83, 0xFF, 0xFF, 0xF8, 0x3F,
  0xFF, 0xFF, 0x83, 0xFF, 0xFF, 0xF8, 0x3F, 0xFF, 0xFF, 0x83, 0xFF, 0xFF, 0xF8, 0x3F, 0xC0, 0x00,
  0x03, 0xFC, 0x00, 0x00, 0x3F, 0xC0, 0x00, 0x03, 0xFC, 0x00, 0x00, 0x3F, 0xC0, 0x00, 0x03, 0xFC,
  0x00, 0x00, 0x3F, 0xC0, 0x00, 0x03, 0xFC, 0x00, 0x00, 0x3F, 0xC0, 0x00, 0x03, 0xFF, 0xFF, 0xFC,
  0x3F, 0xFF, 0xFF, 0xC3, 0xFF, 0xFF, 0xFC, 0x3F, 0xFF, 0xFF, 0xC3, 0xFF, 0xFF, 0xFC, 0x3F, 0xFF,
  0xFF, 0xC0, 0x3F, 0xFF, 0xFF, 0x87, 0xFF, 0xFF, 0xF0, 0xFF, 0xFF, 0xFE, 0x1F, 0xFF, 0xFF, 0xC3,
  0xFF, 0xFF, 0xF8, 0x7F, 0xFF, 0xFF, 0x0F, 0xF0, 0x00, 0x01, 0xFE, 0x00, 0x00, 0x3F, 0xC0, 0x00,
  0x07, 0xF8, 0x00, 0x00, 0xFF, 0x00, 0x00, 0x1F, 0xE0, 0x00, 0x03, 0xFC, 0x00, 0x00, 0x7F, 0x80,
  0x00, 0x0F, 0xF0, 0x00, 0x01, 0xFE, 0x00, 0x00, 0x3F, 0xFF, 0xFF, 0x07, 0xFF, 0xFF, 0xE0, 0xFF,
  0xFF, 0xFC, 0x1F, 0xFF, 0xFF, 0x83, 0xFF, 0xFF, 0xF0, 0x7F, 0xFF, 0xFE, 0x0F, 0xF0, 0x00, 0x01,
  0xFE, 0x00, 0x00, 0x3F, 0xC0, 0x00, 0x07, 0xF8, 0x00, 0x00, 0xFF, 0x00, 0x00, 0x1F, 0xE0, 0x00,
  0x03, 0xFC, 0x00, 0x00, 0x7F, 0x80, 0x00, 0x0F, 0xF0, 0x00, 0x01, 0xFE, 0x00, 0x00, 0x3F, 0xC0,
  0x00, 0x07, 0xF8, 0x00, 0x00, 0xFF, 0x00, 0x00, 0x00, 0x00, 0x0F, 0xFF, 0x00, 0x00, 0x07, 0xFF,
  0xF8, 0x00, 0x03, 0xFF, 0xFF, 0x80, 0x00, 0xFF, 0xFF, 0xFC, 0x00, 0x3F, 0xFF, 0xFF, 0xC0, 0x0F,
  0xFF, 0xFF, 0xFC, 0x01, 0xFF, 0xC1, 0xFF, 0x80, 0x7F, 0xC0, 0x0F, 0xF8, 0x1F, 0xF0, 0x00, 0xFF,
  0x03, 0xFC, 0x00, 0x0F, 0xE0, 0x7F, 0x80, 0x01, 0xFE, 0x1F, 0xE0, 0x00, 0x00, 0x03, 0xFC, 0x00,
  0x00, 0x00, 0x7F, 0x80, 0x00, 0x00, 0x0F, 0xE0, 0x00, 0x00, 0x01, 0xFC, 0x00, 0x00, 0x00, 0x3F,
  0x80, 0x1F, 0xFF, 0x87, 0xF0, 0x03, 0xFF, 0xF0, 0xFE, 0x00, 0x7F, 0xFE, 0x1F, 0xC0, 0x0F, 0xFF,
  0xC3, 0xF8, 0x01, 0xFF, 0xF8, 0x7F, 0x80, 0x3F, 0xFF, 0x0F, 0xF0, 0x00, 0x0F, 0xE1, 0xFE, 0x00,
  0x01, 0xFC, 0x1F, 0xE0, 0x00, 0x3F, 0x83, 0xFC, 0x00, 0x0F, 0xF0, 0x7F, 0xC0, 0x03, 0xFC, 0x07,
  0xFC, 0x00, 0xFF, 0x80, 0xFF, 0xE0, 0x7F, 0xE0, 0x0F, 0xFF, 0xFF, 0xFC, 0x00, 0xFF, 0xFF, 0xFF,
  0x00, 0x0F, 0xFF, 0xFF, 0xC0, 0x00, 0xFF, 0xFF, 0xF0, 0x00, 0x07, 0xFF, 0xF8, 0x00, 0x00, 0x3F,
  0xFC, 0x00, 0x00, 0x00, 0x00, 0x00, 0x00, 0x00, 0x00, 0x00, 0x00, 0x3F, 0xC0, 0x00, 0x7F, 0x0F,
  0xF0, 0x00, 0x1F, 0xC3, 0xFC, 0x00, 0x07, 0xF0, 0xFF, 0x00, 0x01, 0xFC, 0x3F, 0xC0, 0x00, 0x7F,
  0x0F, 0xF0, 0x00, 0x1F, 0xC3, 0xFC, 0x00, 0x07, 0xF0, 0xFF, 0x00, 0x01, 0xFC, 0x3F, 0xC0, 0x00,
  0x7F, 0x0F, 0xF0, 0x00, 0x1F, 0xC3, 0xFC, 0x00, 0x07, 0xF0, 0xFF, 0x00, 0x01, 0xFC, 0x3F, 0xC0,
  0x00, 0x7F, 0x0F, 0xF0, 0x00, 0x1F, 0xC3, 0xFF, 0xFF, 0xFF, 0xF0, 0xFF, 0xFF, 0xFF, 0xFC, 0x3F,
  0xFF, 0xFF, 0xFF, 0x0F, 0xFF, 0xFF, 0xFF, 0xC3, 0xFF, 0xFF, 0xFF, 0xF0, 0xFF, 0xFF, 0xFF, 0xFC,
  0x3F, 0xFF, 0xFF, 0xFF, 0x0F, 0xF0, 0x00, 0x1F, 0xC3, 0xFC, 0x00, 0x07, 0xF0, 0xFF, 0x00, 0x01,
  0xFC, 0x3F, 0xC0, 0x00, 0x7F, 0x0F, 0xF0, 0x00, 0x1F, 0xC3, 0xFC, 0x00, 0x07, 0xF0, 0xFF, 0x00,
  0x01, 0xFC, 0x3F, 0xC0, 0x00, 0x7F, 0x0F, 0xF0, 0x00, 0x1F, 0xC3, 0xFC, 0x00, 0x07, 0xF0, 0xFF,
  0x00, 0x01, 0xFC, 0x3F, 0xC0, 0x00, 0x7F, 0x0F, 0xF0, 0x00, 0x1F, 0xC3, 0xFC, 0x00, 0x07, 0xF0,
  0x3F, 0xC3, 0xFC, 0x3F, 0xC3, 0xFC, 0x3F, 0xC3, 0xFC, 0x3F, 0xC3, 0xFC, 0x3F, 0xC3, 0xFC, 0x3F,
  0xC3, 0xFC, 0x3F, 0xC3, 0xFC, 0x3F, 0xC3, 0xFC, 0x3F, 0xC3, 0xFC, 0x3F, 0xC3, 0xFC, 0x3F, 0xC3,
  0xFC, 0x3F, 0xC3, 0xFC, 0x3F, 0xC3, 0xFC, 0x3F, 0xC3, 0xFC, 0x3F, 0xC3, 0xFC, 0x3F, 0xC3, 0xFC,
  0x3F, 0xC3, 0xFC, 0x3F, 0xC0, 0x00, 0x00, 0xFF, 0x00, 0x00, 0x3F, 0xC0, 0x00, 0x0F, 0xF0, 0x00,
  0x03, 0xFC, 0x00, 0x00, 0xFF, 0x00, 0x00, 0x3F, 0xC0, 0x00, 0x0F, 0xF0, 0x00, 0x03, 0xFC, 0x00,
  0x00, 0xFF, 0x00, 0x00, 0x3F, 0xC0, 0x00, 0x0F, 0xF0, 0x00, 0x03, 0xFC, 0x00, 0x00, 0xFF, 0x00,
  0x00, 0x3F, 0xC0, 0x00, 0x0F, 0xF0, 0x00, 0x03, 0xFC, 0x00, 0x00, 0xFF, 0x00, 0x00, 0x3F, 0xC0,
  0x00, 0x0F, 0xF0, 0x00, 0x03, 0xFC, 0x00, 0x00, 0xFF, 0x00, 0x00, 0x3F, 0xC0, 0x00, 0x0F, 0xF0,
  0x00, 0x03, 0xFC, 0x00, 0x00, 0xFF, 0x3F, 0xC0, 0x3F, 0x8F, 0xF0, 0x0F, 0xE1, 0xFC, 0x03, 0xF8,
  0x7F, 0x81, 0xFE, 0x1F, 0xF9, 0xFF, 0x03, 0xFF, 0xFF, 0xC0, 0xFF, 0xFF, 0xE0, 0x1F, 0xFF, 0xF0,
  0x01, 0xFF, 0xF8, 0x00, 0x1F, 0xF8, 0x00, 0x00, 0x00, 0x00, 0x3F, 0xC0, 0x03, 0xFE, 0x3F, 0xC0,
  0x07, 0xFC, 0x3F, 0xC0, 0x07, 0xFC, 0x3F, 0xC0, 0x0F, 0xF8, 0x3F, 0xC0, 0x1F, 0xF0, 0x3F, 0xC0,
  0x3F, 0xE0, 0x3F, 0xC0, 0x7F, 0xC0, 0x3F, 0xC0, 0x7F, 0x80, 0x3F, 0xC0, 0xFF, 0x80, 0x3F, 0xC1,
  0xFF, 0x00, 0x3F, 0xC3, 0xFE, 0x00, 0x3F, 0xC7, 0xFC, 0x00, 0x3F, 0xCF, 0xF8, 0x00, 0x3F, 0xCF,
  0xF0, 0x00, 0x3F, 0xDF, 0xF0, 0x00, 0x3F, 0xFF, 0xE0, 0x00, 0x3F, 0xFF, 0xE0, 0x00, 0x3F, 0xFF,
  0xF0, 0x00, 0x3F, 0xFF, 0xF0, 0x00, 0x3F, 0xFF, 0xF8, 0x00, 0x3F, 0xFF, 0xFC, 0x00, 0x3F, 0xFB,
  0xFC, 0x00, 0x3F, 0xF3, 0xFE, 0x00, 0x3F, 0xE1, 0xFF, 0x00, 0x3F, 0xC0, 0xFF, 0x80, 0x3F, 0xC0,
  0xFF, 0x80, 0x3F, 0xC0, 0x7F, 0xC0, 0x3F, 0xC0, 0x3F, 0xE0, 0x3F, 0xC0, 0x3F, 0xE0, 0x3F, 0xC0,
  0x1F, 0xF0, 0x3F, 0xC0, 0x0F, 0xF8, 0x3F, 0xC0, 0x0F, 0xF8, 0x3F, 0xC0, 0x07, 0xFC, 0x3F, 0xC0,
  0x03, 0xFE, 0x3F, 0xC0, 0x03, 0xFF, 0x3F, 0xC0, 0x00, 0x0F, 0xF0, 0x00, 0x03, 0xFC, 0x00, 0x00,
  0xFF, 0x00, 0x00, 0x3F, 0xC0, 0x00, 0x0F, 0xF0, 0x00, 0x03, 0xFC, 0x00, 0x00, 0xFF, 0x00, 0x00,
  0x3F, 0xC0, 0x00, 0x0F, 0xF0, 0x00, 0x03, 0xFC, 0x00, 0x00, 0xFF, 0x00, 0x00, 0x3F, 0xC0, 0x00,
  0x0F, 0xF0, 0x00, 0x03, 0xFC, 0x00, 0x00, 0xFF, 0x00, 0x00, 0x3F, 0xC0, 0x00, 0x0F, 0xF0, 0x00,
  0x03, 0xFC, 0x00, 0x00, 0xFF, 0x00, 0x00, 0x3F, 0xC0, 0x00, 0x0F, 0xF0, 0x00, 0x03, 0xFC, 0x00,
  0x00, 0xFF, 0x00, 0x00, 0x3F, 0xC0, 0x00, 0x0F, 0xF0, 0x00, 0x03, 0xFC, 0x00, 0x00, 0xFF, 0x00,
  0x00, 0x3F, 0xC0, 0x00, 0x0F, 0xFF, 0xFF, 0xE3, 0xFF, 0xFF, 0xF8, 0xFF, 0xFF, 0xFE, 0x3F, 0xFF,
  0xFF, 0x8F, 0xFF, 0xFF, 0xE3, 0xFF, 0xFF, 0xF8, 0x3F, 0xF0, 0x00, 0x01, 0xFF, 0x0F, 0xFC, 0x00,
  0x00, 0xFF, 0xC3, 0xFF, 0x00, 0x00, 0x3F, 0xF0, 0xFF, 0xE0, 0x00, 0x0F, 0xFC, 0x3F, 0xF8, 0x00,
  0x07, 0xFF, 0x0F, 0xFF, 0x00, 0x01, 0xFF, 0xC3, 0xFF, 0xC0, 0x00, 0xFF, 0xF0, 0xFF, 0xF0, 0x00,
  0x3F, 0xFC, 0x3F, 0xFE, 0x00, 0x0F, 0xFF, 0x0F, 0xFF, 0x80, 0x07, 0xFF, 0xC3, 0xFF, 0xF0, 0x01,
  0xFF, 0xF0, 0xFF, 0xFC, 0x00, 0xFF, 0xFC, 0x3F, 0xBF, 0x00, 0x3F, 0xFF, 0x0F, 0xEF, 0xE0, 0x1F,
  0xDF, 0xC3, 0xF9, 0xF8, 0x07, 0xF7, 0xF0, 0xFE, 0x7F, 0x01, 0xF9, 0xFC, 0x3F, 0x9F, 0xC0, 0xFE,
  0x7F, 0x0F, 0xE3, 0xF8, 0x3F, 0x9F, 0xC3, 0xF8, 0xFE, 0x1F, 0xC7, 0xF0, 0xFE, 0x1F, 0x87, 0xF1,
  0xFC, 0x3F, 0x87, 0xF1, 0xF8, 0x7F, 0x0F, 0xE1, 0xFC, 0xFE, 0x1F, 0xC3, 0xF8, 0x3F, 0xBF, 0x87,
  0xF0, 0xFE, 0x0F, 0xFF, 0xC1, 0xFC, 0x3F, 0x81, 0xFF, 0xF0, 0x7F, 0x0F, 0xE0, 0x7F, 0xF8, 0x1F,
  0xC3, 0xF8, 0x1F, 0xFE, 0x07, 0xF0, 0xFE, 0x03, 0xFF, 0x81, 0xFC, 0x3F, 0x80, 0xFF, 0xC0, 0x7F,
  0x0F, 0xE0, 0x1F, 0xF0, 0x1F, 0xC3, 0xF8, 0x07, 0xF8, 0x07, 0xF0, 0xFE, 0x01, 0xFE, 0x01, 0xFC,
  0x3F, 0x80, 0x3F, 0x80, 0x7F, 0x0F, 0xE0, 0x0F, 0xC0, 0x1F, 0xC3, 0xF8, 0x01, 0xF0, 0x07, 0xF0,
  0x3F, 0x80, 0x00, 0xFE, 0x0F, 0xF0, 0x00, 0x3F, 0x83, 0xFC, 0x00, 0x0F, 0xE0, 0xFF, 0x80, 0x03,
  0xF8, 0x3F, 0xF0, 0x00, 0xFE, 0x0F, 0xFC, 0x00, 0x3F, 0x83, 0xFF, 0x80, 0x0F, 0xE0, 0xFF, 0xF0,
  0x03, 0xF8, 0x3F, 0xFE, 0x00, 0xFE, 0x0F, 0xFF, 0x80, 0x3F, 0x83, 0xFF, 0xF0, 0x0F, 0xE0, 0xFF,
  0xFE, 0x03, 0xF8, 0x3F, 0xFF, 0x80, 0xFE, 0x0F, 0xFF, 0xF0, 0x3F, 0x83, 0xFD, 0xFE, 0x0F, 0xE0,
  0xFF, 0x3F, 0x83, 0xF8, 0x3F, 0xCF, 0xF0, 0xFE, 0x0F, 0xF1, 0xFE, 0x3F, 0x83, 0xFC, 0x3F, 0x8F,
  0xE0, 0xFF, 0x0F, 0xF3, 0xF8, 0x3F, 0xC1, 0xFE, 0xFE, 0x0F, 0xF0, 0x3F, 0xBF, 0x83, 0xFC, 0x0F,
  0xFF, 0xE0, 0xFF, 0x01, 0xFF, 0xF8, 0x3F, 0xC0, 0x3F, 0xFE, 0x0F, 0xF0, 0x07, 0xFF, 0x83, 0xFC,
  0x01, 0xFF, 0xE0, 0xFF, 0x00, 0x3F, 0xF8, 0x3F, 0xC0, 0x07, 0xFE, 0x0F, 0xF0, 0x01, 0xFF, 0x83,
  0xFC, 0x00, 0x3F, 0xE0, 0xFF, 0x00, 0x07, 0xF8, 0x3F, 0xC0, 0x01, 0xFE, 0x0F, 0xF0, 0x00, 0x3F,
  0x83, 0xFC, 0x00, 0x07, 0xE0, 0x00, 0x0F, 0xFF, 0x00, 0x00, 0x03, 0xFF, 0xFC, 0x00, 0x00, 0xFF,
  0xFF, 0xF0, 0x00, 0x1F, 0xFF, 0xFF, 0x80, 0x03, 0xFF, 0xFF, 0xFC, 0x00, 0x7F, 0xFF, 0xFF, 0xE0,
  0x07, 0xFE, 0x07, 0xFE, 0x00, 0xFF, 0x80, 0x1F, 0xF0, 0x1F, 0xF0, 0x00, 0xFF, 0x01, 0xFE, 0x00,
  0x07, 0xF8, 0x1F, 0xE0, 0x00, 0x7F, 0x83, 0xFC, 0x00, 0x03, 0xFC, 0x3F, 0xC0, 0x00, 0x3F, 0xC3,
  0xF8, 0x00, 0x03, 0xFC, 0x3F, 0x80, 0x00, 0x1F, 0xC3, 0xF8, 0x00, 0x01, 0xFC, 0x3F, 0x80, 0x00,
  0x1F, 0xC3, 0xF8, 0x00, 0x01, 0xFC, 0x3F, 0x80, 0x00, 0x1F, 0xC3, 0xF8, 0x00, 0x01, 0xFC, 0x3F,
  0x80, 0x00, 0x1F, 0xC3, 0xF8, 0x00, 0x03, 0xFC, 0x3F, 0xC0, 0x00, 0x3F, 0xC3, 0xFC, 0x00, 0x03,
  0xFC, 0x1F, 0xE0, 0x00, 0x7F, 0x81, 0xFE, 0x00, 0x07, 0xF8, 0x1F, 0xF0, 0x00, 0xFF, 0x80, 0xFF,
  0x80, 0x1F, 0xF0, 0x0F, 0xFE, 0x07, 0xFE, 0x00, 0x7F, 0xFF, 0xFF, 0xE0, 0x03, 0xFF, 0xFF, 0xFC,
  0x00, 0x1F, 0xFF, 0xFF, 0x80, 0x00, 0xFF, 0xFF, 0xF0, 0x00, 0x03, 0xFF, 0xFC, 0x00, 0x00, 0x0F,
  0xFF, 0x00, 0x00, 0x00, 0x00, 0x00, 0x00, 0x00, 0x00, 0x00, 0x00, 0x00, 0x3F, 0xFF, 0xF0, 0x00,
  0xFF, 0xFF, 0xF8, 0x03, 0xFF, 0xFF, 0xF0, 0x0F, 0xFF, 0xFF, 0xE0, 0x3F, 0xFF, 0xFF, 0xC0, 0xFF,
  0xFF, 0xFF, 0x83, 0xFC, 0x07, 0xFE, 0x0F, 0xF0, 0x07, 0xFC, 0x3F, 0xC0, 0x0F, 0xF0, 0xFF, 0x00,
  0x1F, 0xC3, 0xFC, 0x00, 0x7F, 0x0F, 0xF0, 0x01, 0xFE, 0x3F, 0xC0, 0x07, 0xF8, 0xFF, 0x00, 0x1F,
  0xC3, 0xFC, 0x00, 0xFF, 0x0F, 0xF0, 0x03, 0xFC, 0x3F, 0xC0, 0x1F, 0xF0, 0xFF, 0x01, 0xFF, 0x83,
  0xFF, 0xFF, 0xFE, 0x0F, 0xFF, 0xFF, 0xF0, 0x3F, 0xFF, 0xFF, 0x80, 0xFF, 0xFF, 0xFC, 0x03, 0xFF,
  0xFF, 0xC0, 0x0F, 0xFF, 0xF8, 0x00, 0x3F, 0xC0, 0x00, 0x00, 0xFF, 0x00, 0x00, 0x03, 0xFC, 0x00,
  0x00, 0x0F, 0xF0, 0x00, 0x00, 0x3F, 0xC0, 0x00, 0x00, 0xFF, 0x00, 0x00, 0x03, 0xFC, 0x00, 0x00,
  0x0F, 0xF0, 0x00, 0x00, 0x3F, 0xC0, 0x00, 0x00, 0xFF, 0x00, 0x00, 0x03, 0xFC, 0x00, 0x00, 0x00,
  0x00, 0x0F, 0xFF, 0x00, 0x00, 0x03, 0xFF, 0xFC, 0x00, 0x00, 0xFF, 0xFF, 0xF0, 0x00, 0x1F, 0xFF,
  0xFF, 0x80, 0x03, 0xFF, 0xFF, 0xFC, 0x00, 0x7F, 0xFF, 0xFF, 0xE0, 0x07, 0xFE, 0x07, 0xFE, 0x00,
  0xFF, 0x80, 0x1F, 0xF0, 0x1F, 0xF0, 0x00, 0xFF, 0x01, 0xFE, 0x00, 0x07, 0xF8, 0x1F, 0xE0, 0x00,
  0x7F, 0x83, 0xFC, 0x00, 0x03, 0xFC, 0x3F, 0xC0, 0x00, 0x3F, 0xC3, 0xF8, 0x00, 0x03, 0xFC, 0x3F,
  0x80, 0x00, 0x1F, 0xC3, 0xF8, 0x00, 0x01, 0xFC, 0x3F, 0x80, 0x00, 0x1F, 0xC3, 0xF8, 0x00, 0x01,
  0xFC, 0x3F, 0x80, 0x00, 0x1F, 0xC3, 0xF8, 0x00, 0x01, 0xFC, 0x3F, 0x80, 0x00, 0x1F, 0xC3, 0xF8,
  0x00, 0x03, 0xFC, 0x3F, 0xC1, 0x00, 0x3F, 0xC3, 0xFC, 0x0F, 0xC3, 0xFC, 0x1F, 0xE0, 0x7E, 0x7F,
  0x81, 0xFE, 0x07, 0xF7, 0xF8, 0x1F, 0xF0, 0x3F, 0xFF, 0x80, 0xFF, 0x81, 0xFF, 0xF0, 0x0F, 0xFE,
  0x0F, 0xFE, 0x00, 0x7F, 0xFF, 0xFF, 0xE0, 0x03, 0xFF, 0xFF, 0xFC, 0x00, 0x1F, 0xFF, 0xFF, 0x80,
  0x00, 0xFF, 0xFF, 0xFC, 0x00, 0x03, 0xFF, 0xFF, 0xC0, 0x00, 0x0F, 0xFF, 0xFE, 0x00, 0x00, 0x00,
  0x07, 0xF0, 0x00, 0x00, 0x00, 0x3F, 0x80, 0x00, 0x00, 0x01, 0xFC, 0x00, 0x00, 0x00, 0x00, 0x00,
  0x3F, 0xFF, 0xF0, 0x00, 0xFF, 0xFF, 0xF8, 0x03, 0xFF, 0xFF, 0xF0, 0x0F, 0xFF, 0xFF, 0xF0, 0x3F,
  0xFF, 0xFF, 0xC0, 0xFF, 0xFF, 0xFF, 0x83, 0xFC, 0x07, 0xFF, 0x0F, 0xF0, 0x07, 0xFC, 0x3F, 0xC0,
  0x0F, 0xF0, 0xFF, 0x00, 0x1F, 0xC3, 0xFC, 0x00, 0x7F, 0x8F, 0xF0, 0x01, 0xFE, 0x3F, 0xC0, 0x07,
  0xF8, 0xFF, 0x00, 0x1F, 0xC3, 0xFC, 0x00, 0xFF, 0x0F, 0xF0, 0x07, 0xFC, 0x3F, 0xC0, 0x7F, 0xF0,
  0xFF, 0xFF, 0xFF, 0x83, 0xFF, 0xFF, 0xFC, 0x0F, 0xFF, 0xFF, 0xE0, 0x3F, 0xFF, 0xFF, 0x00, 0xFF,
  0xFF, 0xF0, 0x03, 0xFF, 0xFF, 0xE0, 0x0F, 0xF0, 0x7F, 0xC0, 0x3F, 0xC0, 0xFF, 0x00, 0xFF, 0x01,
  0xFE, 0x03, 0xFC, 0x07, 0xF8, 0x0F, 0xF0, 0x0F, 0xF0, 0x3F, 0xC0, 0x3F, 0xC0, 0xFF, 0x00, 0x7F,
  0x83, 0xFC, 0x01, 0xFE, 0x0F, 0xF0, 0x03, 0xFC, 0x3F, 0xC0, 0x0F, 0xF0, 0xFF, 0x00, 0x1F, 0xE3,
  0xFC, 0x00, 0x7F, 0xC0, 0x00, 0x3F, 0xF8, 0x00, 0x07, 0xFF, 0xF8, 0x00, 0x3F, 0xFF, 0xF8, 0x01,
  0xFF, 0xFF, 0xF0, 0x0F, 0xFF, 0xFF, 0xC0, 0x7F, 0xFF, 0xFF, 0x81, 0xFF, 0x01, 0xFF, 0x0F, 0xF0,
  0x03, 0xFC, 0x3F, 0xC0, 0x07, 0xF0, 0xFF, 0x00, 0x1F, 0xC3, 0xFC, 0x00, 0x00, 0x0F, 0xF0, 0x00,
  0x00, 0x3F, 0xE0, 0x00, 0x00, 0x7F, 0xE0, 0x00, 0x01, 0xFF, 0xF8, 0x00, 0x03, 0xFF, 0xFE, 0x00,
  0x07, 0xFF, 0xFE, 0x00, 0x0F, 0xFF, 0xFE, 0x00, 0x0F, 0xFF, 0xFC, 0x00, 0x07, 0xFF, 0xF8, 0x00,
  0x01, 0xFF, 0xF0, 0x00, 0x00, 0xFF, 0xC0, 0x00, 0x00, 0xFF, 0x00, 0x00, 0x01, 0xFE, 0x7F, 0x00,
  0x07, 0xF9, 0xFE, 0x00, 0x1F, 0xE7, 0xF8, 0x00, 0x7F, 0x8F, 0xF0, 0x03, 0xFC, 0x3F, 0xE0, 0x1F,
  0xF0, 0xFF, 0xFF, 0xFF, 0xC1, 0xFF, 0xFF, 0xFE, 0x03, 0xFF, 0xFF, 0xF0, 0x07, 0xFF, 0xFF, 0x80,
  0x0F, 0xFF, 0xFC, 0x00, 0x07, 0xFF, 0xC0, 0x00, 0x00, 0xC0, 0x00, 0x00, 0x00, 0x00, 0x00, 0x7F,
  0xFF, 0xFF, 0xFC, 0xFF, 0xFF, 0xFF, 0xF9, 0xFF, 0xFF, 0xFF, 0xF3, 0xFF, 0xFF, 0xFF, 0xE7, 0xFF,
  0xFF, 0xFF, 0xCF, 0xFF, 0xFF, 0xFF, 0x80, 0x03, 0xF8, 0x00, 0x00, 0x07, 0xF0, 0x00, 0x00, 0x0F,
  0xE0, 0x00, 0x00, 0x1F, 0xC0, 0x00, 0x00, 0x3F, 0x80, 0x00, 0x00, 0x7F, 0x00, 0x00, 0x00, 0xFE,
  0x00, 0x00, 0x01, 0xFC, 0x00, 0x00, 0x03, 0xF8, 0x00, 0x00, 0x07, 0xF0, 0x00, 0x00, 0x0F, 0xE0,
  0x00, 0x00, 0x1F, 0xC0, 0x00, 0x00, 0x3F, 0x80, 0x00, 0x00, 0x7F, 0x00, 0x00, 0x00, 0xFE, 0x00,
  0x00, 0x01, 0xFC, 0x00, 0x00, 0x03, 0xF8, 0x00, 0x00, 0x07, 0xF0, 0x00, 0x00, 0x0F, 0xE0, 0x00,
  0x00, 0x1F, 0xC0, 0x00, 0x00, 0x3F, 0x80, 0x00, 0x00, 0x7F, 0x00, 0x00, 0x00, 0xFE, 0x00, 0x00,
  0x01, 0xFC, 0x00, 0x00, 0x03, 0xF8, 0x00, 0x00, 0x07, 0xF0, 0x00, 0x00, 0x0F, 0xE0, 0x00, 0x00,
  0x1F, 0xC0, 0x00, 0x00, 0x3F, 0x80, 0x00, 0x3F, 0xC0, 0x00, 0xFE, 0x1F, 0xE0, 0x00, 0x7F, 0x0F,
  0xF0, 0x00, 0x3F, 0x87, 0xF8, 0x00, 0x1F, 0xC3, 0xFC, 0x00, 0x0F, 0xE1, 0xFE, 0x00, 0x07, 0xF0,
  0xFF, 0x00, 0x03, 0xF8, 0x7F, 0x80, 0x01, 0xFC, 0x3F, 0xC0, 0x00, 0xFE, 0x1F, 0xE0, 0x00, 0x7F,
  0x0F, 0xF0, 0x00, 0x3F, 0x87, 0xF8, 0x00, 0x1F, 0xC3, 0xFC, 0x00, 0x0F, 0xE1, 0xFE, 0x00, 0x07,
  0xF0, 0xFF, 0x00, 0x03, 0xF8, 0x7F, 0x80, 0x01, 0xFC, 0x3F, 0xC0, 0x00, 0xFE, 0x1F, 0xE0, 0x00,
  0x7F, 0x0F, 0xF0, 0x00, 0x3F, 0x87, 0xF8, 0x00, 0x1F, 0xC3, 0xFC, 0x00, 0x0F, 0xE1, 0xFE, 0x00,
  0x07, 0xF0, 0xFF, 0x00, 0x03, 0xF8, 0x7F, 0x80, 0x01, 0xFC, 0x3F, 0xC0, 0x01, 0xFE, 0x1F, 0xE0,
  0x00, 0xFF, 0x07, 0xF8, 0x00, 0xFF, 0x83, 0xFE, 0x00, 0xFF, 0x81, 0xFF, 0xC0, 0xFF, 0xC0, 0x7F,
  0xFF, 0xFF, 0xC0, 0x1F, 0xFF, 0xFF, 0xE0, 0x07, 0xFF, 0xFF, 0xE0, 0x01, 0xFF, 0xFF, 0xE0, 0x00,
  0x7F, 0xFF, 0xC0, 0x00, 0x0F, 0xFF, 0x80, 0x00, 0x00, 0x18, 0x00, 0x00, 0xFF, 0x80, 0x00, 0x3F,
  0xDF, 0xE0, 0x00, 0x1F, 0xE7, 0xF8, 0x00, 0x07, 0xF8, 0xFF, 0x00, 0x01, 0xFE, 0x3F, 0xC0, 0x00,
  0xFF, 0x0F, 0xF0, 0x00, 0x3F, 0xC1, 0xFE, 0x00, 0x0F, 0xF0, 0x7F, 0x80, 0x07, 0xF8, 0x1F, 0xE0,
  0x01, 0xFE, 0x03, 0xFC, 0x00, 0x7F, 0x80, 0xFF, 0x00, 0x3F, 0xC0, 0x3F, 0xC0, 0x0F, 0xF0, 0x07,
  0xF8, 0x03, 0xFC, 0x01, 0xFE, 0x01, 0xFE, 0x00, 0x7F, 0x80, 0x7F, 0x80, 0x0F, 0xE0, 0x1F, 0xE0,
  0x03, 0xFC, 0x07, 0xF0, 0x00, 0xFF, 0x03, 0xFC, 0x00, 0x1F, 0xC0, 0xFF, 0x00, 0x07, 0xF8, 0x3F,
  0x80, 0x01, 0xFE, 0x1F, 0xE0, 0x00, 0x3F, 0x87, 0xF8, 0x00, 0x0F, 0xF1, 0xFC, 0x00, 0x03, 0xFC,
  0xFF, 0x00, 0x00, 0x7F, 0x3F, 0xC0, 0x00, 0x1F, 0xEF, 0xE0, 0x00, 0x07, 0xFF, 0xF8, 0x00, 0x00,
  0xFF, 0xFE, 0x00, 0x00, 0x3F, 0xFF, 0x00, 0x00, 0x07, 0xFF, 0xC0, 0x00, 0x01, 0xFF, 0xE0, 0x00,
  0x00, 0x7F, 0xF8, 0x00, 0x00, 0x0F, 0xFE, 0x00, 0x00, 0x03, 0xFF, 0x00, 0x00, 0x00, 0xFF, 0xC0,
  0x00, 0xFF, 0x00, 0x07, 0xF0, 0x00, 0xFF, 0x3F, 0xC0, 0x07, 0xF8, 0x00, 0x7F, 0x9F, 0xE0, 0x03,
  0xFC, 0x00, 0x7F, 0x8F, 0xF0, 0x01, 0xFE, 0x00, 0x3F, 0xC7, 0xF8, 0x01, 0xFF, 0x80, 0x1F, 0xE1,
  0xFC, 0x00, 0xFF, 0xC0, 0x0F, 0xF0, 0xFF, 0x00, 0x7F, 0xE0, 0x0F, 0xF0, 0x7F, 0x80, 0x3F, 0xF0,
  0x07, 0xF8, 0x1F, 0xC0, 0x3F, 0xFC, 0x03, 0xFC, 0x0F, 0xE0, 0x1F, 0xFE, 0x01, 0xFC, 0x07, 0xF8,
  0x0F, 0xFF, 0x01, 0xFE, 0x03, 0xFC, 0x07, 0xFF, 0xC0, 0xFF, 0x00, 0xFE, 0x07, 0xFF, 0xE0, 0x7F,
  0x80, 0x7F, 0x03, 0xFB, 0xF0, 0x3F, 0x80, 0x3F, 0xC1, 0xF9, 0xF8, 0x1F, 0xC0, 0x0F, 0xE0, 0xFC,
  0xFE, 0x1F, 0xE0, 0x07, 0xF0, 0xFE, 0x7F, 0x0F, 0xE0, 0x03, 0xF8, 0x7E, 0x1F, 0x87, 0xF0, 0x01,
  0xFE, 0x3F, 0x0F, 0xC3, 0xF8, 0x00, 0x7F, 0x1F, 0x87, 0xF3, 0xF8, 0x00, 0x3F, 0x9F, 0xC1, 0xF9,
  0xFC, 0x00, 0x1F, 0xCF, 0xC0, 0xFC, 0xFE, 0x00, 0x07, 0xF7, 0xE0, 0x7E, 0x7F, 0x00, 0x03, 0xFF,
  0xF0, 0x1F, 0xFF, 0x00, 0x01, 0xFF, 0xF0, 0x0F, 0xFF, 0x80, 0x00, 0xFF, 0xF8, 0x07, 0xFF, 0xC0,
  0x00, 0x3F, 0xFC, 0x03, 0xFF, 0xC0, 0x00, 0x1F, 0xFE, 0x00, 0xFF, 0xE0, 0x00, 0x0F, 0xFE, 0x00,
  0x7F, 0xF0, 0x00, 0x03, 0xFF, 0x00, 0x3F, 0xF8, 0x00, 0x01, 0xFF, 0x80, 0x0F, 0xF8, 0x00, 0x00,
  0xFF, 0x80, 0x07, 0xFC, 0x00, 0x00, 0x7F, 0xC0, 0x03, 0xFE, 0x00, 0x00, 0x1F, 0xE0, 0x01, 0xFE,
  0x00, 0x00, 0x0F, 0xE0, 0x00, 0x7F, 0x00, 0x00, 0x7F, 0x80, 0x01, 0xFF, 0x1F, 0xE0, 0x00, 0xFF,
  0x0F, 0xF8, 0x00, 0xFF, 0x03, 0xFC, 0x00, 0x7F, 0x81, 0xFF, 0x00, 0x7F, 0x80, 0x7F, 0x80, 0x7F,
  0xC0, 0x1F, 0xE0, 0x3F, 0xC0, 0x0F, 0xF8, 0x3F, 0xC0, 0x03, 0xFC, 0x1F, 0xE0, 0x00, 0xFF, 0x1F,
  0xE0, 0x00, 0x7F, 0x9F, 0xF0, 0x00, 0x1F, 0xEF, 0xF0, 0x00, 0x0F, 0xFF, 0xF0, 0x00, 0x03, 0xFF,
  0xF8, 0x00, 0x00, 0xFF, 0xF8, 0x00, 0x00, 0x7F, 0xFC, 0x00, 0x00, 0x1F, 0xFC, 0x00, 0x00, 0x0F,
  0xFC, 0x00, 0x00, 0x07, 0xFF, 0x00, 0x00, 0x07, 0xFF, 0x80, 0x00, 0x03, 0xFF, 0xE0, 0x00, 0x03,
  0xFF, 0xF8, 0x00, 0x03, 0xFF, 0xFC, 0x00, 0x01, 0xFE, 0xFF, 0x00, 0x01, 0xFE, 0x7F, 0xC0, 0x00,
  0xFF, 0x1F, 0xE0, 0x00, 0xFF, 0x07, 0xF8, 0x00, 0xFF, 0x83, 0xFC, 0x00, 0x7F, 0x80, 0xFF, 0x00,
  0x7F, 0x80, 0x7F, 0xC0, 0x7F, 0xC0, 0x1F, 0xE0, 0x3F, 0xC0, 0x07, 0xF8, 0x3F, 0xE0, 0x03, 0xFE,
  0x1F, 0xE0, 0x00, 0xFF, 0x1F, 0xE0, 0x00, 0x7F, 0xC0, 0xFF, 0x80, 0x00, 0xFF, 0xBF, 0xC0, 0x00,
  0x7F, 0x8F, 0xF0, 0x00, 0x7F, 0xC7, 0xF8, 0x00, 0x3F, 0xC1, 0xFE, 0x00, 0x3F, 0xE0, 0xFF, 0x00,
  0x1F, 0xE0, 0x3F, 0xC0, 0x1F, 0xE0, 0x1F, 0xE0, 0x0F, 0xF0, 0x07, 0xF8, 0x0F, 0xF0, 0x03, 0xFC,
  0x07, 0xF8, 0x00, 0xFF, 0x07, 0xF8, 0x00, 0x3F, 0xC3, 0xFC, 0x00, 0x1F, 0xE3, 0xFC, 0x00, 0x07,
  0xF9, 0xFC, 0x00, 0x03, 0xFD, 0xFE, 0x00, 0x00, 0xFF, 0xFE, 0x00, 0x00, 0x7F, 0xFF, 0x00, 0x00,
  0x1F, 0xFF, 0x00, 0x00, 0x07, 0xFF, 0x80, 0x00, 0x03, 0xFF, 0x80, 0x00, 0x00, 0xFF, 0xC0, 0x00,
  0x00, 0x7F, 0xC0, 0x00, 0x00, 0x1F, 0xC0, 0x00, 0x00, 0x0F, 0xE0, 0x00, 0x00, 0x07, 0xF0, 0x00,
  0x00, 0x03, 0xF8, 0x00, 0x00, 0x01, 0xFC, 0x00, 0x00, 0x00, 0xFE, 0x00, 0x00, 0x00, 0x7F, 0x00,
  0x00, 0x00, 0x3F, 0x80, 0x00, 0x00, 0x1F, 0xC0, 0x00, 0x00, 0x0F, 0xE0, 0x00, 0x00, 0x07, 0xF0,
  0x00, 0x00, 0x03, 0xF8, 0x00, 0x00, 0x01, 0xFC, 0x00, 0x00, 0x3F, 0xFF, 0xFF, 0xF8, 0xFF, 0xFF,
  0xFF, 0xE3, 0xFF, 0xFF, 0xFF, 0x8F, 0xFF, 0xFF, 0xFE, 0x3F, 0xFF, 0xFF, 0xF8, 0xFF, 0xFF, 0xFF,
  0xC0, 0x00, 0x01, 0xFE, 0x00, 0x00, 0x0F, 0xF0, 0x00, 0x00, 0x3F, 0xC0, 0x00, 0x01, 0xFE, 0x00,
  0x00, 0x0F, 0xF0, 0x00, 0x00, 0x7F, 0xC0, 0x00, 0x01, 0xFE, 0x00, 0x00, 0x0F, 0xF0, 0x00, 0x00,
  0x7F, 0x80, 0x00, 0x01, 0xFE, 0x00, 0x00, 0x0F, 0xF0, 0x00, 0x00, 0x7F, 0x80, 0x00, 0x01, 0xFE,
  0x00, 0x00, 0x0F, 0xF0, 0x00, 0x00, 0x7F, 0x80, 0x00, 0x03, 0xFC, 0x00, 0x00, 0x0F, 0xF0, 0x00,
  0x00, 0x7F, 0x80, 0x00, 0x03, 0xFC, 0x00, 0x00, 0x0F, 0xF0, 0x00, 0x00, 0x7F, 0x80, 0x00, 0x03,
  0xFC, 0x00, 0x00, 0x1F, 0xE0, 0x00, 0x00, 0x7F, 0xFF, 0xFF, 0xE3, 0xFF, 0xFF, 0xFF, 0x8F, 0xFF,
  0xFF, 0xFE, 0x3F, 0xFF, 0xFF, 0xF8, 0xFF, 0xFF, 0xFF, 0xE3, 0xFF, 0xFF, 0xFF, 0x80, 0x1F, 0xFE,
  0x0F, 0xFF, 0x07, 0xFF, 0x83, 0xFF, 0xC1, 0xFF, 0xE0, 0xFE, 0x00, 0x7F, 0x00, 0x3F, 0x80, 0x1F,
  0xC0, 0x0F, 0xE0, 0x07, 0xF0, 0x03, 0xF8, 0x01, 0xFC, 0x00, 0xFE, 0x00, 0x7F, 0x00, 0x3F, 0x80,
  0x1F, 0xC0, 0x0F, 0xE0, 0x07, 0xF0, 0x03, 0xF8, 0x01, 0xFC, 0x00, 0xFE, 0x00, 0x7F, 0x00, 0x3F,
  0x80, 0x1F, 0xC0, 0x0F, 0xE0, 0x07, 0xF0, 0x03, 0xF8, 0x01, 0xFC, 0x00, 0xFE, 0x00, 0x7F, 0x00,
  0x3F, 0x80, 0x1F, 0xC0, 0x0F, 0xE0, 0x07, 0xF0, 0x03, 0xF8, 0x01, 0xFC, 0x00, 0xFE, 0x00, 0x7F,
  0xF8, 0x3F, 0xFC, 0x1F, 0xFE, 0x0F, 0xFF, 0x07, 0xFF, 0x83, 0xFF, 0xC0, 0x00, 0x00, 0xFC, 0x00,
  0x1F, 0x80, 0x03, 0xF8, 0x00, 0x3F, 0x00, 0x07, 0xE0, 0x00, 0xFC, 0x00, 0x1F, 0xC0, 0x01, 0xF8,
  0x00, 0x3F, 0x00, 0x07, 0xF0, 0x00, 0x7E, 0x00, 0x0F, 0xC0, 0x01, 0xF8, 0x00, 0x3F, 0x80, 0x03,
  0xF0, 0x00, 0x7E, 0x00, 0x0F, 0xC0, 0x01, 0xFC, 0x00, 0x1F, 0x80, 0x03, 0xF0, 0x00, 0x7E, 0x00,
  0x0F, 0xE0, 0x00, 0xFC, 0x00, 0x1F, 0x80, 0x03, 0xF8, 0x00, 0x3F, 0x00, 0x07, 0xE0, 0x00, 0xFC,
  0x00, 0x1F, 0xC0, 0x01, 0xF8, 0x00, 0x3F, 0x00, 0x07, 0xE0, 0x00, 0xFE, 0x00, 0x0F, 0xC0, 0x01,
  0xF8, 0x00, 0x3F, 0x80, 0x03, 0xF0, 0x00, 0x7E, 0x00, 0x0F, 0xC0, 0x01, 0xFC, 0x00, 0x1F, 0x80,
  0x03, 0xF0, 0x00, 0x00, 0x00, 0x3F, 0xF8, 0x1F, 0xFC, 0x0F, 0xFE, 0x07, 0xFF, 0x03, 0xFF, 0x80,
  0x1F, 0xC0, 0x0F, 0xE0, 0x07, 0xF0, 0x03, 0xF8, 0x01, 0xFC, 0x00, 0xFE, 0x00, 0x7F, 0x00, 0x3F,
  0x80, 0x1F, 0xC0, 0x0F, 0xE0, 0x07, 0xF0, 0x03, 0xF8, 0x01, 0xFC, 0x00, 0xFE, 0x00, 0x7F, 0x00,
  0x3F, 0x80, 0x1F, 0xC0, 0x0F, 0xE0, 0x07, 0xF0, 0x03, 0xF8, 0x01, 0xFC, 0x00, 0xFE, 0x00, 0x7F,
  0x00, 0x3F, 0x80, 0x1F, 0xC0, 0x0F, 0xE0, 0x07, 0xF0, 0x03, 0xF8, 0x01, 0xFC, 0x00, 0xFE, 0x00,
  0x7F, 0x00, 0x3F, 0x80, 0x1F, 0xC0, 0xFF, 0xE0, 0x7F, 0xF0, 0x3F, 0xF8, 0x1F, 0xFC, 0x0F, 0xFE,
  0x07, 0xFF, 0x00, 0x00, 0x00, 0x00, 0xFC, 0x00, 0x07, 0xF8, 0x00, 0x1F, 0xE0, 0x00, 0xFF, 0xC0,
  0x03, 0xFF, 0x00, 0x1F, 0x7E, 0x00, 0x7C, 0xF8, 0x03, 0xF3, 0xE0, 0x0F, 0x87, 0xC0, 0x7E, 0x1F,
  0x01, 0xF0, 0x3E, 0x0F, 0xC0, 0xF8, 0x3E, 0x03, 0xF1, 0xF8, 0x07, 0xC7, 0xE0, 0x1F, 0x80, 0x00,
  0x00, 0x00, 0x00, 0x00, 0x00, 0x00, 0x00, 0x00, 0x00, 0x00, 0x00, 0x00, 0x00, 0x00, 0x00, 0x00,
  0x00, 0x00, 0x00, 0x00, 0x00, 0x00, 0x00, 0x00, 0x00, 0x00, 0x00, 0x00, 0x00, 0x00, 0x00, 0x00,
  0x00, 0x00, 0x00, 0x00, 0x00, 0x00, 0x00, 0x00, 0x00, 0x00, 0x00, 0x00, 0x00, 0x00, 0x00, 0x00,
  0x00, 0x00, 0x00, 0x00, 0x00, 0x00, 0xFF, 0xFF, 0xFE, 0xFF, 0xFF, 0xFE, 0xFF, 0xFF, 0xFE, 0xFF,
  0xFF, 0xFE, 0xFF, 0xFF, 0xFE, 0xFF, 0xFF, 0xFE, 0x03, 0xF0, 0x00, 0x1F, 0xC0, 0x00, 0x7E, 0x00,
  0x01, 0xF8, 0x00, 0x0F, 0xC0, 0x00, 0x3E, 0x00, 0x00, 0xF8, 0x00, 0x07, 0xC0, 0x00, 0x00, 0x00,
  0x00, 0x00, 0x00, 0x00, 0x00, 0x00, 0x00, 0x00, 0x00, 0x00, 0x00, 0x00, 0x00, 0x00, 0x00, 0x00,
  0x00, 0x00, 0x00, 0x00, 0x00, 0x00, 0x00, 0x00, 0x00, 0x00, 0x00, 0x00, 0x00, 0x00, 0x00, 0x00,
  0x00, 0x00, 0x00, 0x00, 0x00, 0x00, 0x00, 0x00, 0x00, 0x00, 0x00, 0x00, 0x00, 0x00, 0x00, 0x00,
  0x00, 0x00, 0x00, 0x00, 0x00, 0x00, 0x00, 0x00, 0x00, 0x00, 0x00, 0x00, 0x00, 0x00, 0x00, 0x00,
  0x00, 0x00, 0x00, 0x00, 0x00, 0x00, 0x00, 0x00, 0x00, 0x00, 0x00, 0x04, 0x00, 0x00, 0x3F, 0xF8,
  0x00, 0x3F, 0xFF, 0x80, 0x3F, 0xFF, 0xF0, 0x1F, 0xFF, 0xFE, 0x07, 0xFF, 0xFF, 0x83, 0xFC, 0x0F,
  0xF0, 0xFE, 0x01, 0xFC, 0x07, 0x80, 0x7F, 0x00, 0x00, 0x1F, 0xC0, 0x00, 0x0F, 0xF0, 0x00, 0x3F,
  0xFC, 0x03, 0xFF, 0xFF, 0x03, 0xFF, 0xFF, 0xC1, 0xFF, 0xFF, 0xF0, 0xFF, 0xF9, 0xFC, 0x7F, 0xC0,
  0x7F, 0x1F, 0xE0, 0x1F, 0xC7, 0xF0, 0x07, 0xF1, 0xFC, 0x01, 0xFC, 0x7F, 0x00, 0xFF, 0x1F, 0xE0,
  0x7F, 0xC7, 0xFF, 0xFF, 0xF0, 0xFF, 0xFF, 0xFC, 0x3F, 0xFF, 0x7F, 0x07, 0xFF, 0xDF, 0xC0, 0x7F,
  0xC7, 0xF0, 0x01, 0x00, 0x00, 0x3F, 0x80, 0x00, 0x01, 0xFC, 0x00, 0x00, 0x0F, 0xE0, 0x00, 0x00,
  0x7F, 0x00, 0x00, 0x03, 0xF8, 0x00, 0x00, 0x1F, 0xC0, 0x00, 0x00, 0xFE, 0x00, 0x00, 0x07, 0xF0,
  0x00, 0x00, 0x3F, 0x80, 0x80, 0x01, 0xFC, 0x3F, 0xE0, 0x0F, 0xE7, 0xFF, 0x80, 0x7F, 0x3F, 0xFE,
  0x03, 0xFB, 0xFF, 0xF8, 0x1F, 0xFF, 0xFF, 0xE0, 0xFF, 0xE3, 0xFF, 0x07, 0xFC, 0x07, 0xFC, 0x3F,
  0xE0, 0x1F, 0xE1, 0xFE, 0x00, 0xFF, 0x0F, 0xF0, 0x03, 0xF8, 0x7F, 0x00, 0x1F, 0xE3, 0xF8, 0x00,
  0xFF, 0x1F, 0xC0, 0x07, 0xF8, 0xFE, 0x00, 0x3F, 0xC7, 0xF0, 0x01, 0xFE, 0x3F, 0x80, 0x0F, 0xE1,
  0xFE, 0x00, 0x7F, 0x0F, 0xF0, 0x07, 0xF8, 0x7F, 0xC0, 0x3F, 0xC3, 0xFF, 0x03, 0xFE, 0x1F, 0xFE,
  0x7F, 0xE0, 0xFF, 0xFF, 0xFF, 0x07, 0xF7, 0xFF, 0xF0, 0x3F, 0x9F, 0xFF, 0x01, 0xFC, 0x7F, 0xF0,
  0x0F, 0xE1, 0xFE, 0x00, 0x00, 0x00, 0x00, 0x00, 0x00, 0x04, 0x00, 0x00, 0x1F, 0xFC, 0x00, 0x07,
  0xFF, 0xE0, 0x03, 0xFF, 0xFF, 0x00, 0xFF, 0xFF, 0xE0, 0x3F, 0xFF, 0xFE, 0x07, 0xFC, 0x3F, 0xE1,
  0xFF, 0x03, 0xFC, 0x3F, 0xC0, 0x3F, 0x87, 0xF0, 0x03, 0xF9, 0xFE, 0x00, 0x7F, 0x3F, 0xC0, 0x00,
  0x07, 0xF0, 0x00, 0x00, 0xFE, 0x00, 0x00, 0x1F, 0xC0, 0x00, 0x03, 0xF8, 0x00, 0x00, 0x7F, 0x80,
  0x00, 0x0F, 0xF0, 0x03, 0xF8, 0xFE, 0x00, 0x7F, 0x1F, 0xE0, 0x1F, 0xC3, 0xFE, 0x07, 0xF8, 0x3F,
  0xE1, 0xFF, 0x07, 0xFF, 0xFF, 0xC0, 0x7F, 0xFF, 0xF0, 0x07, 0xFF, 0xFC, 0x00, 0x3F, 0xFF, 0x00,
  0x03, 0xFF, 0x80, 0x00, 0x03, 0x00, 0x00, 0x00, 0x00, 0x1F, 0xE0, 0x00, 0x00, 0xFF, 0x00, 0x00,
  0x07, 0xF8, 0x00, 0x00, 0x3F, 0xC0, 0x00, 0x01, 0xFE, 0x00, 0x00, 0x0F, 0xF0, 0x00, 0x00, 0x7F,
  0x80, 0x00, 0x03, 0xFC, 0x00, 0x18, 0x1F, 0xE0, 0x0F, 0xF8, 0xFF, 0x00, 0xFF, 0xE7, 0xF8, 0x1F,
  0xFF, 0xBF, 0xC0, 0xFF, 0xFF, 0xFE, 0x0F, 0xFF, 0xFF, 0xF0, 0xFF, 0xC3, 0xFF, 0x87, 0xFC, 0x0F,
  0xFC, 0x3F, 0xC0, 0x3F, 0xE3, 0xFC, 0x00, 0xFF, 0x1F, 0xE0, 0x07, 0xF8, 0xFF, 0x00, 0x3F, 0xC7,
  0xF8, 0x01, 0xFE, 0x3F, 0x80, 0x0F, 0xF1, 0xFC, 0x00, 0x7F, 0x8F, 0xF0, 0x03, 0xFC, 0x7F, 0x80,
  0x1F, 0xE3, 0xFC, 0x00, 0xFF, 0x1F, 0xE0, 0x07, 0xF8, 0x7F, 0x80, 0x7F, 0xC3, 0xFE, 0x07, 0xFE,
  0x0F, 0xFC, 0xFF, 0xF0, 0x7F, 0xFF, 0xFF, 0x81, 0xFF, 0xFF, 0xFC, 0x07, 0xFF, 0xDF, 0xE0, 0x1F,
  0xFC, 0xFF, 0x00, 0x7F, 0xC7, 0xF8, 0x00, 0x00, 0x00, 0x00, 0x00, 0x06, 0x00, 0x00, 0x1F, 0xFC,
  0x00, 0x07, 0xFF, 0xE0, 0x03, 0xFF, 0xFE, 0x00, 0xFF, 0xFF, 0xE0, 0x3F, 0xFF, 0xFE, 0x07, 0xF8,
  0x3F, 0xC1, 0xFE, 0x01, 0xFC, 0x3F, 0x80, 0x3F, 0x87, 0xF0, 0x03, 0xF9, 0xFC, 0x00, 0x7F, 0x3F,
  0xFF, 0xFF, 0xE7, 0xFF, 0xFF, 0xFC, 0xFF, 0xFF, 0xFF, 0x9F, 0xFF, 0xFF, 0xF3, 0xFF, 0xFF, 0xFE,
  0x7F, 0x00, 0x00, 0x0F, 0xE0, 0x00, 0x00, 0xFE, 0x00, 0x00, 0x1F, 0xC0, 0x0F, 0xE3, 0xFC, 0x03,
  0xFC, 0x3F, 0xC0, 0xFF, 0x07, 0xFF, 0xFF, 0xE0, 0x7F, 0xFF, 0xF8, 0x07, 0xFF, 0xFE, 0x00, 0x7F,
  0xFF, 0x80, 0x03, 0xFF, 0xC0, 0x00, 0x01, 0x00, 0x00, 0x00, 0x08, 0x00, 0x3F, 0xF0, 0x3F, 0xF8,
  0x1F, 0xFE, 0x07, 0xFF, 0x83, 0xFF, 0xE0, 0xFF, 0x08, 0x3F, 0x80, 0x0F, 0xE0, 0x03, 0xF8, 0x00,
  0xFE, 0x03, 0xFF, 0xFC, 0xFF, 0xFF, 0x3F, 0xFF, 0xCF, 0xFF, 0xF3, 0xFF, 0xFC, 0x0F, 0xE0, 0x03,
  0xF8, 0x00, 0xFE, 0x00, 0x3F, 0x80, 0x0F, 0xE0, 0x03, 0xF8, 0x00, 0xFE, 0x00, 0x3F, 0x80, 0x0F,
  0xE0, 0x03, 0xF8, 0x00, 0xFE, 0x00, 0x3F, 0x80, 0x0F, 0xE0, 0x03, 0xF8, 0x00, 0xFE, 0x00, 0x3F,
  0x80, 0x0F, 0xE0, 0x03, 0xF8, 0x00, 0xFE, 0x00, 0x3F, 0x80, 0x0F, 0xE0, 0x00, 0x00, 0x18, 0x00,
  0x00, 0x0F, 0xF8, 0xFF, 0x00, 0xFF, 0xE7, 0xF8, 0x1F, 0xFF, 0xBF, 0xC0, 0xFF, 0xFF, 0xFE, 0x0F,
  0xFF, 0xFF, 0xF0, 0xFF, 0xC3, 0xFF, 0x87, 0xFC, 0x0F, 0xFC, 0x3F, 0xC0, 0x3F, 0xE3, 0xFC, 0x00,
  0xFF, 0x1F, 0xE0, 0x07, 0xF8, 0xFF, 0x00, 0x3F, 0xC7, 0xF8, 0x01, 0xFE, 0x3F, 0x80, 0x0F, 0xF1,
  0xFC, 0x00, 0x7F, 0x8F, 0xF0, 0x03, 0xFC, 0x7F, 0x80, 0x1F, 0xE3, 0xFC, 0x00, 0xFF, 0x0F, 0xE0,
  0x0F, 0xF8, 0x7F, 0x80, 0x7F, 0xC3, 0xFE, 0x07, 0xFE, 0x0F, 0xFF, 0xFF, 0xF0, 0x7F, 0xFF, 0xFF,
  0x81, 0xFF, 0xFF, 0xFC, 0x07, 0xFF, 0xDF, 0xE0, 0x0F, 0xF8, 0xFF, 0x00, 0x07, 0x07, 0xF8, 0x00,
  0x00, 0x3F, 0xC0, 0x00, 0x01, 0xFE, 0x01, 0xC0, 0x0F, 0xE0, 0xFE, 0x00, 0xFF, 0x07, 0xFC, 0x0F,
  0xF8, 0x1F, 0xFF, 0xFF, 0x80, 0x7F, 0xFF, 0xFC, 0x01, 0xFF, 0xFF, 0xC0, 0x07, 0xFF, 0xF8, 0x00,
  0x0F, 0xFF, 0x00, 0x00, 0x00, 0x00, 0x00, 0x3F, 0x80, 0x00, 0x01, 0xFC, 0x00, 0x00, 0x0F, 0xE0,
  0x00, 0x00, 0x7F, 0x00, 0x00, 0x03, 0xF8, 0x00, 0x00, 0x1F, 0xC0, 0x00, 0x00, 0xFE, 0x00, 0x00,
  0x07, 0xF0, 0x00, 0x00, 0x3F, 0x80, 0x40, 0x01, 0xFC, 0x3F, 0xE0, 0x0F, 0xE7, 0xFF, 0x80, 0x7F,
  0x3F, 0xFE, 0x03, 0xFB, 0xFF, 0xF8, 0x1F, 0xFF, 0xFF, 0xC0, 0xFF, 0xFF, 0xFF, 0x07, 0xFC, 0x0F,
  0xF8, 0x3F, 0xC0, 0x3F, 0xC1, 0xFE, 0x00, 0xFE, 0x0F, 0xF0, 0x07, 0xF0, 0x7F, 0x00, 0x3F, 0x83,
  0xF8, 0x01, 0xFC, 0x1F, 0xC0, 0x0F, 0xE0, 0xFE, 0x00, 0x7F, 0x07, 0xF0, 0x03, 0xF8, 0x3F, 0x80,
  0x1F, 0xC1, 0xFC, 0x00, 0xFE, 0x0F, 0xE0, 0x07, 0xF0, 0x7F, 0x00, 0x3F, 0x83, 0xF8, 0x01, 0xFC,
  0x1F, 0xC0, 0x0F, 0xE0, 0xFE, 0x00, 0x7F, 0x07, 0xF0, 0x03, 0xF8, 0x3F, 0x80, 0x1F, 0xC1, 0xFC,
  0x00, 0xFE, 0x0F, 0xE0, 0x07, 0xF0, 0x0F, 0x01, 0xF8, 0x3F, 0x83, 0xFC, 0x3F, 0xC3, 0xF8, 0x1F,
  0x00, 0x00, 0x00, 0x00, 0x00, 0x00, 0x03, 0xF8, 0x3F, 0x83, 0xF8, 0x3F, 0x83, 0xF8, 0x3F, 0x83,
  0xF8, 0x3F, 0x83, 0xF8, 0x3F, 0x83, 0xF8, 0x3F, 0x83, 0xF8, 0x3F, 0x83, 0xF8, 0x3F, 0x83, 0xF8,
  0x3F, 0x83, 0xF8, 0x3F, 0x83, 0xF8, 0x3F, 0x83, 0xF8, 0x3F, 0x83, 0xF8, 0x3F, 0x80, 0x03, 0xC0,
  0x0F, 0xC0, 0x3F, 0x80, 0x7F, 0x80, 0xFF, 0x01, 0xFC, 0x01, 0xF0, 0x00, 0x00, 0x00, 0x00, 0x00,
  0x00, 0x00, 0x00, 0x7F, 0x00, 0xFE, 0x01, 0xFC, 0x03, 0xF8, 0x07, 0xF0, 0x0F, 0xE0, 0x1F, 0xC0,
  0x3F, 0x80, 0x7F, 0x00, 0xFE, 0x01, 0xFC, 0x03, 0xF8, 0x07, 0xF0, 0x0F, 0xE0, 0x1F, 0xC0, 0x3F,
  0x80, 0x7F, 0x00, 0xFE, 0x01, 0xFC, 0x03, 0xF8, 0x07, 0xF0, 0x0F, 0xE0, 0x1F, 0xC0, 0x3F, 0x80,
  0x7F, 0x00, 0xFE, 0x01, 0xFC, 0x03, 0xF8, 0x07, 0xF0, 0x1F, 0xE1, 0xFF, 0xC3, 0xFF, 0x87, 0xFE,
  0x0F, 0xF8, 0x1F, 0xE0, 0x3E, 0x00, 0x00, 0x3F, 0x80, 0x00, 0x07, 0xF0, 0x00, 0x00, 0xFE, 0x00,
  0x00, 0x1F, 0xC0, 0x00, 0x03, 0xF8, 0x00, 0x00, 0x7F, 0x00, 0x00, 0x0F, 0xE0, 0x00, 0x01, 0xFC,
  0x00, 0x00, 0x3F, 0x80, 0x00, 0x07, 0xF0, 0x07, 0xF8, 0xFE, 0x01, 0xFE, 0x1F, 0xC0, 0x7F, 0x83,
  0xF8, 0x1F, 0xE0, 0x7F, 0x07, 0xF8, 0x0F, 0xE1, 0xFF, 0x01, 0xFC, 0x7F, 0xC0, 0x3F, 0x8F, 0xF0,
  0x07, 0xF3, 0xFC, 0x00, 0xFE, 0xFF, 0x00, 0x1F, 0xFF, 0xC0, 0x03, 0xFF, 0xF8, 0x00, 0x7F, 0xFF,
  0x80, 0x0F, 0xFF, 0xF0, 0x01, 0xFF, 0xFF, 0x00, 0x3F, 0xFF, 0xF0, 0x07, 0xF9, 0xFE, 0x00, 0xFF,
  0x1F, 0xE0, 0x1F, 0xC3, 0xFE, 0x03, 0xF8, 0x3F, 0xE0, 0x7F, 0x03, 0xFC, 0x0F, 0xE0, 0x7F, 0xC1,
  0xFC, 0x07, 0xFC, 0x3F, 0x80, 0x7F, 0x87, 0xF0, 0x0F, 0xF8, 0xFE, 0x00, 0xFF, 0x80, 0x3F, 0x83,
  0xF8, 0x3F, 0x83, 0xF8, 0x3F, 0x83, 0xF8, 0x3F, 0x83, 0xF8, 0x3F, 0x83, 0xF8, 0x3F, 0x83, 0xF8,
  0x3F, 0x83, 0xF8, 0x3F, 0x83, 0xF8, 0x3F, 0x83, 0xF8, 0x3F, 0x83, 0xF8, 0x3F, 0x83, 0xF8, 0x3F,
  0x83, 0xF8, 0x3F, 0x83, 0xF8, 0x3F, 0x83, 0xF8, 0x3F, 0x83, 0xF8, 0x3F, 0x83, 0xF8, 0x3F, 0x83,
  0xF8, 0x3F, 0x80, 0x00, 0x00, 0x80, 0x01, 0x00, 0x0F, 0xE1, 0xFE, 0x03, 0xFC, 0x03, 0xF9, 0xFF,
  0xC3, 0xFF, 0xC0, 0xFE, 0xFF, 0xF9, 0xFF, 0xF0, 0x3F, 0xBF, 0xFE, 0xFF, 0xFE, 0x0F, 0xFF, 0xFF,
  0xFF, 0xFF, 0xC3, 0xFF, 0xBF, 0xFF, 0xFF, 0xF0, 0xFF, 0x83, 0xFF, 0x03, 0xFC, 0x3F, 0xC0, 0x7F,
  0x80, 0xFF, 0x0F, 0xF0, 0x1F, 0xE0, 0x1F, 0xC3, 0xF8, 0x03, 0xF8, 0x07, 0xF0, 0xFE, 0x00, 0xFE,
  0x01, 0xFC, 0x3F, 0x80, 0x3F, 0x80, 0x7F, 0x0F, 0xE0, 0x0F, 0xE0, 0x1F, 0xC3, 0xF8, 0x03, 0xF8,
  0x07, 0xF0, 0xFE, 0x00, 0xFE, 0x01, 0xFC, 0x3F, 0x80, 0x3F, 0x80, 0x7F, 0x0F, 0xE0, 0x0F, 0xE0,
  0x1F, 0xC3, 0xF8, 0x03, 0xF8, 0x07, 0xF0, 0xFE, 0x00, 0xFE, 0x01, 0xFC, 0x3F, 0x80, 0x3F, 0x80,
  0x7F, 0x0F, 0xE0, 0x0F, 0xE0, 0x1F, 0xC3, 0xF8, 0x03, 0xF8, 0x07, 0xF0, 0xFE, 0x00, 0xFE, 0x01,
  0xFC, 0x3F, 0x80, 0x3F, 0x80, 0x7F, 0x0F, 0xE0, 0x0F, 0xE0, 0x1F, 0xC3, 0xF8, 0x03, 0xF8, 0x07,
  0xF0, 0x00, 0x00, 0xC0, 0x03, 0xF8, 0x7F, 0xC0, 0x3F, 0x9F, 0xFE, 0x03, 0xF9, 0xFF, 0xF0, 0x3F,
  0xBF, 0xFF, 0x83, 0xFF, 0xFF, 0xF8, 0x3F, 0xFF, 0xFF, 0xC3, 0xFE, 0x07, 0xFC, 0x3F, 0xC0, 0x3F,
  0xC3, 0xFC, 0x01, 0xFC, 0x3F, 0xC0, 0x1F, 0xC3, 0xF8, 0x01, 0xFC, 0x3F, 0x80, 0x1F, 0xC3, 0xF8,
  0x01, 0xFC, 0x3F, 0x80, 0x1F, 0xC3, 0xF8, 0x01, 0xFC, 0x3F, 0x80, 0x1F, 0xC3, 0xF8, 0x01, 0xFC,
  0x3F, 0x80, 0x1F, 0xC3, 0xF8, 0x01, 0xFC, 0x3F, 0x80, 0x1F, 0xC3, 0xF8, 0x01, 0xFC, 0x3F, 0x80,
  0x1F, 0xC3, 0xF8, 0x01, 0xFC, 0x3F, 0x80, 0x1F, 0xC3, 0xF8, 0x01, 0xFC, 0x3F, 0x80, 0x1F, 0xC0,
  0x00, 0x04, 0x00, 0x00, 0x0F, 0xFE, 0x00, 0x01, 0xFF, 0xF8, 0x00, 0x7F, 0xFF, 0xE0, 0x0F, 0xFF,
  0xFF, 0x01, 0xFF, 0xFF, 0xF0, 0x1F, 0xF0, 0xFF, 0x83, 0xFE, 0x07, 0xFC, 0x3F, 0xC0, 0x3F, 0xC3,
  0xF8, 0x01, 0xFC, 0x7F, 0x80, 0x1F, 0xC7, 0xF8, 0x01, 0xFE, 0x7F, 0x80, 0x1F, 0xE7, 0xF0, 0x01,
  0xFE, 0x7F, 0x00, 0x1F, 0xE7, 0xF8, 0x01, 0xFE, 0x7F, 0x80, 0x1F, 0xE7, 0xF8, 0x01, 0xFC, 0x3F,
  0x80, 0x1F, 0xC3, 0xFC, 0x03, 0xFC, 0x3F, 0xE0, 0x7F, 0xC1, 0xFF, 0x0F, 0xF8, 0x1F, 0xFF, 0xFF,
  0x00, 0xFF, 0xFF, 0xF0, 0x07, 0xFF, 0xFE, 0x00, 0x1F, 0xFF, 0x80, 0x00, 0xFF, 0xE0, 0x00, 0x00,
  0x60, 0x00, 0x00, 0x00, 0x80, 0x01, 0xFC, 0x3F, 0xE0, 0x0F, 0xE7, 0xFF, 0x80, 0x7F, 0x3F, 0xFE,
  0x03, 0xFB, 0xFF, 0xF8, 0x1F, 0xFF, 0xFF, 0xE0, 0xFF, 0xE3, 0xFF, 0x07, 0xFC, 0x07, 0xFC, 0x3F,
  0xE0, 0x1F, 0xE1, 0xFE, 0x00, 0xFF, 0x0F, 0xF0, 0x03, 0xF8, 0x7F, 0x00, 0x1F, 0xE3, 0xF8, 0x00,
  0xFF, 0x1F, 0xC0, 0x07, 0xF8, 0xFE, 0x00, 0x3F, 0xC7, 0xF0, 0x01, 0xFE, 0x3F, 0x80, 0x0F, 0xE1,
  0xFE, 0x00, 0x7F, 0x0F, 0xF0, 0x07, 0xF8, 0x7F, 0xC0, 0x3F, 0xC3, 0xFF, 0x03, 0xFE, 0x1F, 0xFE,
  0x7F, 0xE0, 0xFF, 0xFF, 0xFF, 0x07, 0xF7, 0xFF, 0xF0, 0x3F, 0x9F, 0xFF, 0x01, 0xFC, 0x7F, 0xF0,
  0x0F, 0xE1, 0xFE, 0x00, 0x7F, 0x00, 0x00, 0x03, 0xF8, 0x00, 0x00, 0x1F, 0xC0, 0x00, 0x00, 0xFE,
  0x00, 0x00, 0x07, 0xF0, 0x00, 0x00, 0x3F, 0x80, 0x00, 0x01, 0xFC, 0x00, 0x00, 0x0F, 0xE0, 0x00,
  0x00, 0x7F, 0x00, 0x00, 0x03, 0xF8, 0x00, 0x00, 0x00, 0x00, 0x18, 0x00, 0x00, 0x0F, 0xF8, 0xFF,
  0x00, 0xFF, 0xE7, 0xF8, 0x1F, 0xFF, 0xBF, 0xC0, 0xFF, 0xFF, 0xFE, 0x0F, 0xFF, 0xFF, 0xF0, 0xFF,
  0xC3, 0xFF, 0x87, 0xFC, 0x0F, 0xFC, 0x3F, 0xC0, 0x3F, 0xE3, 0xFC, 0x00, 0xFF, 0x1F, 0xE0, 0x07,
  0xF8, 0xFF, 0x00, 0x3F, 0xC7, 0xF8, 0x01, 0xFE, 0x3F, 0x80, 0x0F, 0xF1, 0xFC, 0x00, 0x7F, 0x8F,
  0xF0, 0x03, 0xFC, 0x7F, 0x80, 0x1F, 0xE3, 0xFC, 0x00, 0xFF, 0x1F, 0xE0, 0x07, 0xF8, 0x7F, 0x80,
  0x7F, 0xC3, 0xFE, 0x07, 0xFE, 0x0F, 0xFC, 0xFF, 0xF0, 0x7F, 0xFF, 0xFF, 0x81, 0xFF, 0xFF, 0xFC,
  0x07, 0xFF, 0xDF, 0xE0, 0x1F, 0xFC, 0xFF, 0x00, 0x7F, 0xC7, 0xF8, 0x00, 0x00, 0x3F, 0xC0, 0x00,
  0x01, 0xFE, 0x00, 0x00, 0x0F, 0xF0, 0x00, 0x00, 0x7F, 0x80, 0x00, 0x03, 0xFC, 0x00, 0x00, 0x1F,
  0xE0, 0x00, 0x00, 0xFF, 0x00, 0x00, 0x07, 0xF8, 0x00, 0x00, 0x3F, 0xC0, 0x00, 0x01, 0xFE, 0x00,
  0x00, 0x01, 0x8F, 0xE3, 0xF3, 0xF9, 0xFC, 0xFE, 0xFF, 0x3F, 0xBF, 0xCF, 0xFF, 0xF3, 0xFF, 0xFC,
  0xFF, 0xC0, 0x3F, 0xE0, 0x0F, 0xF0, 0x03, 0xFC, 0x00, 0xFE, 0x00, 0x3F, 0x80, 0x0F, 0xE0, 0x03,
  0xF8, 0x00, 0xFE, 0x00, 0x3F, 0x80, 0x0F, 0xE0, 0x03, 0xF8, 0x00, 0xFE, 0x00, 0x3F, 0x80, 0x0F,
  0xE0, 0x03, 0xF8, 0x00, 0xFE, 0x00, 0x3F, 0x80, 0x0F, 0xE0, 0x03, 0xF8, 0x00, 0x00, 0x08, 0x00,
  0x00, 0xFF, 0xF0, 0x01, 0xFF, 0xFC, 0x01, 0xFF, 0xFF, 0x81, 0xFF, 0xFF, 0xC1, 0xFF, 0xFF, 0xF0,
  0xFF, 0x03, 0xF8, 0x7F, 0x00, 0xFE, 0x3F, 0x80, 0x70, 0x1F, 0xC0, 0x00, 0x0F, 0xF8, 0x00, 0x07,
  0xFF, 0xE0, 0x01, 0xFF, 0xFF, 0x00, 0x7F, 0xFF, 0xE0, 0x1F, 0xFF, 0xF8, 0x03, 0xFF, 0xFE, 0x00,
  0x1F, 0xFF, 0x00, 0x00, 0xFF, 0x80, 0x00, 0x1F, 0xEF, 0xE0, 0x0F, 0xE7, 0xF8, 0x07, 0xF3, 0xFE,
  0x07, 0xF8, 0xFF, 0xFF, 0xFC, 0x3F, 0xFF, 0xFC, 0x1F, 0xFF, 0xFC, 0x03, 0xFF, 0xFC, 0x00, 0x7F,
  0xF8, 0x00, 0x01, 0x80, 0x00, 0x0F, 0xE0, 0x07, 0xF0, 0x03, 0xF8, 0x01, 0xFC, 0x00, 0xFE, 0x00,
  0x7F, 0x03, 0xFF, 0xFD, 0xFF, 0xFE, 0xFF, 0xFF, 0x7F, 0xFF, 0xBF, 0xFF, 0xC1, 0xFC, 0x00, 0xFE,
  0x00, 0x7F, 0x00, 0x3F, 0x80, 0x1F, 0xC0, 0x0F, 0xE0, 0x07, 0xF0, 0x03, 0xF8, 0x01, 0xFC, 0x00,
  0xFE, 0x00, 0x7F, 0x00, 0x3F, 0x80, 0x1F, 0xC0, 0x0F, 0xE0, 0x07, 0xF0, 0x03, 0xFF, 0x81, 0xFF,
  0xE0, 0x7F, 0xF0, 0x3F, 0xF8, 0x0F, 0xFC, 0x01, 0xFF, 0x00, 0x00, 0x00, 0x00, 0x00, 0x3F, 0x80,
  0x1F, 0xC3, 0xF8, 0x01, 0xFC, 0x3F, 0x80, 0x1F, 0xC3, 0xF8, 0x01, 0xFC, 0x3F, 0x80, 0x1F, 0xC3,
  0xF8, 0x01, 0xFC, 0x3F, 0x80, 0x1F, 0xC3, 0xF8, 0x01, 0xFC, 0x3F, 0x80, 0x1F, 0xC3, 0xF8, 0x01,
  0xFC, 0x3F, 0x80, 0x1F, 0xC3, 0xF8, 0x01, 0xFC, 0x3F, 0x80, 0x1F, 0xC3, 0xF8, 0x01, 0xFC, 0x3F,
  0x80, 0x1F, 0xC3, 0xF8, 0x01, 0xFC, 0x3F, 0x80, 0x1F, 0xC3, 0xFC, 0x03, 0xFC, 0x3F, 0xC0, 0x3F,
  0xC3, 0xFE, 0x0F, 0xFC, 0x1F, 0xFF, 0xFF, 0xC1, 0xFF, 0xFF, 0xFC, 0x0F, 0xFF, 0xDF, 0xC0, 0xFF,
  0xFD, 0xFC, 0x07, 0xFF, 0x9F, 0xC0, 0x1F, 0xE1, 0xFC, 0x00, 0x00, 0x00, 0x00, 0x00, 0x00, 0x00,
  0xFF, 0x00, 0x1F, 0xEF, 0xE0, 0x07, 0xF9, 0xFE, 0x00, 0xFF, 0x3F, 0xC0, 0x1F, 0xC3, 0xF8, 0x03,
  0xF8, 0x7F, 0x00, 0xFF, 0x0F, 0xF0, 0x1F, 0xC0, 0xFE, 0x03, 0xF8, 0x1F, 0xC0, 0xFE, 0x03, 0xFC,
  0x1F, 0xC0, 0x3F, 0x83, 0xF8, 0x07, 0xF0, 0x7E, 0x00, 0xFE, 0x1F, 0xC0, 0x0F, 0xE3, 0xF8, 0x01,
  0xFC, 0x7E, 0x00, 0x1F, 0x9F, 0xC0, 0x03, 0xFB, 0xF8, 0x00, 0x7F, 0x7E, 0x00, 0x07, 0xEF, 0xC0,
  0x00, 0xFF, 0xF8, 0x00, 0x1F, 0xFE, 0x00, 0x01, 0xFF, 0xC0, 0x00, 0x3F, 0xF8, 0x00, 0x07, 0xFE,
  0x00, 0x00, 0x7F, 0xC0, 0x00, 0x0F, 0xF8, 0x00, 0x00, 0x00, 0x00, 0x00, 0xFF, 0x00, 0xFE, 0x00,
  0xFE, 0x7F, 0x00, 0xFF, 0x01, 0xFE, 0x7F, 0x01, 0xFF, 0x01, 0xFC, 0x7F, 0x01, 0xFF, 0x01, 0xFC,
  0x7F, 0x81, 0xFF, 0x01, 0xFC, 0x3F, 0x81, 0xFF, 0x83, 0xFC, 0x3F, 0x83, 0xFF, 0x83, 0xF8, 0x3F,
  0x83, 0xFF, 0x83, 0xF8, 0x1F, 0xC3, 0xFF, 0x83, 0xF8, 0x1F, 0xC3, 0xFF, 0xC3, 0xF0, 0x1F, 0xC7,
  0xEF, 0xC7, 0xF0, 0x1F, 0xC7, 0xEF, 0xC7, 0xF0, 0x0F, 0xC7, 0xE7, 0xC7, 0xF0, 0x0F, 0xE7, 0xC7,
  0xE7, 0xE0, 0x0F, 0xEF, 0xC7, 0xEF, 0xE0, 0x0F, 0xEF, 0xC7, 0xEF, 0xE0, 0x07, 0xEF, 0xC3, 0xEF,
  0xE0, 0x07, 0xFF, 0x83, 0xFF, 0xC0, 0x07, 0xFF, 0x83, 0xFF, 0xC0, 0x07, 0xFF, 0x81, 0xFF, 0xC0,
  0x03, 0xFF, 0x01, 0xFF, 0x80, 0x03, 0xFF, 0x01, 0xFF, 0x80, 0x03, 0xFF, 0x01, 0xFF, 0x80, 0x01,
  0xFF, 0x00, 0xFF, 0x80, 0x01, 0xFE, 0x00, 0xFF, 0x00, 0x01, 0xFE, 0x00, 0xFF, 0x00, 0x00, 0x00,
  0x00, 0x00, 0x00, 0x7F, 0x80, 0x3F, 0x8F, 0xE0, 0x1F, 0xC3, 0xFC, 0x0F, 0xF0, 0x7F, 0x03, 0xF8,
  0x1F, 0xE1, 0xFE, 0x03, 0xF8, 0x7F, 0x00, 0x7F, 0x3F, 0xC0, 0x1F, 0xCF, 0xE0, 0x03, 0xFF, 0xF0,
  0x00, 0xFF, 0xFC, 0x00, 0x1F, 0xFE, 0x00, 0x07, 0xFF, 0x80, 0x00, 0xFF, 0xC0, 0x00, 0x3F, 0xF0,
  0x00, 0x1F, 0xFE, 0x00, 0x07, 0xFF, 0x80, 0x03, 0xFF, 0xF0, 0x01, 0xFF, 0xFE, 0x00, 0x7F, 0x3F,
  0x80, 0x3F, 0xCF, 0xF0, 0x0F, 0xE1, 0xFC, 0x07, 0xF0, 0x3F, 0x83, 0xFC, 0x0F, 0xF0, 0xFE, 0x01,
  0xFC, 0x7F, 0x80, 0x7F, 0xBF, 0xC0, 0x0F, 0xF0, 0x00, 0x00, 0x00, 0xFF, 0x00, 0x1F, 0xEF, 0xE0,
  0x07, 0xF9, 0xFC, 0x00, 0xFF, 0x3F, 0xC0, 0x1F, 0xC3, 0xF8, 0x07, 0xF8, 0x7F, 0x00, 0xFF, 0x0F,
  0xF0, 0x1F, 0xC0, 0xFE, 0x03, 0xF8, 0x1F, 0xC0, 0xFE, 0x03, 0xF8, 0x1F, 0xC0, 0x3F, 0x83, 0xF8,
  0x07, 0xF0, 0xFE, 0x00, 0xFE, 0x1F, 0xC0, 0x0F, 0xE3, 0xF8, 0x01, 0xFC, 0x7E, 0x00, 0x1F, 0x9F,
  0xC0, 0x03, 0xF3, 0xF8, 0x00, 0x7F, 0x7E, 0x00, 0x07, 0xEF, 0xC0, 0x00, 0xFF, 0xF8, 0x00, 0x1F,
  0xFE, 0x00, 0x01, 0xFF, 0xC0, 0x00, 0x3F, 0xF8, 0x00, 0x07, 0xFE, 0x00, 0x00, 0x7F, 0xC0, 0x00,
  0x0F, 0xF8, 0x00, 0x01, 0xFE, 0x00, 0x00, 0x3F, 0xC0, 0x00, 0x07, 0xF0, 0x00, 0x01, 0xFE, 0x00,
  0x07, 0xFF, 0xC0, 0x00, 0xFF, 0xF0, 0x00, 0x1F, 0xFC, 0x00, 0x07, 0xFF, 0x00, 0x00, 0xFF, 0xC0,
  0x00, 0x0F, 0xC0, 0x00, 0x00, 0x00, 0x00, 0x00, 0x3F, 0xFF, 0xFF, 0x0F, 0xFF, 0xFF, 0xC3, 0xFF,
  0xFF, 0xF0, 0xFF, 0xFF, 0xFC, 0x3F, 0xFF, 0xFF, 0x0F, 0xFF, 0xFF, 0x80, 0x00, 0x3F, 0xC0, 0x00,
  0x1F, 0xE0, 0x00, 0x07, 0xF0, 0x00, 0x03, 0xFC, 0x00, 0x01, 0xFE, 0x00, 0x00, 0xFF, 0x00, 0x00,
  0x7F, 0x80, 0x00, 0x1F, 0xE0, 0x00, 0x0F, 0xF0, 0x00, 0x07, 0xF8, 0x00, 0x03, 0xFC, 0x00, 0x01,
  0xFE, 0x00, 0x00, 0x7F, 0x80, 0x00, 0x3F, 0xC0, 0x00, 0x1F, 0xFF, 0xFF, 0x0F, 0xFF, 0xFF, 0xC3,
  0xFF, 0xFF, 0xF0, 0xFF, 0xFF, 0xFC, 0x3F, 0xFF, 0xFF, 0x0F, 0xFF, 0xFF, 0xC0, 0x00, 0x00, 0x00,
  0x00, 0x03, 0xF0, 0x00, 0xFF, 0x80, 0x0F, 0xFC, 0x00, 0xFF, 0xE0, 0x07, 0xFF, 0x00, 0x7F, 0xE0,
  0x03, 0xFC, 0x00, 0x1F, 0xC0, 0x00, 0xFE, 0x00, 0x07, 0xE0, 0x00, 0x3F, 0x00, 0x01, 0xF8, 0x00,
  0x0F, 0xC0, 0x00, 0x7E, 0x00, 0x03, 0xF0, 0x00, 0x3F, 0x80, 0x01, 0xFC, 0x00, 0x1F, 0xE0, 0x0F,
  0xFF, 0x00, 0x7F, 0xF0, 0x03, 0xFE, 0x00, 0x1F, 0xC0, 0x00, 0xFF, 0x00, 0x07, 0xFE, 0x00, 0x3F,
  0xF8, 0x00, 0x3F, 0xE0, 0x00, 0x7F, 0x00, 0x03, 0xF8, 0x00, 0x0F, 0xC0, 0x00, 0x7E, 0x00, 0x03,
  0xF0, 0x00, 0x1F, 0x80, 0x00, 0xFC, 0x00, 0x07, 0xE0, 0x00, 0x3F, 0x80, 0x01, 0xFC, 0x00, 0x0F,
  0xE0, 0x00, 0x7F, 0x80, 0x03, 0xFF, 0xC0, 0x0F, 0xFE, 0x00, 0x7F, 0xF0, 0x01, 0xFF, 0x80, 0x03,
  0xFC, 0x00, 0x00, 0x20, 0x00, 0x00, 0x00, 0x07, 0xF0, 0x07, 0xF0, 0x07, 0xF0, 0x07, 0xF0, 0x07,
  0xF0, 0x07, 0xF0, 0x07, 0xF0, 0x07, 0xF0, 0x07, 0xF0, 0x07, 0xF0, 0x07, 0xF0, 0x07, 0xF0, 0x07,
  0xF0, 0x07, 0xF0, 0x07, 0xF0, 0x07, 0xF0, 0x07, 0xF0, 0x07, 0xF0, 0x07, 0xF0, 0x07, 0xF0, 0x07,
  0xF0, 0x07, 0xF0, 0x07, 0xF0, 0x07, 0xF0, 0x07, 0xF0, 0x07, 0xF0, 0x07, 0xF0, 0x07, 0xF0, 0x07,
  0xF0, 0x07, 0xF0, 0x07, 0xF0, 0x07, 0xF0, 0x07, 0xF0, 0x07, 0xF0, 0x07, 0xF0, 0x07, 0xF0, 0x07,
  0xF0, 0x07, 0xF0, 0x07, 0xF0, 0x07, 0xF0, 0x07, 0xF0, 0x07, 0xF0, 0x07, 0xF0, 0x07, 0xF0, 0x07,
  0xF0, 0x07, 0xF0, 0x07, 0xF0, 0x07, 0xF0, 0x07, 0xF0, 0x07, 0xF0, 0x07, 0xF0, 0x07, 0xF0, 0x07,
  0xF0, 0x07, 0xF0, 0x07, 0xF0, 0x07, 0xF0, 0x07, 0xF0, 0x00, 0x00, 0x00, 0x00, 0x3E, 0x00, 0x01,
  0xFE, 0x00, 0x0F, 0xF8, 0x00, 0x7F, 0xE0, 0x03, 0xFF, 0x80, 0x0F, 0xFC, 0x00, 0x0F, 0xE0, 0x00,
  0x7F, 0x00, 0x03, 0xF8, 0x00, 0x0F, 0xC0, 0x00, 0x7E, 0x00, 0x03, 0xF0, 0x00, 0x1F, 0x80, 0x00,
  0xFC, 0x00, 0x07, 0xE0, 0x00, 0x3F, 0x80, 0x01, 0xFC, 0x00, 0x0F, 0xF0, 0x00, 0x7F, 0xF8, 0x01,
  0xFF, 0xC0, 0x03, 0xFE, 0x00, 0x07, 0xF0, 0x00, 0x7F, 0x80, 0x0F, 0xFC, 0x00, 0xFF, 0xE0, 0x0F,
  0xF8, 0x00, 0x7F, 0x00, 0x03, 0xF8, 0x00, 0x1F, 0x80, 0x00, 0xFC, 0x00, 0x07, 0xE0, 0x00, 0x3F,
  0x00, 0x01, 0xF8, 0x00, 0x0F, 0xC0, 0x00, 0x7E, 0x00, 0x07, 0xF0, 0x00, 0x3F, 0x80, 0x03, 0xFC,
  0x00, 0xFF, 0xE0, 0x07, 0xFE, 0x00, 0x3F, 0xF0, 0x01, 0xFF, 0x00, 0x0F, 0xE0, 0x00, 0x60, 0x00,
  0x00, 0x00, 0x00, 0x00, 0x01, 0xFC, 0x01, 0xF0, 0x0F, 0xFC, 0x03, 0xE0, 0x3F, 0xFE, 0x0F, 0xC0,
  0x7F, 0xFE, 0x1F, 0x81, 0xFF, 0xFF, 0xFF, 0x03, 0xFF, 0xFF, 0xFC, 0x07, 0xE1, 0xFF, 0xF8, 0x0F,
  0xC1, 0xFF, 0xE0, 0x1F, 0x80, 0xFF, 0xC0, 0x3E, 0x00, 0xFE, 0x00, 0x00, 0x00, 0x00, 0x00, 0x00,
  0x00, 0x00, 0x00, 0x00, 0x00, 0x00, 0x00, 0x00, 0x00, 0x00, 0x00, 0x00, 0x00, 0x00, 0x00, 0x00,
  0x00, 0x00, 0x00, 0x00, 0x00, 0x00, 0x00, 0x00, 0x00, 0x00, 0x00, 0x00, 0x00, 0x00, 0x00, 0x00,
  0x00, 0x00, 0x3F, 0xFF, 0xFC, 0x3F, 0xFF, 0xFC, 0x3F, 0xFF, 0xFC, 0x38, 0x00, 0x1C, 0x38, 0x00,
  0x1C, 0x38, 0x00, 0x1C, 0x38, 0x00, 0x1C, 0x38, 0x00, 0x1C, 0x38, 0x00, 0x1C, 0x38, 0x00, 0x1C,
  0x38, 0x00, 0x1C, 0x38, 0x00, 0x1C, 0x38, 0x00, 0x1C, 0x38, 0x00, 0x1C, 0x38, 0x00, 0x1C, 0x38,
  0x00, 0x1C, 0x38, 0x00, 0x1C, 0x38, 0x00, 0x1C, 0x38, 0x00, 0x1C, 0x38, 0x00, 0x1C, 0x38, 0x00,
  0x1C, 0x38, 0x00, 0x1C, 0x38, 0x00, 0x1C, 0x38, 0x00, 0x1C, 0x38, 0x00, 0x1C, 0x38, 0x00, 0x1C,
  0x38, 0x00, 0x1C, 0x38, 0x00, 0x1C, 0x38, 0x00, 0x1C, 0x38, 0x00, 0x1C, 0x38, 0x00, 0x1C, 0x38,
  0x00, 0x1C, 0x38, 0x00, 0x1C, 0x38, 0x00, 0x1C, 0x38, 0x00, 0x1C, 0x38, 0x00, 0x1C, 0x38, 0x00,
  0x1C, 0x38, 0x00, 0x1C, 0x38, 0x00, 0x1C, 0x38, 0x00, 0x1C, 0x38, 0x00, 0x1C, 0x38, 0x00, 0x1C,
  0x38, 0x00, 0x1C, 0x38, 0x00, 0x1C, 0x38, 0x00, 0x1C, 0x38, 0x00, 0x1C, 0x38, 0x00, 0x1C, 0x38,
  0x00, 0x1C, 0x38, 0x00, 0x1C, 0x38, 0x00, 0x1C, 0x38, 0x00, 0x1C, 0x38, 0x00, 0x1C, 0x38, 0x00,
  0x1C, 0x38, 0x00, 0x1C, 0x38, 0x00, 0x1C, 0x38, 0x00, 0x1C, 0x3F, 0xFF, 0xFC, 0x3F, 0xFF, 0xFC,
  0x3F, 0xFF, 0xFC, 0x3F, 0xFF, 0xFC, 0x3F, 0xFF, 0xFC, 0x3F, 0xFF, 0xFC, 0x38, 0x00, 0x1C, 0x38,
  0x00, 0x1C, 0x38, 0x00, 0x1C, 0x38, 0x00, 0x1C, 0x38, 0x00, 0x1C, 0x38, 0x00, 0x1C, 0x38, 0x00,
  0x1C, 0x38, 0x00, 0x1C, 0x38, 0x00, 0x1C, 0x38, 0x00, 0x1C, 0x38, 0x00, 0x1C, 0x38, 0x00, 0x1C,
  0x38, 0x00, 0x1C, 0x38, 0x00, 0x1C, 0x38, 0x00, 0x1C, 0x38, 0x00, 0x1C, 0x38, 0x00, 0x1C, 0x38,
  0x00, 0x1C, 0x38, 0x00, 0x1C, 0x38, 0x00, 0x1C, 0x38, 0x00, 0x1C, 0x38, 0x00, 0x1C, 0x38, 0x00,
  0x1C, 0x38, 0x00, 0x1C, 0x38, 0x00, 0x1C, 0x38, 0x00, 0x1C, 0x38, 0x00, 0x1C, 0x38, 0x00, 0x1C,
  0x38, 0x00, 0x1C, 0x38, 0x00, 0x1C, 0x38, 0x00, 0x1C, 0x38, 0x00, 0x1C, 0x38, 0x00, 0x1C, 0x38,
  0x00, 0x1C, 0x38, 0x00, 0x1C, 0x38, 0x00, 0x1C, 0x38, 0x00, 0x1C, 0x38, 0x00, 0x1C, 0x38, 0x00,
  0x1C, 0x38, 0x00, 0x1C, 0x38, 0x00, 0x1C, 0x38, 0x00, 0x1C, 0x38, 0x00, 0x1C, 0x38, 0x00, 0x1C,
  0x38, 0x00, 0x1C, 0x38, 0x00, 0x1C, 0x38, 0x00, 0x1C, 0x38, 0x00, 0x1C, 0x38, 0x00, 0x1C, 0x38,
  0x00, 0x1C, 0x38, 0x00, 0x1C, 0x38, 0x00, 0x1C, 0x38, 0x00, 0x1C, 0x3F, 0xFF, 0xFC, 0x3F, 0xFF,
  0xFC, 0x3F, 0xFF, 0xFC, 0x3F, 0xFF, 0xFC, 0x3F, 0xFF, 0xFC, 0x3F, 0xFF, 0xFC, 0x38, 0x00, 0x1C,
  0x38, 0x00, 0x1C, 0x38, 0x00, 0x1C, 0x38, 0x00, 0x1C, 0x38, 0x00, 0x1C, 0x38, 0x00, 0x1C, 0x38,
  0x00, 0x1C, 0x38, 0x00, 0x1C, 0x38, 0x00, 0x1C, 0x38, 0x00, 0x1C, 0x38, 0x00, 0x1C, 0x38, 0x00,
  0x1C, 0x38, 0x00, 0x1C, 0x38, 0x00, 0x1C, 0x38, 0x00, 0x1C, 0x38, 0x00, 0x1C, 0x38, 0x00, 0x1C,
  0x38, 0x00, 0x1C, 0x38, 0x00, 0x1C, 0x38, 0x00, 0x1C, 0x38, 0x00, 0x1C, 0x38, 0x00, 0x1C, 0x38,
  0x00, 0x1C, 0x38, 0x00, 0x1C, 0x38, 0x00, 0x1C, 0x38, 0x00, 0x1C, 0x38, 0x00, 0x1C, 0x38, 0x00,
  0x1C, 0x38, 0x00, 0x1C, 0x38, 0x00, 0x1C, 0x38, 0x00, 0x1C, 0x38, 0x00, 0x1C, 0x38, 0x00, 0x1C,
  0x38, 0x00, 0x1C, 0x38, 0x00, 0x1C, 0x38, 0x00, 0x1C, 0x38, 0x00, 0x1C, 0x38, 0x00, 0x1C, 0x38,
  0x00, 0x1C, 0x38, 0x00, 0x1C, 0x38, 0x00, 0x1C, 0x38, 0x00, 0x1C, 0x38, 0x00, 0x1C, 0x38, 0x00,
  0x1C, 0x38, 0x00, 0x1C, 0x38, 0x00, 0x1C, 0x38, 0x00, 0x1C, 0x38, 0x00, 0x1C, 0x38, 0x00, 0x1C,
  0x38, 0x00, 0x1C, 0x38, 0x00, 0x1C, 0x38, 0x00, 0x1C, 0x38, 0x00, 0x1C, 0x3F, 0xFF, 0xFC, 0x3F,
  0xFF, 0xFC, 0x3F, 0xFF, 0xFC, 0x3F, 0xFF, 0xFC, 0x3F, 0xFF, 0xFC, 0x3F, 0xFF, 0xFC, 0x38, 0x00,
  0x1C, 0x38, 0x00, 0x1C, 0x38, 0x00, 0x1C, 0x38, 0x00, 0x1C, 0x38, 0x00, 0x1C, 0x38, 0x00, 0x1C,
  0x38, 0x00, 0x1C, 0x38, 0x00, 0x1C, 0x38, 0x00, 0x1C, 0x38, 0x00, 0x1C, 0x38, 0x00, 0x1C, 0x38,
  0x00, 0x1C, 0x38, 0x00, 0x1C, 0x38, 0x00, 0x1C, 0x38, 0x00, 0x1C, 0x38, 0x00, 0x1C, 0x38, 0x00,
  0x1C, 0x38, 0x00, 0x1C, 0x38, 0x00, 0x1C, 0x38, 0x00, 0x1C, 0x38, 0x00, 0x1C, 0x38, 0x00, 0x1C,
  0x38, 0x00, 0x1C, 0x38, 0x00, 0x1C, 0x38, 0x00, 0x1C, 0x38, 0x00, 0x1C, 0x38, 0x00, 0x1C, 0x38,
  0x00, 0x1C, 0x38, 0x00, 0x1C, 0x38, 0x00, 0x1C, 0x38, 0x00, 0x1C, 0x38, 0x00, 0x1C, 0x38, 0x00,
  0x1C, 0x38, 0x00, 0x1C, 0x38, 0x00, 0x1C, 0x38, 0x00, 0x1C, 0x38, 0x00, 0x1C, 0x38, 0x00, 0x1C,
  0x38, 0x00, 0x1C, 0x38, 0x00, 0x1C, 0x38, 0x00, 0x1C, 0x38, 0x00, 0x1C, 0x38, 0x00, 0x1C, 0x38,
  0x00, 0x1C, 0x38, 0x00, 0x1C, 0x38, 0x00, 0x1C, 0x38, 0x00, 0x1C, 0x38, 0x00, 0x1C, 0x38, 0x00,
  0x1C, 0x38, 0x00, 0x1C, 0x38, 0x00, 0x1C, 0x38, 0x00, 0x1C, 0x38, 0x00, 0x1C, 0x3F, 0xFF, 0xFC,
  0x3F, 0xFF, 0xFC, 0x3F, 0xFF, 0xFC, 0x3F, 0xFF, 0xFC, 0x3F, 0xFF, 0xFC, 0x3F, 0xFF, 0xFC, 0x38,
  0x00, 0x1C, 0x38, 0x00, 0x1C, 0x38, 0x00, 0x1C, 0x38, 0x00, 0x1C, 0x38, 0x00, 0x1C, 0x38, 0x00,
  0x1C, 0x38, 0x00, 0x1C, 0x38, 0x00, 0x1C, 0x38, 0x00, 0x1C, 0x38, 0x00, 0x1C, 0x38, 0x00, 0x1C,
  0x38, 0x00, 0x1C, 0x38, 0x00, 0x1C, 0x38, 0x00, 0x1C, 0x38, 0x00, 0x1C, 0x38, 0x00, 0x1C, 0x38,
  0x00, 0x1C, 0x38, 0x00, 0x1C, 0x38, 0x00, 0x1C, 0x38, 0x00, 0x1C, 0x38, 0x00, 0x1C, 0x38, 0x00,
  0x1C, 0x38, 0x00, 0x1C, 0x38, 0x00, 0x1C, 0x38, 0x00, 0x1C, 0x38, 0x00, 0x1C, 0x38, 0x00, 0x1C,
  0x38, 0x00, 0x1C, 0x38, 0x00, 0x1C, 0x38, 0x00, 0x1C, 0x38, 0x00, 0x1C, 0x38, 0x00, 0x1C, 0x38,
  0x00, 0x1C, 0x38, 0x00, 0x1C, 0x38, 0x00, 0x1C, 0x38, 0x00, 0x1C, 0x38, 0x00, 0x1C, 0x38, 0x00,
  0x1C, 0x38, 0x00, 0x1C, 0x38, 0x00, 0x1C, 0x38, 0x00, 0x1C, 0x38, 0x00, 0x1C, 0x38, 0x00, 0x1C,
  0x38, 0x00, 0x1C, 0x38, 0x00, 0x1C, 0x38, 0x00, 0x1C, 0x38, 0x00, 0x1C, 0x38, 0x00, 0x1C, 0x38,
  0x00, 0x1C, 0x38, 0x00, 0x1C, 0x38, 0x00, 0x1C, 0x38, 0x00, 0x1C, 0x38, 0x00, 0x1C, 0x3F, 0xFF,
  0xFC, 0x3F, 0xFF, 0xFC, 0x3F, 0xFF, 0xFC, 0x3F, 0xFF, 0xFC, 0x3F, 0xFF, 0xFC, 0x3F, 0xFF, 0xFC,
  0x38, 0x00, 0x1C, 0x38, 0x00, 0x1C, 0x38, 0x00, 0x1C, 0x38, 0x00, 0x1C, 0x38, 0x00, 0x1C, 0x38,
  0x00, 0x1C, 0x38, 0x00, 0x1C, 0x38, 0x00, 0x1C, 0x38, 0x00, 0x1C, 0x38, 0x00, 0x1C, 0x38, 0x00,
  0x1C, 0x38, 0x00, 0x1C, 0x38, 0x00, 0x1C, 0x38, 0x00, 0x1C, 0x38, 0x00, 0x1C, 0x38, 0x00, 0x1C,
  0x38, 0x00, 0x1C, 0x38, 0x00, 0x1C, 0x38, 0x00, 0x1C, 0x38, 0x00, 0x1C, 0x38, 0x00, 0x1C, 0x38,
  0x00, 0x1C, 0x38, 0x00, 0x1C, 0x38, 0x00, 0x1C, 0x38, 0x00, 0x1C, 0x38, 0x00, 0x1C, 0x38, 0x00,
  0x1C, 0x38, 0x00, 0x1C, 0x38, 0x00, 0x1C, 0x38, 0x00, 0x1C, 0x38, 0x00, 0x1C, 0x38, 0x00, 0x1C,
  0x38, 0x00, 0x1C, 0x38, 0x00, 0x1C, 0x38, 0x00, 0x1C, 0x38, 0x00, 0x1C, 0x38, 0x00, 0x1C, 0x38,
  0x00, 0x1C, 0x38, 0x00, 0x1C, 0x38, 0x00, 0x1C, 0x38, 0x00, 0x1C, 0x38, 0x00, 0x1C, 0x38, 0x00,
  0x1C, 0x38, 0x00, 0x1C, 0x38, 0x00, 0x1C, 0x38, 0x00, 0x1C, 0x38, 0x00, 0x1C, 0x38, 0x00, 0x1C,
  0x38, 0x00, 0x1C, 0x38, 0x00, 0x1C, 0x38, 0x00, 0x1C, 0x38, 0x00, 0x1C, 0x38, 0x00, 0x1C, 0x3F,
  0xFF, 0xFC, 0x3F, 0xFF, 0xFC, 0x3F, 0xFF, 0xFC, 0x3F, 0xFF, 0xFC, 0x3F, 0xFF, 0xFC, 0x3F, 0xFF,
  0xFC, 0x38, 0x00, 0x1C, 0x38, 0x00, 0x1C, 0x38, 0x00, 0x1C, 0x38, 0x00, 0x1C, 0x38, 0x00, 0x1C,
  0x38, 0x00, 0x1C, 0x38, 0x00, 0x1C, 0x38, 0x00, 0x1C, 0x38, 0x00, 0x1C, 0x38, 0x00, 0x1C, 0x38,
  0x00, 0x1C, 0x38, 0x00, 0x1C, 0x38, 0x00, 0x1C, 0x38, 0x00, 0x1C, 0x38, 0x00, 0x1C, 0x38, 0x00,
  0x1C, 0x38, 0x00, 0x1C, 0x38, 0x00, 0x1C, 0x38, 0x00, 0x1C, 0x38, 0x00, 0x1C, 0x38, 0x00, 0x1C,
  0x38, 0x00, 0x1C, 0x38, 0x00, 0x1C, 0x38, 0x00, 0x1C, 0x38, 0x00, 0x1C, 0x38, 0x00, 0x1C, 0x38,
  0x00, 0x1C, 0x38, 0x00, 0x1C, 0x38, 0x00, 0x1C, 0x38, 0x00, 0x1C, 0x38, 0x00, 0x1C, 0x38, 0x00,
  0x1C, 0x38, 0x00, 0x1C, 0x38, 0x00, 0x1C, 0x38, 0x00, 0x1C, 0x38, 0x00, 0x1C, 0x38, 0x00, 0x1C,
  0x38, 0x00, 0x1C, 0x38, 0x00, 0x1C, 0x38, 0x00, 0x1C, 0x38, 0x00, 0x1C, 0x38, 0x00, 0x1C, 0x38,
  0x00, 0x1C, 0x38, 0x00, 0x1C, 0x38, 0x00, 0x1C, 0x38, 0x00, 0x1C, 0x38, 0x00, 0x1C, 0x38, 0x00,
  0x1C, 0x38, 0x00, 0x1C, 0x38, 0x00, 0x1C, 0x38, 0x00, 0x1C, 0x38, 0x00, 0x1C, 0x38, 0x00, 0x1C,
  0x3F, 0xFF, 0xFC, 0x3F, 0xFF, 0xFC, 0x3F, 0xFF, 0xFC, 0x3F, 0xFF, 0xFC, 0x3F, 0xFF, 0xFC, 0x3F,
  0xFF, 0xFC, 0x38, 0x00, 0x1C, 0x38, 0x00, 0x1C, 0x38, 0x00, 0x1C, 0x38, 0x00, 0x1C, 0x38, 0x00,
  0x1C, 0x38, 0x00, 0x1C, 0x38, 0x00, 0x1C, 0x38, 0x00, 0x1C, 0x38, 0x00, 0x1C, 0x38, 0x00, 0x1C,
  0x38, 0x00, 0x1C, 0x38, 0x00, 0x1C, 0x38, 0x00, 0x1C, 0x38, 0x00, 0x1C, 0x38, 0x00, 0x1C, 0x38,
  0x00, 0x1C, 0x38, 0x00, 0x1C, 0x38, 0x00, 0x1C, 0x38, 0x00, 0x1C, 0x38, 0x00, 0x1C, 0x38, 0x00,
  0x1C, 0x38, 0x00, 0x1C, 0x38, 0x00, 0x1C, 0x38, 0x00, 0x1C, 0x38, 0x00, 0x1C, 0x38, 0x00, 0x1C,
  0x38, 0x00, 0x1C, 0x38, 0x00, 0x1C, 0x38, 0x00, 0x1C, 0x38, 0x00, 0x1C, 0x38, 0x00, 0x1C, 0x38,
  0x00, 0x1C, 0x38, 0x00, 0x1C, 0x38, 0x00, 0x1C, 0x38, 0x00, 0x1C, 0x38, 0x00, 0x1C, 0x38, 0x00,
  0x1C, 0x38, 0x00, 0x1C, 0x38, 0x00, 0x1C, 0x38, 0x00, 0x1C, 0x38, 0x00, 0x1C, 0x38, 0x00, 0x1C,
  0x38, 0x00, 0x1C, 0x38, 0x00, 0x1C, 0x38, 0x00, 0x1C, 0x38, 0x00, 0x1C, 0x38, 0x00, 0x1C, 0x38,
  0x00, 0x1C, 0x38, 0x00, 0x1C, 0x38, 0x00, 0x1C, 0x38, 0x00, 0x1C, 0x38, 0x00, 0x1C, 0x38, 0x00,
  0x1C, 0x3F, 0xFF, 0xFC, 0x3F, 0xFF, 0xFC, 0x3F, 0xFF, 0xFC, 0x3F, 0xFF, 0xFC, 0x3F, 0xFF, 0xFC,
  0x3F, 0xFF, 0xFC, 0x38, 0x00, 0x1C, 0x38, 0x00, 0x1C, 0x38, 0x00, 0x1C, 0x38, 0x00, 0x1C, 0x38,
  0x00, 0x1C, 0x38, 0x00, 0x1C, 0x38, 0x00, 0x1C, 0x38, 0x00, 0x1C, 0x38, 0x00, 0x1C, 0x38, 0x00,
  0x1C, 0x38, 0x00, 0x1C, 0x38, 0x00, 0x1C, 0x38, 0x00, 0x1C, 0x38, 0x00, 0x1C, 0x38, 0x00, 0x1C,
  0x38, 0x00, 0x1C, 0x38, 0x00, 0x1C, 0x38, 0x00, 0x1C, 0x38, 0x00, 0x1C, 0x38, 0x00, 0x1C, 0x38,
  0x00, 0x1C, 0x38, 0x00, 0x1C, 0x38, 0x00, 0x1C, 0x38, 0x00, 0x1C, 0x38, 0x00, 0x1C, 0x38, 0x00,
  0x1C, 0x38, 0x00, 0x1C, 0x38, 0x00, 0x1C, 0x38, 0x00, 0x1C, 0x38, 0x00, 0x1C, 0x38, 0x00, 0x1C,
  0x38, 0x00, 0x1C, 0x38, 0x00, 0x1C, 0x38, 0x00, 0x1C, 0x38, 0x00, 0x1C, 0x38, 0x00, 0x1C, 0x38,
  0x00, 0x1C, 0x38, 0x00, 0x1C, 0x38, 0x00, 0x1C, 0x38, 0x00, 0x1C, 0x38, 0x00, 0x1C, 0x38, 0x00,
  0x1C, 0x38, 0x00, 0x1C, 0x38, 0x00, 0x1C, 0x38, 0x00, 0x1C, 0x38, 0x00, 0x1C, 0x38, 0x00, 0x1C,
  0x38, 0x00, 0x1C, 0x38, 0x00, 0x1C, 0x38, 0x00, 0x1C, 0x38, 0x00, 0x1C, 0x38, 0x00, 0x1C, 0x38,
  0x00, 0x1C, 0x3F, 0xFF, 0xFC, 0x3F, 0xFF, 0xFC, 0x3F, 0xFF, 0xFC, 0x3F, 0xFF, 0xFC, 0x3F, 0xFF,
  0xFC, 0x3F, 0xFF, 0xFC, 0x38, 0x00, 0x1C, 0x38, 0x00, 0x1C, 0x38, 0x00, 0x1C, 0x38, 0x00, 0x1C,
  0x38, 0x00, 0x1C, 0x38, 0x00, 0x1C, 0x38, 0x00, 0x1C, 0x38, 0x00, 0x1C, 0x38, 0x00, 0x1C, 0x38,
  0x00, 0x1C, 0x38, 0x00, 0x1C, 0x38, 0x00, 0x1C, 0x38, 0x00, 0x1C, 0x38, 0x00, 0x1C, 0x38, 0x00,
  0x1C, 0x38, 0x00, 0x1C, 0x38, 0x00, 0x1C, 0x38, 0x00, 0x1C, 0x38, 0x00, 0x1C, 0x38, 0x00, 0x1C,
  0x38, 0x00, 0x1C, 0x38, 0x00, 0x1C, 0x38, 0x00, 0x1C, 0x38, 0x00, 0x1C, 0x38, 0x00, 0x1C, 0x38,
  0x00, 0x1C, 0x38, 0x00, 0x1C, 0x38, 0x00, 0x1C, 0x38, 0x00, 0x1C, 0x38, 0x00, 0x1C, 0x38, 0x00,
  0x1C, 0x38, 0x00, 0x1C, 0x38, 0x00, 0x1C, 0x38, 0x00, 0x1C, 0x38, 0x00, 0x1C, 0x38, 0x00, 0x1C,
  0x38, 0x00, 0x1C, 0x38, 0x00, 0x1C, 0x38, 0x00, 0x1C, 0x38, 0x00, 0x1C, 0x38, 0x00, 0x1C, 0x38,
  0x00, 0x1C, 0x38, 0x00, 0x1C, 0x38, 0x00, 0x1C, 0x38, 0x00, 0x1C, 0x38, 0x00, 0x1C, 0x38, 0x00,
  0x1C, 0x38, 0x00, 0x1C, 0x38, 0x00, 0x1C, 0x38, 0x00, 0x1C, 0x38, 0x00, 0x1C, 0x38, 0x00, 0x1C,
  0x38, 0x00, 0x1C, 0x3F, 0xFF, 0xFC, 0x3F, 0xFF, 0xFC, 0x3F, 0xFF, 0xFC, 0x3F, 0xFF, 0xFC, 0x3F,
  0xFF, 0xFC, 0x3F, 0xFF, 0xFC, 0x38, 0x00, 0x1C, 0x38, 0x00, 0x1C, 0x38, 0x00, 0x1C, 0x38, 0x00,
  0x1C, 0x38, 0x00, 0x1C, 0x38, 0x00, 0x1C, 0x38, 0x00, 0x1C, 0x38, 0x00, 0x1C, 0x38, 0x00, 0x1C,
  0x38, 0x00, 0x1C, 0x38, 0x00, 0x1C, 0x38, 0x00, 0x1C, 0x38, 0x00, 0x1C, 0x38, 0x00, 0x1C, 0x38,
  0x00, 0x1C, 0x38, 0x00, 0x1C, 0x38, 0x00, 0x1C, 0x38, 0x00, 0x1C, 0x38, 0x00, 0x1C, 0x38, 0x00,
  0x1C, 0x38, 0x00, 0x1C, 0x38, 0x00, 0x1C, 0x38, 0x00, 0x1C, 0x38, 0x00, 0x1C, 0x38, 0x00, 0x1C,
  0x38, 0x00, 0x1C, 0x38, 0x00, 0x1C, 0x38, 0x00, 0x1C, 0x38, 0x00, 0x1C, 0x38, 0x00, 0x1C, 0x38,
  0x00, 0x1C, 0x38, 0x00, 0x1C, 0x38, 0x00, 0x1C, 0x38, 0x00, 0x1C, 0x38, 0x00, 0x1C, 0x38, 0x00,
  0x1C, 0x38, 0x00, 0x1C, 0x38, 0x00, 0x1C, 0x38, 0x00, 0x1C, 0x38, 0x00, 0x1C, 0x38, 0x00, 0x1C,
  0x38, 0x00, 0x1C, 0x38, 0x00, 0x1C, 0x38, 0x00, 0x1C, 0x38, 0x00, 0x1C, 0x38, 0x00, 0x1C, 0x38,
  0x00, 0x1C, 0x38, 0x00, 0x1C, 0x38, 0x00, 0x1C, 0x38, 0x00, 0x1C, 0x38, 0x00, 0x1C, 0x38, 0x00,
  0x1C, 0x38, 0x00, 0x1C, 0x3F, 0xFF, 0xFC, 0x3F, 0xFF, 0xFC, 0x3F, 0xFF, 0xFC, 0x3F, 0xFF, 0xFC,
  0x3F, 0xFF, 0xFC, 0x3F, 0xFF, 0xFC, 0x38, 0x00, 0x1C, 0x38, 0x00, 0x1C, 0x38, 0x00, 0x1C, 0x38,
  0x00, 0x1C, 0x38, 0x00, 0x1C, 0x38, 0x00, 0x1C, 0x38, 0x00, 0x1C, 0x38, 0x00, 0x1C, 0x38, 0x00,
  0x1C, 0x38, 0x00, 0x1C, 0x38, 0x00, 0x1C, 0x38, 0x00, 0x1C, 0x38, 0x00, 0x1C, 0x38, 0x00, 0x1C,
  0x38, 0x00, 0x1C, 0x38, 0x00, 0x1C, 0x38, 0x00, 0x1C, 0x38, 0x00, 0x1C, 0x38, 0x00, 0x1C, 0x38,
  0x00, 0x1C, 0x38, 0x00, 0x1C, 0x38, 0x00, 0x1C, 0x38, 0x00, 0x1C, 0x38, 0x00, 0x1C, 0x38, 0x00,
  0x1C, 0x38, 0x00, 0x1C, 0x38, 0x00, 0x1C, 0x38, 0x00, 0x1C, 0x38, 0x00, 0x1C, 0x38, 0x00, 0x1C,
  0x38, 0x00, 0x1C, 0x38, 0x00, 0x1C, 0x38, 0x00, 0x1C, 0x38, 0x00, 0x1C, 0x38, 0x00, 0x1C, 0x38,
  0x00, 0x1C, 0x38, 0x00, 0x1C, 0x38, 0x00, 0x1C, 0x38, 0x00, 0x1C, 0x38, 0x00, 0x1C, 0x38, 0x00,
  0x1C, 0x38, 0x00, 0x1C, 0x38, 0x00, 0x1C, 0x38, 0x00, 0x1C, 0x38, 0x00, 0x1C, 0x38, 0x00, 0x1C,
  0x38, 0x00, 0x1C, 0x38, 0x00, 0x1C, 0x38, 0x00, 0x1C, 0x38, 0x00, 0x1C, 0x38, 0x00, 0x1C, 0x38,
  0x00, 0x1C, 0x38, 0x00, 0x1C, 0x3F, 0xFF, 0xFC, 0x3F, 0xFF, 0xFC, 0x3F, 0xFF, 0xFC, 0x3F, 0xFF,
  0xFC, 0x3F, 0xFF, 0xFC, 0x3F, 0xFF, 0xFC, 0x38, 0x00, 0x1C, 0x38, 0x00, 0x1C, 0x38, 0x00, 0x1C,
  0x38, 0x00, 0x1C, 0x38, 0x00, 0x1C, 0x38, 0x00, 0x1C, 0x38, 0x00, 0x1C, 0x38, 0x00, 0x1C, 0x38,
  0x00, 0x1C, 0x38, 0x00, 0x1C, 0x38, 0x00, 0x1C, 0x38, 0x00, 0x1C, 0x38, 0x00, 0x1C, 0x38, 0x00,
  0x1C, 0x38, 0x00, 0x1C, 0x38, 0x00, 0x1C, 0x38, 0x00, 0x1C, 0x38, 0x00, 0x1C, 0x38, 0x00, 0x1C,
  0x38, 0x00, 0x1C, 0x38, 0x00, 0x1C, 0x38, 0x00, 0x1C, 0x38, 0x00, 0x1C, 0x38, 0x00, 0x1C, 0x38,
  0x00, 0x1C, 0x38, 0x00, 0x1C, 0x38, 0x00, 0x1C, 0x38, 0x00, 0x1C, 0x38, 0x00, 0x1C, 0x38, 0x00,
  0x1C, 0x38, 0x00, 0x1C, 0x38, 0x00, 0x1C, 0x38, 0x00, 0x1C, 0x38, 0x00, 0x1C, 0x38, 0x00, 0x1C,
  0x38, 0x00, 0x1C, 0x38, 0x00, 0x1C, 0x38, 0x00, 0x1C, 0x38, 0x00, 0x1C, 0x38, 0x00, 0x1C, 0x38,
  0x00, 0x1C, 0x38, 0x00, 0x1C, 0x38, 0x00, 0x1C, 0x38, 0x00, 0x1C, 0x38, 0x00, 0x1C, 0x38, 0x00,
  0x1C, 0x38, 0x00, 0x1C, 0x38, 0x00, 0x1C, 0x38, 0x00, 0x1C, 0x38, 0x00, 0x1C, 0x38, 0x00, 0x1C,
  0x38, 0x00, 0x1C, 0x38, 0x00, 0x1C, 0x3F, 0xFF, 0xFC, 0x3F, 0xFF, 0xFC, 0x3F, 0xFF, 0xFC, 0x3F,
  0xFF, 0xFC, 0x3F, 0xFF, 0xFC, 0x3F, 0xFF, 0xFC, 0x38, 0x00, 0x1C, 0x38, 0x00, 0x1C, 0x38, 0x00,
  0x1C, 0x38, 0x00, 0x1C, 0x38, 0x00, 0x1C, 0x38, 0x00, 0x1C, 0x38, 0x00, 0x1C, 0x38, 0x00, 0x1C,
  0x38, 0x00, 0x1C, 0x38, 0x00, 0x1C, 0x38, 0x00, 0x1C, 0x38, 0x00, 0x1C, 0x38, 0x00, 0x1C, 0x38,
  0x00, 0x1C, 0x38, 0x00, 0x1C, 0x38, 0x00, 0x1C, 0x38, 0x00, 0x1C, 0x38, 0x00, 0x1C, 0x38, 0x00,
  0x1C, 0x38, 0x00, 0x1C, 0x38, 0x00, 0x1C, 0x38, 0x00, 0x1C, 0x38, 0x00, 0x1C, 0x38, 0x00, 0x1C,
  0x38, 0x00, 0x1C, 0x38, 0x00, 0x1C, 0x38, 0x00, 0x1C, 0x38, 0x00, 0x1C, 0x38, 0x00, 0x1C, 0x38,
  0x00, 0x1C, 0x38, 0x00, 0x1C, 0x38, 0x00, 0x1C, 0x38, 0x00, 0x1C, 0x38, 0x00, 0x1C, 0x38, 0x00,
  0x1C, 0x38, 0x00, 0x1C, 0x38, 0x00, 0x1C, 0x38, 0x00, 0x1C, 0x38, 0x00, 0x1C, 0x38, 0x00, 0x1C,
  0x38, 0x00, 0x1C, 0x38, 0x00, 0x1C, 0x38, 0x00, 0x1C, 0x38, 0x00, 0x1C, 0x38, 0x00, 0x1C, 0x38,
  0x00, 0x1C, 0x38, 0x00, 0x1C, 0x38, 0x00, 0x1C, 0x38, 0x00, 0x1C, 0x38, 0x00, 0x1C, 0x38, 0x00,
  0x1C, 0x38, 0x00, 0x1C, 0x38, 0x00, 0x1C, 0x3F, 0xFF, 0xFC, 0x3F, 0xFF, 0xFC, 0x3F, 0xFF, 0xFC,
  0x3F, 0xFF, 0xFC, 0x3F, 0xFF, 0xFC, 0x3F, 0xFF, 0xFC, 0x38, 0x00, 0x1C, 0x38, 0x00, 0x1C, 0x38,
  0x00, 0x1C, 0x38, 0x00, 0x1C, 0x38, 0x00, 0x1C, 0x38, 0x00, 0x1C, 0x38, 0x00, 0x1C, 0x38, 0x00,
  0x1C, 0x38, 0x00, 0x1C, 0x38, 0x00, 0x1C, 0x38, 0x00, 0x1C, 0x38, 0x00, 0x1C, 0x38, 0x00, 0x1C,
  0x38, 0x00, 0x1C, 0x38, 0x00, 0x1C, 0x38, 0x00, 0x1C, 0x38, 0x00, 0x1C, 0x38, 0x00, 0x1C, 0x38,
  0x00, 0x1C, 0x38, 0x00, 0x1C, 0x38, 0x00, 0x1C, 0x38, 0x00, 0x1C, 0x38, 0x00, 0x1C, 0x38, 0x00,
  0x1C, 0x38, 0x00, 0x1C, 0x38, 0x00, 0x1C, 0x38, 0x00, 0x1C, 0x38, 0x00, 0x1C, 0x38, 0x00, 0x1C,
  0x38, 0x00, 0x1C, 0x38, 0x00, 0x1C, 0x38, 0x00, 0x1C, 0x38, 0x00, 0x1C, 0x38, 0x00, 0x1C, 0x38,
  0x00, 0x1C, 0x38, 0x00, 0x1C, 0x38, 0x00, 0x1C, 0x38, 0x00, 0x1C, 0x38, 0x00, 0x1C, 0x38, 0x00,
  0x1C, 0x38, 0x00, 0x1C, 0x38, 0x00, 0x1C, 0x38, 0x00, 0x1C, 0x38, 0x00, 0x1C, 0x38, 0x00, 0x1C,
  0x38, 0x00, 0x1C, 0x38, 0x00, 0x1C, 0x38, 0x00, 0x1C, 0x38, 0x00, 0x1C, 0x38, 0x00, 0x1C, 0x38,
  0x00, 0x1C, 0x38, 0x00, 0x1C, 0x38, 0x00, 0x1C, 0x3F, 0xFF, 0xFC, 0x3F, 0xFF, 0xFC, 0x3F, 0xFF,
  0xFC, 0x3F, 0xFF, 0xFC, 0x3F, 0xFF, 0xFC, 0x3F, 0xFF, 0xFC, 0x38, 0x00, 0x1C, 0x38, 0x00, 0x1C,
  0x38, 0x00, 0x1C, 0x38, 0x00, 0x1C, 0x38, 0x00, 0x1C, 0x38, 0x00, 0x1C, 0x38, 0x00, 0x1C, 0x38,
  0x00, 0x1C, 0x38, 0x00, 0x1C, 0x38, 0x00, 0x1C, 0x38, 0x00, 0x1C, 0x38, 0x00, 0x1C, 0x38, 0x00,
  0x1C, 0x38, 0x00, 0x1C, 0x38, 0x00, 0x1C, 0x38, 0x00, 0x1C, 0x38, 0x00, 0x1C, 0x38, 0x00, 0x1C,
  0x38, 0x00, 0x1C, 0x38, 0x00, 0x1C, 0x38, 0x00, 0x1C, 0x38, 0x00, 0x1C, 0x38, 0x00, 0x1C, 0x38,
  0x00, 0x1C, 0x38, 0x00, 0x1C, 0x38, 0x00, 0x1C, 0x38, 0x00, 0x1C, 0x38, 0x00, 0x1C, 0x38, 0x00,
  0x1C, 0x38, 0x00, 0x1C, 0x38, 0x00, 0x1C, 0x38, 0x00, 0x1C, 0x38, 0x00, 0x1C, 0x38, 0x00, 0x1C,
  0x38, 0x00, 0x1C, 0x38, 0x00, 0x1C, 0x38, 0x00, 0x1C, 0x38, 0x00, 0x1C, 0x38, 0x00, 0x1C, 0x38,
  0x00, 0x1C, 0x38, 0x00, 0x1C, 0x38, 0x00, 0x1C, 0x38, 0x00, 0x1C, 0x38, 0x00, 0x1C, 0x38, 0x00,
  0x1C, 0x38, 0x00, 0x1C, 0x38, 0x00, 0x1C, 0x38, 0x00, 0x1C, 0x38, 0x00, 0x1C, 0x38, 0x00, 0x1C,
  0x38, 0x00, 0x1C, 0x38, 0x00, 0x1C, 0x38, 0x00, 0x1C, 0x3F, 0xFF, 0xFC, 0x3F, 0xFF, 0xFC, 0x3F,
  0xFF, 0xFC, 0x3F, 0xFF, 0xFC, 0x3F, 0xFF, 0xFC, 0x3F, 0xFF, 0xFC, 0x38, 0x00, 0x1C, 0x38, 0x00,
  0x1C, 0x38, 0x00, 0x1C, 0x38, 0x00, 0x1C, 0x38, 0x00, 0x1C, 0x38, 0x00, 0x1C, 0x38, 0x00, 0x1C,
  0x38, 0x00, 0x1C, 0x38, 0x00, 0x1C, 0x38, 0x00, 0x1C, 0x38, 0x00, 0x1C, 0x38, 0x00, 0x1C, 0x38,
  0x00, 0x1C, 0x38, 0x00, 0x1C, 0x38, 0x00, 0x1C, 0x38, 0x00, 0x1C, 0x38, 0x00, 0x1C, 0x38, 0x00,
  0x1C, 0x38, 0x00, 0x1C, 0x38, 0x00, 0x1C, 0x38, 0x00, 0x1C, 0x38, 0x00, 0x1C, 0x38, 0x00, 0x1C,
  0x38, 0x00, 0x1C, 0x38, 0x00, 0x1C, 0x38, 0x00, 0x1C, 0x38, 0x00, 0x1C, 0x38, 0x00, 0x1C, 0x38,
  0x00, 0x1C, 0x38, 0x00, 0x1C, 0x38, 0x00, 0x1C, 0x38, 0x00, 0x1C, 0x38, 0x00, 0x1C, 0x38, 0x00,
  0x1C, 0x38, 0x00, 0x1C, 0x38, 0x00, 0x1C, 0x38, 0x00, 0x1C, 0x38, 0x00, 0x1C, 0x38, 0x00, 0x1C,
  0x38, 0x00, 0x1C, 0x38, 0x00, 0x1C, 0x38, 0x00, 0x1C, 0x38, 0x00, 0x1C, 0x38, 0x00, 0x1C, 0x38,
  0x00, 0x1C, 0x38, 0x00, 0x1C, 0x38, 0x00, 0x1C, 0x38, 0x00, 0x1C, 0x38, 0x00, 0x1C, 0x38, 0x00,
  0x1C, 0x38, 0x00, 0x1C, 0x38, 0x00, 0x1C, 0x38, 0x00, 0x1C, 0x3F, 0xFF, 0xFC, 0x3F, 0xFF, 0xFC,
  0x3F, 0xFF, 0xFC, 0x3F, 0xFF, 0xFC, 0x3F, 0xFF, 0xFC, 0x3F, 0xFF, 0xFC, 0x38, 0x00, 0x1C, 0x38,
  0x00, 0x1C, 0x38, 0x00, 0x1C, 0x38, 0x00, 0x1C, 0x38, 0x00, 0x1C, 0x38, 0x00, 0x1C, 0x38, 0x00,
  0x1C, 0x38, 0x00, 0x1C, 0x38, 0x00, 0x1C, 0x38, 0x00, 0x1C, 0x38, 0x00, 0x1C, 0x38, 0x00, 0x1C,
  0x38, 0x00, 0x1C, 0x38, 0x00, 0x1C, 0x38, 0x00, 0x1C, 0x38, 0x00, 0x1C, 0x38, 0x00, 0x1C, 0x38,
  0x00, 0x1C, 0x38, 0x00, 0x1C, 0x38, 0x00, 0x1C, 0x38, 0x00, 0x1C, 0x38, 0x00, 0x1C, 0x38, 0x00,
  0x1C, 0x38, 0x00, 0x1C, 0x38, 0x00, 0x1C, 0x38, 0x00, 0x1C, 0x38, 0x00, 0x1C, 0x38, 0x00, 0x1C,
  0x38, 0x00, 0x1C, 0x38, 0x00, 0x1C, 0x38, 0x00, 0x1C, 0x38, 0x00, 0x1C, 0x38, 0x00, 0x1C, 0x38,
  0x00, 0x1C, 0x38, 0x00, 0x1C, 0x38, 0x00, 0x1C, 0x38, 0x00, 0x1C, 0x38, 0x00, 0x1C, 0x38, 0x00,
  0x1C, 0x38, 0x00, 0x1C, 0x38, 0x00, 0x1C, 0x38, 0x00, 0x1C, 0x38, 0x00, 0x1C, 0x38, 0x00, 0x1C,
  0x38, 0x00, 0x1C, 0x38, 0x00, 0x1C, 0x38, 0x00, 0x1C, 0x38, 0x00, 0x1C, 0x38, 0x00, 0x1C, 0x38,
  0x00, 0x1C, 0x38, 0x00, 0x1C, 0x38, 0x00, 0x1C, 0x38, 0x00, 0x1C, 0x3F, 0xFF, 0xFC, 0x3F, 0xFF,
  0xFC, 0x3F, 0xFF, 0xFC, 0x3F, 0xFF, 0xFC, 0x3F, 0xFF, 0xFC, 0x3F, 0xFF, 0xFC, 0x38, 0x00, 0x1C,
  0x38, 0x00, 0x1C, 0x38, 0x00, 0x1C, 0x38, 0x00, 0x1C, 0x38, 0x00, 0x1C, 0x38, 0x00, 0x1C, 0x38,
  0x00, 0x1C, 0x38, 0x00, 0x1C, 0x38, 0x00, 0x1C, 0x38, 0x00, 0x1C, 0x38, 0x00, 0x1C, 0x38, 0x00,
  0x1C, 0x38, 0x00, 0x1C, 0x38, 0x00, 0x1C, 0x38, 0x00, 0x1C, 0x38, 0x00, 0x1C, 0x38, 0x00, 0x1C,
  0x38, 0x00, 0x1C, 0x38, 0x00, 0x1C, 0x38, 0x00, 0x1C, 0x38, 0x00, 0x1C, 0x38, 0x00, 0x1C, 0x38,
  0x00, 0x1C, 0x38, 0x00, 0x1C, 0x38, 0x00, 0x1C, 0x38, 0x00, 0x1C, 0x38, 0x00, 0x1C, 0x38, 0x00,
  0x1C, 0x38, 0x00, 0x1C, 0x38, 0x00, 0x1C, 0x38, 0x00, 0x1C, 0x38, 0x00, 0x1C, 0x38, 0x00, 0x1C,
  0x38, 0x00, 0x1C, 0x38, 0x00, 0x1C, 0x38, 0x00, 0x1C, 0x38, 0x00, 0x1C, 0x38, 0x00, 0x1C, 0x38,
  0x00, 0x1C, 0x38, 0x00, 0x1C, 0x38, 0x00, 0x1C, 0x38, 0x00, 0x1C, 0x38, 0x00, 0x1C, 0x38, 0x00,
  0x1C, 0x38, 0x00, 0x1C, 0x38, 0x00, 0x1C, 0x38, 0x00, 0x1C, 0x38, 0x00, 0x1C, 0x38, 0x00, 0x1C,
  0x38, 0x00, 0x1C, 0x38, 0x00, 0x1C, 0x38, 0x00, 0x1C, 0x38, 0x00, 0x1C, 0x3F, 0xFF, 0xFC, 0x3F,
  0xFF, 0xFC, 0x3F, 0xFF, 0xFC, 0x3F, 0xFF, 0xFC, 0x3F, 0xFF, 0xFC, 0x3F, 0xFF, 0xFC, 0x38, 0x00,
  0x1C, 0x38, 0x00, 0x1C, 0x38, 0x00, 0x1C, 0x38, 0x00, 0x1C, 0x38, 0x00, 0x1C, 0x38, 0x00, 0x1C,
  0x38, 0x00, 0x1C, 0x38, 0x00, 0x1C, 0x38, 0x00, 0x1C, 0x38, 0x00, 0x1C, 0x38, 0x00, 0x1C, 0x38,
  0x00, 0x1C, 0x38, 0x00, 0x1C, 0x38, 0x00, 0x1C, 0x38, 0x00, 0x1C, 0x38, 0x00, 0x1C, 0x38, 0x00,
  0x1C, 0x38, 0x00, 0x1C, 0x38, 0x00, 0x1C, 0x38, 0x00, 0x1C, 0x38, 0x00, 0x1C, 0x38, 0x00, 0x1C,
  0x38, 0x00, 0x1C, 0x38, 0x00, 0x1C, 0x38, 0x00, 0x1C, 0x38, 0x00, 0x1C, 0x38, 0x00, 0x1C, 0x38,
  0x00, 0x1C, 0x38, 0x00, 0x1C, 0x38, 0x00, 0x1C, 0x38, 0x00, 0x1C, 0x38, 0x00, 0x1C, 0x38, 0x00,
  0x1C, 0x38, 0x00, 0x1C, 0x38, 0x00, 0x1C, 0x38, 0x00, 0x1C, 0x38, 0x00, 0x1C, 0x38, 0x00, 0x1C,
  0x38, 0x00, 0x1C, 0x38, 0x00, 0x1C, 0x38, 0x00, 0x1C, 0x38, 0x00, 0x1C, 0x38, 0x00, 0x1C, 0x38,
  0x00, 0x1C, 0x38, 0x00, 0x1C, 0x38, 0x00, 0x1C, 0x38, 0x00, 0x1C, 0x38, 0x00, 0x1C, 0x38, 0x00,
  0x1C, 0x38, 0x00, 0x1C, 0x38, 0x00, 0x1C, 0x38, 0x00, 0x1C, 0x38, 0x00, 0x1C, 0x3F, 0xFF, 0xFC,
  0x3F, 0xFF, 0xFC, 0x3F, 0xFF, 0xFC, 0x3F, 0xFF, 0xFC, 0x3F, 0xFF, 0xFC, 0x3F, 0xFF, 0xFC, 0x38,
  0x00, 0x1C, 0x38, 0x00, 0x1C, 0x38, 0x00, 0x1C, 0x38, 0x00, 0x1C, 0x38, 0x00, 0x1C, 0x38, 0x00,
  0x1C, 0x38, 0x00, 0x1C, 0x38, 0x00, 0x1C, 0x38, 0x00, 0x1C, 0x38, 0x00, 0x1C, 0x38, 0x00, 0x1C,
  0x38, 0x00, 0x1C, 0x38, 0x00, 0x1C, 0x38, 0x00, 0x1C, 0x38, 0x00, 0x1C, 0x38, 0x00, 0x1C, 0x38,
  0x00, 0x1C, 0x38, 0x00, 0x1C, 0x38, 0x00, 0x1C, 0x38, 0x00, 0x1C, 0x38, 0x00, 0x1C, 0x38, 0x00,
  0x1C, 0x38, 0x00, 0x1C, 0x38, 0x00, 0x1C, 0x38, 0x00, 0x1C, 0x38, 0x00, 0x1C, 0x38, 0x00, 0x1C,
  0x38, 0x00, 0x1C, 0x38, 0x00, 0x1C, 0x38, 0x00, 0x1C, 0x38, 0x00, 0x1C, 0x38, 0x00, 0x1C, 0x38,
  0x00, 0x1C, 0x38, 0x00, 0x1C, 0x38, 0x00, 0x1C, 0x38, 0x00, 0x1C, 0x38, 0x00, 0x1C, 0x38, 0x00,
  0x1C, 0x38, 0x00, 0x1C, 0x38, 0x00, 0x1C, 0x38, 0x00, 0x1C, 0x38, 0x00, 0x1C, 0x38, 0x00, 0x1C,
  0x38, 0x00, 0x1C, 0x38, 0x00, 0x1C, 0x38, 0x00, 0x1C, 0x38, 0x00, 0x1C, 0x38, 0x00, 0x1C, 0x38,
  0x00, 0x1C, 0x38, 0x00, 0x1C, 0x38, 0x00, 0x1C, 0x38, 0x00, 0x1C, 0x38, 0x00, 0x1C, 0x3F, 0xFF,
  0xFC, 0x3F, 0xFF, 0xFC, 0x3F, 0xFF, 0xFC, 0x3F, 0xFF, 0xFC, 0x3F, 0xFF, 0xFC, 0x3F, 0xFF, 0xFC,
  0x38, 0x00, 0x1C, 0x38, 0x00, 0x1C, 0x38, 0x00, 0x1C, 0x38, 0x00, 0x1C, 0x38, 0x00, 0x1C, 0x38,
  0x00, 0x1C, 0x38, 0x00, 0x1C, 0x38, 0x00, 0x1C, 0x38, 0x00, 0x1C, 0x38, 0x00, 0x1C, 0x38, 0x00,
  0x1C, 0x38, 0x00, 0x1C, 0x38, 0x00, 0x1C, 0x38, 0x00, 0x1C, 0x38, 0x00, 0x1C, 0x38, 0x00, 0x1C,
  0x38, 0x00, 0x1C, 0x38, 0x00, 0x1C, 0x38, 0x00, 0x1C, 0x38, 0x00, 0x1C, 0x38, 0x00, 0x1C, 0x38,
  0x00, 0x1C, 0x38, 0x00, 0x1C, 0x38, 0x00, 0x1C, 0x38, 0x00, 0x1C, 0x38, 0x00, 0x1C, 0x38, 0x00,
  0x1C, 0x38, 0x00, 0x1C, 0x38, 0x00, 0x1C, 0x38, 0x00, 0x1C, 0x38, 0x00, 0x1C, 0x38, 0x00, 0x1C,
  0x38, 0x00, 0x1C, 0x38, 0x00, 0x1C, 0x38, 0x00, 0x1C, 0x38, 0x00, 0x1C, 0x38, 0x00, 0x1C, 0x38,
  0x00, 0x1C, 0x38, 0x00, 0x1C, 0x38, 0x00, 0x1C, 0x38, 0x00, 0x1C, 0x38, 0x00, 0x1C, 0x38, 0x00,
  0x1C, 0x38, 0x00, 0x1C, 0x38, 0x00, 0x1C, 0x38, 0x00, 0x1C, 0x38, 0x00, 0x1C, 0x38, 0x00, 0x1C,
  0x38, 0x00, 0x1C, 0x38, 0x00, 0x1C, 0x38, 0x00, 0x1C, 0x38, 0x00, 0x1C, 0x38, 0x00, 0x1C, 0x3F,
  0xFF, 0xFC, 0x3F, 0xFF, 0xFC, 0x3F, 0xFF, 0xFC, 0x3F, 0xFF, 0xFC, 0x3F, 0xFF, 0xFC, 0x3F, 0xFF,
  0xFC, 0x38, 0x00, 0x1C, 0x38, 0x00, 0x1C, 0x38, 0x00, 0x1C, 0x38, 0x00, 0x1C, 0x38, 0x00, 0x1C,
  0x38, 0x00, 0x1C, 0x38, 0x00, 0x1C, 0x38, 0x00, 0x1C, 0x38, 0x00, 0x1C, 0x38, 0x00, 0x1C, 0x38,
  0x00, 0x1C, 0x38, 0x00, 0x1C, 0x38, 0x00, 0x1C, 0x38, 0x00, 0x1C, 0x38, 0x00, 0x1C, 0x38, 0x00,
  0x1C, 0x38, 0x00, 0x1C, 0x38, 0x00, 0x1C, 0x38, 0x00, 0x1C, 0x38, 0x00, 0x1C, 0x38, 0x00, 0x1C,
  0x38, 0x00, 0x1C, 0x38, 0x00, 0x1C, 0x38, 0x00, 0x1C, 0x38, 0x00, 0x1C, 0x38, 0x00, 0x1C, 0x38,
  0x00, 0x1C, 0x38, 0x00, 0x1C, 0x38, 0x00, 0x1C, 0x38, 0x00, 0x1C, 0x38, 0x00, 0x1C, 0x38, 0x00,
  0x1C, 0x38, 0x00, 0x1C, 0x38, 0x00, 0x1C, 0x38, 0x00, 0x1C, 0x38, 0x00, 0x1C, 0x38, 0x00, 0x1C,
  0x38, 0x00, 0x1C, 0x38, 0x00, 0x1C, 0x38, 0x00, 0x1C, 0x38, 0x00, 0x1C, 0x38, 0x00, 0x1C, 0x38,
  0x00, 0x1C, 0x38, 0x00, 0x1C, 0x38, 0x00, 0x1C, 0x38, 0x00, 0x1C, 0x38, 0x00, 0x1C, 0x38, 0x00,
  0x1C, 0x38, 0x00, 0x1C, 0x38, 0x00, 0x1C, 0x38, 0x00, 0x1C, 0x38, 0x00, 0x1C, 0x38, 0x00, 0x1C,
  0x3F, 0xFF, 0xFC, 0x3F, 0xFF, 0xFC, 0x3F, 0xFF, 0xFC, 0x3F, 0xFF, 0xFC, 0x3F, 0xFF, 0xFC, 0x3F,
  0xFF, 0xFC, 0x38, 0x00, 0x1C, 0x38, 0x00, 0x1C, 0x38, 0x00, 0x1C, 0x38, 0x00, 0x1C, 0x38, 0x00,
  0x1C, 0x38, 0x00, 0x1C, 0x38, 0x00, 0x1C, 0x38, 0x00, 0x1C, 0x38, 0x00, 0x1C, 0x38, 0x00, 0x1C,
  0x38, 0x00, 0x1C, 0x38, 0x00, 0x1C, 0x38, 0x00, 0x1C, 0x38, 0x00, 0x1C, 0x38, 0x00, 0x1C, 0x38,
  0x00, 0x1C, 0x38, 0x00, 0x1C, 0x38, 0x00, 0x1C, 0x38, 0x00, 0x1C, 0x38, 0x00, 0x1C, 0x38, 0x00,
  0x1C, 0x38, 0x00, 0x1C, 0x38, 0x00, 0x1C, 0x38, 0x00, 0x1C, 0x38, 0x00, 0x1C, 0x38, 0x00, 0x1C,
  0x38, 0x00, 0x1C, 0x38, 0x00, 0x1C, 0x38, 0x00, 0x1C, 0x38, 0x00, 0x1C, 0x38, 0x00, 0x1C, 0x38,
  0x00, 0x1C, 0x38, 0x00, 0x1C, 0x38, 0x00, 0x1C, 0x38, 0x00, 0x1C, 0x38, 0x00, 0x1C, 0x38, 0x00,
  0x1C, 0x38, 0x00, 0x1C, 0x38, 0x00, 0x1C, 0x38, 0x00, 0x1C, 0x38, 0x00, 0x1C, 0x38, 0x00, 0x1C,
  0x38, 0x00, 0x1C, 0x38, 0x00, 0x1C, 0x38, 0x00, 0x1C, 0x38, 0x00, 0x1C, 0x38, 0x00, 0x1C, 0x38,
  0x00, 0x1C, 0x38, 0x00, 0x1C, 0x38, 0x00, 0x1C, 0x38, 0x00, 0x1C, 0x38, 0x00, 0x1C, 0x38, 0x00,
  0x1C, 0x3F, 0xFF, 0xFC, 0x3F, 0xFF, 0xFC, 0x3F, 0xFF, 0xFC, 0x3F, 0xFF, 0xFC, 0x3F, 0xFF, 0xFC,
  0x3F, 0xFF, 0xFC, 0x38, 0x00, 0x1C, 0x38, 0x00, 0x1C, 0x38, 0x00, 0x1C, 0x38, 0x00, 0x1C, 0x38,
  0x00, 0x1C, 0x38, 0x00, 0x1C, 0x38, 0x00, 0x1C, 0x38, 0x00, 0x1C, 0x38, 0x00, 0x1C, 0x38, 0x00,
  0x1C, 0x38, 0x00, 0x1C, 0x38, 0x00, 0x1C, 0x38, 0x00, 0x1C, 0x38, 0x00, 0x1C, 0x38, 0x00, 0x1C,
  0x38, 0x00, 0x1C, 0x38, 0x00, 0x1C, 0x38, 0x00, 0x1C, 0x38, 0x00, 0x1C, 0x38, 0x00, 0x1C, 0x38,
  0x00, 0x1C, 0x38, 0x00, 0x1C, 0x38, 0x00, 0x1C, 0x38, 0x00, 0x1C, 0x38, 0x00, 0x1C, 0x38, 0x00,
  0x1C, 0x38, 0x00, 0x1C, 0x38, 0x00, 0x1C, 0x38, 0x00, 0x1C, 0x38, 0x00, 0x1C, 0x38, 0x00, 0x1C,
  0x38, 0x00, 0x1C, 0x38, 0x00, 0x1C, 0x38, 0x00, 0x1C, 0x38, 0x00, 0x1C, 0x38, 0x00, 0x1C, 0x38,
  0x00, 0x1C, 0x38, 0x00, 0x1C, 0x38, 0x00, 0x1C, 0x38, 0x00, 0x1C, 0x38, 0x00, 0x1C, 0x38, 0x00,
  0x1C, 0x38, 0x00, 0x1C, 0x38, 0x00, 0x1C, 0x38, 0x00, 0x1C, 0x38, 0x00, 0x1C, 0x38, 0x00, 0x1C,
  0x38, 0x00, 0x1C, 0x38, 0x00, 0x1C, 0x38, 0x00, 0x1C, 0x38, 0x00, 0x1C, 0x38, 0x00, 0x1C, 0x38,
  0x00, 0x1C, 0x3F, 0xFF, 0xFC, 0x3F, 0xFF, 0xFC, 0x3F, 0xFF, 0xFC, 0x3F, 0xFF, 0xFC, 0x3F, 0xFF,
  0xFC, 0x3F, 0xFF, 0xFC, 0x38, 0x00, 0x1C, 0x38, 0x00, 0x1C, 0x38, 0x00, 0x1C, 0x38, 0x00, 0x1C,
  0x38, 0x00, 0x1C, 0x38, 0x00, 0x1C, 0x38, 0x00, 0x1C, 0x38, 0x00, 0x1C, 0x38, 0x00, 0x1C, 0x38,
  0x00, 0x1C, 0x38, 0x00, 0x1C, 0x38, 0x00, 0x1C, 0x38, 0x00, 0x1C, 0x38, 0x00, 0x1C, 0x38, 0x00,
  0x1C, 0x38, 0x00, 0x1C, 0x38, 0x00, 0x1C, 0x38, 0x00, 0x1C, 0x38, 0x00, 0x1C, 0x38, 0x00, 0x1C,
  0x38, 0x00, 0x1C, 0x38, 0x00, 0x1C, 0x38, 0x00, 0x1C, 0x38, 0x00, 0x1C, 0x38, 0x00, 0x1C, 0x38,
  0x00, 0x1C, 0x38, 0x00, 0x1C, 0x38, 0x00, 0x1C, 0x38, 0x00, 0x1C, 0x38, 0x00, 0x1C, 0x38, 0x00,
  0x1C, 0x38, 0x00, 0x1C, 0x38, 0x00, 0x1C, 0x38, 0x00, 0x1C, 0x38, 0x00, 0x1C, 0x38, 0x00, 0x1C,
  0x38, 0x00, 0x1C, 0x38, 0x00, 0x1C, 0x38, 0x00, 0x1C, 0x38, 0x00, 0x1C, 0x38, 0x00, 0x1C, 0x38,
  0x00, 0x1C, 0x38, 0x00, 0x1C, 0x38, 0x00, 0x1C, 0x38, 0x00, 0x1C, 0x38, 0x00, 0x1C, 0x38, 0x00,
  0x1C, 0x38, 0x00, 0x1C, 0x38, 0x00, 0x1C, 0x38, 0x00, 0x1C, 0x38, 0x00, 0x1C, 0x38, 0x00, 0x1C,
  0x38, 0x00, 0x1C, 0x3F, 0xFF, 0xFC, 0x3F, 0xFF, 0xFC, 0x3F, 0xFF, 0xFC, 0x3F, 0xFF, 0xFC, 0x3F,
  0xFF, 0xFC, 0x3F, 0xFF, 0xFC, 0x38, 0x00, 0x1C, 0x38, 0x00, 0x1C, 0x38, 0x00, 0x1C, 0x38, 0x00,
  0x1C, 0x38, 0x00, 0x1C, 0x38, 0x00, 0x1C, 0x38, 0x00, 0x1C, 0x38, 0x00, 0x1C, 0x38, 0x00, 0x1C,
  0x38, 0x00, 0x1C, 0x38, 0x00, 0x1C, 0x38, 0x00, 0x1C, 0x38, 0x00, 0x1C, 0x38, 0x00, 0x1C, 0x38,
  0x00, 0x1C, 0x38, 0x00, 0x1C, 0x38, 0x00, 0x1C, 0x38, 0x00, 0x1C, 0x38, 0x00, 0x1C, 0x38, 0x00,
  0x1C, 0x38, 0x00, 0x1C, 0x38, 0x00, 0x1C, 0x38, 0x00, 0x1C, 0x38, 0x00, 0x1C, 0x38, 0x00, 0x1C,
  0x38, 0x00, 0x1C, 0x38, 0x00, 0x1C, 0x38, 0x00, 0x1C, 0x38, 0x00, 0x1C, 0x38, 0x00, 0x1C, 0x38,
  0x00, 0x1C, 0x38, 0x00, 0x1C, 0x38, 0x00, 0x1C, 0x38, 0x00, 0x1C, 0x38, 0x00, 0x1C, 0x38, 0x00,
  0x1C, 0x38, 0x00, 0x1C, 0x38, 0x00, 0x1C, 0x38, 0x00, 0x1C, 0x38, 0x00, 0x1C, 0x38, 0x00, 0x1C,
  0x38, 0x00, 0x1C, 0x38, 0x00, 0x1C, 0x38, 0x00, 0x1C, 0x38, 0x00, 0x1C, 0x38, 0x00, 0x1C, 0x38,
  0x00, 0x1C, 0x38, 0x00, 0x1C, 0x38, 0x00, 0x1C, 0x38, 0x00, 0x1C, 0x38, 0x00, 0x1C, 0x38, 0x00,
  0x1C, 0x38, 0x00, 0x1C, 0x3F, 0xFF, 0xFC, 0x3F, 0xFF, 0xFC, 0x3F, 0xFF, 0xFC, 0x3F, 0xFF, 0xFC,
  0x3F, 0xFF, 0xFC, 0x3F, 0xFF, 0xFC, 0x38, 0x00, 0x1C, 0x38, 0x00, 0x1C, 0x38, 0x00, 0x1C, 0x38,
  0x00, 0x1C, 0x38, 0x00, 0x1C, 0x38, 0x00, 0x1C, 0x38, 0x00, 0x1C, 0x38, 0x00, 0x1C, 0x38, 0x00,
  0x1C, 0x38, 0x00, 0x1C, 0x38, 0x00, 0x1C, 0x38, 0x00, 0x1C, 0x38, 0x00, 0x1C, 0x38, 0x00, 0x1C,
  0x38, 0x00, 0x1C, 0x38, 0x00, 0x1C, 0x38, 0x00, 0x1C, 0x38, 0x00, 0x1C, 0x38, 0x00, 0x1C, 0x38,
  0x00, 0x1C, 0x38, 0x00, 0x1C, 0x38, 0x00, 0x1C, 0x38, 0x00, 0x1C, 0x38, 0x00, 0x1C, 0x38, 0x00,
  0x1C, 0x38, 0x00, 0x1C, 0x38, 0x00, 0x1C, 0x38, 0x00, 0x1C, 0x38, 0x00, 0x1C, 0x38, 0x00, 0x1C,
  0x38, 0x00, 0x1C, 0x38, 0x00, 0x1C, 0x38, 0x00, 0x1C, 0x38, 0x00, 0x1C, 0x38, 0x00, 0x1C, 0x38,
  0x00, 0x1C, 0x38, 0x00, 0x1C, 0x38, 0x00, 0x1C, 0x38, 0x00, 0x1C, 0x38, 0x00, 0x1C, 0x38, 0x00,
  0x1C, 0x38, 0x00, 0x1C, 0x38, 0x00, 0x1C, 0x38, 0x00, 0x1C, 0x38, 0x00, 0x1C, 0x38, 0x00, 0x1C,
  0x38, 0x00, 0x1C, 0x38, 0x00, 0x1C, 0x38, 0x00, 0x1C, 0x38, 0x00, 0x1C, 0x38, 0x00, 0x1C, 0x38,
  0x00, 0x1C, 0x38, 0x00, 0x1C, 0x3F, 0xFF, 0xFC, 0x3F, 0xFF, 0xFC, 0x3F, 0xFF, 0xFC, 0x3F, 0xFF,
  0xFC, 0x3F, 0xFF, 0xFC, 0x3F, 0xFF, 0xFC, 0x38, 0x00, 0x1C, 0x38, 0x00, 0x1C, 0x38, 0x00, 0x1C,
  0x38, 0x00, 0x1C, 0x38, 0x00, 0x1C, 0x38, 0x00, 0x1C, 0x38, 0x00, 0x1C, 0x38, 0x00, 0x1C, 0x38,
  0x00, 0x1C, 0x38, 0x00, 0x1C, 0x38, 0x00, 0x1C, 0x38, 0x00, 0x1C, 0x38, 0x00, 0x1C, 0x38, 0x00,
  0x1C, 0x38, 0x00, 0x1C, 0x38, 0x00, 0x1C, 0x38, 0x00, 0x1C, 0x38, 0x00, 0x1C, 0x38, 0x00, 0x1C,
  0x38, 0x00, 0x1C, 0x38, 0x00, 0x1C, 0x38, 0x00, 0x1C, 0x38, 0x00, 0x1C, 0x38, 0x00, 0x1C, 0x38,
  0x00, 0x1C, 0x38, 0x00, 0x1C, 0x38, 0x00, 0x1C, 0x38, 0x00, 0x1C, 0x38, 0x00, 0x1C, 0x38, 0x00,
  0x1C, 0x38, 0x00, 0x1C, 0x38, 0x00, 0x1C, 0x38, 0x00, 0x1C, 0x38, 0x00, 0x1C, 0x38, 0x00, 0x1C,
  0x38, 0x00, 0x1C, 0x38, 0x00, 0x1C, 0x38, 0x00, 0x1C, 0x38, 0x00, 0x1C, 0x38, 0x00, 0x1C, 0x38,
  0x00, 0x1C, 0x38, 0x00, 0x1C, 0x38, 0x00, 0x1C, 0x38, 0x00, 0x1C, 0x38, 0x00, 0x1C, 0x38, 0x00,
  0x1C, 0x38, 0x00, 0x1C, 0x38, 0x00, 0x1C, 0x38, 0x00, 0x1C, 0x38, 0x00, 0x1C, 0x38, 0x00, 0x1C,
  0x38, 0x00, 0x1C, 0x38, 0x00, 0x1C, 0x3F, 0xFF, 0xFC, 0x3F, 0xFF, 0xFC, 0x3F, 0xFF, 0xFC, 0x3F,
  0xFF, 0xFC, 0x3F, 0xFF, 0xFC, 0x3F, 0xFF, 0xFC, 0x38, 0x00, 0x1C, 0x38, 0x00, 0x1C, 0x38, 0x00,
  0x1C, 0x38, 0x00, 0x1C, 0x38, 0x00, 0x1C, 0x38, 0x00, 0x1C, 0x38, 0x00, 0x1C, 0x38, 0x00, 0x1C,
  0x38, 0x00, 0x1C, 0x38, 0x00, 0x1C, 0x38, 0x00, 0x1C, 0x38, 0x00, 0x1C, 0x38, 0x00, 0x1C, 0x38,
  0x00, 0x1C, 0x38, 0x00, 0x1C, 0x38, 0x00, 0x1C, 0x38, 0x00, 0x1C, 0x38, 0x00, 0x1C, 0x38, 0x00,
  0x1C, 0x38, 0x00, 0x1C, 0x38, 0x00, 0x1C, 0x38, 0x00, 0x1C, 0x38, 0x00, 0x1C, 0x38, 0x00, 0x1C,
  0x38, 0x00, 0x1C, 0x38, 0x00, 0x1C, 0x38, 0x00, 0x1C, 0x38, 0x00, 0x1C, 0x38, 0x00, 0x1C, 0x38,
  0x00, 0x1C, 0x38, 0x00, 0x1C, 0x38, 0x00, 0x1C, 0x38, 0x00, 0x1C, 0x38, 0x00, 0x1C, 0x38, 0x00,
  0x1C, 0x38, 0x00, 0x1C, 0x38, 0x00, 0x1C, 0x38, 0x00, 0x1C, 0x38, 0x00, 0x1C, 0x38, 0x00, 0x1C,
  0x38, 0x00, 0x1C, 0x38, 0x00, 0x1C, 0x38, 0x00, 0x1C, 0x38, 0x00, 0x1C, 0x38, 0x00, 0x1C, 0x38,
  0x00, 0x1C, 0x38, 0x00, 0x1C, 0x38, 0x00, 0x1C, 0x38, 0x00, 0x1C, 0x38, 0x00, 0x1C, 0x38, 0x00,
  0x1C, 0x38, 0x00, 0x1C, 0x38, 0x00, 0x1C, 0x3F, 0xFF, 0xFC, 0x3F, 0xFF, 0xFC, 0x3F, 0xFF, 0xFC,
  0x3F, 0xFF, 0xFC, 0x3F, 0xFF, 0xFC, 0x3F, 0xFF, 0xFC, 0x38, 0x00, 0x1C, 0x38, 0x00, 0x1C, 0x38,
  0x00, 0x1C, 0x38, 0x00, 0x1C, 0x38, 0x00, 0x1C, 0x38, 0x00, 0x1C, 0x38, 0x00, 0x1C, 0x38, 0x00,
  0x1C, 0x38, 0x00, 0x1C, 0x38, 0x00, 0x1C, 0x38, 0x00, 0x1C, 0x38, 0x00, 0x1C, 0x38, 0x00, 0x1C,
  0x38, 0x00, 0x1C, 0x38, 0x00, 0x1C, 0x38, 0x00, 0x1C, 0x38, 0x00, 0x1C, 0x38, 0x00, 0x1C, 0x38,
  0x00, 0x1C, 0x38, 0x00, 0x1C, 0x38, 0x00, 0x1C, 0x38, 0x00, 0x1C, 0x38, 0x00, 0x1C, 0x38, 0x00,
  0x1C, 0x38, 0x00, 0x1C, 0x38, 0x00, 0x1C, 0x38, 0x00, 0x1C, 0x38, 0x00, 0x1C, 0x38, 0x00, 0x1C,
  0x38, 0x00, 0x1C, 0x38, 0x00, 0x1C, 0x38, 0x00, 0x1C, 0x38, 0x00, 0x1C, 0x38, 0x00, 0x1C, 0x38,
  0x00, 0x1C, 0x38, 0x00, 0x1C, 0x38, 0x00, 0x1C, 0x38, 0x00, 0x1C, 0x38, 0x00, 0x1C, 0x38, 0x00,
  0x1C, 0x38, 0x00, 0x1C, 0x38, 0x00, 0x1C, 0x38, 0x00, 0x1C, 0x38, 0x00, 0x1C, 0x38, 0x00, 0x1C,
  0x38, 0x00, 0x1C, 0x38, 0x00, 0x1C, 0x38, 0x00, 0x1C, 0x38, 0x00, 0x1C, 0x38, 0x00, 0x1C, 0x38,
  0x00, 0x1C, 0x38, 0x00, 0x1C, 0x38, 0x00, 0x1C, 0x3F, 0xFF, 0xFC, 0x3F, 0xFF, 0xFC, 0x3F, 0xFF,
  0xFC, 0x3F, 0xFF, 0xFC, 0x3F, 0xFF, 0xFC, 0x3F, 0xFF, 0xFC, 0x38, 0x00, 0x1C, 0x38, 0x00, 0x1C,
  0x38, 0x00, 0x1C, 0x38, 0x00, 0x1C, 0x38, 0x00, 0x1C, 0x38, 0x00, 0x1C, 0x38, 0x00, 0x1C, 0x38,
  0x00, 0x1C, 0x38, 0x00, 0x1C, 0x38, 0x00, 0x1C, 0x38, 0x00, 0x1C, 0x38, 0x00, 0x1C, 0x38, 0x00,
  0x1C, 0x38, 0x00, 0x1C, 0x38, 0x00, 0x1C, 0x38, 0x00, 0x1C, 0x38, 0x00, 0x1C, 0x38, 0x00, 0x1C,
  0x38, 0x00, 0x1C, 0x38, 0x00, 0x1C, 0x38, 0x00, 0x1C, 0x38, 0x00, 0x1C, 0x38, 0x00, 0x1C, 0x38,
  0x00, 0x1C, 0x38, 0x00, 0x1C, 0x38, 0x00, 0x1C, 0x38, 0x00, 0x1C, 0x38, 0x00, 0x1C, 0x38, 0x00,
  0x1C, 0x38, 0x00, 0x1C, 0x38, 0x00, 0x1C, 0x38, 0x00, 0x1C, 0x38, 0x00, 0x1C, 0x38, 0x00, 0x1C,
  0x38, 0x00, 0x1C, 0x38, 0x00, 0x1C, 0x38, 0x00, 0x1C, 0x38, 0x00, 0x1C, 0x38, 0x00, 0x1C, 0x38,
  0x00, 0x1C, 0x38, 0x00, 0x1C, 0x38, 0x00, 0x1C, 0x38, 0x00, 0x1C, 0x38, 0x00, 0x1C, 0x38, 0x00,
  0x1C, 0x38, 0x00, 0x1C, 0x38, 0x00, 0x1C, 0x38, 0x00, 0x1C, 0x38, 0x00, 0x1C, 0x38, 0x00, 0x1C,
  0x38, 0x00, 0x1C, 0x38, 0x00, 0x1C, 0x38, 0x00, 0x1C, 0x3F, 0xFF, 0xFC, 0x3F, 0xFF, 0xFC, 0x3F,
  0xFF, 0xFC, 0x3F, 0xFF, 0xFC, 0x3F, 0xFF, 0xFC, 0x3F, 0xFF, 0xFC, 0x38, 0x00, 0x1C, 0x38, 0x00,
  0x1C, 0x38, 0x00, 0x1C, 0x38, 0x00, 0x1C, 0x38, 0x00, 0x1C, 0x38, 0x00, 0x1C, 0x38, 0x00, 0x1C,
  0x38, 0x00, 0x1C, 0x38, 0x00, 0x1C, 0x38, 0x00, 0x1C, 0x38, 0x00, 0x1C, 0x38, 0x00, 0x1C, 0x38,
  0x00, 0x1C, 0x38, 0x00, 0x1C, 0x38, 0x00, 0x1C, 0x38, 0x00, 0x1C, 0x38, 0x00, 0x1C, 0x38, 0x00,
  0x1C, 0x38, 0x00, 0x1C, 0x38, 0x00, 0x1C, 0x38, 0x00, 0x1C, 0x38, 0x00, 0x1C, 0x38, 0x00, 0x1C,
  0x38, 0x00, 0x1C, 0x38, 0x00, 0x1C, 0x38, 0x00, 0x1C, 0x38, 0x00, 0x1C, 0x38, 0x00, 0x1C, 0x38,
  0x00, 0x1C, 0x38, 0x00, 0x1C, 0x38, 0x00, 0x1C, 0x38, 0x00, 0x1C, 0x38, 0x00, 0x1C, 0x38, 0x00,
  0x1C, 0x38, 0x00, 0x1C, 0x38, 0x00, 0x1C, 0x38, 0x00, 0x1C, 0x38, 0x00, 0x1C, 0x38, 0x00, 0x1C,
  0x38, 0x00, 0x1C, 0x38, 0x00, 0x1C, 0x38, 0x00, 0x1C, 0x38, 0x00, 0x1C, 0x38, 0x00, 0x1C, 0x38,
  0x00, 0x1C, 0x38, 0x00, 0x1C, 0x38, 0x00, 0x1C, 0x38, 0x00, 0x1C, 0x38, 0x00, 0x1C, 0x38, 0x00,
  0x1C, 0x38, 0x00, 0x1C, 0x38, 0x00, 0x1C, 0x38, 0x00, 0x1C, 0x3F, 0xFF, 0xFC, 0x3F, 0xFF, 0xFC,
  0x3F, 0xFF, 0xFC, 0x01, 0x00, 0x0F, 0x80, 0x3F, 0x80, 0xFF, 0x01, 0xFE, 0x03, 0xFC, 0x03, 0xF8,
  0x03, 0xE0, 0x01, 0x00, 0x00, 0x00, 0x00, 0x00, 0x7F, 0x00, 0xFE, 0x01, 0xFC, 0x03, 0xF8, 0x07,
  0xF0, 0x0F, 0xE0, 0x1F, 0xC0, 0x3F, 0x80, 0x7F, 0x00, 0xFE, 0x01, 0xFC, 0x03, 0xF8, 0x07, 0xF0,
  0x0F, 0xE0, 0x1F, 0xC0, 0x3F, 0x80, 0x7F, 0x00, 0xFE, 0x01, 0xFC, 0x03, 0xF8, 0x07, 0xF0, 0x0F,
  0xE0, 0x1F, 0xC0, 0x3F, 0x80, 0x7F, 0x00, 0x00, 0x06, 0x00, 0x00, 0x00, 0xC0, 0x00, 0x00, 0x18,
  0x00, 0x00, 0x03, 0x00, 0x00, 0x03, 0xFC, 0x00, 0x03, 0xFF, 0xE0, 0x00, 0xFF, 0xFF, 0x00, 0x3F,
  0xFF, 0xF0, 0x0F, 0xFF, 0xFF, 0x03, 0xFF, 0xFF, 0xE0, 0x7F, 0x99, 0xFE, 0x1F, 0xE3, 0x1F, 0xC3,
  0xF8, 0x63, 0xF8, 0xFF, 0x0C, 0x3F, 0x9F, 0xE1, 0x80, 0x03, 0xFC, 0x30, 0x00, 0x7F, 0x06, 0x00,
  0x0F, 0xE0, 0xC0, 0x01, 0xFC, 0x18, 0x00, 0x3F, 0xC3, 0x00, 0x07, 0xF8, 0x60, 0x00, 0xFF, 0x0C,
  0x3F, 0x8F, 0xE1, 0x8F, 0xE1, 0xFE, 0x31, 0xFC, 0x1F, 0xE6, 0x7F, 0x83, 0xFF, 0xFF, 0xE0, 0x3F,
  0xFF, 0xFC, 0x03, 0xFF, 0xFF, 0x00, 0x3F, 0xFF, 0xC0, 0x03, 0xFF, 0xE0, 0x00, 0x0F, 0xF0, 0x00,
  0x00, 0x30, 0x00, 0x00, 0x06, 0x00, 0x00, 0x00, 0xC0, 0x00, 0x00, 0x18, 0x00, 0x00, 0x00, 0x0F,
  0xFC, 0x00, 0x00, 0x7F, 0xFE, 0x00, 0x01, 0xFF, 0xFE, 0x00, 0x07, 0xFF, 0xFE, 0x00, 0x1F, 0xFF,
  0xFE, 0x00, 0x3F, 0xFF, 0xFC, 0x00, 0xFF, 0x83, 0xFC, 0x01, 0xFE, 0x03, 0xF8, 0x03, 0xF8, 0x07,
  0xF0, 0x07, 0xF0, 0x0F, 0xE0, 0x0F, 0xE0, 0x00, 0x00, 0x1F, 0xC0, 0x00, 0x00, 0x3F, 0x80, 0x00,
  0x00, 0x7F, 0x00, 0x00, 0x00, 0xFE, 0x00, 0x00, 0x1F, 0xFF, 0xFC, 0x00, 0x3F, 0xFF, 0xF8, 0x00,
  0x7F, 0xFF, 0xF0, 0x00, 0xFF, 0xFF, 0xE0, 0x01, 0xFF, 0xFF, 0xC0, 0x03, 0xFF, 0xFF, 0x80, 0x00,
  0x7F, 0x80, 0x00, 0x00, 0xFF, 0x00, 0x00, 0x00, 0xFE, 0x00, 0x00, 0x01, 0xFC, 0x00, 0x00, 0x03,
  0xF8, 0x00, 0x00, 0x0F, 0xF0, 0x00, 0x00, 0x1F, 0xC0, 0x00, 0x00, 0x3F, 0x80, 0x00, 0x03, 0xFF,
  0xFF, 0xFE, 0x07, 0xFF, 0xFF, 0xFC, 0x0F, 0xFF, 0xFF, 0xF8, 0x1F, 0xFF, 0xFF, 0xF0, 0x3F, 0xFF,
  0xFF, 0xE0, 0x7F, 0xFF, 0xFF, 0xC0, 0x00, 0x00, 0x00, 0x00, 0x04, 0x00, 0x00, 0x04, 0x00, 0xC0,
  0x7F, 0x01, 0xC0, 0x3C, 0x7F, 0xFC, 0x7C, 0x1F, 0xDF, 0xFF, 0xFF, 0xC1, 0xFF, 0xFF, 0xFF, 0xF0,
  0x1F, 0xFF, 0x7F, 0xFC, 0x01, 0xFE, 0x00, 0xFF, 0x00, 0x1F, 0x80, 0x07, 0xC0, 0x07, 0xC0, 0x00,
  0x7C, 0x00, 0xF8, 0x00, 0x07, 0xC0, 0x3E, 0x00, 0x00, 0xF8, 0x07, 0x80, 0x00, 0x0F, 0x00, 0xF0,
  0x00, 0x01, 0xF0, 0x3E, 0x00, 0x00, 0x3E, 0x07, 0xC0, 0x00, 0x07, 0xC0, 0xF8, 0x00, 0x00, 0x78,
  0x1F, 0x00, 0x00, 0x1F, 0x03, 0xE0, 0x00, 0x03, 0xE0, 0x7C, 0x00, 0x00, 0x7C, 0x07, 0x80, 0x00,
  0x0F, 0x00, 0xF8, 0x00, 0x03, 0xE0, 0x1F, 0x00, 0x00, 0x7C, 0x01, 0xF0, 0x00, 0x1F, 0x00, 0x3F,
  0x00, 0x07, 0xE0, 0x07, 0xF0, 0x01, 0xFC, 0x01, 0xFF, 0x80, 0xFF, 0xC0, 0x7F, 0xFF, 0xFF, 0xFC,
  0x1F, 0xFF, 0xFF, 0xFF, 0xC0, 0xF3, 0xFF, 0xF9, 0xF0, 0x0C, 0x1F, 0xFC, 0x1C, 0x01, 0x00, 0x00,
  0x01, 0x00, 0xFF, 0x00, 0x3F, 0xC7, 0xF0, 0x03, 0xF8, 0x7F, 0x00, 0x7F, 0x87, 0xF8, 0x07, 0xF0,
  0x3F, 0x80, 0x7F, 0x03, 0xFC, 0x0F, 0xF0, 0x1F, 0xC0, 0xFE, 0x01, 0xFE, 0x1F, 0xE0, 0x0F, 0xE1,
  0xFC, 0x00, 0xFE, 0x1F, 0xC0, 0x07, 0xF3, 0xF8, 0x00, 0x7F, 0x3F, 0x80, 0x03, 0xFF, 0xF0, 0x00,
  0x3F, 0xFF, 0x00, 0x03, 0xFF, 0xE0, 0x00, 0x1F, 0xFE, 0x00, 0x01, 0xFF, 0xC0, 0x03, 0xFF, 0xFF,
  0xE0, 0x3F, 0xFF, 0xFE, 0x03, 0xFF, 0xFF, 0xE0, 0x3F, 0xFF, 0xFE, 0x00, 0x07, 0xF8, 0x00, 0x00,
  0x7F, 0x80, 0x00, 0x07, 0xF8, 0x00, 0x3F, 0xFF, 0xFE, 0x03, 0xFF, 0xFF, 0xE0, 0x3F, 0xFF, 0xFE,
  0x03, 0xFF, 0xFF, 0xE0, 0x00, 0x7F, 0x80, 0x00, 0x07, 0xF8, 0x00, 0x00, 0x7F, 0x80, 0x00, 0x07,
  0xF8, 0x00, 0x00, 0x7F, 0x80, 0x00, 0x07, 0xF8, 0x00, 0x00, 0x7F, 0x80, 0x00, 0x0F, 0xE0, 0x1F,
  0xC0, 0x3F, 0x80, 0x7F, 0x00, 0xFE, 0x01, 0xFC, 0x03, 0xF8, 0x07, 0xF0, 0x0F, 0xE0, 0x1F, 0xC0,
  0x3F, 0x80, 0x7F, 0x00, 0xFE, 0x01, 0xFC, 0x03, 0xF8, 0x07, 0xF0, 0x00, 0x00, 0x00, 0x00, 0x00,
  0x00, 0x00, 0x00, 0x00, 0x00, 0x00, 0x00, 0x00, 0x00, 0x00, 0x00, 0x00, 0x1F, 0xC0, 0x3F, 0x80,
  0x7F, 0x00, 0xFE, 0x01, 0xFC, 0x03, 0xF8, 0x07, 0xF0, 0x0F, 0xE0, 0x1F, 0xC0, 0x3F, 0x80, 0x7F,
  0x00, 0xFE, 0x01, 0xFC, 0x03, 0xF8, 0x07, 0xF0, 0x0F, 0xE0, 0x1F, 0xC0, 0x00, 0x7F, 0xC0, 0x00,
  0x3F, 0xFE, 0x00, 0x0F, 0xFF, 0xE0, 0x03, 0xFF, 0xFE, 0x00, 0xFF, 0xFF, 0xC0, 0x1F, 0xFF, 0xFC,
  0x03, 0xF8, 0x3F, 0x80, 0xFE, 0x03, 0xF0, 0x1F, 0xC0, 0x7E, 0x03, 0xF8, 0x00, 0x00, 0x3F, 0x80,
  0x00, 0x07, 0xFC, 0x00, 0x00, 0x7F, 0xE0, 0x00, 0x0F, 0xFF, 0x00, 0x00, 0xFF, 0xFC, 0x00, 0x7F,
  0xFF, 0xC0, 0x1F, 0xFF, 0xFE, 0x07, 0xF3, 0xFF, 0xE0, 0xFC, 0x0F, 0xFC, 0x1F, 0x80, 0x7F, 0xC3,
  0xF0, 0x03, 0xF8, 0x7F, 0x80, 0x3F, 0x0F, 0xFC, 0x07, 0xE0, 0xFF, 0xE0, 0xFC, 0x0F, 0xFF, 0x3F,
  0x00, 0xFF, 0xFF, 0xE0, 0x0F, 0xFF, 0xF0, 0x00, 0x7F, 0xFC, 0x00, 0x03, 0xFF, 0xC0, 0x00, 0x1F,
  0xFC, 0x00, 0x00, 0x7F, 0x80, 0x00, 0x07, 0xF0, 0x00, 0x00, 0x7E, 0x03, 0xF0, 0x0F, 0xE0, 0x7F,
  0x01, 0xF8, 0x0F, 0xF0, 0x7F, 0x00, 0xFF, 0xFF, 0xE0, 0x1F, 0xFF, 0xFC, 0x01, 0xFF, 0xFF, 0x00,
  0x1F, 0xFF, 0xC0, 0x01, 0xFF, 0xF0, 0x00, 0x0F, 0xF0, 0x00, 0x00, 0x00, 0x00, 0x00, 0x00, 0x00,
  0x00, 0x03, 0x00, 0xC0, 0x0F, 0xC1, 0xF0, 0x1F, 0xC3, 0xF8, 0x1F, 0xC3, 0xF8, 0x1F, 0xC3, 0xF8,
  0x0F, 0xC3, 0xF0, 0x07, 0x81, 0xE0, 0x00, 0x00, 0x00, 0x00, 0x00, 0x00, 0x00, 0x00, 0x00, 0x00,
  0x00, 0x00, 0x00, 0x00, 0x00, 0x00, 0x00, 0x00, 0x00, 0x00, 0x00, 0x00, 0x00, 0x00, 0x00, 0x00,
  0x00, 0x00, 0x00, 0x00, 0x00, 0x00, 0x00, 0x00, 0x00, 0x00, 0x00, 0x00, 0x00, 0x00, 0x00, 0x00,
  0x00, 0x00, 0x00, 0x00, 0x00, 0x00, 0x00, 0x00, 0x00, 0x00, 0x00, 0x00, 0x00, 0x00, 0x00, 0x00,
  0x00, 0x00, 0x00, 0x00, 0x00, 0x00, 0x00, 0x00, 0x00, 0x00, 0x00, 0x00, 0x00, 0x00, 0x00, 0x00,
  0x00, 0x00, 0x00, 0x00, 0x00, 0x00, 0x00, 0x00, 0x00, 0x00, 0x00, 0x00, 0x00, 0x00, 0x00, 0x00,
  0x00, 0x01, 0xFF, 0xE0, 0x00, 0x00, 0x01, 0xFF, 0xFE, 0x00, 0x00, 0x01, 0xFF, 0xFF, 0xE0, 0x00,
  0x00, 0xFF, 0xFF, 0xFC, 0x00, 0x00, 0x7F, 0xFF, 0xFF, 0xC0, 0x00, 0x3F, 0xF8, 0x3F, 0xF8, 0x00,
  0x1F, 0xF0, 0x01, 0xFE, 0x00, 0x0F, 0xF0, 0x00, 0x3F, 0xC0, 0x03, 0xF8, 0x3F, 0x83, 0xF8, 0x01,
  0xFC, 0x3F, 0xF8, 0xFE, 0x00, 0x7E, 0x1F, 0xFF, 0x1F, 0xC0, 0x3F, 0x0F, 0xFF, 0xE3, 0xF0, 0x0F,
  0xC7, 0xFF, 0xF8, 0xFC, 0x03, 0xF1, 0xF8, 0x3F, 0x1F, 0x81, 0xF8, 0xFC, 0x07, 0xC7, 0xE0, 0x7E,
  0x3E, 0x01, 0xF1, 0xF8, 0x1F, 0x8F, 0x80, 0x00, 0x7E, 0x07, 0xE3, 0xE0, 0x00, 0x1F, 0x81, 0xF8,
  0xF8, 0x00, 0x07, 0xE0, 0x7E, 0x3E, 0x01, 0xF1, 0xF8, 0x1F, 0x8F, 0xC0, 0x7C, 0x7E, 0x03, 0xE1,
  0xF8, 0x3F, 0x1F, 0x80, 0xFC, 0x7F, 0xFF, 0x8F, 0xC0, 0x3F, 0x0F, 0xFF, 0xE3, 0xF0, 0x07, 0xE1,
  0xFF, 0xF1, 0xFC, 0x01, 0xFC, 0x3F, 0xF8, 0x7E, 0x00, 0x7F, 0x83, 0xF8, 0x3F, 0x80, 0x0F, 0xF0,
  0x00, 0x3F, 0xC0, 0x01, 0xFF, 0x00, 0x1F, 0xE0, 0x00, 0x3F, 0xF0, 0x3F, 0xF8, 0x00, 0x07, 0xFF,
  0xFF, 0xFC, 0x00, 0x00, 0xFF, 0xFF, 0xFE, 0x00, 0x00, 0x1F, 0xFF, 0xFE, 0x00, 0x00, 0x01, 0xFF,
  0xFF, 0x00, 0x00, 0x00, 0x1F, 0xFE, 0x00, 0x00, 0x00, 0x00, 0x30, 0x00, 0x00, 0x00, 0x00, 0x00,
  0x00, 0x00, 0x00, 0x00, 0x30, 0x00, 0x0F, 0xF8, 0x00, 0x7F, 0xF8, 0x03, 0xFF, 0xE0, 0x0F, 0x87,
  0xC0, 0x3C, 0x0F, 0x00, 0x00, 0x3C, 0x00, 0x00, 0xF0, 0x01, 0xFF, 0xC0, 0x1F, 0xFF, 0x00, 0xFF,
  0xFC, 0x07, 0xC0, 0xF0, 0x1F, 0x03, 0xC0, 0x78, 0x0F, 0x01, 0xF0, 0x7C, 0x03, 0xFF, 0xF0, 0x0F,
  0xFF, 0xC0, 0x1F, 0xEF, 0x00, 0x1E, 0x02, 0x00, 0x00, 0x00, 0x00, 0x00, 0x00, 0x00, 0x00, 0x00,
  0x00, 0x00, 0x00, 0x00, 0x00, 0x00, 0x00, 0x00, 0x00, 0x00, 0x00, 0x00, 0x00, 0x00, 0x00, 0x00,
  0x00, 0x00, 0x00, 0x00, 0x00, 0x00, 0x00, 0x00, 0x00, 0x00, 0x00, 0x00, 0x00, 0x00, 0x00, 0x00,
  0x00, 0x00, 0x00, 0x00, 0x00, 0x7E, 0x07, 0xE0, 0x07, 0xF0, 0x7F, 0x00, 0x7F, 0x07, 0xF0, 0x03,
  0xF8, 0x3F, 0x00, 0x3F, 0x83, 0xF8, 0x03, 0xF8, 0x3F, 0x80, 0x1F, 0xC1, 0xF8, 0x01, 0xFC, 0x1F,
  0xC0, 0x1F, 0xC1, 0xFC, 0x00, 0xFE, 0x0F, 0xE0, 0x0F, 0xE0, 0xFE, 0x00, 0x7F, 0x07, 0xF0, 0x01,
  0xFC, 0x1F, 0xC0, 0x07, 0xF0, 0x7F, 0x00, 0x3F, 0x83, 0xF8, 0x00, 0xFE, 0x0F, 0xE0, 0x03, 0xF8,
  0x3F, 0x00, 0x1F, 0xC1, 0xFC, 0x00, 0x7F, 0x07, 0xF0, 0x01, 0xF8, 0x1F, 0x80, 0x0F, 0xE0, 0xFE,
  0x00, 0x00, 0x00, 0x00, 0x00, 0x00, 0x00, 0x00, 0x00, 0x00, 0x00, 0x00, 0x00, 0x00, 0x00, 0x1F,
  0xFF, 0xFE, 0x07, 0xFF, 0xFF, 0x81, 0xFF, 0xFF, 0xE0, 0x7F, 0xFF, 0xF8, 0x00, 0x00, 0x3E, 0x00,
  0x00, 0x0F, 0x80, 0x00, 0x03, 0xE0, 0x00, 0x00, 0xF8, 0x00, 0x00, 0x3E, 0x00, 0x00, 0x0F, 0x80,
  0x00, 0x00, 0x00, 0x00, 0x00, 0x00, 0x00, 0x00, 0x00, 0x00, 0x00, 0x00, 0x00, 0x00, 0x00, 0x00,
  0x00, 0x00, 0x00, 0x00, 0x00, 0x00, 0x00, 0x00, 0x00, 0x00, 0x00, 0x00, 0x00, 0x00, 0x3F, 0xF0,
  0x00, 0x03, 0xFF, 0xF0, 0x00, 0x1F, 0xFF, 0xF0, 0x00, 0xFE, 0x1F, 0xE0, 0x07, 0xC0, 0x0F, 0xC0,
  0x3E, 0x00, 0x0F, 0x01, 0xF0, 0x00, 0x1E, 0x07, 0x8F, 0xF8, 0x78, 0x3C, 0x3F, 0xF0, 0xF0, 0xF0,
  0xE3, 0xC3, 0xC3, 0x83, 0x87, 0x87, 0x0E, 0x0E, 0x1E, 0x1E, 0x38, 0x38, 0xF0, 0x79, 0xE0, 0xFF,
  0xC1, 0xE3, 0x83, 0xFE, 0x07, 0x8E, 0x0E, 0x38, 0x1E, 0x3C, 0x38, 0xF0, 0x70, 0xF0, 0xE1, 0xC3,
  0xC1, 0xE3, 0x87, 0x8F, 0x07, 0x80, 0x00, 0x78, 0x0F, 0x00, 0x03, 0xE0, 0x3E, 0x00, 0x1F, 0x00,
  0x7E, 0x01, 0xF8, 0x00, 0xFF, 0xFF, 0xC0, 0x01, 0xFF, 0xFE, 0x00, 0x01, 0xFF, 0xE0, 0x00, 0x00,
  0xFC, 0x00, 0x00, 0x00, 0x00, 0x00, 0x00, 0x00, 0x00, 0x00, 0x00, 0x00, 0x00, 0x00, 0x00, 0x00,
  0x00, 0x00, 0x00, 0x00, 0x00, 0x00, 0x00, 0x00, 0x00, 0x00, 0x00, 0x00, 0x00, 0x00, 0x00, 0x00,
  0x00, 0x00, 0x00, 0x00, 0x0F, 0xFF, 0xF8, 0x03, 0xFF, 0xFE, 0x00, 0xFF, 0xFF, 0x80, 0x3F, 0xFF,
  0xE0, 0x00, 0x00, 0x00, 0x00, 0x00, 0x00, 0x00, 0x00, 0x00, 0x00, 0x00, 0x00, 0x00, 0x00, 0x00,
  0x00, 0x00, 0x00, 0x00, 0x00, 0x00, 0x00, 0x00, 0x00, 0x00, 0x00, 0x00, 0x00, 0x00, 0x00, 0x00,
  0x00, 0x00, 0x00, 0x00, 0x00, 0x00, 0x00, 0x00, 0x00, 0x00, 0x00, 0x00, 0x00, 0x00, 0x00, 0x00,
  0x00, 0x00, 0x00, 0x00, 0x00, 0x00, 0x00, 0x00, 0x00, 0x00, 0x00, 0x00, 0x00, 0x00, 0x00, 0x00,
  0x00, 0x00, 0x00, 0x00, 0x00, 0x00, 0x00, 0x00, 0x00, 0x00, 0x00, 0x00, 0x00, 0x00, 0x00, 0x00,
  0x00, 0x00, 0x00, 0x00, 0x00, 0x00, 0x00, 0x00, 0x00, 0x00, 0x00, 0x00, 0x00, 0x00, 0x00, 0x00,
  0x00, 0x00, 0x00, 0x00, 0x00, 0x00, 0x01, 0xFC, 0x00, 0x7F, 0xE0, 0x0F, 0xFF, 0x01, 0xFF, 0xF8,
  0x1F, 0xFF, 0xC3, 0xF0, 0xFC, 0x3E, 0x07, 0xC3, 0xE0, 0x3E, 0x3E, 0x03, 0xE3, 0xE0, 0x3E, 0x3F,
  0x07, 0xC1, 0xF9, 0xFC, 0x1F, 0xFF, 0x80, 0xFF, 0xF8, 0x07, 0xFF, 0x00, 0x3F, 0xC0, 0x00, 0x20,
  0x00, 0x00, 0x00, 0x00, 0x00, 0x00, 0x00, 0x00, 0x00, 0x00, 0x00, 0x00, 0x00, 0x00, 0x00, 0x00,
  0x00, 0x00, 0x00, 0x00, 0x00, 0x00, 0x00, 0x00, 0x00, 0x00, 0x00, 0x00, 0x00, 0x00, 0x00, 0x00,
  0x00, 0x00, 0x00, 0x00, 0x00, 0x00, 0x00, 0x00, 0x00, 0x00, 0x00, 0x00, 0x00, 0x00, 0x00, 0x00,
  0x00, 0x0F, 0xE0, 0x00, 0x00, 0x1F, 0xC0, 0x00, 0x00, 0x3F, 0x80, 0x00, 0x00, 0x7F, 0x00, 0x00,
  0x00, 0xFE, 0x00, 0x00, 0x01, 0xFC, 0x00, 0x03, 0xFF, 0xFF, 0xFC, 0x07, 0xFF, 0xFF, 0xF8, 0x0F,
  0xFF, 0xFF, 0xF0, 0x1F, 0xFF, 0xFF, 0xE0, 0x3F, 0xFF, 0xFF, 0xC0, 0x00, 0x7F, 0x00, 0x00, 0x00,
  0xFE, 0x00, 0x00, 0x01, 0xFC, 0x00, 0x00, 0x03, 0xF8, 0x00, 0x00, 0x07, 0xF0, 0x00, 0x00, 0x0F,
  0xE0, 0x00, 0x00, 0x00, 0x00, 0x00, 0x00, 0x00, 0x00, 0x00, 0x00, 0x00, 0x00, 0x00, 0xFF, 0xFF,
  0xFF, 0x01, 0xFF, 0xFF, 0xFE, 0x03, 0xFF, 0xFF, 0xFC, 0x07, 0xFF, 0xFF, 0xF8, 0x0F, 0xFF, 0xFF,
  0xF0, 0x1F, 0xFF, 0xFF, 0xE0, 0x00, 0x00, 0x00, 0x00, 0x00, 0x00, 0x00, 0x00, 0x01, 0xF0, 0x01,
  0xFF, 0x80, 0x7F, 0xFC, 0x1F, 0xFF, 0xC7, 0xFB, 0xF8, 0xFC, 0x1F, 0x9F, 0x01, 0xF0, 0x00, 0x3E,
  0x00, 0x0F, 0xC0, 0x03, 0xF0, 0x00, 0xFE, 0x00, 0x3F, 0x80, 0x0F, 0xE0, 0x03, 0xF8, 0x01, 0xFC,
  0x00, 0x7F, 0x00, 0x1F, 0xC0, 0x07, 0xFF, 0xF9, 0xFF, 0xFF, 0x3F, 0xFF, 0xE7, 0xFF, 0xFC, 0xFF,
  0xFF, 0x80, 0x00, 0x00, 0x00, 0x00, 0x00, 0x00, 0x00, 0x00, 0x00, 0x00, 0x00, 0x00, 0x00, 0x00,
  0x00, 0x00, 0x00, 0x00, 0x00, 0x00, 0x00, 0x00, 0x00, 0x00, 0x00, 0x00, 0x00, 0x00, 0x00, 0x00,
  0x00, 0x00, 0x00, 0x00, 0x00, 0x00, 0x00, 0x00, 0x00, 0x00, 0x00, 0xF0, 0x00, 0x7F, 0xE0, 0x1F,
  0xFF, 0x03, 0xFF, 0xF8, 0x3F, 0xBF, 0xC7, 0xE0, 0xFC, 0x7C, 0x07, 0xC0, 0x00, 0x7C, 0x00, 0x1F,
  0x80, 0x1F, 0xF0, 0x01, 0xFC, 0x00, 0x1F, 0xF0, 0x01, 0xFF, 0xC0, 0x00, 0xFC, 0x00, 0x07, 0xE7,
  0xC0, 0x7E, 0x7E, 0x07, 0xE7, 0xFF, 0xFC, 0x3F, 0xFF, 0xC1, 0xFF, 0xF8, 0x0F, 0xFF, 0x00, 0x1F,
  0x80, 0x00, 0x00, 0x00, 0x00, 0x00, 0x00, 0x00, 0x00, 0x00, 0x00, 0x00, 0x00, 0x00, 0x00, 0x00,
  0x00, 0x00, 0x00, 0x00, 0x00, 0x00, 0x00, 0x00, 0x00, 0x00, 0x00, 0x00, 0x00, 0x00, 0x00, 0x00,
  0x00, 0x00, 0x00, 0x00, 0x00, 0x00, 0x00, 0x00, 0x00, 0x00, 0x00, 0x00, 0x00, 0x7E, 0x00, 0x07,
  0xE0, 0x00, 0x3F, 0x00, 0x03, 0xF0, 0x00, 0x1F, 0x00, 0x01, 0xF8, 0x00, 0x0F, 0x80, 0x00, 0xF8,
  0x00, 0x00, 0x00, 0x00, 0x00, 0x00, 0x00, 0x00, 0x00, 0x00, 0x00, 0x00, 0x00, 0x00, 0x00, 0x00,
  0x00, 0x00, 0x00, 0x00, 0x00, 0x00, 0x00, 0x00, 0x00, 0x00, 0x00, 0x00, 0x00, 0x00, 0x00, 0x00,
  0x00, 0x00, 0x00, 0x00, 0x00, 0x00, 0x00, 0x00, 0x00, 0x00, 0x00, 0x00, 0x00, 0x00, 0x00, 0x00,
  0x00, 0x00, 0x00, 0x00, 0x00, 0x00, 0x00, 0x00, 0x00, 0x00, 0x00, 0x00, 0x00, 0x00, 0x00, 0x00,
  0x00, 0x00, 0x00, 0x00, 0x00, 0x00, 0x00, 0x00, 0x00, 0x00, 0x00, 0x00, 0x00, 0x00, 0x3F, 0x80,
  0x07, 0xF0, 0xFE, 0x00, 0x1F, 0xC3, 0xF8, 0x00, 0x7F, 0x0F, 0xE0, 0x01, 0xFC, 0x3F, 0x80, 0x07,
  0xF0, 0xFE, 0x00, 0x1F, 0xC3, 0xF8, 0x00, 0x7F, 0x0F, 0xE0, 0x01, 0xFC, 0x3F, 0x80, 0x07, 0xF0,
  0xFE, 0x00, 0x1F, 0xC3, 0xF8, 0x00, 0x7F, 0x0F, 0xE0, 0x01, 0xFC, 0x3F, 0x80, 0x07, 0xF0, 0xFE,
  0x00, 0x1F, 0xC3, 0xF8, 0x00, 0x7F, 0x0F, 0xE0, 0x01, 0xFC, 0x3F, 0xC0, 0x07, 0xF0, 0xFF, 0x00,
  0x3F, 0xC3, 0xFE, 0x00, 0xFF, 0x0F, 0xFC, 0x0F, 0xFC, 0x3F, 0xFF, 0xFF, 0xF0, 0xFF, 0xFF, 0xFF,
  0xC3, 0xFF, 0xFF, 0xFF, 0x0F, 0xEF, 0xFD, 0xFC, 0x3F, 0x9F, 0xE7, 0xF0, 0xFE, 0x1F, 0x1F, 0xC3,
  0xF8, 0x00, 0x00, 0x0F, 0xE0, 0x00, 0x00, 0x3F, 0x80, 0x00, 0x00, 0xFE, 0x00, 0x00, 0x03, 0xF8,
  0x00, 0x00, 0x0F, 0xE0, 0x00, 0x00, 0x3F, 0x80, 0x00, 0x00, 0xFE, 0x00, 0x00, 0x03, 0xF8, 0x00,
  0x00, 0x0F, 0xE0, 0x00, 0x00, 0x00, 0x00, 0x00, 0x00, 0x00, 0x3F, 0xFF, 0x80, 0x1F, 0xFF, 0xF8,
  0x07, 0xFF, 0xFF, 0x80, 0xFF, 0xFF, 0xF8, 0x1F, 0xFF, 0xFF, 0x81, 0xFF, 0xFF, 0xF8, 0x3F, 0xFE,
  0x0F, 0x83, 0xFF, 0xE0, 0xF8, 0x3F, 0xFE, 0x0F, 0x83, 0xFF, 0xE0, 0xF8, 0x3F, 0xFE, 0x0F, 0x83,
  0xFF, 0xE0, 0xF8, 0x3F, 0xFE, 0x0F, 0x83, 0xFF, 0xE0, 0xF8, 0x3F, 0xFE, 0x0F, 0x83, 0xFF, 0xE0,
  0xF8, 0x1F, 0xFE, 0x0F, 0x81, 0xFF, 0xE0, 0xF8, 0x0F, 0xFE, 0x0F, 0x80, 0x7F, 0xE0, 0xF8, 0x01,
  0xFE, 0x0F, 0x80, 0x07, 0xE0, 0xF8, 0x00, 0x00, 0x0F, 0x80, 0x00, 0x00, 0xF8, 0x00, 0x00, 0x0F,
  0x80, 0x00, 0x00, 0xF8, 0x00, 0x00, 0x0F, 0x80, 0x00, 0x00, 0xF8, 0x00, 0x00, 0x0F, 0x80, 0x00,
  0x00, 0xF8, 0x00, 0x00, 0x0F, 0x80, 0x00, 0x00, 0xF8, 0x00, 0x00, 0x0F, 0x80, 0x00, 0x00, 0xF8,
  0x00, 0x00, 0x0F, 0x80, 0x03, 0x80, 0x1F, 0x80, 0x3F, 0x80, 0xFF, 0x01, 0xFE, 0x03, 0xFC, 0x03,
  0xF8, 0x03, 0xE0, 0x00, 0x00, 0x00, 0x00, 0x00, 0x00, 0x00, 0x00, 0x00, 0x00, 0x00, 0x00, 0x00,
  0x00, 0x00, 0x00, 0x00, 0x00, 0x00, 0x00, 0x00, 0x00, 0x00, 0x03, 0xC0, 0x03, 0xC0, 0x03, 0xF0,
  0x01, 0xF8, 0x00, 0x7C, 0x00, 0x7C, 0x00, 0x7C, 0x01, 0xF8, 0x07, 0xF8, 0x07, 0xE0, 0x07, 0x80,
  0x00, 0x00, 0x00, 0x00, 0x07, 0xE0, 0x7F, 0x83, 0xFE, 0x1F, 0xF8, 0x7F, 0xE1, 0xCF, 0x86, 0x3E,
  0x10, 0xF8, 0x03, 0xE0, 0x0F, 0x80, 0x3E, 0x00, 0xF8, 0x03, 0xE0, 0x0F, 0x80, 0x3E, 0x00, 0xF8,
  0x03, 0xE0, 0x0F, 0x80, 0x3E, 0x00, 0xF8, 0x03, 0xE0, 0x00, 0x00, 0x00, 0x00, 0x00, 0x00, 0x00,
  0x00, 0x00, 0x00, 0x00, 0x00, 0x00, 0x00, 0x00, 0x00, 0x00, 0x00, 0x00, 0x00, 0x00, 0x00, 0x00,
  0x00, 0x00, 0x00, 0x00, 0x00, 0x00, 0x00, 0x00, 0x00, 0x00, 0x38, 0x00, 0x0F, 0xF8, 0x00, 0x7F,
  0xF8, 0x03, 0xFF, 0xF0, 0x1F, 0x87, 0xC0, 0x7C, 0x0F, 0x81, 0xE0, 0x1E, 0x07, 0x80, 0x78, 0x1E,
  0x01, 0xE0, 0x78, 0x07, 0x83, 0xE0, 0x1E, 0x07, 0x80, 0x78, 0x1E, 0x01, 0xE0, 0x78, 0x0F, 0x81,
  0xF0, 0x7C, 0x03, 0xFF, 0xF0, 0x07, 0xFF, 0x80, 0x0F, 0xFC, 0x00, 0x0F, 0x80, 0x00, 0x00, 0x00,
  0x00, 0x00, 0x00, 0x00, 0x00, 0x00, 0x00, 0x00, 0x00, 0x00, 0x00, 0x00, 0x00, 0x00, 0x00, 0x00,
  0x00, 0x00, 0x00, 0x00, 0x00, 0x00, 0x00, 0x00, 0x00, 0x00, 0x00, 0x00, 0x00, 0x00, 0x00, 0x00,
  0x00, 0x00, 0x00, 0x00, 0x00, 0x00, 0x00, 0x00, 0x00, 0x00, 0x3F, 0x07, 0xF0, 0x01, 0xFC, 0x1F,
  0xC0, 0x07, 0xF0, 0x7F, 0x00, 0x1F, 0x83, 0xF8, 0x00, 0xFE, 0x0F, 0xE0, 0x03, 0xF8, 0x3F, 0x80,
  0x1F, 0xC1, 0xFC, 0x00, 0x7F, 0x07, 0xF0, 0x01, 0xFC, 0x1F, 0xC0, 0x0F, 0xE0, 0xFE, 0x00, 0x3F,
  0x83, 0xF8, 0x01, 0xFC, 0x1F, 0xC0, 0x1F, 0xC1, 0xFC, 0x01, 0xFC, 0x1F, 0xC0, 0x0F, 0xE0, 0xFE,
  0x00, 0xFE, 0x0F, 0xE0, 0x07, 0xE0, 0xFE, 0x00, 0x7F, 0x07, 0xF0, 0x07, 0xF0, 0x7F, 0x00, 0x3F,
  0x03, 0xF0, 0x03, 0xF8, 0x7F, 0x80, 0x00, 0x00, 0x00, 0x00, 0x00, 0x00, 0x00, 0x00, 0x00, 0x00,
  0x00, 0x00, 0x00, 0x00, 0x00, 0x07, 0xC0, 0x00, 0x07, 0x80, 0x07, 0xE0, 0x00, 0x07, 0x80, 0x0F,
  0xF0, 0x00, 0x07, 0xC0, 0x0F, 0xF8, 0x00, 0x03, 0xC0, 0x07, 0xFC, 0x00, 0x03, 0xC0, 0x03, 0xBE,
  0x00, 0x03, 0xE0, 0x01, 0x9F, 0x00, 0x01, 0xE0, 0x00, 0x8F, 0x80, 0x01, 0xE0, 0x00, 0x07, 0xC0,
  0x01, 0xF0, 0x00, 0x03, 0xE0, 0x01, 0xF0, 0x00, 0x01, 0xF0, 0x00, 0xF0, 0x00, 0x00, 0xF8, 0x00,
  0xF8, 0x00, 0x00, 0x7C, 0x00, 0xF8, 0x00, 0x00, 0x3E, 0x00, 0x78, 0x00, 0x00, 0x1F, 0x00, 0x7C,
  0x00, 0x00, 0x0F, 0x80, 0x7C, 0x00, 0x00, 0x07, 0xC0, 0x3C, 0x01, 0xFC, 0x03, 0xE0, 0x3C, 0x00,
  0xFE, 0x01, 0xF0, 0x3E, 0x00, 0xFF, 0x00, 0x00, 0x1E, 0x00, 0xFF, 0x80, 0x00, 0x1E, 0x00, 0x7F,
  0xC0, 0x00, 0x1F, 0x00, 0x7F, 0xE0, 0x00, 0x0F, 0x00, 0x7D, 0xF0, 0x00, 0x0F, 0x00, 0x7C, 0xF8,
  0x00, 0x0F, 0x80, 0x3E, 0x7C, 0x00, 0x0F, 0x80, 0x3E, 0x3E, 0x00, 0x07, 0x80, 0x3E, 0x1F, 0x00,
  0x07, 0xC0, 0x3E, 0x0F, 0x80, 0x07, 0xC0, 0x1F, 0xFF, 0xF0, 0x03, 0xC0, 0x0F, 0xFF, 0xF8, 0x03,
  0xE0, 0x07, 0xFF, 0xFC, 0x03, 0xE0, 0x03, 0xFF, 0xFE, 0x01, 0xE0, 0x00, 0x00, 0x7C, 0x01, 0xE0,
  0x00, 0x00, 0x3E, 0x01, 0xF0, 0x00, 0x00, 0x1F, 0x00, 0x07, 0xC0, 0x00, 0x07, 0x80, 0x03, 0xF0,
  0x00, 0x03, 0xC0, 0x03, 0xFC, 0x00, 0x01, 0xF0, 0x01, 0xFF, 0x00, 0x00, 0x78, 0x00, 0x7F, 0xC0,
  0x00, 0x3C, 0x00, 0x1D, 0xF0, 0x00, 0x1F, 0x00, 0x06, 0x7C, 0x00, 0x07, 0x80, 0x01, 0x1F, 0x00,
  0x03, 0xC0, 0x00, 0x07, 0xC0, 0x01, 0xF0, 0x00, 0x01, 0xF0, 0x00, 0xF8, 0x00, 0x00, 0x7C, 0x00,
  0x3C, 0x00, 0x00, 0x1F, 0x00, 0x1F, 0x00, 0x00, 0x07, 0xC0, 0x0F, 0x80, 0x00, 0x01, 0xF0, 0x03,
  0xC0, 0x00, 0x00, 0x7C, 0x01, 0xF0, 0x00, 0x00, 0x1F, 0x00, 0xF8, 0x00, 0x00, 0x07, 0xC0, 0x3C,
  0x01, 0xF0, 0x01, 0xF0, 0x1E, 0x01, 0xFF, 0x80, 0x7C, 0x0F, 0x80, 0xFF, 0xF0, 0x00, 0x03, 0xC0,
  0x7F, 0xFE, 0x00, 0x01, 0xE0, 0x1F, 0x0F, 0x80, 0x00, 0xF8, 0x0F, 0x81, 0xF0, 0x00, 0x3C, 0x00,
  0x00, 0x7C, 0x00, 0x1E, 0x00, 0x00, 0x1E, 0x00, 0x0F, 0x80, 0x00, 0x0F, 0x80, 0x07, 0xC0, 0x00,
  0x07, 0xC0, 0x01, 0xE0, 0x00, 0x07, 0xF0, 0x00, 0xF8, 0x00, 0x03, 0xF8, 0x00, 0x7C, 0x00, 0x01,
  0xF8, 0x00, 0x1E, 0x00, 0x01, 0xFC, 0x00, 0x0F, 0x80, 0x00, 0xFC, 0x00, 0x07, 0xC0, 0x00, 0x7F,
  0xFF, 0x01, 0xE0, 0x00, 0x1F, 0xFF, 0xC0, 0xF0, 0x00, 0x07, 0xFF, 0xF0, 0x7C, 0x00, 0x01, 0xFF,
  0xFC, 0x03, 0xF0, 0x00, 0x00, 0x7C, 0x00, 0x7F, 0xE0, 0x00, 0x07, 0xC0, 0x0F, 0xFF, 0x80, 0x00,
  0x7C, 0x00, 0x7F, 0xFE, 0x00, 0x03, 0xC0, 0x07, 0xC1, 0xF0, 0x00, 0x3E, 0x00, 0x3E, 0x0F, 0x80,
  0x03, 0xE0, 0x00, 0x00, 0x7C, 0x00, 0x1E, 0x00, 0x00, 0x07, 0xE0, 0x01, 0xE0, 0x00, 0x03, 0xFE,
  0x00, 0x1F, 0x00, 0x00, 0x1F, 0x80, 0x00, 0xF0, 0x00, 0x00, 0xFF, 0x80, 0x0F, 0x00, 0x00, 0x00,
  0x7E, 0x00, 0xF8, 0x00, 0x00, 0x00, 0xF8, 0x07, 0x80, 0x00, 0x00, 0x07, 0xC0, 0x78, 0x00, 0x01,
  0xF0, 0x7E, 0x07, 0xC0, 0x00, 0x0F, 0xFF, 0xF0, 0x7C, 0x00, 0x00, 0x3F, 0xFF, 0x03, 0xC0, 0x0F,
  0xC0, 0xFF, 0xF0, 0x3E, 0x00, 0xFE, 0x03, 0xFE, 0x03, 0xE0, 0x0F, 0xF0, 0x00, 0x00, 0x1E, 0x00,
  0xFF, 0x80, 0x00, 0x01, 0xF0, 0x07, 0xFC, 0x00, 0x00, 0x1F, 0x00, 0x7F, 0xE0, 0x00, 0x00, 0xF0,
  0x07, 0xDF, 0x00, 0x00, 0x0F, 0x00, 0x7C, 0xF8, 0x00, 0x00, 0xF8, 0x03, 0xE7, 0xC0, 0x00, 0x07,
  0x80, 0x3E, 0x3E, 0x00, 0x00, 0x78, 0x03, 0xE1, 0xF0, 0x00, 0x07, 0xC0, 0x1E, 0x0F, 0x80, 0x00,
  0x3C, 0x01, 0xFF, 0xFF, 0x00, 0x03, 0xC0, 0x0F, 0xFF, 0xF8, 0x00, 0x3E, 0x00, 0x7F, 0xFF, 0xC0,
  0x03, 0xE0, 0x03, 0xFF, 0xFE, 0x00, 0x1E, 0x00, 0x00, 0x07, 0xC0, 0x01, 0xF0, 0x00, 0x00, 0x3E,
  0x00, 0x1F, 0x00, 0x00, 0x01, 0xF0, 0x00, 0x1F, 0x00, 0x00, 0x1F, 0xC0, 0x00, 0x0F, 0xF0, 0x00,
  0x07, 0xF8, 0x00, 0x03, 0xFC, 0x00, 0x01, 0xFE, 0x00, 0x00, 0x7E, 0x00, 0x00, 0x1E, 0x00, 0x00,
  0x00, 0x00, 0x00, 0x00, 0x00, 0x00, 0x00, 0x00, 0x00, 0x03, 0xF0, 0x00, 0x01, 0xF8, 0x00, 0x01,
  0xFC, 0x00, 0x00, 0xFE, 0x00, 0x00, 0xFF, 0x00, 0x00, 0xFF, 0x00, 0x00, 0xFF, 0x80, 0x01, 0xFF,
  0x80, 0x01, 0xFF, 0x80, 0x01, 0xFF, 0x80, 0x00, 0xFF, 0x80, 0x00, 0xFF, 0x00, 0x00, 0x7F, 0x80,
  0x00, 0x3F, 0x80, 0x00, 0x3F, 0xC0, 0x3F, 0x9F, 0xE0, 0x1F, 0xC7, 0xF0, 0x0F, 0xE3, 0xFC, 0x0F,
  0xF1, 0xFF, 0x9F, 0xF8, 0xFF, 0xFF, 0xF8, 0x3F, 0xFF, 0xFC, 0x0F, 0xFF, 0xFC, 0x03, 0xFF, 0xF8,
  0x00, 0x7F, 0xF8, 0x00, 0x01, 0xC0, 0x00, 0x00, 0x00, 0x00, 0x00, 0x3F, 0x80, 0x00, 0x00, 0x07,
  0xE0, 0x00, 0x00, 0x01, 0xFC, 0x00, 0x00, 0x00, 0x3F, 0x00, 0x00, 0x00, 0x07, 0xC0, 0x00, 0x00,
  0x01, 0xF8, 0x00, 0x00, 0x00, 0x3E, 0x00, 0x00, 0x00, 0x07, 0xC0, 0x00, 0x00, 0x00, 0x00, 0x00,
  0x00, 0x00, 0x00, 0x00, 0x00, 0x00, 0x00, 0x00, 0x00, 0x00, 0x3F, 0xF0, 0x00, 0x00, 0x0F, 0xFC,
  0x00, 0x00, 0x03, 0xFF, 0x80, 0x00, 0x01, 0xFF, 0xE0, 0x00, 0x00, 0x7F, 0xF8, 0x00, 0x00, 0x1F,
  0xFF, 0x00, 0x00, 0x0F, 0xFF, 0xC0, 0x00, 0x03, 0xFF, 0xF0, 0x00, 0x01, 0xFF, 0xFE, 0x00, 0x00,
  0x7F, 0xBF, 0x80, 0x00, 0x1F, 0xCF, 0xF0, 0x00, 0x0F, 0xF3, 0xFC, 0x00, 0x03, 0xFC, 0x7F, 0x00,
  0x00, 0xFE, 0x1F, 0xE0, 0x00, 0x7F, 0x87, 0xF8, 0x00, 0x1F, 0xE0, 0xFE, 0x00, 0x07, 0xF0, 0x3F,
  0xC0, 0x03, 0xFC, 0x0F, 0xF0, 0x00, 0xFF, 0x01, 0xFC, 0x00, 0x3F, 0x80, 0x7F, 0x80, 0x1F, 0xE0,
  0x1F, 0xE0, 0x07, 0xFF, 0xFF, 0xF8, 0x01, 0xFF, 0xFF, 0xFF, 0x00, 0xFF, 0xFF, 0xFF, 0xC0, 0x3F,
  0xFF, 0xFF, 0xF0, 0x0F, 0xFF, 0xFF, 0xFE, 0x07, 0xFF, 0xFF, 0xFF, 0x81, 0xFE, 0x00, 0x0F, 0xE0,
  0x7F, 0x00, 0x03, 0xFC, 0x3F, 0xC0, 0x00, 0xFF, 0x0F, 0xF0, 0x00, 0x1F, 0xC3, 0xF8, 0x00, 0x07,
  0xF9, 0xFE, 0x00, 0x01, 0xFE, 0x7F, 0x80, 0x00, 0x3F, 0xBF, 0xC0, 0x00, 0x0F, 0xF0, 0x00, 0x00,
  0x3F, 0x00, 0x00, 0x00, 0x1F, 0xC0, 0x00, 0x00, 0x07, 0xE0, 0x00, 0x00, 0x03, 0xF0, 0x00, 0x00,
  0x00, 0xFC, 0x00, 0x00, 0x00, 0x7E, 0x00, 0x00, 0x00, 0x1F, 0x00, 0x00, 0x00, 0x0F, 0xC0, 0x00,
  0x00, 0x00, 0x00, 0x00, 0x00, 0x00, 0x00, 0x00, 0x00, 0x00, 0x00, 0x00, 0x00, 0x00, 0x3F, 0xF0,
  0x00, 0x00, 0x0F, 0xFC, 0x00, 0x00, 0x03, 0xFF, 0x80, 0x00, 0x01, 0xFF, 0xE0, 0x00, 0x00, 0x7F,
  0xF8, 0x00, 0x00, 0x1F, 0xFF, 0x00, 0x00, 0x0F, 0xFF, 0xC0, 0x00, 0x03, 0xFF, 0xF0, 0x00, 0x01,
  0xFF, 0xFE, 0x00, 0x00, 0x7F, 0xBF, 0x80, 0x00, 0x1F, 0xCF, 0xF0, 0x00, 0x0F, 0xF3, 0xFC, 0x00,
  0x03, 0xFC, 0x7F, 0x00, 0x00, 0xFE, 0x1F, 0xE0, 0x00, 0x7F, 0x87, 0xF8, 0x00, 0x1F, 0xE0, 0xFE,
  0x00, 0x07, 0xF0, 0x3F, 0xC0, 0x03, 0xFC, 0x0F, 0xF0, 0x00, 0xFF, 0x01, 0xFC, 0x00, 0x3F, 0x80,
  0x7F, 0x80, 0x1F, 0xE0, 0x1F, 0xE0, 0x07, 0xFF, 0xFF, 0xF8, 0x01, 0xFF, 0xFF, 0xFF, 0x00, 0xFF,
  0xFF, 0xFF, 0xC0, 0x3F, 0xFF, 0xFF, 0xF0, 0x0F, 0xFF, 0xFF, 0xFE, 0x07, 0xFF, 0xFF, 0xFF, 0x81,
  0xFE, 0x00, 0x0F, 0xE0, 0x7F, 0x00, 0x03, 0xFC, 0x3F, 0xC0, 0x00, 0xFF, 0x0F, 0xF0, 0x00, 0x1F,
  0xC3, 0xF8, 0x00, 0x07, 0xF9, 0xFE, 0x00, 0x01, 0xFE, 0x7F, 0x80, 0x00, 0x3F, 0xBF, 0xC0, 0x00,
  0x0F, 0xF0, 0x00, 0x03, 0xF0, 0x00, 0x00, 0x01, 0xFE, 0x00, 0x00, 0x00, 0xFF, 0xC0, 0x00, 0x00,
  0x7F, 0xF8, 0x00, 0x00, 0x3F, 0xBF, 0x00, 0x00, 0x0F, 0xC7, 0xE0, 0x00, 0x07, 0xE1, 0xFC, 0x00,
  0x03, 0xF0, 0x3F, 0x80, 0x00, 0x00, 0x00, 0x00, 0x00, 0x00, 0x00, 0x00, 0x00, 0x00, 0x00, 0x00,
  0x00, 0x00, 0x3F, 0xF0, 0x00, 0x00, 0x0F, 0xFC, 0x00, 0x00, 0x03, 0xFF, 0x80, 0x00, 0x01, 0xFF,
  0xE0, 0x00, 0x00, 0x7F, 0xF8, 0x00, 0x00, 0x1F, 0xFF, 0x00, 0x00, 0x0F, 0xFF, 0xC0, 0x00, 0x03,
  0xFF, 0xF0, 0x00, 0x01, 0xFF, 0xFE, 0x00, 0x00, 0x7F, 0xBF, 0x80, 0x00, 0x1F, 0xCF, 0xF0, 0x00,
  0x0F, 0xF3, 0xFC, 0x00, 0x03, 0xFC, 0x7F, 0x00, 0x00, 0xFE, 0x1F, 0xE0, 0x00, 0x7F, 0x87, 0xF8,
  0x00, 0x1F, 0xE0, 0xFE, 0x00, 0x07, 0xF0, 0x3F, 0xC0, 0x03, 0xFC, 0x0F, 0xF0, 0x00, 0xFF, 0x01,
  0xFC, 0x00, 0x3F, 0x80, 0x7F, 0x80, 0x1F, 0xE0, 0x1F, 0xE0, 0x07, 0xFF, 0xFF, 0xF8, 0x01, 0xFF,
  0xFF, 0xFF, 0x00, 0xFF, 0xFF, 0xFF, 0xC0, 0x3F, 0xFF, 0xFF, 0xF0, 0x0F, 0xFF, 0xFF, 0xFE, 0x07,
  0xFF, 0xFF, 0xFF, 0x81, 0xFE, 0x00, 0x0F, 0xE0, 0x7F, 0x00, 0x03, 0xFC, 0x3F, 0xC0, 0x00, 0xFF,
  0x0F, 0xF0, 0x00, 0x1F, 0xC3, 0xF8, 0x00, 0x07, 0xF9, 0xFE, 0x00, 0x01, 0xFE, 0x7F, 0x80, 0x00,
  0x3F, 0xBF, 0xC0, 0x00, 0x0F, 0xF0, 0x00, 0x0F, 0x07, 0x80, 0x00, 0x0F, 0xF1, 0xE0, 0x00, 0x03,
  0xFF, 0xF8, 0x00, 0x01, 0xFF, 0xFE, 0x00, 0x00, 0x78, 0xFF, 0x00, 0x00, 0x1E, 0x1F, 0x80, 0x00,
  0x00, 0x00, 0x00, 0x00, 0x00, 0x00, 0x00, 0x00, 0x00, 0x00, 0x00, 0x00, 0x00, 0x00, 0x00, 0x00,
  0x00, 0x00, 0xFF, 0xC0, 0x00, 0x00, 0x3F, 0xF0, 0x00, 0x00, 0x0F, 0xFE, 0x00, 0x00, 0x07, 0xFF,
  0x80, 0x00, 0x01, 0xFF, 0xE0, 0x00, 0x00, 0x7F, 0xFC, 0x00, 0x00, 0x3F, 0xFF, 0x00, 0x00, 0x0F,
  0xFF, 0xC0, 0x00, 0x07, 0xFF, 0xF8, 0x00, 0x01, 0xFE, 0xFE, 0x00, 0x00, 0x7F, 0x3F, 0xC0, 0x00,
  0x3F, 0xCF, 0xF0, 0x00, 0x0F, 0xF1, 0xFC, 0x00, 0x03, 0xF8, 0x7F, 0x80, 0x01, 0xFE, 0x1F, 0xE0,
  0x00, 0x7F, 0x83, 0xF8, 0x00, 0x1F, 0xC0, 0xFF, 0x00, 0x0F, 0xF0, 0x3F, 0xC0, 0x03, 0xFC, 0x07,
  0xF0, 0x00, 0xFE, 0x01, 0xFE, 0x00, 0x7F, 0x80, 0x7F, 0x80, 0x1F, 0xFF, 0xFF, 0xE0, 0x07, 0xFF,
  0xFF, 0xFC, 0x03, 0xFF, 0xFF, 0xFF, 0x00, 0xFF, 0xFF, 0xFF, 0xC0, 0x3F, 0xFF, 0xFF, 0xF8, 0x1F,
  0xFF, 0xFF, 0xFE, 0x07, 0xF8, 0x00, 0x3F, 0x81, 0xFC, 0x00, 0x0F, 0xF0, 0xFF, 0x00, 0x03, 0xFC,
  0x3F, 0xC0, 0x00, 0x7F, 0x0F, 0xE0, 0x00, 0x1F, 0xE7, 0xF8, 0x00, 0x07, 0xF9, 0xFE, 0x00, 0x00,
  0xFE, 0xFF, 0x00, 0x00, 0x3F, 0xC0, 0x00, 0x18, 0x06, 0x00, 0x00, 0x1F, 0x83, 0xE0, 0x00, 0x07,
  0xE1, 0xFC, 0x00, 0x03, 0xFC, 0x7F, 0x00, 0x00, 0xFE, 0x1F, 0xC0, 0x00, 0x1F, 0x87, 0xE0, 0x00,
  0x03, 0xC0, 0xF8, 0x00, 0x00, 0x00, 0x00, 0x00, 0x00, 0x00, 0x00, 0x00, 0x00, 0x00, 0x00, 0x00,
  0x00, 0x00, 0x00, 0x00, 0x00, 0x00, 0x3F, 0xF0, 0x00, 0x00, 0x0F, 0xFC, 0x00, 0x00, 0x03, 0xFF,
  0x80, 0x00, 0x01, 0xFF, 0xE0, 0x00, 0x00, 0x7F, 0xF8, 0x00, 0x00, 0x1F, 0xFF, 0x00, 0x00, 0x0F,
  0xFF, 0xC0, 0x00, 0x03, 0xFF, 0xF0, 0x00, 0x01, 0xFF, 0xFE, 0x00, 0x00, 0x7F, 0xBF, 0x80, 0x00,
  0x1F, 0xCF, 0xF0, 0x00, 0x0F, 0xF3, 0xFC, 0x00, 0x03, 0xFC, 0x7F, 0x00, 0x00, 0xFE, 0x1F, 0xE0,
  0x00, 0x7F, 0x87, 0xF8, 0x00, 0x1F, 0xE0, 0xFE, 0x00, 0x07, 0xF0, 0x3F, 0xC0, 0x03, 0xFC, 0x0F,
  0xF0, 0x00, 0xFF, 0x01, 0xFC, 0x00, 0x3F, 0x80, 0x7F, 0x80, 0x1F, 0xE0, 0x1F, 0xE0, 0x07, 0xFF,
  0xFF, 0xF8, 0x01, 0xFF, 0xFF, 0xFF, 0x00, 0xFF, 0xFF, 0xFF, 0xC0, 0x3F, 0xFF, 0xFF, 0xF0, 0x0F,
  0xFF, 0xFF, 0xFE, 0x07, 0xFF, 0xFF, 0xFF, 0x81, 0xFE, 0x00, 0x0F, 0xE0, 0x7F, 0x00, 0x03, 0xFC,
  0x3F, 0xC0, 0x00, 0xFF, 0x0F, 0xF0, 0x00, 0x1F, 0xC3, 0xF8, 0x00, 0x07, 0xF9, 0xFE, 0x00, 0x01,
  0xFE, 0x7F, 0x80, 0x00, 0x3F, 0xBF, 0xC0, 0x00, 0x0F, 0xF0, 0x00, 0x01, 0xF0, 0x00, 0x00, 0x01,
  0xFE, 0x00, 0x00, 0x00, 0xFF, 0xC0, 0x00, 0x00, 0x38, 0x70, 0x00, 0x00, 0x0E, 0x1C, 0x00, 0x00,
  0x03, 0x87, 0x00, 0x00, 0x00, 0xF1, 0xC0, 0x00, 0x00, 0x1F, 0xF0, 0x00, 0x00, 0x07, 0xF8, 0x00,
  0x00, 0x00, 0x7C, 0x00, 0x00, 0x00, 0x00, 0x00, 0x00, 0x00, 0x00, 0x00, 0x00, 0x00, 0x0F, 0xFC,
  0x00, 0x00, 0x03, 0xFF, 0x00, 0x00, 0x00, 0xFF, 0xE0, 0x00, 0x00, 0x7F, 0xF8, 0x00, 0x00, 0x1F,
  0xFE, 0x00, 0x00, 0x07, 0xFF, 0xC0, 0x00, 0x03, 0xFF, 0xF0, 0x00, 0x00, 0xFF, 0xFC, 0x00, 0x00,
  0x7F, 0xFF, 0x80, 0x00, 0x1F, 0xEF, 0xE0, 0x00, 0x07, 0xF3, 0xFC, 0x00, 0x03, 0xFC, 0xFF, 0x00,
  0x00, 0xFF, 0x1F, 0xC0, 0x00, 0x3F, 0x87, 0xF8, 0x00, 0x1F, 0xE1, 0xFE, 0x00, 0x07, 0xF8, 0x3F,
  0x80, 0x01, 0xFC, 0x0F, 0xF0, 0x00, 0xFF, 0x03, 0xFC, 0x00, 0x3F, 0xC0, 0x7F, 0x00, 0x0F, 0xE0,
  0x1F, 0xE0, 0x07, 0xF8, 0x07, 0xF8, 0x01, 0xFF, 0xFF, 0xFE, 0x00, 0x7F, 0xFF, 0xFF, 0xC0, 0x3F,
  0xFF, 0xFF, 0xF0, 0x0F, 0xFF, 0xFF, 0xFC, 0x03, 0xFF, 0xFF, 0xFF, 0x81, 0xFF, 0xFF, 0xFF, 0xE0,
  0x7F, 0x80, 0x03, 0xF8, 0x1F, 0xC0, 0x00, 0xFF, 0x0F, 0xF0, 0x00, 0x3F, 0xC3, 0xFC, 0x00, 0x07,
  0xF0, 0xFE, 0x00, 0x01, 0xFE, 0x7F, 0x80, 0x00, 0x7F, 0x9F, 0xE0, 0x00, 0x0F, 0xEF, 0xF0, 0x00,
  0x03, 0xFC, 0x00, 0x00, 0x00, 0x00, 0x00, 0x01, 0xFF, 0xFF, 0xFF, 0xFC, 0x00, 0x01, 0xFF, 0xFF,
  0xFF, 0xFC, 0x00, 0x03, 0xFF, 0xFF, 0xFF, 0xFC, 0x00, 0x03, 0xFF, 0xFF, 0xFF, 0xFC, 0x00, 0x07,
  0xFF, 0xFF, 0xFF, 0xFC, 0x00, 0x07, 0xFF, 0xFF, 0xFF, 0xFC, 0x00, 0x07, 0xFF, 0xFC, 0x00, 0x00,
  0x00, 0x0F, 0xF3, 0xFC, 0x00, 0x00, 0x00, 0x0F, 0xE3, 0xFC, 0x00, 0x00, 0x00, 0x1F, 0xE3, 0xFC,
  0x00, 0x00, 0x00, 0x1F, 0xE3, 0xFC, 0x00, 0x00, 0x00, 0x3F, 0xC3, 0xFC, 0x00, 0x00, 0x00, 0x3F,
  0xC3, 0xFC, 0x00, 0x00, 0x00, 0x3F, 0x83, 0xFC, 0x00, 0x00, 0x00, 0x7F, 0x83, 0xFF, 0xFF, 0xF8,
  0x00, 0x7F, 0x83, 0xFF, 0xFF, 0xF8, 0x00, 0xFF, 0x03, 0xFF, 0xFF, 0xF8, 0x00, 0xFF, 0x03, 0xFF,
  0xFF, 0xF8, 0x01, 0xFE, 0x03, 0xFF, 0xFF, 0xF8, 0x01, 0xFE, 0x03, 0xFF, 0xFF, 0xF8, 0x01, 0xFC,
  0x03, 0xFF, 0xFF, 0xF8, 0x03, 0xFF, 0xFF, 0xFC, 0x00, 0x00, 0x03, 0xFF, 0xFF, 0xFC, 0x00, 0x00,
  0x07, 0xFF, 0xFF, 0xFC, 0x00, 0x00, 0x07, 0xFF, 0xFF, 0xFC, 0x00, 0x00, 0x0F, 0xFF, 0xFF, 0xFC,
  0x00, 0x00, 0x0F, 0xFF, 0xFF, 0xFC, 0x00, 0x00, 0x0F, 0xF0, 0x03, 0xFC, 0x00, 0x00, 0x1F, 0xE0,
  0x03, 0xFC, 0x00, 0x00, 0x1F, 0xE0, 0x03, 0xFF, 0xFF, 0xFC, 0x3F, 0xC0, 0x03, 0xFF, 0xFF, 0xFC,
  0x3F, 0xC0, 0x03, 0xFF, 0xFF, 0xFC, 0x7F, 0xC0, 0x03, 0xFF, 0xFF, 0xFC, 0x7F, 0x80, 0x03, 0xFF,
  0xFF, 0xFC, 0xFF, 0x80, 0x03, 0xFF, 0xFF, 0xFC, 0x00, 0x0F, 0xFF, 0x00, 0x00, 0x07, 0xFF, 0xF8,
  0x00, 0x03, 0xFF, 0xFF, 0xC0, 0x00, 0xFF, 0xFF, 0xFC, 0x00, 0x3F, 0xFF, 0xFF, 0xC0, 0x0F, 0xFF,
  0xFF, 0xFC, 0x01, 0xFF, 0x83, 0xFF, 0x80, 0x7F, 0xC0, 0x0F, 0xF8, 0x1F, 0xF0, 0x00, 0xFF, 0x03,
  0xFC, 0x00, 0x0F, 0xE0, 0x7F, 0x80, 0x01, 0xFE, 0x1F, 0xE0, 0x00, 0x3F, 0xC3, 0xFC, 0x00, 0x00,
  0x00, 0x7F, 0x80, 0x00, 0x00, 0x0F, 0xE0, 0x00, 0x00, 0x01, 0xFC, 0x00, 0x00, 0x00, 0x3F, 0x80,
  0x00, 0x00, 0x07, 0xF0, 0x00, 0x00, 0x00, 0xFE, 0x00, 0x00, 0x00, 0x1F, 0xC0, 0x00, 0x00, 0x03,
  0xF8, 0x00, 0x00, 0x00, 0x7F, 0x00, 0x00, 0x00, 0x0F, 0xF0, 0x00, 0x00, 0x01, 0xFE, 0x00, 0x03,
  0xFC, 0x1F, 0xE0, 0x00, 0x7F, 0x83, 0xFC, 0x00, 0x0F, 0xF0, 0x7F, 0xC0, 0x03, 0xFC, 0x07, 0xFC,
  0x00, 0xFF, 0x80, 0xFF, 0xE0, 0x7F, 0xE0, 0x0F, 0xFF, 0xFF, 0xF8, 0x00, 0xFF, 0xFF, 0xFF, 0x00,
  0x0F, 0xFF, 0xFF, 0xC0, 0x00, 0xFF, 0xFF, 0xF0, 0x00, 0x07, 0xFF, 0xF8, 0x00, 0x00, 0x3F, 0xFC,
  0x00, 0x00, 0x00, 0x70, 0x00, 0x00, 0x00, 0x0F, 0x00, 0x00, 0x00, 0x03, 0xF8, 0x00, 0x00, 0x00,
  0x3F, 0x80, 0x00, 0x00, 0x01, 0xF0, 0x00, 0x00, 0x00, 0x1E, 0x00, 0x00, 0x00, 0x07, 0xC0, 0x00,
  0x00, 0x01, 0xF8, 0x00, 0x00, 0x01, 0xFE, 0x00, 0x00, 0x00, 0x3F, 0x80, 0x00, 0x00, 0x07, 0xC0,
  0x00, 0x00, 0x00, 0x00, 0x00, 0x00, 0x00, 0x00, 0x00, 0x00, 0x01, 0xFC, 0x00, 0x00, 0x0F, 0xC0,
  0x00, 0x00, 0xFC, 0x00, 0x00, 0x07, 0xE0, 0x00, 0x00, 0x3E, 0x00, 0x00, 0x03, 0xF0, 0x00, 0x00,
  0x1F, 0x00, 0x00, 0x00, 0xF8, 0x00, 0x00, 0x00, 0x00, 0x00, 0x00, 0x00, 0x00, 0x00, 0x00, 0x00,
  0x03, 0xFF, 0xFF, 0xFC, 0x3F, 0xFF, 0xFF, 0xC3, 0xFF, 0xFF, 0xFC, 0x3F, 0xFF, 0xFF, 0xC3, 0xFF,
  0xFF, 0xFC, 0x3F, 0xFF, 0xFF, 0xC3, 0xFC, 0x00, 0x00, 0x3F, 0xC0, 0x00, 0x03, 0xFC, 0x00, 0x00,
  0x3F, 0xC0, 0x00, 0x03, 0xFC, 0x00, 0x00, 0x3F, 0xC0, 0x00, 0x03, 0xFC, 0x00, 0x00, 0x3F, 0xC0,
  0x00, 0x03, 0xFF, 0xFF, 0xF8, 0x3F, 0xFF, 0xFF, 0x83, 0xFF, 0xFF, 0xF8, 0x3F, 0xFF, 0xFF, 0x83,
  0xFF, 0xFF, 0xF8, 0x3F, 0xFF, 0xFF, 0x83, 0xFC, 0x00, 0x00, 0x3F, 0xC0, 0x00, 0x03, 0xFC, 0x00,
  0x00, 0x3F, 0xC0, 0x00, 0x03, 0xFC, 0x00, 0x00, 0x3F, 0xC0, 0x00, 0x03, 0xFC, 0x00, 0x00, 0x3F,
  0xC0, 0x00, 0x03, 0xFC, 0x00, 0x00, 0x3F, 0xFF, 0xFF, 0xC3, 0xFF, 0xFF, 0xFC, 0x3F, 0xFF, 0xFF,
  0xC3, 0xFF, 0xFF, 0xFC, 0x3F, 0xFF, 0xFF, 0xC3, 0xFF, 0xFF, 0xFC, 0x00, 0x01, 0xF8, 0x00, 0x00,
  0x3F, 0x80, 0x00, 0x03, 0xF0, 0x00, 0x00, 0x7E, 0x00, 0x00, 0x07, 0xE0, 0x00, 0x00, 0xFC, 0x00,
  0x00, 0x0F, 0x80, 0x00, 0x01, 0xF0, 0x00, 0x00, 0x00, 0x00, 0x00, 0x00, 0x00, 0x00, 0x00, 0x00,
  0x00, 0x03, 0xFF, 0xFF, 0xFC, 0x3F, 0xFF, 0xFF, 0xC3, 0xFF, 0xFF, 0xFC, 0x3F, 0xFF, 0xFF, 0xC3,
  0xFF, 0xFF, 0xFC, 0x3F, 0xFF, 0xFF, 0xC3, 0xFC, 0x00, 0x00, 0x3F, 0xC0, 0x00, 0x03, 0xFC, 0x00,
  0x00, 0x3F, 0xC0, 0x00, 0x03, 0xFC, 0x00, 0x00, 0x3F, 0xC0, 0x00, 0x03, 0xFC, 0x00, 0x00, 0x3F,
  0xC0, 0x00, 0x03, 0xFF, 0xFF, 0xF8, 0x3F, 0xFF, 0xFF, 0x83, 0xFF, 0xFF, 0xF8, 0x3F, 0xFF, 0xFF,
  0x83, 0xFF, 0xFF, 0xF8, 0x3F, 0xFF, 0xFF, 0x83, 0xFC, 0x00, 0x00, 0x3F, 0xC0, 0x00, 0x03, 0xFC,
  0x00, 0x00, 0x3F, 0xC0, 0x00, 0x03, 0xFC, 0x00, 0x00, 0x3F, 0xC0, 0x00, 0x03, 0xFC, 0x00, 0x00,
  0x3F, 0xC0, 0x00, 0x03, 0xFC, 0x00, 0x00, 0x3F, 0xFF, 0xFF, 0xC3, 0xFF, 0xFF, 0xFC, 0x3F, 0xFF,
  0xFF, 0xC3, 0xFF, 0xFF, 0xFC, 0x3F, 0xFF, 0xFF, 0xC3, 0xFF, 0xFF, 0xFC, 0x00, 0x1F, 0x80, 0x00,
  0x03, 0xFC, 0x00, 0x00, 0x7F, 0xE0, 0x00, 0x0F, 0xFF, 0x00, 0x01, 0xFD, 0xF8, 0x00, 0x3F, 0x9F,
  0xC0, 0x03, 0xF0, 0xFE, 0x00, 0xFE, 0x07, 0xF0, 0x00, 0x00, 0x00, 0x00, 0x00, 0x00, 0x00, 0x00,
  0x00, 0x00, 0x03, 0xFF, 0xFF, 0xFC, 0x3F, 0xFF, 0xFF, 0xC3, 0xFF, 0xFF, 0xFC, 0x3F, 0xFF, 0xFF,
  0xC3, 0xFF, 0xFF, 0xFC, 0x3F, 0xFF, 0xFF, 0xC3, 0xFC, 0x00, 0x00, 0x3F, 0xC0, 0x00, 0x03, 0xFC,
  0x00, 0x00, 0x3F, 0xC0, 0x00, 0x03, 0xFC, 0x00, 0x00, 0x3F, 0xC0, 0x00, 0x03, 0xFC, 0x00, 0x00,
  0x3F, 0xC0, 0x00, 0x03, 0xFF, 0xFF, 0xF8, 0x3F, 0xFF, 0xFF, 0x83, 0xFF, 0xFF, 0xF8, 0x3F, 0xFF,
  0xFF, 0x83, 0xFF, 0xFF, 0xF8, 0x3F, 0xFF, 0xFF, 0x83, 0xFC, 0x00, 0x00, 0x3F, 0xC0, 0x00, 0x03,
  0xFC, 0x00, 0x00, 0x3F, 0xC0, 0x00, 0x03, 0xFC, 0x00, 0x00, 0x3F, 0xC0, 0x00, 0x03, 0xFC, 0x00,
  0x00, 0x3F, 0xC0, 0x00, 0x03, 0xFC, 0x00, 0x00, 0x3F, 0xFF, 0xFF, 0xC3, 0xFF, 0xFF, 0xFC, 0x3F,
  0xFF, 0xFF, 0xC3, 0xFF, 0xFF, 0xFC, 0x3F, 0xFF, 0xFF, 0xC3, 0xFF, 0xFF, 0xFC, 0x00, 0xC0, 0x38,
  0x00, 0x3F, 0x07, 0xC0, 0x03, 0xF0, 0xFE, 0x00, 0x7F, 0x0F, 0xE0, 0x07, 0xF0, 0xFE, 0x00, 0x3F,
  0x0F, 0xC0, 0x01, 0xE0, 0x78, 0x00, 0x00, 0x00, 0x00, 0x00, 0x00, 0x00, 0x00, 0x00, 0x00, 0x00,
  0x00, 0x00, 0x00, 0x03, 0xFF, 0xFF, 0xFC, 0x3F, 0xFF, 0xFF, 0xC3, 0xFF, 0xFF, 0xFC, 0x3F, 0xFF,
  0xFF, 0xC3, 0xFF, 0xFF, 0xFC, 0x3F, 0xFF, 0xFF, 0xC3, 0xFC, 0x00, 0x00, 0x3F, 0xC0, 0x00, 0x03,
  0xFC, 0x00, 0x00, 0x3F, 0xC0, 0x00, 0x03, 0xFC, 0x00, 0x00, 0x3F, 0xC0, 0x00, 0x03, 0xFC, 0x00,
  0x00, 0x3F, 0xC0, 0x00, 0x03, 0xFF, 0xFF, 0xF8, 0x3F, 0xFF, 0xFF, 0x83, 0xFF, 0xFF, 0xF8, 0x3F,
  0xFF, 0xFF, 0x83, 0xFF, 0xFF, 0xF8, 0x3F, 0xFF, 0xFF, 0x83, 0xFC, 0x00, 0x00, 0x3F, 0xC0, 0x00,
  0x03, 0xFC, 0x00, 0x00, 0x3F, 0xC0, 0x00, 0x03, 0xFC, 0x00, 0x00, 0x3F, 0xC0, 0x00, 0x03, 0xFC,
  0x00, 0x00, 0x3F, 0xC0, 0x00, 0x03, 0xFC, 0x00, 0x00, 0x3F, 0xFF, 0xFF, 0xC3, 0xFF, 0xFF, 0xFC,
  0x3F, 0xFF, 0xFF, 0xC3, 0xFF, 0xFF, 0xFC, 0x3F, 0xFF, 0xFF, 0xC3, 0xFF, 0xFF, 0xFC, 0xFC, 0x03,
  0xF8, 0x07, 0xE0, 0x0F, 0xC0, 0x1F, 0x00, 0x7E, 0x00, 0xF8, 0x01, 0xF0, 0x00, 0x00, 0x00, 0x00,
  0x00, 0x07, 0xF8, 0x1F, 0xE0, 0x7F, 0x81, 0xFE, 0x07, 0xF8, 0x1F, 0xE0, 0x7F, 0x81, 0xFE, 0x07,
  0xF8, 0x1F, 0xE0, 0x7F, 0x81, 0xFE, 0x07, 0xF8, 0x1F, 0xE0, 0x7F, 0x81, 0xFE, 0x07, 0xF8, 0x1F,
  0xE0, 0x7F, 0x81, 0xFE, 0x07, 0xF8, 0x1F, 0xE0, 0x7F, 0x81, 0xFE, 0x07, 0xF8, 0x1F, 0xE0, 0x7F,
  0x81, 0xFE, 0x07, 0xF8, 0x1F, 0xE0, 0x7F, 0x81, 0xFE, 0x07, 0xF8, 0x1F, 0xE0, 0x7F, 0x80, 0x03,
  0xF8, 0x0F, 0xC0, 0x3F, 0x01, 0xF8, 0x07, 0xC0, 0x3F, 0x00, 0xF8, 0x07, 0xC0, 0x00, 0x00, 0x00,
  0x00, 0x00, 0x0F, 0xF0, 0x3F, 0xC0, 0xFF, 0x03, 0xFC, 0x0F, 0xF0, 0x3F, 0xC0, 0xFF, 0x03, 0xFC,
  0x0F, 0xF0, 0x3F, 0xC0, 0xFF, 0x03, 0xFC, 0x0F, 0xF0, 0x3F, 0xC0, 0xFF, 0x03, 0xFC, 0x0F, 0xF0,
  0x3F, 0xC0, 0xFF, 0x03, 0xFC, 0x0F, 0xF0, 0x3F, 0xC0, 0xFF, 0x03, 0xFC, 0x0F, 0xF0, 0x3F, 0xC0,
  0xFF, 0x03, 0xFC, 0x0F, 0xF0, 0x3F, 0xC0, 0xFF, 0x03, 0xFC, 0x0F, 0xF0, 0x3F, 0xC0, 0xFF, 0x00,
  0x01, 0xF8, 0x00, 0x3F, 0xC0, 0x07, 0xFE, 0x00, 0xFF, 0xF0, 0x1F, 0x9F, 0x83, 0xF9, 0xFC, 0x7F,
  0x0F, 0xCF, 0xE0, 0x7F, 0x00, 0x00, 0x00, 0x00, 0x00, 0x00, 0x00, 0x00, 0x3F, 0xC0, 0x03, 0xFC,
  0x00, 0x3F, 0xC0, 0x03, 0xFC, 0x00, 0x3F, 0xC0, 0x03, 0xFC, 0x00, 0x3F, 0xC0, 0x03, 0xFC, 0x00,
  0x3F, 0xC0, 0x03, 0xFC, 0x00, 0x3F, 0xC0, 0x03, 0xFC, 0x00, 0x3F, 0xC0, 0x03, 0xFC, 0x00, 0x3F,
  0xC0, 0x03, 0xFC, 0x00, 0x3F, 0xC0, 0x03, 0xFC, 0x00, 0x3F, 0xC0, 0x03, 0xFC, 0x00, 0x3F, 0xC0,
  0x03, 0xFC, 0x00, 0x3F, 0xC0, 0x03, 0xFC, 0x00, 0x3F, 0xC0, 0x03, 0xFC, 0x00, 0x3F, 0xC0, 0x03,
  0xFC, 0x00, 0x3F, 0xC0, 0x03, 0xFC, 0x00, 0x3F, 0xC0, 0x03, 0xFC, 0x00, 0x3F, 0xC0, 0x03, 0xFC,
  0x00, 0x3F, 0xC0, 0x18, 0x06, 0x1F, 0x07, 0xEF, 0xE1, 0xFB, 0xF8, 0x7F, 0xFE, 0x1F, 0xDF, 0x87,
  0xE3, 0xC0, 0xF0, 0x00, 0x00, 0x00, 0x00, 0x00, 0x00, 0x00, 0x00, 0x00, 0x1F, 0xE0, 0x07, 0xF8,
  0x01, 0xFE, 0x00, 0x7F, 0x80, 0x1F, 0xE0, 0x07, 0xF8, 0x01, 0xFE, 0x00, 0x7F, 0x80, 0x1F, 0xE0,
  0x07, 0xF8, 0x01, 0xFE, 0x00, 0x7F, 0x80, 0x1F, 0xE0, 0x07, 0xF8, 0x01, 0xFE, 0x00, 0x7F, 0x80,
  0x1F, 0xE0, 0x07, 0xF8, 0x01, 0xFE, 0x00, 0x7F, 0x80, 0x1F, 0xE0, 0x07, 0xF8, 0x01, 0xFE, 0x00,
  0x7F, 0x80, 0x1F, 0xE0, 0x07, 0xF8, 0x01, 0xFE, 0x00, 0x7F, 0x80, 0x1F, 0xE0, 0x07, 0xF8, 0x01,
  0xFE, 0x00, 0x7F, 0x80, 0x1F, 0xE0, 0x07, 0xF8, 0x01, 0xFE, 0x00, 0x07, 0xFF, 0xFC, 0x00, 0x00,
  0x7F, 0xFF, 0xF8, 0x00, 0x07, 0xFF, 0xFF, 0xE0, 0x00, 0x7F, 0xFF, 0xFF, 0x80, 0x07, 0xFF, 0xFF,
  0xFC, 0x00, 0x7F, 0xFF, 0xFF, 0xE0, 0x07, 0xF8, 0x3F, 0xFF, 0x00, 0x7F, 0x80, 0x1F, 0xF0, 0x07,
  0xF8, 0x00, 0xFF, 0x80, 0x7F, 0x80, 0x07, 0xF8, 0x07, 0xF8, 0x00, 0x3F, 0xC0, 0x7F, 0x80, 0x03,
  0xFC, 0x07, 0xF8, 0x00, 0x1F, 0xC0, 0x7F, 0x80, 0x01, 0xFC, 0x07, 0xF8, 0x00, 0x1F, 0xCF, 0xFF,
  0xF8, 0x01, 0xFE, 0xFF, 0xFF, 0x80, 0x1F, 0xEF, 0xFF, 0xF8, 0x01, 0xFE, 0xFF, 0xFF, 0x80, 0x1F,
  0xE0, 0x7F, 0x80, 0x01, 0xFE, 0x07, 0xF8, 0x00, 0x1F, 0xE0, 0x7F, 0x80, 0x01, 0xFC, 0x07, 0xF8,
  0x00, 0x1F, 0xC0, 0x7F, 0x80, 0x03, 0xFC, 0x07, 0xF8, 0x00, 0x3F, 0xC0, 0x7F, 0x80, 0x07, 0xF8,
  0x07, 0xF8, 0x00, 0xFF, 0x80, 0x7F, 0x80, 0x1F, 0xF0, 0x07, 0xF8, 0x1F, 0xFF, 0x00, 0x7F, 0xFF,
  0xFF, 0xE0, 0x07, 0xFF, 0xFF, 0xFC, 0x00, 0x7F, 0xFF, 0xFF, 0x80, 0x07, 0xFF, 0xFF, 0xE0, 0x00,
  0x7F, 0xFF, 0xFC, 0x00, 0x07, 0xFF, 0xFE, 0x00, 0x00, 0x00, 0x0F, 0x07, 0x80, 0x00, 0x0F, 0xE1,
  0xE0, 0x00, 0x07, 0xFF, 0xF8, 0x00, 0x01, 0xFF, 0xFC, 0x00, 0x00, 0x79, 0xFF, 0x00, 0x00, 0x1E,
  0x1F, 0x80, 0x00, 0x00, 0x00, 0x00, 0x00, 0x00, 0x00, 0x00, 0x00, 0x00, 0x00, 0x00, 0x00, 0x00,
  0x00, 0x00, 0x00, 0x03, 0xF8, 0x00, 0x0F, 0xE0, 0xFF, 0x00, 0x03, 0xF8, 0x3F, 0xC0, 0x00, 0xFE,
  0x0F, 0xF8, 0x00, 0x3F, 0x83, 0xFF, 0x00, 0x0F, 0xE0, 0xFF, 0xC0, 0x03, 0xF8, 0x3F, 0xF8, 0x00,
  0xFE, 0x0F, 0xFF, 0x00, 0x3F, 0x83, 0xFF, 0xE0, 0x0F, 0xE0, 0xFF, 0xF8, 0x03, 0xF8, 0x3F, 0xFF,
  0x00, 0xFE, 0x0F, 0xFF, 0xE0, 0x3F, 0x83, 0xFF, 0xF8, 0x0F, 0xE0, 0xFF, 0xFF, 0x03, 0xF8, 0x3F,
  0xDF, 0xE0, 0xFE, 0x0F, 0xF3, 0xF8, 0x3F, 0x83, 0xFC, 0xFF, 0x0F, 0xE0, 0xFF, 0x1F, 0xE3, 0xF8,
  0x3F, 0xC3, 0xF8, 0xFE, 0x0F, 0xF0, 0xFF, 0x3F, 0x83, 0xFC, 0x1F, 0xEF, 0xE0, 0xFF, 0x03, 0xFB,
  0xF8, 0x3F, 0xC0, 0xFF, 0xFE, 0x0F, 0xF0, 0x1F, 0xFF, 0x83, 0xFC, 0x03, 0xFF, 0xE0, 0xFF, 0x00,
  0x7F, 0xF8, 0x3F, 0xC0, 0x1F, 0xFE, 0x0F, 0xF0, 0x03, 0xFF, 0x83, 0xFC, 0x00, 0x7F, 0xE0, 0xFF,
  0x00, 0x1F, 0xF8, 0x3F, 0xC0, 0x03, 0xFE, 0x0F, 0xF0, 0x00, 0x7F, 0x83, 0xFC, 0x00, 0x1F, 0xE0,
  0xFF, 0x00, 0x03, 0xF8, 0x3F, 0xC0, 0x00, 0x7E, 0x00, 0x00, 0x1F, 0x80, 0x00, 0x00, 0x01, 0xFC,
  0x00, 0x00, 0x00, 0x0F, 0xC0, 0x00, 0x00, 0x00, 0x7E, 0x00, 0x00, 0x00, 0x03, 0xE0, 0x00, 0x00,
  0x00, 0x3F, 0x00, 0x00, 0x00, 0x01, 0xF0, 0x00, 0x00, 0x00, 0x0F, 0x80, 0x00, 0x00, 0x00, 0x00,
  0x00, 0x00, 0x00, 0x00, 0x00, 0x00, 0x00, 0x00, 0x00, 0x00, 0x00, 0x00, 0xFF, 0xF0, 0x00, 0x00,
  0x3F, 0xFF, 0xC0, 0x00, 0x0F, 0xFF, 0xFF, 0x00, 0x01, 0xFF, 0xFF, 0xF8, 0x00, 0x3F, 0xFF, 0xFF,
  0xC0, 0x07, 0xFF, 0xFF, 0xFE, 0x00, 0x7F, 0xE0, 0x7F, 0xE0, 0x0F, 0xF8, 0x01, 0xFF, 0x01, 0xFF,
  0x00, 0x0F, 0xF0, 0x1F, 0xE0, 0x00, 0x7F, 0x81, 0xFE, 0x00, 0x07, 0xF8, 0x3F, 0xC0, 0x00, 0x3F,
  0xC3, 0xFC, 0x00, 0x03, 0xFC, 0x3F, 0x80, 0x00, 0x3F, 0xC3, 0xF8, 0x00, 0x01, 0xFC, 0x3F, 0x80,
  0x00, 0x1F, 0xC3, 0xF8, 0x00, 0x01, 0xFC, 0x3F, 0x80, 0x00, 0x1F, 0xC3, 0xF8, 0x00, 0x01, 0xFC,
  0x3F, 0x80, 0x00, 0x1F, 0xC3, 0xF8, 0x00, 0x01, 0xFC, 0x3F, 0x80, 0x00, 0x3F, 0xC3, 0xFC, 0x00,
  0x03, 0xFC, 0x3F, 0xC0, 0x00, 0x3F, 0xC1, 0xFE, 0x00, 0x07, 0xF8, 0x1F, 0xE0, 0x00, 0x7F, 0x81,
  0xFF, 0x00, 0x0F, 0xF8, 0x0F, 0xF8, 0x01, 0xFF, 0x00, 0xFF, 0xE0, 0x7F, 0xE0, 0x07, 0xFF, 0xFF,
  0xFE, 0x00, 0x3F, 0xFF, 0xFF, 0xC0, 0x01, 0xFF, 0xFF, 0xF8, 0x00, 0x0F, 0xFF, 0xFF, 0x00, 0x00,
  0x3F, 0xFF, 0xC0, 0x00, 0x00, 0xFF, 0xF0, 0x00, 0x00, 0x00, 0x00, 0x00, 0x00, 0x00, 0x00, 0x3F,
  0x80, 0x00, 0x00, 0x03, 0xF0, 0x00, 0x00, 0x00, 0x3F, 0x00, 0x00, 0x00, 0x07, 0xE0, 0x00, 0x00,
  0x00, 0x7C, 0x00, 0x00, 0x00, 0x0F, 0xC0, 0x00, 0x00, 0x00, 0xF8, 0x00, 0x00, 0x00, 0x1F, 0x00,
  0x00, 0x00, 0x00, 0x00, 0x00, 0x00, 0x00, 0x00, 0x00, 0x00, 0x00, 0x00, 0x00, 0x00, 0x00, 0x00,
  0xFF, 0xF0, 0x00, 0x00, 0x3F, 0xFF, 0xC0, 0x00, 0x0F, 0xFF, 0xFF, 0x00, 0x01, 0xFF, 0xFF, 0xF8,
  0x00, 0x3F, 0xFF, 0xFF, 0xC0, 0x07, 0xFF, 0xFF, 0xFE, 0x00, 0x7F, 0xE0, 0x7F, 0xE0, 0x0F, 0xF8,
  0x01, 0xFF, 0x01, 0xFF, 0x00, 0x0F, 0xF0, 0x1F, 0xE0, 0x00, 0x7F, 0x81, 0xFE, 0x00, 0x07, 0xF8,
  0x3F, 0xC0, 0x00, 0x3F, 0xC3, 0xFC, 0x00, 0x03, 0xFC, 0x3F, 0x80, 0x00, 0x3F, 0xC3, 0xF8, 0x00,
  0x01, 0xFC, 0x3F, 0x80, 0x00, 0x1F, 0xC3, 0xF8, 0x00, 0x01, 0xFC, 0x3F, 0x80, 0x00, 0x1F, 0xC3,
  0xF8, 0x00, 0x01, 0xFC, 0x3F, 0x80, 0x00, 0x1F, 0xC3, 0xF8, 0x00, 0x01, 0xFC, 0x3F, 0x80, 0x00,
  0x3F, 0xC3, 0xFC, 0x00, 0x03, 0xFC, 0x3F, 0xC0, 0x00, 0x3F, 0xC1, 0xFE, 0x00, 0x07, 0xF8, 0x1F,
  0xE0, 0x00, 0x7F, 0x81, 0xFF, 0x00, 0x0F, 0xF8, 0x0F, 0xF8, 0x01, 0xFF, 0x00, 0xFF, 0xE0, 0x7F,
  0xE0, 0x07, 0xFF, 0xFF, 0xFE, 0x00, 0x3F, 0xFF, 0xFF, 0xC0, 0x01, 0xFF, 0xFF, 0xF8, 0x00, 0x0F,
  0xFF, 0xFF, 0x00, 0x00, 0x3F, 0xFF, 0xC0, 0x00, 0x00, 0xFF, 0xF0, 0x00, 0x00, 0x00, 0x00, 0x00,
  0x00, 0x00, 0x01, 0xF8, 0x00, 0x00, 0x00, 0x3F, 0xC0, 0x00, 0x00, 0x07, 0xFE, 0x00, 0x00, 0x00,
  0xFF, 0xF0, 0x00, 0x00, 0x1F, 0x9F, 0x80, 0x00, 0x03, 0xF9, 0xFC, 0x00, 0x00, 0x7F, 0x0F, 0xC0,
  0x00, 0x0F, 0xE0, 0x7F, 0x00, 0x00, 0x00, 0x00, 0x00, 0x00, 0x00, 0x00, 0x00, 0x00, 0x00, 0x00,
  0x00, 0x00, 0x00, 0x00, 0xFF, 0xF0, 0x00, 0x00, 0x3F, 0xFF, 0xC0, 0x00, 0x0F, 0xFF, 0xFF, 0x00,
  0x01, 0xFF, 0xFF, 0xF8, 0x00, 0x3F, 0xFF, 0xFF, 0xC0, 0x07, 0xFF, 0xFF, 0xFE, 0x00, 0x7F, 0xE0,
  0x7F, 0xE0, 0x0F, 0xF8, 0x01, 0xFF, 0x01, 0xFF, 0x00, 0x0F, 0xF0, 0x1F, 0xE0, 0x00, 0x7F, 0x81,
  0xFE, 0x00, 0x07, 0xF8, 0x3F, 0xC0, 0x00, 0x3F, 0xC3, 0xFC, 0x00, 0x03, 0xFC, 0x3F, 0x80, 0x00,
  0x3F, 0xC3, 0xF8, 0x00, 0x01, 0xFC, 0x3F, 0x80, 0x00, 0x1F, 0xC3, 0xF8, 0x00, 0x01, 0xFC, 0x3F,
  0x80, 0x00, 0x1F, 0xC3, 0xF8, 0x00, 0x01, 0xFC, 0x3F, 0x80, 0x00, 0x1F, 0xC3, 0xF8, 0x00, 0x01,
  0xFC, 0x3F, 0x80, 0x00, 0x3F, 0xC3, 0xFC, 0x00, 0x03, 0xFC, 0x3F, 0xC0, 0x00, 0x3F, 0xC1, 0xFE,
  0x00, 0x07, 0xF8, 0x1F, 0xE0, 0x00, 0x7F, 0x81, 0xFF, 0x00, 0x0F, 0xF8, 0x0F, 0xF8, 0x01, 0xFF,
  0x00, 0xFF, 0xE0, 0x7F, 0xE0, 0x07, 0xFF, 0xFF, 0xFE, 0x00, 0x3F, 0xFF, 0xFF, 0xC0, 0x01, 0xFF,
  0xFF, 0xF8, 0x00, 0x0F, 0xFF, 0xFF, 0x00, 0x00, 0x3F, 0xFF, 0xC0, 0x00, 0x00, 0xFF, 0xF0, 0x00,
  0x00, 0x00, 0x00, 0x00, 0x00, 0x00, 0x07, 0x83, 0xC0, 0x00, 0x01, 0xFE, 0x3C, 0x00, 0x00, 0x1F,
  0xFF, 0xC0, 0x00, 0x03, 0xFF, 0xFC, 0x00, 0x00, 0x3C, 0x7F, 0x80, 0x00, 0x03, 0xC3, 0xF0, 0x00,
  0x00, 0x00, 0x00, 0x00, 0x00, 0x00, 0x00, 0x00, 0x00, 0x00, 0x00, 0x00, 0x00, 0x00, 0x00, 0x00,
  0x00, 0x00, 0x00, 0x0F, 0xFF, 0x00, 0x00, 0x03, 0xFF, 0xFC, 0x00, 0x00, 0xFF, 0xFF, 0xF0, 0x00,
  0x1F, 0xFF, 0xFF, 0x80, 0x03, 0xFF, 0xFF, 0xFC, 0x00, 0x7F, 0xFF, 0xFF, 0xE0, 0x07, 0xFE, 0x07,
  0xFE, 0x00, 0xFF, 0x80, 0x1F, 0xF0, 0x1F, 0xF0, 0x00, 0xFF, 0x01, 0xFE, 0x00, 0x07, 0xF8, 0x1F,
  0xE0, 0x00, 0x7F, 0x83, 0xFC, 0x00, 0x03, 0xFC, 0x3F, 0xC0, 0x00, 0x3F, 0xC3, 0xF8, 0x00, 0x03,
  0xFC, 0x3F, 0x80, 0x00, 0x1F, 0xC3, 0xF8, 0x00, 0x01, 0xFC, 0x3F, 0x80, 0x00, 0x1F, 0xC3, 0xF8,
  0x00, 0x01, 0xFC, 0x3F, 0x80, 0x00, 0x1F, 0xC3, 0xF8, 0x00, 0x01, 0xFC, 0x3F, 0x80, 0x00, 0x1F,
  0xC3, 0xF8, 0x00, 0x03, 0xFC, 0x3F, 0xC0, 0x00, 0x3F, 0xC3, 0xFC, 0x00, 0x03, 0xFC, 0x1F, 0xE0,
  0x00, 0x7F, 0x81, 0xFE, 0x00, 0x07, 0xF8, 0x1F, 0xF0, 0x00, 0xFF, 0x80, 0xFF, 0x80, 0x1F, 0xF0,
  0x0F, 0xFE, 0x07, 0xFE, 0x00, 0x7F, 0xFF, 0xFF, 0xE0, 0x03, 0xFF, 0xFF, 0xFC, 0x00, 0x1F, 0xFF,
  0xFF, 0x80, 0x00, 0xFF, 0xFF, 0xF0, 0x00, 0x03, 0xFF, 0xFC, 0x00, 0x00, 0x0F, 0xFF, 0x00, 0x00,
  0x00, 0x00, 0x00, 0x00, 0x00, 0x0C, 0x03, 0x00, 0x00, 0x03, 0xE0, 0xFC, 0x00, 0x00, 0x7F, 0x0F,
  0xC0, 0x00, 0x07, 0xF0, 0xFE, 0x00, 0x00, 0x7F, 0x0F, 0xE0, 0x00, 0x03, 0xF0, 0xFC, 0x00, 0x00,
  0x1E, 0x07, 0x80, 0x00, 0x00, 0x00, 0x00, 0x00, 0x00, 0x00, 0x00, 0x00, 0x00, 0x00, 0x00, 0x00,
  0x00, 0x00, 0x00, 0x00, 0x00, 0x00, 0x00, 0xFF, 0xF0, 0x00, 0x00, 0x3F, 0xFF, 0xC0, 0x00, 0x0F,
  0xFF, 0xFF, 0x00, 0x01, 0xFF, 0xFF, 0xF8, 0x00, 0x3F, 0xFF, 0xFF, 0xC0, 0x07, 0xFF, 0xFF, 0xFE,
  0x00, 0x7F, 0xE0, 0x7F, 0xE0, 0x0F, 0xF8, 0x01, 0xFF, 0x01, 0xFF, 0x00, 0x0F, 0xF0, 0x1F, 0xE0,
  0x00, 0x7F, 0x81, 0xFE, 0x00, 0x07, 0xF8, 0x3F, 0xC0, 0x00, 0x3F, 0xC3, 0xFC, 0x00, 0x03, 0xFC,
  0x3F, 0x80, 0x00, 0x3F, 0xC3, 0xF8, 0x00, 0x01, 0xFC, 0x3F, 0x80, 0x00, 0x1F, 0xC3, 0xF8, 0x00,
  0x01, 0xFC, 0x3F, 0x80, 0x00, 0x1F, 0xC3, 0xF8, 0x00, 0x01, 0xFC, 0x3F, 0x80, 0x00, 0x1F, 0xC3,
  0xF8, 0x00, 0x01, 0xFC, 0x3F, 0x80, 0x00, 0x3F, 0xC3, 0xFC, 0x00, 0x03, 0xFC, 0x3F, 0xC0, 0x00,
  0x3F, 0xC1, 0xFE, 0x00, 0x07, 0xF8, 0x1F, 0xE0, 0x00, 0x7F, 0x81, 0xFF, 0x00, 0x0F, 0xF8, 0x0F,
  0xF8, 0x01, 0xFF, 0x00, 0xFF, 0xE0, 0x7F, 0xE0, 0x07, 0xFF, 0xFF, 0xFE, 0x00, 0x3F, 0xFF, 0xFF,
  0xC0, 0x01, 0xFF, 0xFF, 0xF8, 0x00, 0x0F, 0xFF, 0xFF, 0x00, 0x00, 0x3F, 0xFF, 0xC0, 0x00, 0x00,
  0xFF, 0xF0, 0x00, 0x00, 0x00, 0x00, 0x00, 0x00, 0x01, 0x00, 0x01, 0x00, 0x07, 0x00, 0x07, 0x00,
  0x1F, 0x00, 0x1F, 0x00, 0x7F, 0x00, 0x7F, 0x01, 0xFF, 0x01, 0xFF, 0x01, 0xFF, 0x07, 0xFC, 0x01,
  0xFF, 0x1F, 0xF0, 0x01, 0xFF, 0x7F, 0xC0, 0x01, 0xFF, 0xFF, 0x00, 0x01, 0xFF, 0xFC, 0x00, 0x01,
  0xFF, 0xF0, 0x00, 0x01, 0xFF, 0xC0, 0x00, 0x01, 0xFF, 0x00, 0x00, 0x07, 0xFF, 0x00, 0x00, 0x1F,
  0xFF, 0x00, 0x00, 0x7F, 0xFF, 0x00, 0x01, 0xFF, 0xFF, 0x00, 0x07, 0xFD, 0xFF, 0x00, 0x1F, 0xF1,
  0xFF, 0x00, 0x7F, 0xC1, 0xFF, 0x81, 0xFF, 0x01, 0xFE, 0x00, 0xFC, 0x01, 0xF8, 0x00, 0xF0, 0x01,
  0xE0, 0x00, 0xC0, 0x00, 0x80, 0x00, 0x00, 0x00, 0x00, 0x00, 0x00, 0x00, 0x00, 0x00, 0x00, 0x00,
  0x00, 0x00, 0x00, 0x00, 0x08, 0x00, 0x00, 0x00, 0x00, 0xC0, 0x00, 0x0F, 0xFF, 0x1F, 0x00, 0x03,
  0xFF, 0xFD, 0xF0, 0x00, 0xFF, 0xFF, 0xFE, 0x00, 0x1F, 0xFF, 0xFF, 0xC0, 0x03, 0xFF, 0xFF, 0xFC,
  0x00, 0x7F, 0xFF, 0xFF, 0xE0, 0x07, 0xFE, 0x07, 0xFE, 0x00, 0xFF, 0x80, 0x3F, 0xF0, 0x1F, 0xF0,
  0x03, 0xFF, 0x01, 0xFE, 0x00, 0x7F, 0xF8, 0x1F, 0xE0, 0x0F, 0xFF, 0x83, 0xFC, 0x00, 0xFB, 0xFC,
  0x3F, 0xC0, 0x1F, 0x3F, 0xC3, 0xF8, 0x03, 0xE3, 0xFC, 0x3F, 0x80, 0x3E, 0x1F, 0xC3, 0xF8, 0x07,
  0xC1, 0xFC, 0x3F, 0x80, 0xF8, 0x1F, 0xC3, 0xF8, 0x0F, 0x01, 0xFC, 0x3F, 0x81, 0xF0, 0x1F, 0xC3,
  0xF8, 0x3E, 0x01, 0xFC, 0x3F, 0x87, 0xC0, 0x1F, 0xC3, 0xF8, 0x7C, 0x03, 0xFC, 0x3F, 0xCF, 0x80,
  0x3F, 0xC3, 0xFD, 0xF0, 0x03, 0xFC, 0x1F, 0xFF, 0x00, 0x7F, 0x81, 0xFF, 0xE0, 0x07, 0xF8, 0x1F,
  0xFC, 0x00, 0xFF, 0x80, 0xFF, 0xC0, 0x1F, 0xF0, 0x0F, 0xFE, 0x07, 0xFE, 0x00, 0x7F, 0xFF, 0xFF,
  0xE0, 0x03, 0xFF, 0xFF, 0xFC, 0x00, 0x3F, 0xFF, 0xFF, 0x80, 0x07, 0xFF, 0xFF, 0xF0, 0x00, 0xFB,
  0xFF, 0xFC, 0x00, 0x0F, 0x8F, 0xFF, 0x00, 0x00, 0x70, 0x00, 0x00, 0x00, 0x01, 0x00, 0x00, 0x00,
  0x00, 0x00, 0x7F, 0x00, 0x00, 0x00, 0x1F, 0xC0, 0x00, 0x00, 0x07, 0xE0, 0x00, 0x00, 0x01, 0xF8,
  0x00, 0x00, 0x00, 0xFC, 0x00, 0x00, 0x00, 0x3E, 0x00, 0x00, 0x00, 0x0F, 0x80, 0x00, 0x00, 0x07,
  0xC0, 0x00, 0x00, 0x00, 0x00, 0x00, 0x00, 0x00, 0x00, 0x00, 0x00, 0x00, 0x00, 0x00, 0x07, 0xF8,
  0x00, 0x1F, 0xC3, 0xFC, 0x00, 0x0F, 0xE1, 0xFE, 0x00, 0x07, 0xF0, 0xFF, 0x00, 0x03, 0xF8, 0x7F,
  0x80, 0x01, 0xFC, 0x3F, 0xC0, 0x00, 0xFE, 0x1F, 0xE0, 0x00, 0x7F, 0x0F, 0xF0, 0x00, 0x3F, 0x87,
  0xF8, 0x00, 0x1F, 0xC3, 0xFC, 0x00, 0x0F, 0xE1, 0xFE, 0x00, 0x07, 0xF0, 0xFF, 0x00, 0x03, 0xF8,
  0x7F, 0x80, 0x01, 0xFC, 0x3F, 0xC0, 0x00, 0xFE, 0x1F, 0xE0, 0x00, 0x7F, 0x0F, 0xF0, 0x00, 0x3F,
  0x87, 0xF8, 0x00, 0x1F, 0xC3, 0xFC, 0x00, 0x0F, 0xE1, 0xFE, 0x00, 0x07, 0xF0, 0xFF, 0x00, 0x03,
  0xF8, 0x7F, 0x80, 0x01, 0xFC, 0x3F, 0xC0, 0x00, 0xFE, 0x1F, 0xE0, 0x00, 0x7F, 0x0F, 0xF0, 0x00,
  0x3F, 0x87, 0xF8, 0x00, 0x3F, 0xC3, 0xFC, 0x00, 0x1F, 0xE0, 0xFF, 0x00, 0x1F, 0xF0, 0x7F, 0xC0,
  0x1F, 0xF0, 0x3F, 0xF8, 0x1F, 0xF8, 0x0F, 0xFF, 0xFF, 0xF8, 0x03, 0xFF, 0xFF, 0xFC, 0x00, 0xFF,
  0xFF, 0xFC, 0x00, 0x3F, 0xFF, 0xFC, 0x00, 0x0F, 0xFF, 0xF8, 0x00, 0x01, 0xFF, 0xF0, 0x00, 0x00,
  0x03, 0x00, 0x00, 0x00, 0x00, 0x7F, 0x00, 0x00, 0x00, 0x3F, 0x00, 0x00, 0x00, 0x3F, 0x80, 0x00,
  0x00, 0x1F, 0x80, 0x00, 0x00, 0x1F, 0x80, 0x00, 0x00, 0x0F, 0x80, 0x00, 0x00, 0x07, 0xC0, 0x00,
  0x00, 0x07, 0xC0, 0x00, 0x00, 0x00, 0x00, 0x00, 0x00, 0x00, 0x00, 0x00, 0x00, 0x00, 0x00, 0x00,
  0x07, 0xF8, 0x00, 0x1F, 0xC3, 0xFC, 0x00, 0x0F, 0xE1, 0xFE, 0x00, 0x07, 0xF0, 0xFF, 0x00, 0x03,
  0xF8, 0x7F, 0x80, 0x01, 0xFC, 0x3F, 0xC0, 0x00, 0xFE, 0x1F, 0xE0, 0x00, 0x7F, 0x0F, 0xF0, 0x00,
  0x3F, 0x87, 0xF8, 0x00, 0x1F, 0xC3, 0xFC, 0x00, 0x0F, 0xE1, 0xFE, 0x00, 0x07, 0xF0, 0xFF, 0x00,
  0x03, 0xF8, 0x7F, 0x80, 0x01, 0xFC, 0x3F, 0xC0, 0x00, 0xFE, 0x1F, 0xE0, 0x00, 0x7F, 0x0F, 0xF0,
  0x00, 0x3F, 0x87, 0xF8, 0x00, 0x1F, 0xC3, 0xFC, 0x00, 0x0F, 0xE1, 0xFE, 0x00, 0x07, 0xF0, 0xFF,
  0x00, 0x03, 0xF8, 0x7F, 0x80, 0x01, 0xFC, 0x3F, 0xC0, 0x00, 0xFE, 0x1F, 0xE0, 0x00, 0x7F, 0x0F,
  0xF0, 0x00, 0x3F, 0x87, 0xF8, 0x00, 0x3F, 0xC3, 0xFC, 0x00, 0x1F, 0xE0, 0xFF, 0x00, 0x1F, 0xF0,
  0x7F, 0xC0, 0x1F, 0xF0, 0x3F, 0xF8, 0x1F, 0xF8, 0x0F, 0xFF, 0xFF, 0xF8, 0x03, 0xFF, 0xFF, 0xFC,
  0x00, 0xFF, 0xFF, 0xFC, 0x00, 0x3F, 0xFF, 0xFC, 0x00, 0x0F, 0xFF, 0xF8, 0x00, 0x01, 0xFF, 0xF0,
  0x00, 0x00, 0x03, 0x00, 0x00, 0x00, 0x03, 0xF0, 0x00, 0x00, 0x03, 0xFC, 0x00, 0x00, 0x03, 0xFF,
  0x00, 0x00, 0x03, 0xFF, 0x80, 0x00, 0x03, 0xF7, 0xE0, 0x00, 0x03, 0xF1, 0xF8, 0x00, 0x03, 0xF8,
  0x7E, 0x00, 0x03, 0xF8, 0x1F, 0x80, 0x00, 0x00, 0x00, 0x00, 0x00, 0x00, 0x00, 0x00, 0x00, 0x00,
  0x00, 0x00, 0x07, 0xF8, 0x00, 0x1F, 0xC3, 0xFC, 0x00, 0x0F, 0xE1, 0xFE, 0x00, 0x07, 0xF0, 0xFF,
  0x00, 0x03, 0xF8, 0x7F, 0x80, 0x01, 0xFC, 0x3F, 0xC0, 0x00, 0xFE, 0x1F, 0xE0, 0x00, 0x7F, 0x0F,
  0xF0, 0x00, 0x3F, 0x87, 0xF8, 0x00, 0x1F, 0xC3, 0xFC, 0x00, 0x0F, 0xE1, 0xFE, 0x00, 0x07, 0xF0,
  0xFF, 0x00, 0x03, 0xF8, 0x7F, 0x80, 0x01, 0xFC, 0x3F, 0xC0, 0x00, 0xFE, 0x1F, 0xE0, 0x00, 0x7F,
  0x0F, 0xF0, 0x00, 0x3F, 0x87, 0xF8, 0x00, 0x1F, 0xC3, 0xFC, 0x00, 0x0F, 0xE1, 0xFE, 0x00, 0x07,
  0xF0, 0xFF, 0x00, 0x03, 0xF8, 0x7F, 0x80, 0x01, 0xFC, 0x3F, 0xC0, 0x00, 0xFE, 0x1F, 0xE0, 0x00,
  0x7F, 0x0F, 0xF0, 0x00, 0x3F, 0x87, 0xF8, 0x00, 0x3F, 0xC3, 0xFC, 0x00, 0x1F, 0xE0, 0xFF, 0x00,
  0x1F, 0xF0, 0x7F, 0xC0, 0x1F, 0xF0, 0x3F, 0xF8, 0x1F, 0xF8, 0x0F, 0xFF, 0xFF, 0xF8, 0x03, 0xFF,
  0xFF, 0xFC, 0x00, 0xFF, 0xFF, 0xFC, 0x00, 0x3F, 0xFF, 0xFC, 0x00, 0x0F, 0xFF, 0xF8, 0x00, 0x01,
  0xFF, 0xF0, 0x00, 0x00, 0x03, 0x00, 0x00, 0x00, 0x38, 0x06, 0x00, 0x00, 0x3E, 0x0F, 0xC0, 0x00,
  0x3F, 0x87, 0xE0, 0x00, 0x1F, 0xC7, 0xF0, 0x00, 0x0F, 0xE3, 0xF8, 0x00, 0x07, 0xF0, 0xFC, 0x00,
  0x01, 0xF0, 0x3C, 0x00, 0x00, 0x00, 0x00, 0x00, 0x00, 0x00, 0x00, 0x00, 0x00, 0x00, 0x00, 0x00,
  0x00, 0x00, 0x00, 0x00, 0x07, 0xF8, 0x00, 0x1F, 0xC3, 0xFC, 0x00, 0x0F, 0xE1, 0xFE, 0x00, 0x07,
  0xF0, 0xFF, 0x00, 0x03, 0xF8, 0x7F, 0x80, 0x01, 0xFC, 0x3F, 0xC0, 0x00, 0xFE, 0x1F, 0xE0, 0x00,
  0x7F, 0x0F, 0xF0, 0x00, 0x3F, 0x87, 0xF8, 0x00, 0x1F, 0xC3, 0xFC, 0x00, 0x0F, 0xE1, 0xFE, 0x00,
  0x07, 0xF0, 0xFF, 0x00, 0x03, 0xF8, 0x7F, 0x80, 0x01, 0xFC, 0x3F, 0xC0, 0x00, 0xFE, 0x1F, 0xE0,
  0x00, 0x7F, 0x0F, 0xF0, 0x00, 0x3F, 0x87, 0xF8, 0x00, 0x1F, 0xC3, 0xFC, 0x00, 0x0F, 0xE1, 0xFE,
  0x00, 0x07, 0xF0, 0xFF, 0x00, 0x03, 0xF8, 0x7F, 0x80, 0x01, 0xFC, 0x3F, 0xC0, 0x00, 0xFE, 0x1F,
  0xE0, 0x00, 0x7F, 0x0F, 0xF0, 0x00, 0x3F, 0x87, 0xF8, 0x00, 0x3F, 0xC3, 0xFC, 0x00, 0x1F, 0xE0,
  0xFF, 0x00, 0x1F, 0xF0, 0x7F, 0xC0, 0x1F, 0xF0, 0x3F, 0xF8, 0x1F, 0xF8, 0x0F, 0xFF, 0xFF, 0xF8,
  0x03, 0xFF, 0xFF, 0xFC, 0x00, 0xFF, 0xFF, 0xFC, 0x00, 0x3F, 0xFF, 0xFC, 0x00, 0x0F, 0xFF, 0xF8,
  0x00, 0x01, 0xFF, 0xF0, 0x00, 0x00, 0x03, 0x00, 0x00, 0x00, 0x00, 0x7F, 0x00, 0x00, 0x00, 0x3F,
  0x00, 0x00, 0x00, 0x3F, 0x00, 0x00, 0x00, 0x1F, 0x80, 0x00, 0x00, 0x1F, 0x80, 0x00, 0x00, 0x0F,
  0x80, 0x00, 0x00, 0x0F, 0xC0, 0x00, 0x00, 0x07, 0xC0, 0x00, 0x00, 0x00, 0x00, 0x00, 0x00, 0x00,
  0x00, 0x00, 0x00, 0x00, 0x00, 0x00, 0x1F, 0xF0, 0x00, 0x1F, 0xF7, 0xF8, 0x00, 0x0F, 0xF1, 0xFE,
  0x00, 0x0F, 0xF8, 0xFF, 0x00, 0x07, 0xF8, 0x3F, 0xC0, 0x07, 0xFC, 0x1F, 0xE0, 0x03, 0xFC, 0x07,
  0xF8, 0x03, 0xFC, 0x03, 0xFC, 0x01, 0xFE, 0x00, 0xFF, 0x01, 0xFE, 0x00, 0x7F, 0x80, 0xFF, 0x00,
  0x1F, 0xE0, 0xFF, 0x00, 0x07, 0xF8, 0x7F, 0x80, 0x03, 0xFC, 0x7F, 0x80, 0x00, 0xFF, 0x3F, 0x80,
  0x00, 0x7F, 0xBF, 0xC0, 0x00, 0x1F, 0xFF, 0xC0, 0x00, 0x0F, 0xFF, 0xE0, 0x00, 0x03, 0xFF, 0xE0,
  0x00, 0x00, 0xFF, 0xF0, 0x00, 0x00, 0x7F, 0xF0, 0x00, 0x00, 0x1F, 0xF8, 0x00, 0x00, 0x0F, 0xF8,
  0x00, 0x00, 0x03, 0xF8, 0x00, 0x00, 0x01, 0xFC, 0x00, 0x00, 0x00, 0xFE, 0x00, 0x00, 0x00, 0x7F,
  0x00, 0x00, 0x00, 0x3F, 0x80, 0x00, 0x00, 0x1F, 0xC0, 0x00, 0x00, 0x0F, 0xE0, 0x00, 0x00, 0x07,
  0xF0, 0x00, 0x00, 0x03, 0xF8, 0x00, 0x00, 0x01, 0xFC, 0x00, 0x00, 0x00, 0xFE, 0x00, 0x00, 0x00,
  0x7F, 0x00, 0x00, 0x00, 0x3F, 0x80, 0x00, 0x3F, 0xC0, 0x00, 0x00, 0x7F, 0x80, 0x00, 0x00, 0xFF,
  0x00, 0x00, 0x01, 0xFE, 0x00, 0x00, 0x03, 0xFC, 0x00, 0x00, 0x07, 0xF8, 0x00, 0x00, 0x0F, 0xFF,
  0xC0, 0x00, 0x1F, 0xFF, 0xFC, 0x00, 0x3F, 0xFF, 0xFE, 0x00, 0x7F, 0xFF, 0xFE, 0x00, 0xFF, 0xFF,
  0xFE, 0x01, 0xFF, 0xFF, 0xFE, 0x03, 0xFC, 0x07, 0xFE, 0x07, 0xF8, 0x03, 0xFC, 0x0F, 0xF0, 0x03,
  0xF8, 0x1F, 0xE0, 0x07, 0xF8, 0x3F, 0xC0, 0x07, 0xF0, 0x7F, 0x80, 0x0F, 0xE0, 0xFF, 0x00, 0x3F,
  0xC1, 0xFE, 0x00, 0x7F, 0x03, 0xFC, 0x01, 0xFE, 0x07, 0xF8, 0x07, 0xFC, 0x0F, 0xFF, 0xFF, 0xF0,
  0x1F, 0xFF, 0xFF, 0xE0, 0x3F, 0xFF, 0xFF, 0x80, 0x7F, 0xFF, 0xFC, 0x00, 0xFF, 0xFF, 0xF0, 0x01,
  0xFF, 0xFE, 0x00, 0x03, 0xFC, 0x00, 0x00, 0x07, 0xF8, 0x00, 0x00, 0x0F, 0xF0, 0x00, 0x00, 0x1F,
  0xE0, 0x00, 0x00, 0x3F, 0xC0, 0x00, 0x00, 0x7F, 0x80, 0x00, 0x00, 0xFF, 0x00, 0x00, 0x00, 0x00,
  0x7F, 0xF0, 0x00, 0x07, 0xFF, 0xF0, 0x00, 0x7F, 0xFF, 0xF0, 0x03, 0xFF, 0xFF, 0xE0, 0x1F, 0xFF,
  0xFF, 0x80, 0x7F, 0xFF, 0xFF, 0x01, 0xFF, 0x07, 0xFC, 0x0F, 0xF0, 0x0F, 0xF8, 0x3F, 0xC0, 0x1F,
  0xE0, 0xFF, 0x00, 0x7F, 0x83, 0xFC, 0x01, 0xFE, 0x0F, 0xF0, 0x07, 0xF0, 0x3F, 0xC0, 0x1F, 0xC0,
  0xFF, 0x00, 0xFF, 0x03, 0xFC, 0x1F, 0xF8, 0x0F, 0xF1, 0xFF, 0x80, 0x3F, 0xC7, 0xFC, 0x00, 0xFF,
  0x1F, 0xFE, 0x03, 0xFC, 0x7F, 0xFC, 0x0F, 0xF1, 0xFF, 0xF8, 0x3F, 0xC0, 0x3F, 0xF0, 0xFF, 0x00,
  0x3F, 0xC3, 0xFC, 0x00, 0x7F, 0x8F, 0xF0, 0x00, 0xFE, 0x3F, 0xC0, 0x03, 0xF8, 0xFF, 0x00, 0x0F,
  0xE3, 0xFC, 0x00, 0x7F, 0x8F, 0xF0, 0x01, 0xFE, 0x3F, 0xC0, 0x1F, 0xF8, 0xFF, 0x1F, 0xFF, 0xC3,
  0xFC, 0x7F, 0xFF, 0x0F, 0xF1, 0xFF, 0xF8, 0x3F, 0xC7, 0xFF, 0xC0, 0xFF, 0x1F, 0xFC, 0x03, 0xFC,
  0x7F, 0xC0, 0x00, 0x00, 0x00, 0x00, 0x03, 0xF8, 0x00, 0x00, 0x7E, 0x00, 0x00, 0x0F, 0xC0, 0x00,
  0x03, 0xF0, 0x00, 0x00, 0x7E, 0x00, 0x00, 0x0F, 0x80, 0x00, 0x03, 0xF0, 0x00, 0x00, 0x7C, 0x00,
  0x00, 0x00, 0x00, 0x00, 0x00, 0x00, 0x00, 0x00, 0x40, 0x00, 0x03, 0xFF, 0x80, 0x03, 0xFF, 0xF8,
  0x03, 0xFF, 0xFF, 0x01, 0xFF, 0xFF, 0xE0, 0x7F, 0xFF, 0xF8, 0x3F, 0xC0, 0xFF, 0x0F, 0xE0, 0x1F,
  0xC0, 0x78, 0x07, 0xF0, 0x00, 0x01, 0xFC, 0x00, 0x00, 0xFF, 0x00, 0x03, 0xFF, 0xC0, 0x3F, 0xFF,
  0xF0, 0x3F, 0xFF, 0xFC, 0x1F, 0xFF, 0xFF, 0x0F, 0xFF, 0x9F, 0xC7, 0xFC, 0x07, 0xF1, 0xFE, 0x01,
  0xFC, 0x7F, 0x00, 0x7F, 0x1F, 0xC0, 0x1F, 0xC7, 0xF0, 0x0F, 0xF1, 0xFE, 0x07, 0xFC, 0x7F, 0xFF,
  0xFF, 0x0F, 0xFF, 0xFF, 0xC3, 0xFF, 0xF7, 0xF0, 0x7F, 0xFD, 0xFC, 0x07, 0xFC, 0x7F, 0x00, 0x10,
  0x00, 0x00, 0x00, 0x03, 0xF8, 0x00, 0x00, 0xFC, 0x00, 0x00, 0x7E, 0x00, 0x00, 0x1F, 0x80, 0x00,
  0x0F, 0xC0, 0x00, 0x03, 0xE0, 0x00, 0x01, 0xF8, 0x00, 0x00, 0x7C, 0x00, 0x00, 0x00, 0x00, 0x00,
  0x00, 0x00, 0x00, 0x00, 0x40, 0x00, 0x03, 0xFF, 0x80, 0x03, 0xFF, 0xF8, 0x03, 0xFF, 0xFF, 0x01,
  0xFF, 0xFF, 0xE0, 0x7F, 0xFF, 0xF8, 0x3F, 0xC0, 0xFF, 0x0F, 0xE0, 0x1F, 0xC0, 0x78, 0x07, 0xF0,
  0x00, 0x01, 0xFC, 0x00, 0x00, 0xFF, 0x00, 0x03, 0xFF, 0xC0, 0x3F, 0xFF, 0xF0, 0x3F, 0xFF, 0xFC,
  0x1F, 0xFF, 0xFF, 0x0F, 0xFF, 0x9F, 0xC7, 0xFC, 0x07, 0xF1, 0xFE, 0x01, 0xFC, 0x7F, 0x00, 0x7F,
  0x1F, 0xC0, 0x1F, 0xC7, 0xF0, 0x0F, 0xF1, 0xFE, 0x07, 0xFC, 0x7F, 0xFF, 0xFF, 0x0F, 0xFF, 0xFF,
  0xC3, 0xFF, 0xF7, 0xF0, 0x7F, 0xFD, 0xFC, 0x07, 0xFC, 0x7F, 0x00, 0x10, 0x00, 0x00, 0x00, 0x3F,
  0x80, 0x00, 0x1F, 0xF0, 0x00, 0x0F, 0xFE, 0x00, 0x07, 0xFF, 0x80, 0x01, 0xFB, 0xF0, 0x00, 0xFC,
  0x7E, 0x00, 0x7E, 0x0F, 0xC0, 0x3F, 0x01, 0xF8, 0x00, 0x00, 0x00, 0x00, 0x00, 0x00, 0x00, 0x00,
  0x40, 0x00, 0x03, 0xFF, 0x80, 0x03, 0xFF, 0xF8, 0x03, 0xFF, 0xFF, 0x01, 0xFF, 0xFF, 0xE0, 0x7F,
  0xFF, 0xF8, 0x3F, 0xC0, 0xFF, 0x0F, 0xE0, 0x1F, 0xC0, 0x78, 0x07, 0xF0, 0x00, 0x01, 0xFC, 0x00,
  0x00, 0xFF, 0x00, 0x03, 0xFF, 0xC0, 0x3F, 0xFF, 0xF0, 0x3F, 0xFF, 0xFC, 0x1F, 0xFF, 0xFF, 0x0F,
  0xFF, 0x9F, 0xC7, 0xFC, 0x07, 0xF1, 0xFE, 0x01, 0xFC, 0x7F, 0x00, 0x7F, 0x1F, 0xC0, 0x1F, 0xC7,
  0xF0, 0x0F, 0xF1, 0xFE, 0x07, 0xFC, 0x7F, 0xFF, 0xFF, 0x0F, 0xFF, 0xFF, 0xC3, 0xFF, 0xF7, 0xF0,
  0x7F, 0xFD, 0xFC, 0x07, 0xFC, 0x7F, 0x00, 0x10, 0x00, 0x00, 0x00, 0x00, 0x00, 0x00, 0xF0, 0x3C,
  0x00, 0x7F, 0x0F, 0x00, 0x3F, 0xFF, 0x80, 0x0F, 0xFF, 0xE0, 0x07, 0xCF, 0xF8, 0x01, 0xE0, 0xFC,
  0x00, 0x00, 0x00, 0x00, 0x00, 0x00, 0x00, 0x00, 0x00, 0x00, 0x00, 0x01, 0x00, 0x00, 0x0F, 0xFE,
  0x00, 0x0F, 0xFF, 0xE0, 0x0F, 0xFF, 0xFC, 0x07, 0xFF, 0xFF, 0x81, 0xFF, 0xFF, 0xE0, 0xFF, 0x03,
  0xFC, 0x3F, 0x80, 0x7F, 0x01, 0xE0, 0x1F, 0xC0, 0x00, 0x07, 0xF0, 0x00, 0x03, 0xFC, 0x00, 0x0F,
  0xFF, 0x00, 0xFF, 0xFF, 0xC0, 0xFF, 0xFF, 0xF0, 0x7F, 0xFF, 0xFC, 0x3F, 0xFE, 0x7F, 0x1F, 0xF0,
  0x1F, 0xC7, 0xF8, 0x07, 0xF1, 0xFC, 0x01, 0xFC, 0x7F, 0x00, 0x7F, 0x1F, 0xC0, 0x3F, 0xC7, 0xF8,
  0x1F, 0xF1, 0xFF, 0xFF, 0xFC, 0x3F, 0xFF, 0xFF, 0x0F, 0xFF, 0xDF, 0xC1, 0xFF, 0xF7, 0xF0, 0x1F,
  0xF1, 0xFC, 0x00, 0x40, 0x00, 0x00, 0x01, 0x80, 0x70, 0x00, 0xF8, 0x3E, 0x00, 0x7F, 0x1F, 0xC0,
  0x1F, 0xC7, 0xF0, 0x07, 0xF1, 0xFC, 0x01, 0xF8, 0x3F, 0x00, 0x3C, 0x0F, 0x80, 0x00, 0x00, 0x00,
  0x00, 0x00, 0x00, 0x00, 0x00, 0x00, 0x00, 0x00, 0x40, 0x00, 0x03, 0xFF, 0x80, 0x03, 0xFF, 0xF8,
  0x03, 0xFF, 0xFF, 0x01, 0xFF, 0xFF, 0xE0, 0x7F, 0xFF, 0xF8, 0x3F, 0xC0, 0xFF, 0x0F, 0xE0, 0x1F,
  0xC0, 0x78, 0x07, 0xF0, 0x00, 0x01, 0xFC, 0x00, 0x00, 0xFF, 0x00, 0x03, 0xFF, 0xC0, 0x3F, 0xFF,
  0xF0, 0x3F, 0xFF, 0xFC, 0x1F, 0xFF, 0xFF, 0x0F, 0xFF, 0x9F, 0xC7, 0xFC, 0x07, 0xF1, 0xFE, 0x01,
  0xFC, 0x7F, 0x00, 0x7F, 0x1F, 0xC0, 0x1F, 0xC7, 0xF0, 0x0F, 0xF1, 0xFE, 0x07, 0xFC, 0x7F, 0xFF,
  0xFF, 0x0F, 0xFF, 0xFF, 0xC3, 0xFF, 0xF7, 0xF0, 0x7F, 0xFD, 0xFC, 0x07, 0xFC, 0x7F, 0x00, 0x10,
  0x00, 0x00, 0x00, 0x1F, 0x00, 0x00, 0x1F, 0xF0, 0x00, 0x0F, 0xFC, 0x00, 0x03, 0xC7, 0x80, 0x00,
  0xE0, 0xE0, 0x00, 0x38, 0x38, 0x00, 0x0E, 0x0E, 0x00, 0x03, 0xC7, 0x80, 0x00, 0x7F, 0xC0, 0x00,
  0x1F, 0xE0, 0x00, 0x01, 0xF0, 0x00, 0x00, 0x00, 0x00, 0x00, 0x00, 0x00, 0x00, 0x01, 0x00, 0x00,
  0x0F, 0xFE, 0x00, 0x0F, 0xFF, 0xE0, 0x0F, 0xFF, 0xFC, 0x07, 0xFF, 0xFF, 0x81, 0xFF, 0xFF, 0xE0,
  0xFF, 0x03, 0xFC, 0x3F, 0x80, 0x7F, 0x01, 0xE0, 0x1F, 0xC0, 0x00, 0x07, 0xF0, 0x00, 0x03, 0xFC,
  0x00, 0x0F, 0xFF, 0x00, 0xFF, 0xFF, 0xC0, 0xFF, 0xFF, 0xF0, 0x7F, 0xFF, 0xFC, 0x3F, 0xFE, 0x7F,
  0x1F, 0xF0, 0x1F, 0xC7, 0xF8, 0x07, 0xF1, 0xFC, 0x01, 0xFC, 0x7F, 0x00, 0x7F, 0x1F, 0xC0, 0x3F,
  0xC7, 0xF8, 0x1F, 0xF1, 0xFF, 0xFF, 0xFC, 0x3F, 0xFF, 0xFF, 0x0F, 0xFF, 0xDF, 0xC1, 0xFF, 0xF7,
  0xF0, 0x1F, 0xF1, 0xFC, 0x00, 0x40, 0x00, 0x00, 0x00, 0x00, 0x00, 0x00, 0x0C, 0x00, 0x08, 0x00,
  0x00, 0x3F, 0xF0, 0x3F, 0xF0, 0x00, 0x3F, 0xFF, 0x3F, 0xFF, 0x00, 0x3F, 0xFF, 0xFF, 0xFF, 0xE0,
  0x1F, 0xFF, 0xFF, 0xFF, 0xFC, 0x07, 0xFF, 0xFF, 0xFF, 0xFF, 0x83, 0xFC, 0x0F, 0xFC, 0x0F, 0xF0,
  0xFE, 0x01, 0xFE, 0x01, 0xFC, 0x07, 0x80, 0x7F, 0x00, 0x3F, 0x00, 0x00, 0x1F, 0xC0, 0x0F, 0xE0,
  0x00, 0x0F, 0xE0, 0x03, 0xF8, 0x00, 0x3F, 0xFF, 0xFF, 0xFE, 0x03, 0xFF, 0xFF, 0xFF, 0xFF, 0x83,
  0xFF, 0xFF, 0xFF, 0xFF, 0xE1, 0xFF, 0xFF, 0xFF, 0xFF, 0xF8, 0xFF, 0xF9, 0xFF, 0xFF, 0xFE, 0x7F,
  0xC0, 0x7E, 0x00, 0x00, 0x1F, 0xE0, 0x1F, 0xC0, 0x00, 0x07, 0xF0, 0x07, 0xF0, 0x00, 0x01, 0xFC,
  0x01, 0xFC, 0x00, 0xFE, 0x7F, 0x00, 0xFF, 0x80, 0x7F, 0x9F, 0xE0, 0x7F, 0xF8, 0x3F, 0xC7, 0xFF,
  0xFF, 0xFF, 0xFF, 0xF0, 0xFF, 0xFF, 0x9F, 0xFF, 0xF8, 0x3F, 0xFF, 0xE7, 0xFF, 0xFC, 0x07, 0xFF,
  0xE0, 0x7F, 0xFE, 0x00, 0x7F, 0xE0, 0x0F, 0xFE, 0x00, 0x01, 0x80, 0x00, 0x10, 0x00, 0x00, 0x04,
  0x00, 0x00, 0x1F, 0xFC, 0x00, 0x07, 0xFF, 0xE0, 0x03, 0xFF, 0xFF, 0x00, 0xFF, 0xFF, 0xE0, 0x3F,
  0xFF, 0xFE, 0x07, 0xFC, 0x3F, 0xE1, 0xFF, 0x03, 0xFC, 0x3F, 0xC0, 0x3F, 0x87, 0xF0, 0x03, 0xF9,
  0xFE, 0x00, 0x7F, 0x3F, 0xC0, 0x00, 0x07, 0xF0, 0x00, 0x00, 0xFE, 0x00, 0x00, 0x1F, 0xC0, 0x00,
  0x03, 0xF8, 0x00, 0x00, 0x7F, 0x80, 0x00, 0x0F, 0xF0, 0x03, 0xF8, 0xFE, 0x00, 0x7F, 0x1F, 0xE0,
  0x1F, 0xC3, 0xFE, 0x07, 0xF8, 0x3F, 0xE1, 0xFF, 0x07, 0xFF, 0xFF, 0xC0, 0x7F, 0xFF, 0xF0, 0x07,
  0xFF, 0xFC, 0x00, 0x3F, 0xFF, 0x00, 0x03, 0xFF, 0x80, 0x00, 0x07, 0x00, 0x00, 0x00, 0xF0, 0x00,
  0x00, 0x1F, 0x80, 0x00, 0x07, 0xF8, 0x00, 0x00, 0x1F, 0x00, 0x00, 0x01, 0xE0, 0x00, 0x00, 0x3C,
  0x00, 0x00, 0x1F, 0x80, 0x00, 0x1F, 0xE0, 0x00, 0x03, 0xF8, 0x00, 0x00, 0x7C, 0x00, 0x00, 0x00,
  0x00, 0x00, 0x03, 0xF8, 0x00, 0x00, 0x3F, 0x00, 0x00, 0x03, 0xF0, 0x00, 0x00, 0x7E, 0x00, 0x00,
  0x07, 0xE0, 0x00, 0x00, 0x7C, 0x00, 0x00, 0x07, 0xC0, 0x00, 0x00, 0xF8, 0x00, 0x00, 0x00, 0x00,
  0x00, 0x00, 0x00, 0x00, 0x00, 0x18, 0x00, 0x00, 0x7F, 0xF0, 0x00, 0x1F, 0xFF, 0x80, 0x0F, 0xFF,
  0xF8, 0x03, 0xFF, 0xFF, 0x80, 0xFF, 0xFF, 0xF8, 0x1F, 0xE0, 0xFF, 0x07, 0xF8, 0x07, 0xF0, 0xFE,
  0x00, 0xFE, 0x1F, 0xC0, 0x0F, 0xE7, 0xF0, 0x01, 0xFC, 0xFF, 0xFF, 0xFF, 0x9F, 0xFF, 0xFF, 0xF3,
  0xFF, 0xFF, 0xFE, 0x7F, 0xFF, 0xFF, 0xCF, 0xFF, 0xFF, 0xF9, 0xFC, 0x00, 0x00, 0x3F, 0x80, 0x00,
  0x03, 0xF8, 0x00, 0x00, 0x7F, 0x00, 0x3F, 0x8F, 0xF0, 0x0F, 0xF0, 0xFF, 0x03, 0xFC, 0x1F, 0xFF,
  0xFF, 0x81, 0xFF, 0xFF, 0xE0, 0x1F, 0xFF, 0xF8, 0x01, 0xFF, 0xFE, 0x00, 0x0F, 0xFF, 0x00, 0x00,
  0x04, 0x00, 0x00, 0x00, 0x03, 0xF8, 0x00, 0x00, 0x7E, 0x00, 0x00, 0x1F, 0x80, 0x00, 0x03, 0xF0,
  0x00, 0x00, 0xFC, 0x00, 0x00, 0x1F, 0x00, 0x00, 0x07, 0xE0, 0x00, 0x00, 0xF8, 0x00, 0x00, 0x00,
  0x00, 0x00, 0x00, 0x00, 0x00, 0x00, 0x18, 0x00, 0x00, 0x7F, 0xF0, 0x00, 0x1F, 0xFF, 0x80, 0x0F,
  0xFF, 0xF8, 0x03, 0xFF, 0xFF, 0x80, 0xFF, 0xFF, 0xF8, 0x1F, 0xE0, 0xFF, 0x07, 0xF8, 0x07, 0xF0,
  0xFE, 0x00, 0xFE, 0x1F, 0xC0, 0x0F, 0xE7, 0xF0, 0x01, 0xFC, 0xFF, 0xFF, 0xFF, 0x9F, 0xFF, 0xFF,
  0xF3, 0xFF, 0xFF, 0xFE, 0x7F, 0xFF, 0xFF, 0xCF, 0xFF, 0xFF, 0xF9, 0xFC, 0x00, 0x00, 0x3F, 0x80,
  0x00, 0x03, 0xF8, 0x00, 0x00, 0x7F, 0x00, 0x3F, 0x8F, 0xF0, 0x0F, 0xF0, 0xFF, 0x03, 0xFC, 0x1F,
  0xFF, 0xFF, 0x81, 0xFF, 0xFF, 0xE0, 0x1F, 0xFF, 0xF8, 0x01, 0xFF, 0xFE, 0x00, 0x0F, 0xFF, 0x00,
  0x00, 0x04, 0x00, 0x00, 0x00, 0x3F, 0x80, 0x00, 0x0F, 0xF8, 0x00, 0x03, 0xFF, 0x80, 0x00, 0x7F,
  0xF8, 0x00, 0x1F, 0xBF, 0x80, 0x07, 0xE3, 0xF0, 0x01, 0xF8, 0x3F, 0x00, 0x7E, 0x03, 0xF0, 0x00,
  0x00, 0x00, 0x00, 0x00, 0x00, 0x00, 0x00, 0x18, 0x00, 0x00, 0x7F, 0xF0, 0x00, 0x1F, 0xFF, 0x80,
  0x0F, 0xFF, 0xF8, 0x03, 0xFF, 0xFF, 0x80, 0xFF, 0xFF, 0xF8, 0x1F, 0xE0, 0xFF, 0x07, 0xF8, 0x07,
  0xF0, 0xFE, 0x00, 0xFE, 0x1F, 0xC0, 0x0F, 0xE7, 0xF0, 0x01, 0xFC, 0xFF, 0xFF, 0xFF, 0x9F, 0xFF,
  0xFF, 0xF3, 0xFF, 0xFF, 0xFE, 0x7F, 0xFF, 0xFF, 0xCF, 0xFF, 0xFF, 0xF9, 0xFC, 0x00, 0x00, 0x3F,
  0x80, 0x00, 0x03, 0xF8, 0x00, 0x00, 0x7F, 0x00, 0x3F, 0x8F, 0xF0, 0x0F, 0xF0, 0xFF, 0x03, 0xFC,
  0x1F, 0xFF, 0xFF, 0x81, 0xFF, 0xFF, 0xE0, 0x1F, 0xFF, 0xF8, 0x01, 0xFF, 0xFE, 0x00, 0x0F, 0xFF,
  0x00, 0x00, 0x04, 0x00, 0x00, 0x00, 0x00, 0x00, 0x01, 0x80, 0x30, 0x00, 0x7C, 0x1F, 0x00, 0x1F,
  0xC7, 0xF0, 0x03, 0xF8, 0xFE, 0x00, 0x7F, 0x1F, 0xC0, 0x0F, 0xC1, 0xF8, 0x00, 0xF8, 0x1E, 0x00,
  0x00, 0x00, 0x00, 0x00, 0x00, 0x00, 0x00, 0x00, 0x00, 0x00, 0x00, 0x18, 0x00, 0x00, 0x7F, 0xF0,
  0x00, 0x1F, 0xFF, 0x80, 0x0F, 0xFF, 0xF8, 0x03, 0xFF, 0xFF, 0x80, 0xFF, 0xFF, 0xF8, 0x1F, 0xE0,
  0xFF, 0x07, 0xF8, 0x07, 0xF0, 0xFE, 0x00, 0xFE, 0x1F, 0xC0, 0x0F, 0xE7, 0xF0, 0x01, 0xFC, 0xFF,
  0xFF, 0xFF, 0x9F, 0xFF, 0xFF, 0xF3, 0xFF, 0xFF, 0xFE, 0x7F, 0xFF, 0xFF, 0xCF, 0xFF, 0xFF, 0xF9,
  0xFC, 0x00, 0x00, 0x3F, 0x80, 0x00, 0x03, 0xF8, 0x00, 0x00, 0x7F, 0x00, 0x3F, 0x8F, 0xF0, 0x0F,
  0xF0, 0xFF, 0x03, 0xFC, 0x1F, 0xFF, 0xFF, 0x81, 0xFF, 0xFF, 0xE0, 0x1F, 0xFF, 0xF8, 0x01, 0xFF,
  0xFE, 0x00, 0x0F, 0xFF, 0x00, 0x00, 0x04, 0x00, 0x00, 0xFE, 0x01, 0xFC, 0x03, 0xF0, 0x07, 0xE0,
  0x1F, 0x80, 0x3E, 0x00, 0x7C, 0x01, 0xF0, 0x00, 0x00, 0x00, 0x00, 0x00, 0x03, 0xF8, 0x0F, 0xE0,
  0x3F, 0x80, 0xFE, 0x03, 0xF8, 0x0F, 0xE0, 0x3F, 0x80, 0xFE, 0x03, 0xF8, 0x0F, 0xE0, 0x3F, 0x80,
  0xFE, 0x03, 0xF8, 0x0F, 0xE0, 0x3F, 0x80, 0xFE, 0x03, 0xF8, 0x0F, 0xE0, 0x3F, 0x80, 0xFE, 0x03,
  0xF8, 0x0F, 0xE0, 0x3F, 0x80, 0xFE, 0x03, 0xF8, 0x0F, 0xE0, 0x03, 0xF8, 0x1F, 0x81, 0xFC, 0x0F,
  0xC0, 0xFC, 0x07, 0xE0, 0x3E, 0x03, 0xE0, 0x00, 0x00, 0x00, 0x00, 0x00, 0x7F, 0x03, 0xF8, 0x1F,
  0xC0, 0xFE, 0x07, 0xF0, 0x3F, 0x81, 0xFC, 0x0F, 0xE0, 0x7F, 0x03, 0xF8, 0x1F, 0xC0, 0xFE, 0x07,
  0xF0, 0x3F, 0x81, 0xFC, 0x0F, 0xE0, 0x7F, 0x03, 0xF8, 0x1F, 0xC0, 0xFE, 0x07, 0xF0, 0x3F, 0x81,
  0xFC, 0x0F, 0xE0, 0x7F, 0x03, 0xF8, 0x00, 0x03, 0xF8, 0x00, 0x3F, 0xC0, 0x07, 0xFE, 0x00, 0xFF,
  0xF0, 0x1F, 0x9F, 0x83, 0xF1, 0xFC, 0x7E, 0x0F, 0xCF, 0xE0, 0x7E, 0x00, 0x00, 0x00, 0x00, 0x00,
  0x00, 0x00, 0x00, 0x3F, 0x80, 0x03, 0xF8, 0x00, 0x3F, 0x80, 0x03, 0xF8, 0x00, 0x3F, 0x80, 0x03,
  0xF8, 0x00, 0x3F, 0x80, 0x03, 0xF8, 0x00, 0x3F, 0x80, 0x03, 0xF8, 0x00, 0x3F, 0x80, 0x03, 0xF8,
  0x00, 0x3F, 0x80, 0x03, 0xF8, 0x00, 0x3F, 0x80, 0x03, 0xF8, 0x00, 0x3F, 0x80, 0x03, 0xF8, 0x00,
  0x3F, 0x80, 0x03, 0xF8, 0x00, 0x3F, 0x80, 0x03, 0xF8, 0x00, 0x3F, 0x80, 0x03, 0xF8, 0x00, 0x3F,
  0x80, 0x03, 0xF8, 0x00, 0x00, 0x00, 0x38, 0x06, 0x0F, 0x83, 0xF3, 0xF8, 0x7E, 0x7F, 0x1F, 0xCF,
  0xE3, 0xF9, 0xFC, 0x3F, 0x1F, 0x03, 0xC0, 0x00, 0x00, 0x00, 0x00, 0x00, 0x00, 0x00, 0x00, 0x00,
  0x03, 0xF8, 0x00, 0x7F, 0x00, 0x0F, 0xE0, 0x01, 0xFC, 0x00, 0x3F, 0x80, 0x07, 0xF0, 0x00, 0xFE,
  0x00, 0x1F, 0xC0, 0x03, 0xF8, 0x00, 0x7F, 0x00, 0x0F, 0xE0, 0x01, 0xFC, 0x00, 0x3F, 0x80, 0x07,
  0xF0, 0x00, 0xFE, 0x00, 0x1F, 0xC0, 0x03, 0xF8, 0x00, 0x7F, 0x00, 0x0F, 0xE0, 0x01, 0xFC, 0x00,
  0x3F, 0x80, 0x07, 0xF0, 0x00, 0xFE, 0x00, 0x1F, 0xC0, 0x03, 0xF8, 0x00, 0x7F, 0x00, 0x02, 0x00,
  0x00, 0x00, 0x78, 0x01, 0x00, 0x1F, 0xC0, 0xE0, 0x03, 0xFE, 0x7C, 0x00, 0x3F, 0xFF, 0xC0, 0x01,
  0xFF, 0xC0, 0x00, 0x0F, 0xF0, 0x00, 0x07, 0xFF, 0x00, 0x03, 0xFF, 0xF0, 0x00, 0xFC, 0x7F, 0x00,
  0x1E, 0x07, 0xF0, 0x03, 0x00, 0x7F, 0x00, 0x00, 0x07, 0xE0, 0x01, 0xFC, 0xFE, 0x00, 0xFF, 0xEF,
  0xC0, 0x3F, 0xFE, 0xFC, 0x0F, 0xFF, 0xFF, 0x83, 0xFE, 0x3F, 0xF0, 0x7F, 0x01, 0xFF, 0x1F, 0xC0,
  0x1F, 0xE3, 0xF8, 0x01, 0xFC, 0xFE, 0x00, 0x3F, 0x9F, 0xC0, 0x07, 0xF3, 0xF8, 0x00, 0xFE, 0x7F,
  0x00, 0x1F, 0xCF, 0xE0, 0x03, 0xF9, 0xFC, 0x00, 0x7F, 0x3F, 0x80, 0x0F, 0xE7, 0xF8, 0x01, 0xFC,
  0x7F, 0x00, 0x7F, 0x0F, 0xF0, 0x1F, 0xE0, 0xFF, 0x07, 0xF8, 0x1F, 0xFF, 0xFF, 0x01, 0xFF, 0xFF,
  0xC0, 0x1F, 0xFF, 0xF0, 0x01, 0xFF, 0xFC, 0x00, 0x0F, 0xFE, 0x00, 0x00, 0x08, 0x00, 0x00, 0x00,
  0x78, 0x3C, 0x00, 0x1F, 0xE3, 0xC0, 0x01, 0xFF, 0xFC, 0x00, 0x3F, 0xFF, 0xC0, 0x03, 0xC7, 0xF8,
  0x00, 0x3C, 0x3F, 0x00, 0x00, 0x00, 0x00, 0x00, 0x00, 0x00, 0x00, 0x00, 0x00, 0x00, 0x00, 0x00,
  0x0C, 0x00, 0x3F, 0x87, 0xFC, 0x03, 0xF9, 0xFF, 0xE0, 0x3F, 0x9F, 0xFF, 0x03, 0xFB, 0xFF, 0xF8,
  0x3F, 0xFF, 0xFF, 0x83, 0xFF, 0xFF, 0xFC, 0x3F, 0xE0, 0x7F, 0xC3, 0xFC, 0x03, 0xFC, 0x3F, 0xC0,
  0x1F, 0xC3, 0xFC, 0x01, 0xFC, 0x3F, 0x80, 0x1F, 0xC3, 0xF8, 0x01, 0xFC, 0x3F, 0x80, 0x1F, 0xC3,
  0xF8, 0x01, 0xFC, 0x3F, 0x80, 0x1F, 0xC3, 0xF8, 0x01, 0xFC, 0x3F, 0x80, 0x1F, 0xC3, 0xF8, 0x01,
  0xFC, 0x3F, 0x80, 0x1F, 0xC3, 0xF8, 0x01, 0xFC, 0x3F, 0x80, 0x1F, 0xC3, 0xF8, 0x01, 0xFC, 0x3F,
  0x80, 0x1F, 0xC3, 0xF8, 0x01, 0xFC, 0x3F, 0x80, 0x1F, 0xC3, 0xF8, 0x01, 0xFC, 0x01, 0xF8, 0x00,
  0x00, 0x1F, 0xC0, 0x00, 0x00, 0xFC, 0x00, 0x00, 0x07, 0xE0, 0x00, 0x00, 0x7E, 0x00, 0x00, 0x03,
  0xF0, 0x00, 0x00, 0x1F, 0x00, 0x00, 0x00, 0xF8, 0x00, 0x00, 0x00, 0x00, 0x00, 0x00, 0x00, 0x00,
  0x00, 0x04, 0x00, 0x00, 0x0F, 0xFE, 0x00, 0x01, 0xFF, 0xF8, 0x00, 0x7F, 0xFF, 0xE0, 0x0F, 0xFF,
  0xFF, 0x01, 0xFF, 0xFF, 0xF0, 0x1F, 0xF0, 0xFF, 0x83, 0xFE, 0x07, 0xFC, 0x3F, 0xC0, 0x3F, 0xC3,
  0xF8, 0x01, 0xFC, 0x7F, 0x80, 0x1F, 0xC7, 0xF8, 0x01, 0xFE, 0x7F, 0x80, 0x1F, 0xE7, 0xF0, 0x01,
  0xFE, 0x7F, 0x00, 0x1F, 0xE7, 0xF8, 0x01, 0xFE, 0x7F, 0x80, 0x1F, 0xE7, 0xF8, 0x01, 0xFC, 0x3F,
  0x80, 0x1F, 0xC3, 0xFC, 0x03, 0xFC, 0x3F, 0xE0, 0x7F, 0xC1, 0xFF, 0x0F, 0xF8, 0x1F, 0xFF, 0xFF,
  0x00, 0xFF, 0xFF, 0xF0, 0x07, 0xFF, 0xFE, 0x00, 0x1F, 0xFF, 0x80, 0x00, 0xFF, 0xE0, 0x00, 0x00,
  0x60, 0x00, 0x00, 0x03, 0xF8, 0x00, 0x00, 0x3F, 0x00, 0x00, 0x03, 0xF0, 0x00, 0x00, 0x7E, 0x00,
  0x00, 0x07, 0xC0, 0x00, 0x00, 0xFC, 0x00, 0x00, 0x0F, 0x80, 0x00, 0x01, 0xF0, 0x00, 0x00, 0x00,
  0x00, 0x00, 0x00, 0x00, 0x00, 0x00, 0x04, 0x00, 0x00, 0x0F, 0xFE, 0x00, 0x01, 0xFF, 0xF8, 0x00,
  0x7F, 0xFF, 0xE0, 0x0F, 0xFF, 0xFF, 0x01, 0xFF, 0xFF, 0xF0, 0x1F, 0xF0, 0xFF, 0x83, 0xFE, 0x07,
  0xFC, 0x3F, 0xC0, 0x3F, 0xC3, 0xF8, 0x01, 0xFC, 0x7F, 0x80, 0x1F, 0xC7, 0xF8, 0x01, 0xFE, 0x7F,
  0x80, 0x1F, 0xE7, 0xF0, 0x01, 0xFE, 0x7F, 0x00, 0x1F, 0xE7, 0xF8, 0x01, 0xFE, 0x7F, 0x80, 0x1F,
  0xE7, 0xF8, 0x01, 0xFC, 0x3F, 0x80, 0x1F, 0xC3, 0xFC, 0x03, 0xFC, 0x3F, 0xE0, 0x7F, 0xC1, 0xFF,
  0x0F, 0xF8, 0x1F, 0xFF, 0xFF, 0x00, 0xFF, 0xFF, 0xF0, 0x07, 0xFF, 0xFE, 0x00, 0x1F, 0xFF, 0x80,
  0x00, 0xFF, 0xE0, 0x00, 0x00, 0x60, 0x00, 0x00, 0x1F, 0x80, 0x00, 0x03, 0xFC, 0x00, 0x00, 0x7F,
  0xE0, 0x00, 0x0F, 0xFF, 0x00, 0x01, 0xF9, 0xF8, 0x00, 0x3F, 0x0F, 0xC0, 0x07, 0xF0, 0xFE, 0x00,
  0xFE, 0x07, 0xF0, 0x00, 0x00, 0x00, 0x00, 0x00, 0x00, 0x00, 0x00, 0x04, 0x00, 0x00, 0x0F, 0xFE,
  0x00, 0x01, 0xFF, 0xF8, 0x00, 0x7F, 0xFF, 0xE0, 0x0F, 0xFF, 0xFF, 0x01, 0xFF, 0xFF, 0xF0, 0x1F,
  0xF0, 0xFF, 0x83, 0xFE, 0x07, 0xFC, 0x3F, 0xC0, 0x3F, 0xC3, 0xF8, 0x01, 0xFC, 0x7F, 0x80, 0x1F,
  0xC7, 0xF8, 0x01, 0xFE, 0x7F, 0x80, 0x1F, 0xE7, 0xF0, 0x01, 0xFE, 0x7F, 0x00, 0x1F, 0xE7, 0xF8,
  0x01, 0xFE, 0x7F, 0x80, 0x1F, 0xE7, 0xF8, 0x01, 0xFC, 0x3F, 0x80, 0x1F, 0xC3, 0xFC, 0x03, 0xFC,
  0x3F, 0xE0, 0x7F, 0xC1, 0xFF, 0x0F, 0xF8, 0x1F, 0xFF, 0xFF, 0x00, 0xFF, 0xFF, 0xF0, 0x07, 0xFF,
  0xFE, 0x00, 0x1F, 0xFF, 0x80, 0x00, 0xFF, 0xE0, 0x00, 0x00, 0x60, 0x00, 0x00, 0x00, 0x00, 0x00,
  0x00, 0x78, 0x3C, 0x00, 0x1F, 0xE3, 0xC0, 0x01, 0xFF, 0xFC, 0x00, 0x3F, 0xFF, 0xC0, 0x03, 0xCF,
  0xF8, 0x00, 0x3C, 0x3F, 0x00, 0x00, 0x00, 0x00, 0x00, 0x00, 0x00, 0x00, 0x00, 0x00, 0x00, 0x00,
  0x00, 0x40, 0x00, 0x00, 0xFF, 0xE0, 0x00, 0x1F, 0xFF, 0x80, 0x07, 0xFF, 0xFE, 0x00, 0xFF, 0xFF,
  0xF0, 0x1F, 0xFF, 0xFF, 0x01, 0xFF, 0x0F, 0xF8, 0x3F, 0xE0, 0x7F, 0xC3, 0xFC, 0x03, 0xFC, 0x3F,
  0x80, 0x1F, 0xC7, 0xF8, 0x01, 0xFC, 0x7F, 0x80, 0x1F, 0xE7, 0xF8, 0x01, 0xFE, 0x7F, 0x00, 0x1F,
  0xE7, 0xF0, 0x01, 0xFE, 0x7F, 0x80, 0x1F, 0xE7, 0xF8, 0x01, 0xFE, 0x7F, 0x80, 0x1F, 0xC3, 0xF8,
  0x01, 0xFC, 0x3F, 0xC0, 0x3F, 0xC3, 0xFE, 0x07, 0xFC, 0x1F, 0xF0, 0xFF, 0x81, 0xFF, 0xFF, 0xF0,
  0x0F, 0xFF, 0xFF, 0x00, 0x7F, 0xFF, 0xE0, 0x01, 0xFF, 0xF8, 0x00, 0x0F, 0xFE, 0x00, 0x00, 0x06,
  0x00, 0x00, 0x00, 0xC0, 0x30, 0x00, 0x3E, 0x0F, 0xC0, 0x07, 0xF0, 0xFC, 0x00, 0x7F, 0x0F, 0xE0,
  0x07, 0xF0, 0xFE, 0x00, 0x3F, 0x0F, 0xC0, 0x01, 0xE0, 0x78, 0x00, 0x00, 0x00, 0x00, 0x00, 0x00,
  0x00, 0x00, 0x00, 0x00, 0x00, 0x00, 0x04, 0x00, 0x00, 0x0F, 0xFE, 0x00, 0x01, 0xFF, 0xF8, 0x00,
  0x7F, 0xFF, 0xE0, 0x0F, 0xFF, 0xFF, 0x01, 0xFF, 0xFF, 0xF0, 0x1F, 0xF0, 0xFF, 0x83, 0xFE, 0x07,
  0xFC, 0x3F, 0xC0, 0x3F, 0xC3, 0xF8, 0x01, 0xFC, 0x7F, 0x80, 0x1F, 0xC7, 0xF8, 0x01, 0xFE, 0x7F,
  0x80, 0x1F, 0xE7, 0xF0, 0x01, 0xFE, 0x7F, 0x00, 0x1F, 0xE7, 0xF8, 0x01, 0xFE, 0x7F, 0x80, 0x1F,
  0xE7, 0xF8, 0x01, 0xFC, 0x3F, 0x80, 0x1F, 0xC3, 0xFC, 0x03, 0xFC, 0x3F, 0xE0, 0x7F, 0xC1, 0xFF,
  0x0F, 0xF8, 0x1F, 0xFF, 0xFF, 0x00, 0xFF, 0xFF, 0xF0, 0x07, 0xFF, 0xFE, 0x00, 0x1F, 0xFF, 0x80,
  0x00, 0xFF, 0xE0, 0x00, 0x00, 0x60, 0x00, 0x00, 0x01, 0x00, 0x00, 0x00, 0x0F, 0x80, 0x00, 0x00,
  0x3F, 0x80, 0x00, 0x00, 0xFF, 0x00, 0x00, 0x01, 0xFF, 0x00, 0x00, 0x03, 0xFC, 0x00, 0x00, 0x03,
  0xF8, 0x00, 0x00, 0x03, 0xE0, 0x00, 0x00, 0x03, 0x80, 0x00, 0x00, 0x00, 0x00, 0x00, 0x00, 0x00,
  0x00, 0x00, 0x7F, 0xFF, 0xFF, 0x00, 0xFF, 0xFF, 0xFE, 0x01, 0xFF, 0xFF, 0xFC, 0x03, 0xFF, 0xFF,
  0xF8, 0x07, 0xFF, 0xFF, 0xF0, 0x0F, 0xFF, 0xFF, 0xE0, 0x00, 0x00, 0x00, 0x00, 0x00, 0x00, 0x00,
  0x00, 0x00, 0x08, 0x00, 0x00, 0x00, 0x7C, 0x00, 0x00, 0x01, 0xFC, 0x00, 0x00, 0x07, 0xF8, 0x00,
  0x00, 0x0F, 0xF8, 0x00, 0x00, 0x1F, 0xE0, 0x00, 0x00, 0x1F, 0xC0, 0x00, 0x00, 0x1F, 0x00, 0x00,
  0x00, 0x1C, 0x00, 0x00, 0x00, 0x00, 0x04, 0x00, 0x00, 0x60, 0x60, 0x00, 0xFF, 0xEF, 0x80, 0x1F,
  0xFF, 0xF0, 0x07, 0xFF, 0xFF, 0x00, 0xFF, 0xFF, 0xF0, 0x1F, 0xFF, 0xFF, 0x01, 0xFF, 0x0F, 0xF8,
  0x3F, 0xE0, 0xFF, 0xC3, 0xFC, 0x1F, 0xFC, 0x3F, 0x81, 0xFF, 0xC7, 0xF8, 0x3F, 0xFC, 0x7F, 0x87,
  0xDF, 0xE7, 0xF8, 0xF9, 0xFE, 0x7F, 0x0F, 0x9F, 0xE7, 0xF1, 0xF1, 0xFE, 0x7F, 0xBE, 0x1F, 0xE7,
  0xFB, 0xE1, 0xFE, 0x7F, 0xFC, 0x1F, 0xC3, 0xFF, 0x81, 0xFC, 0x3F, 0xF8, 0x3F, 0xC3, 0xFF, 0x07,
  0xFC, 0x1F, 0xF0, 0xFF, 0x81, 0xFF, 0xFF, 0xF0, 0x0F, 0xFF, 0xFF, 0x00, 0xFF, 0xFF, 0xE0, 0x1F,
  0xFF, 0xF8, 0x01, 0xFF, 0xFF, 0x00, 0x0E, 0x04, 0x00, 0x00, 0x20, 0x00, 0x00, 0x01, 0xFC, 0x00,
  0x00, 0x0F, 0xC0, 0x00, 0x00, 0xFE, 0x00, 0x00, 0x07, 0xE0, 0x00, 0x00, 0x3E, 0x00, 0x00, 0x03,
  0xF0, 0x00, 0x00, 0x1F, 0x00, 0x00, 0x00, 0xF8, 0x00, 0x00, 0x00, 0x00, 0x00, 0x00, 0x00, 0x00,
  0x00, 0x00, 0x00, 0x03, 0xF8, 0x01, 0xFC, 0x3F, 0x80, 0x1F, 0xC3, 0xF8, 0x01, 0xFC, 0x3F, 0x80,
  0x1F, 0xC3, 0xF8, 0x01, 0xFC, 0x3F, 0x80, 0x1F, 0xC3, 0xF8, 0x01, 0xFC, 0x3F, 0x80, 0x1F, 0xC3,
  0xF8, 0x01, 0xFC, 0x3F, 0x80, 0x1F, 0xC3, 0xF8, 0x01, 0xFC, 0x3F, 0x80, 0x1F, 0xC3, 0xF8, 0x01,
  0xFC, 0x3F, 0x80, 0x1F, 0xC3, 0xF8, 0x01, 0xFC, 0x3F, 0x80, 0x1F, 0xC3, 0xF8, 0x01, 0xFC, 0x3F,
  0xC0, 0x3F, 0xC3, 0xFC, 0x03, 0xFC, 0x3F, 0xE0, 0xFF, 0xC1, 0xFF, 0xFF, 0xFC, 0x1F, 0xFF, 0xFF,
  0xC0, 0xFF, 0xFD, 0xFC, 0x0F, 0xFF, 0xDF, 0xC0, 0x7F, 0xF9, 0xFC, 0x01, 0xFE, 0x1F, 0xC0, 0x00,
  0x00, 0x00, 0x00, 0x01, 0xF8, 0x00, 0x00, 0x3F, 0x80, 0x00, 0x03, 0xF0, 0x00, 0x00, 0x7E, 0x00,
  0x00, 0x07, 0xE0, 0x00, 0x00, 0xFC, 0x00, 0x00, 0x0F, 0x80, 0x00, 0x01, 0xF8, 0x00, 0x00, 0x00,
  0x00, 0x00, 0x00, 0x00, 0x00, 0x00, 0x00, 0x00, 0x03, 0xF8, 0x01, 0xFC, 0x3F, 0x80, 0x1F, 0xC3,
  0xF8, 0x01, 0xFC, 0x3F, 0x80, 0x1F, 0xC3, 0xF8, 0x01, 0xFC, 0x3F, 0x80, 0x1F, 0xC3, 0xF8, 0x01,
  0xFC, 0x3F, 0x80, 0x1F, 0xC3, 0xF8, 0x01, 0xFC, 0x3F, 0x80, 0x1F, 0xC3, 0xF8, 0x01, 0xFC, 0x3F,
  0x80, 0x1F, 0xC3, 0xF8, 0x01, 0xFC, 0x3F, 0x80, 0x1F, 0xC3, 0xF8, 0x01, 0xFC, 0x3F, 0x80, 0x1F,
  0xC3, 0xF8, 0x01, 0xFC, 0x3F, 0xC0, 0x3F, 0xC3, 0xFC, 0x03, 0xFC, 0x3F, 0xE0, 0xFF, 0xC1, 0xFF,
  0xFF, 0xFC, 0x1F, 0xFF, 0xFF, 0xC0, 0xFF, 0xFD, 0xFC, 0x0F, 0xFF, 0xDF, 0xC0, 0x7F, 0xF9, 0xFC,
  0x01, 0xFE, 0x1F, 0xC0, 0x00, 0x00, 0x00, 0x00, 0x1F, 0x80, 0x00, 0x03, 0xFC, 0x00, 0x00, 0x7F,
  0xE0, 0x00, 0x0F, 0xFF, 0x00, 0x01, 0xF9, 0xF8, 0x00, 0x3F, 0x8F, 0xC0, 0x07, 0xF0, 0x7E, 0x00,
  0x7E, 0x07, 0xF0, 0x00, 0x00, 0x00, 0x00, 0x00, 0x00, 0x00, 0x00, 0x00, 0x00, 0x03, 0xF8, 0x01,
  0xFC, 0x3F, 0x80, 0x1F, 0xC3, 0xF8, 0x01, 0xFC, 0x3F, 0x80, 0x1F, 0xC3, 0xF8, 0x01, 0xFC, 0x3F,
  0x80, 0x1F, 0xC3, 0xF8, 0x01, 0xFC, 0x3F, 0x80, 0x1F, 0xC3, 0xF8, 0x01, 0xFC, 0x3F, 0x80, 0x1F,
  0xC3, 0xF8, 0x01, 0xFC, 0x3F, 0x80, 0x1F, 0xC3, 0xF8, 0x01, 0xFC, 0x3F, 0x80, 0x1F, 0xC3, 0xF8,
  0x01, 0xFC, 0x3F, 0x80, 0x1F, 0xC3, 0xF8, 0x01, 0xFC, 0x3F, 0xC0, 0x3F, 0xC3, 0xFC, 0x03, 0xFC,
  0x3F, 0xE0, 0xFF, 0xC1, 0xFF, 0xFF, 0xFC, 0x1F, 0xFF, 0xFF, 0xC0, 0xFF, 0xFD, 0xFC, 0x0F, 0xFF,
  0xDF, 0xC0, 0x7F, 0xF9, 0xFC, 0x01, 0xFE, 0x1F, 0xC0, 0x00, 0x00, 0x00, 0x00, 0x00, 0x00, 0x00,
  0x00, 0xC0, 0x30, 0x00, 0x3F, 0x07, 0xC0, 0x03, 0xF0, 0xFE, 0x00, 0x7F, 0x8F, 0xE0, 0x07, 0xF0,
  0xFE, 0x00, 0x3F, 0x0F, 0xC0, 0x01, 0xE0, 0x7C, 0x00, 0x00, 0x00, 0x00, 0x00, 0x00, 0x00, 0x00,
  0x00, 0x00, 0x00, 0x00, 0x00, 0x00, 0x03, 0xF8, 0x01, 0xFC, 0x3F, 0x80, 0x1F, 0xC3, 0xF8, 0x01,
  0xFC, 0x3F, 0x80, 0x1F, 0xC3, 0xF8, 0x01, 0xFC, 0x3F, 0x80, 0x1F, 0xC3, 0xF8, 0x01, 0xFC, 0x3F,
  0x80, 0x1F, 0xC3, 0xF8, 0x01, 0xFC, 0x3F, 0x80, 0x1F, 0xC3, 0xF8, 0x01, 0xFC, 0x3F, 0x80, 0x1F,
  0xC3, 0xF8, 0x01, 0xFC, 0x3F, 0x80, 0x1F, 0xC3, 0xF8, 0x01, 0xFC, 0x3F, 0x80, 0x1F, 0xC3, 0xF8,
  0x01, 0xFC, 0x3F, 0xC0, 0x3F, 0xC3, 0xFC, 0x03, 0xFC, 0x3F, 0xE0, 0xFF, 0xC1, 0xFF, 0xFF, 0xFC,
  0x1F, 0xFF, 0xFF, 0xC0, 0xFF, 0xFD, 0xFC, 0x0F, 0xFF, 0xDF, 0xC0, 0x7F, 0xF9, 0xFC, 0x01, 0xFE,
  0x1F, 0xC0, 0x00, 0x00, 0x00, 0x00, 0x03, 0xF0, 0x00, 0x00, 0xFE, 0x00, 0x00, 0x1F, 0x80, 0x00,
  0x07, 0xE0, 0x00, 0x00, 0xFC, 0x00, 0x00, 0x3F, 0x00, 0x00, 0x07, 0xC0, 0x00, 0x00, 0xF8, 0x00,
  0x00, 0x00, 0x00, 0x00, 0x00, 0x00, 0x00, 0x00, 0x00, 0x00, 0xFF, 0x80, 0x0F, 0xE7, 0xF0, 0x03,
  0xFC, 0xFE, 0x00, 0x7F, 0x9F, 0xE0, 0x0F, 0xE1, 0xFC, 0x03, 0xFC, 0x3F, 0x80, 0x7F, 0x87, 0xF8,
  0x0F, 0xE0, 0x7F, 0x01, 0xFC, 0x0F, 0xE0, 0x7F, 0x01, 0xFC, 0x0F, 0xE0, 0x1F, 0xC1, 0xFC, 0x03,
  0xF8, 0x7F, 0x00, 0x7F, 0x0F, 0xE0, 0x07, 0xF1, 0xFC, 0x00, 0xFE, 0x3F, 0x00, 0x0F, 0xCF, 0xE0,
  0x01, 0xF9, 0xFC, 0x00, 0x3F, 0xBF, 0x00, 0x03, 0xF7, 0xE0, 0x00, 0x7F, 0xFC, 0x00, 0x0F, 0xFF,
  0x00, 0x00, 0xFF, 0xE0, 0x00, 0x1F, 0xFC, 0x00, 0x03, 0xFF, 0x00, 0x00, 0x3F, 0xE0, 0x00, 0x07,
  0xFC, 0x00, 0x00, 0xFF, 0x00, 0x00, 0x1F, 0xE0, 0x00, 0x03, 0xF8, 0x00, 0x00, 0xFF, 0x00, 0x03,
  0xFF, 0xE0, 0x00, 0x7F, 0xF8, 0x00, 0x0F, 0xFE, 0x00, 0x03, 0xFF, 0x80, 0x00, 0x7F, 0xE0, 0x00,
  0x07, 0xE0, 0x00, 0x00, 0x3F, 0x80, 0x00, 0x01, 0xFC, 0x00, 0x00, 0x0F, 0xE0, 0x00, 0x00, 0x7F,
  0x00, 0x00, 0x03, 0xF8, 0x00, 0x00, 0x1F, 0xC0, 0x00, 0x00, 0xFE, 0x00, 0x00, 0x07, 0xF0, 0x00,
  0x00, 0x3F, 0x80, 0x80, 0x01, 0xFC, 0x3F, 0xE0, 0x0F, 0xE7, 0xFF, 0x80, 0x7F, 0x3F, 0xFE, 0x03,
  0xFB, 0xFF, 0xF8, 0x1F, 0xFF, 0xFF, 0xE0, 0xFF, 0xE3, 0xFF, 0x07, 0xFC, 0x07, 0xFC, 0x3F, 0xE0,
  0x1F, 0xE1, 0xFE, 0x00, 0xFF, 0x0F, 0xF0, 0x03, 0xF8, 0x7F, 0x00, 0x1F, 0xE3, 0xF8, 0x00, 0xFF,
  0x1F, 0xC0, 0x07, 0xF8, 0xFE, 0x00, 0x3F, 0xC7, 0xF0, 0x01, 0xFE, 0x3F, 0x80, 0x0F, 0xE1, 0xFE,
  0x00, 0x7F, 0x0F, 0xF0, 0x07, 0xF8, 0x7F, 0xC0, 0x3F, 0xC3, 0xFF, 0x03, 0xFE, 0x1F, 0xFE, 0x7F,
  0xE0, 0xFF, 0xFF, 0xFF, 0x07, 0xF7, 0xFF, 0xF0, 0x3F, 0x9F, 0xFF, 0x01, 0xFC, 0x7F, 0xF0, 0x0F,
  0xE1, 0xFE, 0x00, 0x7F, 0x00, 0x00, 0x03, 0xF8, 0x00, 0x00, 0x1F, 0xC0, 0x00, 0x00, 0xFE, 0x00,
  0x00, 0x07, 0xF0, 0x00, 0x00, 0x3F, 0x80, 0x00, 0x01, 0xFC, 0x00, 0x00, 0x0F, 0xE0, 0x00, 0x00,
  0x7F, 0x00, 0x00, 0x03, 0xF8, 0x00, 0x00, 0x00, 0x01, 0x80, 0x70, 0x00, 0xFC, 0x1F, 0x00, 0x1F,
  0x87, 0xF0, 0x07, 0xF8, 0xFE, 0x00, 0xFE, 0x1F, 0xC0, 0x0F, 0xC3, 0xF0, 0x00, 0xF0, 0x3E, 0x00,
  0x00, 0x00, 0x00, 0x00, 0x00, 0x00, 0x00, 0x00, 0x00, 0x00, 0x00, 0x00, 0x00, 0xFF, 0x80, 0x0F,
  0xE7, 0xF0, 0x03, 0xFC, 0xFE, 0x00, 0x7F, 0x9F, 0xE0, 0x0F, 0xE1, 0xFC, 0x03, 0xFC, 0x3F, 0x80,
  0x7F, 0x87, 0xF8, 0x0F, 0xE0, 0x7F, 0x01, 0xFC, 0x0F, 0xE0, 0x7F, 0x01, 0xFC, 0x0F, 0xE0, 0x1F,
  0xC1, 0xFC, 0x03, 0xF8, 0x7F, 0x00, 0x7F, 0x0F, 0xE0, 0x07, 0xF1, 0xFC, 0x00, 0xFE, 0x3F, 0x00,
  0x0F, 0xCF, 0xE0, 0x01, 0xF9, 0xFC, 0x00, 0x3F, 0xBF, 0x00, 0x03, 0xF7, 0xE0, 0x00, 0x7F, 0xFC,
  0x00, 0x0F, 0xFF, 0x00, 0x00, 0xFF, 0xE0, 0x00, 0x1F, 0xFC, 0x00, 0x03, 0xFF, 0x00, 0x00, 0x3F,
  0xE0, 0x00, 0x07, 0xFC, 0x00, 0x00, 0xFF, 0x00, 0x00, 0x1F, 0xE0, 0x00, 0x03, 0xF8, 0x00, 0x00,
  0xFF, 0x00, 0x03, 0xFF, 0xE0, 0x00, 0x7F, 0xF8, 0x00, 0x0F, 0xFE, 0x00, 0x03, 0xFF, 0x80, 0x00,
  0x7F, 0xE0, 0x00, 0x07, 0xE0, 0x00, 0x00, 0x00, 0x7F, 0xFF, 0x80, 0x00, 0x1F, 0xFF, 0xE0, 0x00,
  0x07, 0xFF, 0xF8, 0x00, 0x01, 0xFF, 0xFE, 0x00, 0x00, 0x00, 0x00, 0x00, 0x00, 0x00, 0x00, 0x00,
  0x00, 0x00, 0x00, 0x00, 0x00, 0x00, 0x00, 0x00, 0x00, 0x00, 0x00, 0x00, 0x00, 0x00, 0x03, 0xFF,
  0x00, 0x00, 0x00, 0xFF, 0xC0, 0x00, 0x00, 0x3F, 0xF8, 0x00, 0x00, 0x1F, 0xFE, 0x00, 0x00, 0x07,
  0xFF, 0x80, 0x00, 0x01, 0xFF, 0xF0, 0x00, 0x00, 0xFF, 0xFC, 0x00, 0x00, 0x3F, 0xFF, 0x00, 0x00,
  0x1F, 0xFF, 0xE0, 0x00, 0x07, 0xFB, 0xF8, 0x00, 0x01, 0xFC, 0xFF, 0x00, 0x00, 0xFF, 0x3F, 0xC0,
  0x00, 0x3F, 0xC7, 0xF0, 0x00, 0x0F, 0xE1, 0xFE, 0x00, 0x07, 0xF8, 0x7F, 0x80, 0x01, 0xFE, 0x0F,
  0xE0, 0x00, 0x7F, 0x03, 0xFC, 0x00, 0x3F, 0xC0, 0xFF, 0x00, 0x0F, 0xF0, 0x1F, 0xC0, 0x03, 0xF8,
  0x07, 0xF8, 0x01, 0xFE, 0x01, 0xFE, 0x00, 0x7F, 0xFF, 0xFF, 0x80, 0x1F, 0xFF, 0xFF, 0xF0, 0x0F,
  0xFF, 0xFF, 0xFC, 0x03, 0xFF, 0xFF, 0xFF, 0x00, 0xFF, 0xFF, 0xFF, 0xE0, 0x7F, 0xFF, 0xFF, 0xF8,
  0x1F, 0xE0, 0x00, 0xFE, 0x07, 0xF0, 0x00, 0x3F, 0xC3, 0xFC, 0x00, 0x0F, 0xF0, 0xFF, 0x00, 0x01,
  0xFC, 0x3F, 0x80, 0x00, 0x7F, 0x9F, 0xE0, 0x00, 0x1F, 0xE7, 0xF8, 0x00, 0x03, 0xFB, 0xFC, 0x00,
  0x00, 0xFF, 0x07, 0xFF, 0xFC, 0x01, 0xFF, 0xFF, 0x00, 0x7F, 0xFF, 0xC0, 0x1F, 0xFF, 0xF0, 0x00,
  0x00, 0x00, 0x00, 0x00, 0x00, 0x00, 0x00, 0x00, 0x00, 0x00, 0x00, 0x00, 0x00, 0x04, 0x00, 0x00,
  0x3F, 0xF8, 0x00, 0x3F, 0xFF, 0x80, 0x3F, 0xFF, 0xF0, 0x1F, 0xFF, 0xFE, 0x07, 0xFF, 0xFF, 0x83,
  0xFC, 0x0F, 0xF0, 0xFE, 0x01, 0xFC, 0x07, 0x80, 0x7F, 0x00, 0x00, 0x1F, 0xC0, 0x00, 0x0F, 0xF0,
  0x00, 0x3F, 0xFC, 0x03, 0xFF, 0xFF, 0x03, 0xFF, 0xFF, 0xC1, 0xFF, 0xFF, 0xF0, 0xFF, 0xF9, 0xFC,
  0x7F, 0xC0, 0x7F, 0x1F, 0xE0, 0x1F, 0xC7, 0xF0, 0x07, 0xF1, 0xFC, 0x01, 0xFC, 0x7F, 0x00, 0xFF,
  0x1F, 0xE0, 0x7F, 0xC7, 0xFF, 0xFF, 0xF0, 0xFF, 0xFF, 0xFC, 0x3F, 0xFF, 0x7F, 0x07, 0xFF, 0xDF,
  0xC0, 0x7F, 0xC7, 0xF0, 0x01, 0x00, 0x00, 0x00, 0x7C, 0x0F, 0xC0, 0x00, 0x1F, 0x03, 0xE0, 0x00,
  0x07, 0xE1, 0xF8, 0x00, 0x00, 0xFF, 0xFE, 0x00, 0x00, 0x1F, 0xFF, 0x00, 0x00, 0x03, 0xFF, 0x00,
  0x00, 0x00, 0x1F, 0x00, 0x00, 0x00, 0x00, 0x00, 0x00, 0x00, 0x00, 0x00, 0x00, 0x00, 0x00, 0x00,
  0x00, 0x00, 0x00, 0xFF, 0xC0, 0x00, 0x00, 0x3F, 0xF0, 0x00, 0x00, 0x0F, 0xFE, 0x00, 0x00, 0x07,
  0xFF, 0x80, 0x00, 0x01, 0xFF, 0xE0, 0x00, 0x00, 0x7F, 0xFC, 0x00, 0x00, 0x3F, 0xFF, 0x00, 0x00,
  0x0F, 0xFF, 0xC0, 0x00, 0x07, 0xFF, 0xF8, 0x00, 0x01, 0xFE, 0xFE, 0x00, 0x00, 0x7F, 0x3F, 0xC0,
  0x00, 0x3F, 0xCF, 0xF0, 0x00, 0x0F, 0xF1, 0xFC, 0x00, 0x03, 0xF8, 0x7F, 0x80, 0x01, 0xFE, 0x1F,
  0xE0, 0x00, 0x7F, 0x83, 0xF8, 0x00, 0x1F, 0xC0, 0xFF, 0x00, 0x0F, 0xF0, 0x3F, 0xC0, 0x03, 0xFC,
  0x07, 0xF0, 0x00, 0xFE, 0x01, 0xFE, 0x00, 0x7F, 0x80, 0x7F, 0x80, 0x1F, 0xFF, 0xFF, 0xE0, 0x07,
  0xFF, 0xFF, 0xFC, 0x03, 0xFF, 0xFF, 0xFF, 0x00, 0xFF, 0xFF, 0xFF, 0xC0, 0x3F, 0xFF, 0xFF, 0xF8,
  0x1F, 0xFF, 0xFF, 0xFE, 0x07, 0xF8, 0x00, 0x3F, 0x81, 0xFC, 0x00, 0x0F, 0xF0, 0xFF, 0x00, 0x03,
  0xFC, 0x3F, 0xC0, 0x00, 0x7F, 0x0F, 0xE0, 0x00, 0x1F, 0xE7, 0xF8, 0x00, 0x07, 0xF9, 0xFE, 0x00,
  0x00, 0xFE, 0xFF, 0x00, 0x00, 0x3F, 0xC0, 0x00, 0x00, 0x00, 0x00, 0x07, 0xC0, 0x7C, 0x01, 0xF8,
  0x3F, 0x00, 0x3F, 0x1F, 0x80, 0x0F, 0xFF, 0xE0, 0x01, 0xFF, 0xF0, 0x00, 0x3F, 0xF8, 0x00, 0x01,
  0xF8, 0x00, 0x00, 0x00, 0x00, 0x00, 0x00, 0x00, 0x00, 0x01, 0x00, 0x00, 0x0F, 0xFE, 0x00, 0x0F,
  0xFF, 0xE0, 0x0F, 0xFF, 0xFC, 0x07, 0xFF, 0xFF, 0x81, 0xFF, 0xFF, 0xE0, 0xFF, 0x03, 0xFC, 0x3F,
  0x80, 0x7F, 0x01, 0xE0, 0x1F, 0xC0, 0x00, 0x07, 0xF0, 0x00, 0x03, 0xFC, 0x00, 0x0F, 0xFF, 0x00,
  0xFF, 0xFF, 0xC0, 0xFF, 0xFF, 0xF0, 0x7F, 0xFF, 0xFC, 0x3F, 0xFE, 0x7F, 0x1F, 0xF0, 0x1F, 0xC7,
  0xF8, 0x07, 0xF1, 0xFC, 0x01, 0xFC, 0x7F, 0x00, 0x7F, 0x1F, 0xC0, 0x3F, 0xC7, 0xF8, 0x1F, 0xF1,
  0xFF, 0xFF, 0xFC, 0x3F, 0xFF, 0xFF, 0x0F, 0xFF, 0xDF, 0xC1, 0xFF, 0xF7, 0xF0, 0x1F, 0xF1, 0xFC,
  0x00, 0x40, 0x00, 0x00, 0x00, 0x00, 0x00, 0x00, 0x0F, 0xFC, 0x00, 0x00, 0x01, 0xFF, 0x80, 0x00,
  0x00, 0x3F, 0xF8, 0x00, 0x00, 0x0F, 0xFF, 0x00, 0x00, 0x01, 0xFF, 0xE0, 0x00, 0x00, 0x3F, 0xFE,
  0x00, 0x00, 0x0F, 0xFF, 0xC0, 0x00, 0x01, 0xFF, 0xF8, 0x00, 0x00, 0x7F, 0xFF, 0x80, 0x00, 0x0F,
  0xF7, 0xF0, 0x00, 0x01, 0xFC, 0xFF, 0x00, 0x00, 0x7F, 0x9F, 0xE0, 0x00, 0x0F, 0xF1, 0xFC, 0x00,
  0x01, 0xFC, 0x3F, 0xC0, 0x00, 0x7F, 0x87, 0xF8, 0x00, 0x0F, 0xF0, 0x7F, 0x00, 0x01, 0xFC, 0x0F,
  0xF0, 0x00, 0x7F, 0x81, 0xFE, 0x00, 0x0F, 0xF0, 0x1F, 0xC0, 0x01, 0xFC, 0x03, 0xFC, 0x00, 0x7F,
  0x80, 0x7F, 0x80, 0x0F, 0xFF, 0xFF, 0xF0, 0x01, 0xFF, 0xFF, 0xFF, 0x00, 0x7F, 0xFF, 0xFF, 0xE0,
  0x0F, 0xFF, 0xFF, 0xFC, 0x01, 0xFF, 0xFF, 0xFF, 0xC0, 0x7F, 0xFF, 0xFF, 0xF8, 0x0F, 0xF0, 0x00,
  0x7F, 0x01, 0xFC, 0x00, 0x0F, 0xF0, 0x7F, 0x80, 0x01, 0xFE, 0x0F, 0xF0, 0x00, 0x1F, 0xC1, 0xFC,
  0x00, 0x03, 0xFC, 0x7F, 0x80, 0x00, 0x7F, 0x8F, 0xF0, 0x00, 0x07, 0xF3, 0xFC, 0x00, 0x00, 0xFF,
  0x00, 0x00, 0x00, 0x1F, 0xC0, 0x00, 0x00, 0x07, 0xF0, 0x00, 0x00, 0x00, 0xFC, 0x00, 0x00, 0x00,
  0x1F, 0x00, 0x00, 0x00, 0x03, 0xE0, 0x00, 0x00, 0x00, 0x7F, 0xC0, 0x00, 0x00, 0x0F, 0xF8, 0x00,
  0x00, 0x00, 0xFF, 0x00, 0x00, 0x00, 0x0F, 0xF0, 0x00, 0x00, 0x00, 0x78, 0x00, 0x04, 0x00, 0x00,
  0x3F, 0xF8, 0x00, 0x3F, 0xFF, 0x80, 0x3F, 0xFF, 0xF0, 0x1F, 0xFF, 0xFE, 0x07, 0xFF, 0xFF, 0x83,
  0xFC, 0x0F, 0xF0, 0xFE, 0x01, 0xFC, 0x07, 0x80, 0x7F, 0x00, 0x00, 0x1F, 0xC0, 0x00, 0x0F, 0xF0,
  0x00, 0x3F, 0xFC, 0x03, 0xFF, 0xFF, 0x03, 0xFF, 0xFF, 0xC1, 0xFF, 0xFF, 0xF0, 0xFF, 0xF9, 0xFC,
  0x7F, 0xC0, 0x7F, 0x1F, 0xE0, 0x1F, 0xC7, 0xF0, 0x07, 0xF1, 0xFC, 0x01, 0xFC, 0x7F, 0x00, 0xFF,
  0x1F, 0xE0, 0x7F, 0xC7, 0xFF, 0xFF, 0xF0, 0xFF, 0xFF, 0xFC, 0x3F, 0xFF, 0x7F, 0x07, 0xFF, 0xDF,
  0xC0, 0x7F, 0xC7, 0xF0, 0x01, 0x03, 0xF8, 0x00, 0x00, 0xFC, 0x00, 0x00, 0x7E, 0x00, 0x00, 0x1F,
  0x80, 0x00, 0x07, 0xE0, 0x00, 0x01, 0xFF, 0x00, 0x00, 0x3F, 0xC0, 0x00, 0x0F, 0xF8, 0x00, 0x01,
  0xFE, 0x00, 0x00, 0x1E, 0x00, 0x00, 0x00, 0x3F, 0x80, 0x00, 0x00, 0x07, 0xE0, 0x00, 0x00, 0x01,
  0xFC, 0x00, 0x00, 0x00, 0x3F, 0x00, 0x00, 0x00, 0x07, 0xC0, 0x00, 0x00, 0x01, 0xF8, 0x00, 0x00,
  0x00, 0x3E, 0x00, 0x00, 0x00, 0x0F, 0x80, 0x00, 0x00, 0x00, 0x00, 0x00, 0x00, 0x00, 0x00, 0x00,
  0x00, 0x00, 0x00, 0x00, 0x00, 0x00, 0x07, 0xFF, 0x80, 0x00, 0x03, 0xFF, 0xFC, 0x00, 0x01, 0xFF,
  0xFF, 0xE0, 0x00, 0x7F, 0xFF, 0xFE, 0x00, 0x1F, 0xFF, 0xFF, 0xE0, 0x07, 0xFF, 0xFF, 0xFE, 0x00,
  0xFF, 0xC1, 0xFF, 0xC0, 0x3F, 0xE0, 0x07, 0xFC, 0x0F, 0xF8, 0x00, 0x7F, 0x81, 0xFE, 0x00, 0x07,
  0xF0, 0x3F, 0xC0, 0x00, 0xFF, 0x0F, 0xF0, 0x00, 0x1F, 0xE1, 0xFE, 0x00, 0x00, 0x00, 0x3F, 0xC0,
  0x00, 0x00, 0x07, 0xF0, 0x00, 0x00, 0x00, 0xFE, 0x00, 0x00, 0x00, 0x1F, 0xC0, 0x00, 0x00, 0x03,
  0xF8, 0x00, 0x00, 0x00, 0x7F, 0x00, 0x00, 0x00, 0x0F, 0xE0, 0x00, 0x00, 0x01, 0xFC, 0x00, 0x00,
  0x00, 0x3F, 0x80, 0x00, 0x00, 0x07, 0xF8, 0x00, 0x00, 0x00, 0xFF, 0x00, 0x01, 0xFE, 0x0F, 0xF0,
  0x00, 0x3F, 0xC1, 0xFE, 0x00, 0x07, 0xF8, 0x3F, 0xE0, 0x01, 0xFE, 0x03, 0xFE, 0x00, 0x7F, 0xC0,
  0x7F, 0xF0, 0x3F, 0xF0, 0x07, 0xFF, 0xFF, 0xFC, 0x00, 0x7F, 0xFF, 0xFF, 0x80, 0x07, 0xFF, 0xFF,
  0xE0, 0x00, 0x7F, 0xFF, 0xF8, 0x00, 0x03, 0xFF, 0xFC, 0x00, 0x00, 0x1F, 0xFE, 0x00, 0x00, 0x00,
  0x00, 0x00, 0x00, 0x00, 0x03, 0xF8, 0x00, 0x00, 0x7E, 0x00, 0x00, 0x0F, 0xC0, 0x00, 0x03, 0xF0,
  0x00, 0x00, 0x7C, 0x00, 0x00, 0x1F, 0x80, 0x00, 0x03, 0xE0, 0x00, 0x00, 0xF8, 0x00, 0x00, 0x00,
  0x00, 0x00, 0x00, 0x00, 0x00, 0x00, 0x10, 0x00, 0x00, 0x7F, 0xF0, 0x00, 0x1F, 0xFF, 0x80, 0x0F,
  0xFF, 0xFC, 0x03, 0xFF, 0xFF, 0x80, 0xFF, 0xFF, 0xF8, 0x1F, 0xF0, 0xFF, 0x87, 0xFC, 0x0F, 0xF0,
  0xFF, 0x00, 0xFE, 0x1F, 0xC0, 0x0F, 0xE7, 0xF8, 0x01, 0xFC, 0xFF, 0x00, 0x00, 0x1F, 0xC0, 0x00,
  0x03, 0xF8, 0x00, 0x00, 0x7F, 0x00, 0x00, 0x0F, 0xE0, 0x00, 0x01, 0xFE, 0x00, 0x00, 0x3F, 0xC0,
  0x0F, 0xE3, 0xF8, 0x01, 0xFC, 0x7F, 0x80, 0x7F, 0x0F, 0xF8, 0x1F, 0xE0, 0xFF, 0x87, 0xFC, 0x1F,
  0xFF, 0xFF, 0x01, 0xFF, 0xFF, 0xC0, 0x1F, 0xFF, 0xF0, 0x00, 0xFF, 0xFC, 0x00, 0x0F, 0xFE, 0x00,
  0x00, 0x0C, 0x00, 0x00, 0x00, 0x01, 0xF8, 0x00, 0x00, 0x00, 0x7F, 0x80, 0x00, 0x00, 0x1F, 0xF8,
  0x00, 0x00, 0x07, 0xFF, 0x80, 0x00, 0x01, 0xFB, 0xF8, 0x00, 0x00, 0x7E, 0x3F, 0x00, 0x00, 0x1F,
  0xC3, 0xF0, 0x00, 0x07, 0xF0, 0x3F, 0x00, 0x00, 0x00, 0x00, 0x00, 0x00, 0x00, 0x00, 0x00, 0x00,
  0x00, 0x00, 0x00, 0x00, 0x00, 0x07, 0xFF, 0x80, 0x00, 0x03, 0xFF, 0xFC, 0x00, 0x01, 0xFF, 0xFF,
  0xE0, 0x00, 0x7F, 0xFF, 0xFE, 0x00, 0x1F, 0xFF, 0xFF, 0xE0, 0x07, 0xFF, 0xFF, 0xFE, 0x00, 0xFF,
  0xC1, 0xFF, 0xC0, 0x3F, 0xE0, 0x07, 0xFC, 0x0F, 0xF8, 0x00, 0x7F, 0x81, 0xFE, 0x00, 0x07, 0xF0,
  0x3F, 0xC0, 0x00, 0xFF, 0x0F, 0xF0, 0x00, 0x1F, 0xE1, 0xFE, 0x00, 0x00, 0x00, 0x3F, 0xC0, 0x00,
  0x00, 0x07, 0xF0, 0x00, 0x00, 0x00, 0xFE, 0x00, 0x00, 0x00, 0x1F, 0xC0, 0x00, 0x00, 0x03, 0xF8,
  0x00, 0x00, 0x00, 0x7F, 0x00, 0x00, 0x00, 0x0F, 0xE0, 0x00, 0x00, 0x01, 0xFC, 0x00, 0x00, 0x00,
  0x3F, 0x80, 0x00, 0x00, 0x07, 0xF8, 0x00, 0x00, 0x00, 0xFF, 0x00, 0x01, 0xFE, 0x0F, 0xF0, 0x00,
  0x3F, 0xC1, 0xFE, 0x00, 0x07, 0xF8, 0x3F, 0xE0, 0x01, 0xFE, 0x03, 0xFE, 0x00, 0x7F, 0xC0, 0x7F,
  0xF0, 0x3F, 0xF0, 0x07, 0xFF, 0xFF, 0xFC, 0x00, 0x7F, 0xFF, 0xFF, 0x80, 0x07, 0xFF, 0xFF, 0xE0,
  0x00, 0x7F, 0xFF, 0xF8, 0x00, 0x03, 0xFF, 0xFC, 0x00, 0x00, 0x1F, 0xFE, 0x00, 0x00, 0x00, 0x00,
  0x00, 0x00, 0x00, 0x1F, 0x80, 0x00, 0x07, 0xF8, 0x00, 0x01, 0xFF, 0x80, 0x00, 0x7F, 0xF8, 0x00,
  0x1F, 0x9F, 0x80, 0x07, 0xE1, 0xF8, 0x01, 0xF8, 0x3F, 0x80, 0x7F, 0x03, 0xF8, 0x00, 0x00, 0x00,
  0x00, 0x00, 0x00, 0x00, 0x00, 0x10, 0x00, 0x00, 0x7F, 0xF0, 0x00, 0x1F, 0xFF, 0x80, 0x0F, 0xFF,
  0xFC, 0x03, 0xFF, 0xFF, 0x80, 0xFF, 0xFF, 0xF8, 0x1F, 0xF0, 0xFF, 0x87, 0xFC, 0x0F, 0xF0, 0xFF,
  0x00, 0xFE, 0x1F, 0xC0, 0x0F, 0xE7, 0xF8, 0x01, 0xFC, 0xFF, 0x00, 0x00, 0x1F, 0xC0, 0x00, 0x03,
  0xF8, 0x00, 0x00, 0x7F, 0x00, 0x00, 0x0F, 0xE0, 0x00, 0x01, 0xFE, 0x00, 0x00, 0x3F, 0xC0, 0x0F,
  0xE3, 0xF8, 0x01, 0xFC, 0x7F, 0x80, 0x7F, 0x0F, 0xF8, 0x1F, 0xE0, 0xFF, 0x87, 0xFC, 0x1F, 0xFF,
  0xFF, 0x01, 0xFF, 0xFF, 0xC0, 0x1F, 0xFF, 0xF0, 0x00, 0xFF, 0xFC, 0x00, 0x0F, 0xFE, 0x00, 0x00,
  0x0C, 0x00, 0x00, 0x00, 0x00, 0x00, 0x00, 0x00, 0xF0, 0x00, 0x00, 0x00, 0x3F, 0x00, 0x00, 0x00,
  0x0F, 0xF0, 0x00, 0x00, 0x01, 0xFE, 0x00, 0x00, 0x00, 0x3F, 0xC0, 0x00, 0x00, 0x07, 0xF0, 0x00,
  0x00, 0x00, 0x7C, 0x00, 0x00, 0x00, 0x00, 0x00, 0x00, 0x00, 0x00, 0x00, 0x00, 0x00, 0x00, 0x00,
  0x00, 0x00, 0x00, 0x00, 0x00, 0x00, 0x00, 0x07, 0xFF, 0x80, 0x00, 0x03, 0xFF, 0xFC, 0x00, 0x01,
  0xFF, 0xFF, 0xE0, 0x00, 0x7F, 0xFF, 0xFE, 0x00, 0x1F, 0xFF, 0xFF, 0xE0, 0x07, 0xFF, 0xFF, 0xFE,
  0x00, 0xFF, 0xC1, 0xFF, 0xC0, 0x3F, 0xE0, 0x07, 0xFC, 0x0F, 0xF8, 0x00, 0x7F, 0x81, 0xFE, 0x00,
  0x07, 0xF0, 0x3F, 0xC0, 0x00, 0xFF, 0x0F, 0xF0, 0x00, 0x1F, 0xE1, 0xFE, 0x00, 0x00, 0x00, 0x3F,
  0xC0, 0x00, 0x00, 0x07, 0xF0, 0x00, 0x00, 0x00, 0xFE, 0x00, 0x00, 0x00, 0x1F, 0xC0, 0x00, 0x00,
  0x03, 0xF8, 0x00, 0x00, 0x00, 0x7F, 0x00, 0x00, 0x00, 0x0F, 0xE0, 0x00, 0x00, 0x01, 0xFC, 0x00,
  0x00, 0x00, 0x3F, 0x80, 0x00, 0x00, 0x07, 0xF8, 0x00, 0x00, 0x00, 0xFF, 0x00, 0x01, 0xFE, 0x0F,
  0xF0, 0x00, 0x3F, 0xC1, 0xFE, 0x00, 0x07, 0xF8, 0x3F, 0xE0, 0x01, 0xFE, 0x03, 0xFE, 0x00, 0x7F,
  0xC0, 0x7F, 0xF0, 0x3F, 0xF0, 0x07, 0xFF, 0xFF, 0xFC, 0x00, 0x7F, 0xFF, 0xFF, 0x80, 0x07, 0xFF,
  0xFF, 0xE0, 0x00, 0x7F, 0xFF, 0xF8, 0x00, 0x03, 0xFF, 0xFC, 0x00, 0x00, 0x1F, 0xFE, 0x00, 0x00,
  0x00, 0x00, 0x00, 0x00, 0x00, 0x0F, 0x00, 0x00, 0x03, 0xF0, 0x00, 0x00, 0xFF, 0x00, 0x00, 0x1F,
  0xE0, 0x00, 0x03, 0xFC, 0x00, 0x00, 0x7F, 0x00, 0x00, 0x07, 0xE0, 0x00, 0x00, 0x00, 0x00, 0x00,
  0x00, 0x00, 0x00, 0x00, 0x00, 0x00, 0x00, 0x10, 0x00, 0x00, 0x7F, 0xF0, 0x00, 0x1F, 0xFF, 0x80,
  0x0F, 0xFF, 0xFC, 0x03, 0xFF, 0xFF, 0x80, 0xFF, 0xFF, 0xF8, 0x1F, 0xF0, 0xFF, 0x87, 0xFC, 0x0F,
  0xF0, 0xFF, 0x00, 0xFE, 0x1F, 0xC0, 0x0F, 0xE7, 0xF8, 0x01, 0xFC, 0xFF, 0x00, 0x00, 0x1F, 0xC0,
  0x00, 0x03, 0xF8, 0x00, 0x00, 0x7F, 0x00, 0x00, 0x0F, 0xE0, 0x00, 0x01, 0xFE, 0x00, 0x00, 0x3F,
  0xC0, 0x0F, 0xE3, 0xF8, 0x01, 0xFC, 0x7F, 0x80, 0x7F, 0x0F, 0xF8, 0x1F, 0xE0, 0xFF, 0x87, 0xFC,
  0x1F, 0xFF, 0xFF, 0x01, 0xFF, 0xFF, 0xC0, 0x1F, 0xFF, 0xF0, 0x00, 0xFF, 0xFC, 0x00, 0x0F, 0xFE,
  0x00, 0x00, 0x0C, 0x00, 0x00, 0x00, 0xFE, 0x07, 0xF0, 0x00, 0x0F, 0xE1, 0xF8, 0x00, 0x00, 0xFE,
  0x7E, 0x00, 0x00, 0x0F, 0xDF, 0x80, 0x00, 0x00, 0xFF, 0xF0, 0x00, 0x00, 0x0F, 0xFC, 0x00, 0x00,
  0x00, 0xFF, 0x00, 0x00, 0x00, 0x0F, 0xC0, 0x00, 0x00, 0x00, 0x00, 0x00, 0x00, 0x00, 0x00, 0x00,
  0x00, 0x00, 0x00, 0x00, 0x00, 0x00, 0x07, 0xFF, 0x80, 0x00, 0x03, 0xFF, 0xFC, 0x00, 0x01, 0xFF,
  0xFF, 0xE0, 0x00, 0x7F, 0xFF, 0xFE, 0x00, 0x1F, 0xFF, 0xFF, 0xE0, 0x07, 0xFF, 0xFF, 0xFE, 0x00,
  0xFF, 0xC1, 0xFF, 0xC0, 0x3F, 0xE0, 0x07, 0xFC, 0x0F, 0xF8, 0x00, 0x7F, 0x81, 0xFE, 0x00, 0x07,
  0xF0, 0x3F, 0xC0, 0x00, 0xFF, 0x0F, 0xF0, 0x00, 0x1F, 0xE1, 0xFE, 0x00, 0x00, 0x00, 0x3F, 0xC0,
  0x00, 0x00, 0x07, 0xF0, 0x00, 0x00, 0x00, 0xFE, 0x00, 0x00, 0x00, 0x1F, 0xC0, 0x00, 0x00, 0x03,
  0xF8, 0x00, 0x00, 0x00, 0x7F, 0x00, 0x00, 0x00, 0x0F, 0xE0, 0x00, 0x00, 0x01, 0xFC, 0x00, 0x00,
  0x00, 0x3F, 0x80, 0x00, 0x00, 0x07, 0xF8, 0x00, 0x00, 0x00, 0xFF, 0x00, 0x01, 0xFE, 0x0F, 0xF0,
  0x00, 0x3F, 0xC1, 0xFE, 0x00, 0x07, 0xF8, 0x3F, 0xE0, 0x01, 0xFE, 0x03, 0xFE, 0x00, 0x7F, 0xC0,
  0x7F, 0xF0, 0x3F, 0xF0, 0x07, 0xFF, 0xFF, 0xFC, 0x00, 0x7F, 0xFF, 0xFF, 0x80, 0x07, 0xFF, 0xFF,
  0xE0, 0x00, 0x7F, 0xFF, 0xF8, 0x00, 0x03, 0xFF, 0xFC, 0x00, 0x00, 0x1F, 0xFE, 0x00, 0x00, 0x00,
  0x00, 0x00, 0x00, 0x00, 0x00, 0x00, 0x00, 0x0F, 0xE0, 0x7F, 0x00, 0x7E, 0x1F, 0x80, 0x0F, 0xE7,
  0xE0, 0x00, 0xFD, 0xFC, 0x00, 0x0F, 0xFF, 0x00, 0x00, 0xFF, 0xC0, 0x00, 0x0F, 0xF0, 0x00, 0x00,
  0xFC, 0x00, 0x00, 0x00, 0x00, 0x00, 0x00, 0x00, 0x00, 0x00, 0x10, 0x00, 0x00, 0x7F, 0xF0, 0x00,
  0x1F, 0xFF, 0x80, 0x0F, 0xFF, 0xFC, 0x03, 0xFF, 0xFF, 0x80, 0xFF, 0xFF, 0xF8, 0x1F, 0xF0, 0xFF,
  0x87, 0xFC, 0x0F, 0xF0, 0xFF, 0x00, 0xFE, 0x1F, 0xC0, 0x0F, 0xE7, 0xF8, 0x01, 0xFC, 0xFF, 0x00,
  0x00, 0x1F, 0xC0, 0x00, 0x03, 0xF8, 0x00, 0x00, 0x7F, 0x00, 0x00, 0x0F, 0xE0, 0x00, 0x01, 0xFE,
  0x00, 0x00, 0x3F, 0xC0, 0x0F, 0xE3, 0xF8, 0x01, 0xFC, 0x7F, 0x80, 0x7F, 0x0F, 0xF8, 0x1F, 0xE0,
  0xFF, 0x87, 0xFC, 0x1F, 0xFF, 0xFF, 0x01, 0xFF, 0xFF, 0xC0, 0x1F, 0xFF, 0xF0, 0x00, 0xFF, 0xFC,
  0x00, 0x0F, 0xFE, 0x00, 0x00, 0x0C, 0x00, 0x00, 0x00, 0x00, 0x00, 0x0F, 0xC0, 0xFE, 0x00, 0x03,
  0xF0, 0xFE, 0x00, 0x00, 0xFC, 0x7E, 0x00, 0x00, 0x3F, 0x7E, 0x00, 0x00, 0x0F, 0xFE, 0x00, 0x00,
  0x03, 0xFE, 0x00, 0x00, 0x00, 0xFE, 0x00, 0x00, 0x00, 0x7E, 0x00, 0x00, 0x00, 0x00, 0x00, 0x00,
  0x00, 0x00, 0x00, 0x00, 0x00, 0x00, 0x00, 0x00, 0x07, 0xFF, 0xFC, 0x00, 0x03, 0xFF, 0xFF, 0xC0,
  0x01, 0xFF, 0xFF, 0xF8, 0x00, 0xFF, 0xFF, 0xFF, 0x00, 0x7F, 0xFF, 0xFF, 0xC0, 0x3F, 0xFF, 0xFF,
  0xF0, 0x1F, 0xE0, 0xFF, 0xFC, 0x0F, 0xF0, 0x03, 0xFE, 0x07, 0xF8, 0x00, 0xFF, 0x83, 0xFC, 0x00,
  0x3F, 0xC1, 0xFE, 0x00, 0x0F, 0xF0, 0xFF, 0x00, 0x07, 0xF8, 0x7F, 0x80, 0x01, 0xFC, 0x3F, 0xC0,
  0x00, 0xFE, 0x1F, 0xE0, 0x00, 0x7F, 0x0F, 0xF0, 0x00, 0x3F, 0xC7, 0xF8, 0x00, 0x1F, 0xE3, 0xFC,
  0x00, 0x0F, 0xF1, 0xFE, 0x00, 0x07, 0xF8, 0xFF, 0x00, 0x03, 0xFC, 0x7F, 0x80, 0x01, 0xFE, 0x3F,
  0xC0, 0x00, 0xFE, 0x1F, 0xE0, 0x00, 0x7F, 0x0F, 0xF0, 0x00, 0x7F, 0x87, 0xF8, 0x00, 0x3F, 0xC3,
  0xFC, 0x00, 0x3F, 0xC1, 0xFE, 0x00, 0x3F, 0xE0, 0xFF, 0x00, 0x3F, 0xE0, 0x7F, 0x81, 0xFF, 0xF0,
  0x3F, 0xFF, 0xFF, 0xF0, 0x1F, 0xFF, 0xFF, 0xF0, 0x0F, 0xFF, 0xFF, 0xF0, 0x07, 0xFF, 0xFF, 0xE0,
  0x03, 0xFF, 0xFF, 0xE0, 0x01, 0xFF, 0xFF, 0x80, 0x00, 0x00, 0x00, 0x00, 0x00, 0x00, 0x00, 0x00,
  0x03, 0xE0, 0x00, 0x00, 0x00, 0x3E, 0x00, 0x00, 0x1F, 0xE3, 0xE0, 0x00, 0x01, 0xFE, 0x3E, 0x00,
  0x00, 0x1F, 0xE3, 0xE0, 0x00, 0x01, 0xFE, 0x3C, 0x00, 0x00, 0x1F, 0xE3, 0xC0, 0x00, 0x01, 0xFE,
  0x3C, 0x00, 0x00, 0x1F, 0xE3, 0xC0, 0x00, 0x01, 0xFE, 0x00, 0x00, 0x18, 0x1F, 0xE0, 0x00, 0x1F,
  0xF1, 0xFE, 0x00, 0x03, 0xFF, 0x9F, 0xE0, 0x00, 0xFF, 0xFD, 0xFE, 0x00, 0x0F, 0xFF, 0xFF, 0xE0,
  0x01, 0xFF, 0xFF, 0xFE, 0x00, 0x3F, 0xF0, 0xFF, 0xE0, 0x03, 0xFE, 0x07, 0xFE, 0x00, 0x3F, 0xC0,
  0x3F, 0xE0, 0x07, 0xF8, 0x01, 0xFE, 0x00, 0x7F, 0x80, 0x1F, 0xE0, 0x07, 0xF8, 0x01, 0xFE, 0x00,
  0x7F, 0x80, 0x1F, 0xE0, 0x07, 0xF0, 0x01, 0xFE, 0x00, 0x7F, 0x00, 0x1F, 0xE0, 0x07, 0xF8, 0x01,
  0xFE, 0x00, 0x7F, 0x80, 0x1F, 0xE0, 0x07, 0xF8, 0x01, 0xFE, 0x00, 0x7F, 0x80, 0x1F, 0xE0, 0x03,
  0xFC, 0x03, 0xFE, 0x00, 0x3F, 0xE0, 0x7F, 0xE0, 0x01, 0xFF, 0x9F, 0xFE, 0x00, 0x1F, 0xFF, 0xFF,
  0xE0, 0x00, 0xFF, 0xFF, 0xFE, 0x00, 0x07, 0xFF, 0xDF, 0xE0, 0x00, 0x3F, 0xF9, 0xFE, 0x00, 0x01,
  0xFF, 0x1F, 0xE0, 0x00, 0x00, 0x00, 0x00, 0x00, 0x07, 0xFF, 0xFC, 0x00, 0x00, 0x7F, 0xFF, 0xF8,
  0x00, 0x07, 0xFF, 0xFF, 0xE0, 0x00, 0x7F, 0xFF, 0xFF, 0x80, 0x07, 0xFF, 0xFF, 0xFC, 0x00, 0x7F,
  0xFF, 0xFF, 0xE0, 0x07, 0xF8, 0x3F, 0xFF, 0x00, 0x7F, 0x80, 0x1F, 0xF0, 0x07, 0xF8, 0x00, 0xFF,
  0x80, 0x7F, 0x80, 0x07, 0xF8, 0x07, 0xF8, 0x00, 0x3F, 0xC0, 0x7F, 0x80, 0x03, 0xFC, 0x07, 0xF8,
  0x00, 0x1F, 0xC0, 0x7F, 0x80, 0x01, 0xFC, 0x07, 0xF8, 0x00, 0x1F, 0xCF, 0xFF, 0xF8, 0x01, 0xFE,
  0xFF, 0xFF, 0x80, 0x1F, 0xEF, 0xFF, 0xF8, 0x01, 0xFE, 0xFF, 0xFF, 0x80, 0x1F, 0xE0, 0x7F, 0x80,
  0x01, 0xFE, 0x07, 0xF8, 0x00, 0x1F, 0xE0, 0x7F, 0x80, 0x01, 0xFC, 0x07, 0xF8, 0x00, 0x1F, 0xC0,
  0x7F, 0x80, 0x03, 0xFC, 0x07, 0xF8, 0x00, 0x3F, 0xC0, 0x7F, 0x80, 0x07, 0xF8, 0x07, 0xF8, 0x00,
  0xFF, 0x80, 0x7F, 0x80, 0x1F, 0xF0, 0x07, 0xF8, 0x1F, 0xFF, 0x00, 0x7F, 0xFF, 0xFF, 0xE0, 0x07,
  0xFF, 0xFF, 0xFC, 0x00, 0x7F, 0xFF, 0xFF, 0x80, 0x07, 0xFF, 0xFF, 0xE0, 0x00, 0x7F, 0xFF, 0xFC,
  0x00, 0x07, 0xFF, 0xFE, 0x00, 0x00, 0x00, 0x00, 0x1F, 0xE0, 0x00, 0x00, 0x7F, 0x80, 0x00, 0x01,
  0xFE, 0x00, 0x01, 0xFF, 0xFF, 0x00, 0x07, 0xFF, 0xFC, 0x00, 0x1F, 0xFF, 0xF0, 0x00, 0x7F, 0xFF,
  0xC0, 0x00, 0x07, 0xF8, 0x00, 0x18, 0x1F, 0xE0, 0x07, 0xFC, 0x7F, 0x80, 0x3F, 0xF9, 0xFE, 0x03,
  0xFF, 0xF7, 0xF8, 0x0F, 0xFF, 0xFF, 0xE0, 0x7F, 0xFF, 0xFF, 0x83, 0xFF, 0x0F, 0xFE, 0x0F, 0xF8,
  0x1F, 0xF8, 0x3F, 0xC0, 0x3F, 0xE1, 0xFE, 0x00, 0x7F, 0x87, 0xF8, 0x01, 0xFE, 0x1F, 0xE0, 0x07,
  0xF8, 0x7F, 0x80, 0x1F, 0xE1, 0xFC, 0x00, 0x7F, 0x87, 0xF0, 0x01, 0xFE, 0x1F, 0xE0, 0x07, 0xF8,
  0x7F, 0x80, 0x1F, 0xE1, 0xFE, 0x00, 0x7F, 0x87, 0xF8, 0x01, 0xFE, 0x0F, 0xF0, 0x0F, 0xF8, 0x3F,
  0xE0, 0x7F, 0xE0, 0x7F, 0xE7, 0xFF, 0x81, 0xFF, 0xFF, 0xFE, 0x03, 0xFF, 0xFF, 0xF8, 0x07, 0xFF,
  0xDF, 0xE0, 0x0F, 0xFE, 0x7F, 0x80, 0x1F, 0xF1, 0xFE, 0x00, 0x00, 0x00, 0x00, 0x03, 0xFF, 0xFC,
  0x00, 0x3F, 0xFF, 0xC0, 0x03, 0xFF, 0xFC, 0x00, 0x3F, 0xFF, 0xC0, 0x00, 0x00, 0x00, 0x00, 0x00,
  0x00, 0x00, 0x00, 0x00, 0x00, 0x00, 0x00, 0x00, 0x00, 0x00, 0x00, 0x00, 0x03, 0xFF, 0xFF, 0xFC,
  0x3F, 0xFF, 0xFF, 0xC3, 0xFF, 0xFF, 0xFC, 0x3F, 0xFF, 0xFF, 0xC3, 0xFF, 0xFF, 0xFC, 0x3F, 0xFF,
  0xFF, 0xC3, 0xFC, 0x00, 0x00, 0x3F, 0xC0, 0x00, 0x03, 0xFC, 0x00, 0x00, 0x3F, 0xC0, 0x00, 0x03,
  0xFC, 0x00, 0x00, 0x3F, 0xC0, 0x00, 0x03, 0xFC, 0x00, 0x00, 0x3F, 0xC0, 0x00, 0x03, 0xFF, 0xFF,
  0xF8, 0x3F, 0xFF, 0xFF, 0x83, 0xFF, 0xFF, 0xF8, 0x3F, 0xFF, 0xFF, 0x83, 0xFF, 0xFF, 0xF8, 0x3F,
  0xFF, 0xFF, 0x83, 0xFC, 0x00, 0x00, 0x3F, 0xC0, 0x00, 0x03, 0xFC, 0x00, 0x00, 0x3F, 0xC0, 0x00,
  0x03, 0xFC, 0x00, 0x00, 0x3F, 0xC0, 0x00, 0x03, 0xFC, 0x00, 0x00, 0x3F, 0xC0, 0x00, 0x03, 0xFC,
  0x00, 0x00, 0x3F, 0xFF, 0xFF, 0xC3, 0xFF, 0xFF, 0xFC, 0x3F, 0xFF, 0xFF, 0xC3, 0xFF, 0xFF, 0xFC,
  0x3F, 0xFF, 0xFF, 0xC3, 0xFF, 0xFF, 0xFC, 0x07, 0xFF, 0xFC, 0x00, 0xFF, 0xFF, 0x80, 0x1F, 0xFF,
  0xF0, 0x03, 0xFF, 0xFE, 0x00, 0x00, 0x00, 0x00, 0x00, 0x00, 0x00, 0x00, 0x00, 0x00, 0x00, 0x00,
  0x00, 0x00, 0x00, 0x06, 0x00, 0x00, 0x1F, 0xFC, 0x00, 0x07, 0xFF, 0xE0, 0x03, 0xFF, 0xFE, 0x00,
  0xFF, 0xFF, 0xE0, 0x3F, 0xFF, 0xFE, 0x07, 0xF8, 0x3F, 0xC1, 0xFE, 0x01, 0xFC, 0x3F, 0x80, 0x3F,
  0x87, 0xF0, 0x03, 0xF9, 0xFC, 0x00, 0x7F, 0x3F, 0xFF, 0xFF, 0xE7, 0xFF, 0xFF, 0xFC, 0xFF, 0xFF,
  0xFF, 0x9F, 0xFF, 0xFF, 0xF3, 0xFF, 0xFF, 0xFE, 0x7F, 0x00, 0x00, 0x0F, 0xE0, 0x00, 0x00, 0xFE,
  0x00, 0x00, 0x1F, 0xC0, 0x0F, 0xE3, 0xFC, 0x03, 0xFC, 0x3F, 0xC0, 0xFF, 0x07, 0xFF, 0xFF, 0xE0,
  0x7F, 0xFF, 0xF8, 0x07, 0xFF, 0xFE, 0x00, 0x7F, 0xFF, 0x80, 0x03, 0xFF, 0xC0, 0x00, 0x01, 0x00,
  0x00, 0x03, 0xE0, 0x7E, 0x00, 0x3E, 0x07, 0xC0, 0x03, 0xF0, 0xFC, 0x00, 0x1F, 0xFF, 0x80, 0x00,
  0xFF, 0xF8, 0x00, 0x07, 0xFE, 0x00, 0x00, 0x0F, 0x80, 0x00, 0x00, 0x00, 0x00, 0x00, 0x00, 0x00,
  0x00, 0x00, 0x00, 0x00, 0x3F, 0xFF, 0xFF, 0xC3, 0xFF, 0xFF, 0xFC, 0x3F, 0xFF, 0xFF, 0xC3, 0xFF,
  0xFF, 0xFC, 0x3F, 0xFF, 0xFF, 0xC3, 0xFF, 0xFF, 0xFC, 0x3F, 0xC0, 0x00, 0x03, 0xFC, 0x00, 0x00,
  0x3F, 0xC0, 0x00, 0x03, 0xFC, 0x00, 0x00, 0x3F, 0xC0, 0x00, 0x03, 0xFC, 0x00, 0x00, 0x3F, 0xC0,
  0x00, 0x03, 0xFC, 0x00, 0x00, 0x3F, 0xFF, 0xFF, 0x83, 0xFF, 0xFF, 0xF8, 0x3F, 0xFF, 0xFF, 0x83,
  0xFF, 0xFF, 0xF8, 0x3F, 0xFF, 0xFF, 0x83, 0xFF, 0xFF, 0xF8, 0x3F, 0xC0, 0x00, 0x03, 0xFC, 0x00,
  0x00, 0x3F, 0xC0, 0x00, 0x03, 0xFC, 0x00, 0x00, 0x3F, 0xC0, 0x00, 0x03, 0xFC, 0x00, 0x00, 0x3F,
  0xC0, 0x00, 0x03, 0xFC, 0x00, 0x00, 0x3F, 0xC0, 0x00, 0x03, 0xFF, 0xFF, 0xFC, 0x3F, 0xFF, 0xFF,
  0xC3, 0xFF, 0xFF, 0xFC, 0x3F, 0xFF, 0xFF, 0xC3, 0xFF, 0xFF, 0xFC, 0x3F, 0xFF, 0xFF, 0xC0, 0x00,
  0x00, 0x00, 0x07, 0xC0, 0x7C, 0x00, 0xFC, 0x0F, 0x80, 0x0F, 0xC7, 0xE0, 0x01, 0xFF, 0xFC, 0x00,
  0x1F, 0xFF, 0x00, 0x01, 0xFF, 0xC0, 0x00, 0x07, 0xC0, 0x00, 0x00, 0x00, 0x00, 0x00, 0x00, 0x00,
  0x00, 0x00, 0xC0, 0x00, 0x03, 0xFF, 0x80, 0x00, 0xFF, 0xFC, 0x00, 0x7F, 0xFF, 0xC0, 0x1F, 0xFF,
  0xFC, 0x07, 0xFF, 0xFF, 0xC0, 0xFF, 0x07, 0xF8, 0x3F, 0xC0, 0x3F, 0x87, 0xF0, 0x07, 0xF0, 0xFE,
  0x00, 0x7F, 0x3F, 0x80, 0x0F, 0xE7, 0xFF, 0xFF, 0xFC, 0xFF, 0xFF, 0xFF, 0x9F, 0xFF, 0xFF, 0xF3,
  0xFF, 0xFF, 0xFE, 0x7F, 0xFF, 0xFF, 0xCF, 0xE0, 0x00, 0x01, 0xFC, 0x00, 0x00, 0x1F, 0xC0, 0x00,
  0x03, 0xF8, 0x01, 0xFC, 0x7F, 0x80, 0x7F, 0x87, 0xF8, 0x1F, 0xE0, 0xFF, 0xFF, 0xFC, 0x0F, 0xFF,
  0xFF, 0x00, 0xFF, 0xFF, 0xC0, 0x0F, 0xFF, 0xF0, 0x00, 0x7F, 0xF8, 0x00, 0x00, 0x20, 0x00, 0x00,
  0x00, 0x00, 0x00, 0x00, 0x0F, 0x00, 0x00, 0x01, 0xF8, 0x00, 0x00, 0x3F, 0xC0, 0x00, 0x03, 0xFC,
  0x00, 0x00, 0x3F, 0xC0, 0x00, 0x01, 0xFC, 0x00, 0x00, 0x1F, 0x80, 0x00, 0x00, 0x00, 0x00, 0x00,
  0x00, 0x00, 0x00, 0x00, 0x00, 0x00, 0x00, 0x00, 0x00, 0x03, 0xFF, 0xFF, 0xFC, 0x3F, 0xFF, 0xFF,
  0xC3, 0xFF, 0xFF, 0xFC, 0x3F, 0xFF, 0xFF, 0xC3, 0xFF, 0xFF, 0xFC, 0x3F, 0xFF, 0xFF, 0xC3, 0xFC,
  0x00, 0x00, 0x3F, 0xC0, 0x00, 0x03, 0xFC, 0x00, 0x00, 0x3F, 0xC0, 0x00, 0x03, 0xFC, 0x00, 0x00,
  0x3F, 0xC0, 0x00, 0x03, 0xFC, 0x00, 0x00, 0x3F, 0xC0, 0x00, 0x03, 0xFF, 0xFF, 0xF8, 0x3F, 0xFF,
  0xFF, 0x83, 0xFF, 0xFF, 0xF8, 0x3F, 0xFF, 0xFF, 0x83, 0xFF, 0xFF, 0xF8, 0x3F, 0xFF, 0xFF, 0x83,
  0xFC, 0x00, 0x00, 0x3F, 0xC0, 0x00, 0x03, 0xFC, 0x00, 0x00, 0x3F, 0xC0, 0x00, 0x03, 0xFC, 0x00,
  0x00, 0x3F, 0xC0, 0x00, 0x03, 0xFC, 0x00, 0x00, 0x3F, 0xC0, 0x00, 0x03, 0xFC, 0x00, 0x00, 0x3F,
  0xFF, 0xFF, 0xC3, 0xFF, 0xFF, 0xFC, 0x3F, 0xFF, 0xFF, 0xC3, 0xFF, 0xFF, 0xFC, 0x3F, 0xFF, 0xFF,
  0xC3, 0xFF, 0xFF, 0xFC, 0x00, 0x0E, 0x00, 0x00, 0x07, 0xF0, 0x00, 0x00, 0xFE, 0x00, 0x00, 0x1F,
  0xE0, 0x00, 0x03, 0xF8, 0x00, 0x00, 0x7F, 0x00, 0x00, 0x07, 0xC0, 0x00, 0x00, 0x00, 0x00, 0x00,
  0x00, 0x00, 0x00, 0x00, 0x00, 0x00, 0x00, 0x18, 0x00, 0x00, 0x7F, 0xF0, 0x00, 0x1F, 0xFF, 0x80,
  0x0F, 0xFF, 0xF8, 0x03, 0xFF, 0xFF, 0x80, 0xFF, 0xFF, 0xF8, 0x1F, 0xE0, 0xFF, 0x07, 0xF8, 0x07,
  0xF0, 0xFE, 0x00, 0xFE, 0x1F, 0xC0, 0x0F, 0xE7, 0xF0, 0x01, 0xFC, 0xFF, 0xFF, 0xFF, 0x9F, 0xFF,
  0xFF, 0xF3, 0xFF, 0xFF, 0xFE, 0x7F, 0xFF, 0xFF, 0xCF, 0xFF, 0xFF, 0xF9, 0xFC, 0x00, 0x00, 0x3F,
  0x80, 0x00, 0x03, 0xF8, 0x00, 0x00, 0x7F, 0x00, 0x3F, 0x8F, 0xF0, 0x0F, 0xF0, 0xFF, 0x03, 0xFC,
  0x1F, 0xFF, 0xFF, 0x81, 0xFF, 0xFF, 0xE0, 0x1F, 0xFF, 0xF8, 0x01, 0xFF, 0xFE, 0x00, 0x0F, 0xFF,
  0x00, 0x00, 0x04, 0x00, 0x00, 0x3F, 0xFF, 0xFF, 0xC3, 0xFF, 0xFF, 0xFC, 0x3F, 0xFF, 0xFF, 0xC3,
  0xFF, 0xFF, 0xFC, 0x3F, 0xFF, 0xFF, 0xC3, 0xFF, 0xFF, 0xFC, 0x3F, 0xC0, 0x00, 0x03, 0xFC, 0x00,
  0x00, 0x3F, 0xC0, 0x00, 0x03, 0xFC, 0x00, 0x00, 0x3F, 0xC0, 0x00, 0x03, 0xFC, 0x00, 0x00, 0x3F,
  0xC0, 0x00, 0x03, 0xFC, 0x00, 0x00, 0x3F, 0xFF, 0xFF, 0x83, 0xFF, 0xFF, 0xF8, 0x3F, 0xFF, 0xFF,
  0x83, 0xFF, 0xFF, 0xF8, 0x3F, 0xFF, 0xFF, 0x83, 0xFF, 0xFF, 0xF8, 0x3F, 0xC0, 0x00, 0x03, 0xFC,
  0x00, 0x00, 0x3F, 0xC0, 0x00, 0x03, 0xFC, 0x00, 0x00, 0x3F, 0xC0, 0x00, 0x03, 0xFC, 0x00, 0x00,
  0x3F, 0xC0, 0x00, 0x03, 0xFC, 0x00, 0x00, 0x3F, 0xC0, 0x00, 0x03, 0xFF, 0xFF, 0xFC, 0x3F, 0xFF,
  0xFF, 0xC3, 0xFF, 0xFF, 0xFC, 0x3F, 0xFF, 0xFF, 0xC3, 0xFF, 0xFF, 0xFC, 0x3F, 0xFF, 0xFF, 0xC0,
  0x00, 0x03, 0xF8, 0x00, 0x00, 0x7E, 0x00, 0x00, 0x07, 0xE0, 0x00, 0x00, 0x7C, 0x00, 0x00, 0x07,
  0xC0, 0x00, 0x00, 0x7F, 0xC0, 0x00, 0x07, 0xFC, 0x00, 0x00, 0x3F, 0xC0, 0x00, 0x01, 0xFC, 0x00,
  0x00, 0x0F, 0x80, 0x00, 0x06, 0x00, 0x00, 0x1F, 0xFC, 0x00, 0x07, 0xFF, 0xE0, 0x03, 0xFF, 0xFE,
  0x00, 0xFF, 0xFF, 0xE0, 0x3F, 0xFF, 0xFE, 0x07, 0xF8, 0x3F, 0xC1, 0xFE, 0x01, 0xFC, 0x3F, 0x80,
  0x3F, 0x87, 0xF0, 0x03, 0xF9, 0xFC, 0x00, 0x7F, 0x3F, 0xFF, 0xFF, 0xE7, 0xFF, 0xFF, 0xFC, 0xFF,
  0xFF, 0xFF, 0x9F, 0xFF, 0xFF, 0xF3, 0xFF, 0xFF, 0xFE, 0x7F, 0x00, 0x00, 0x0F, 0xE0, 0x00, 0x00,
  0xFE, 0x00, 0x00, 0x1F, 0xC0, 0x0F, 0xE3, 0xFC, 0x03, 0xFC, 0x3F, 0xC0, 0xFF, 0x07, 0xFF, 0xFF,
  0xE0, 0x7F, 0xFF, 0xF8, 0x07, 0xFF, 0xFE, 0x00, 0x7F, 0xFF, 0x80, 0x03, 0xFF, 0xC0, 0x00, 0x0F,
  0xC0, 0x00, 0x01, 0xF8, 0x00, 0x00, 0x3E, 0x00, 0x00, 0x07, 0xC0, 0x00, 0x00, 0xFF, 0x80, 0x00,
  0x1F, 0xF0, 0x00, 0x01, 0xFE, 0x00, 0x00, 0x1F, 0xC0, 0x00, 0x01, 0xF0, 0x00, 0x0F, 0xE0, 0x7F,
  0x00, 0x3F, 0x0F, 0xC0, 0x01, 0xF9, 0xFC, 0x00, 0x1F, 0xDF, 0x80, 0x00, 0xFF, 0xF0, 0x00, 0x07,
  0xFE, 0x00, 0x00, 0x3F, 0xC0, 0x00, 0x01, 0xF8, 0x00, 0x00, 0x00, 0x00, 0x00, 0x00, 0x00, 0x00,
  0x00, 0x00, 0x00, 0x03, 0xFF, 0xFF, 0xFC, 0x3F, 0xFF, 0xFF, 0xC3, 0xFF, 0xFF, 0xFC, 0x3F, 0xFF,
  0xFF, 0xC3, 0xFF, 0xFF, 0xFC, 0x3F, 0xFF, 0xFF, 0xC3, 0xFC, 0x00, 0x00, 0x3F, 0xC0, 0x00, 0x03,
  0xFC, 0x00, 0x00, 0x3F, 0xC0, 0x00, 0x03, 0xFC, 0x00, 0x00, 0x3F, 0xC0, 0x00, 0x03, 0xFC, 0x00,
  0x00, 0x3F, 0xC0, 0x00, 0x03, 0xFF, 0xFF, 0xF8, 0x3F, 0xFF, 0xFF, 0x83, 0xFF, 0xFF, 0xF8, 0x3F,
  0xFF, 0xFF, 0x83, 0xFF, 0xFF, 0xF8, 0x3F, 0xFF, 0xFF, 0x83, 0xFC, 0x00, 0x00, 0x3F, 0xC0, 0x00,
  0x03, 0xFC, 0x00, 0x00, 0x3F, 0xC0, 0x00, 0x03, 0xFC, 0x00, 0x00, 0x3F, 0xC0, 0x00, 0x03, 0xFC,
  0x00, 0x00, 0x3F, 0xC0, 0x00, 0x03, 0xFC, 0x00, 0x00, 0x3F, 0xFF, 0xFF, 0xC3, 0xFF, 0xFF, 0xFC,
  0x3F, 0xFF, 0xFF, 0xC3, 0xFF, 0xFF, 0xFC, 0x3F, 0xFF, 0xFF, 0xC3, 0xFF, 0xFF, 0xFC, 0x00, 0x00,
  0x00, 0x00, 0x0F, 0xE0, 0x7E, 0x00, 0xFC, 0x1F, 0x80, 0x0F, 0xC7, 0xE0, 0x00, 0xFD, 0xF8, 0x00,
  0x0F, 0xFE, 0x00, 0x00, 0xFF, 0x80, 0x00, 0x0F, 0xE0, 0x00, 0x00, 0xFC, 0x00, 0x00, 0x00, 0x00,
  0x00, 0x00, 0x00, 0x00, 0x00, 0x18, 0x00, 0x00, 0x7F, 0xF0, 0x00, 0x1F, 0xFF, 0x80, 0x0F, 0xFF,
  0xF8, 0x03, 0xFF, 0xFF, 0x80, 0xFF, 0xFF, 0xF8, 0x1F, 0xE0, 0xFF, 0x07, 0xF8, 0x07, 0xF0, 0xFE,
  0x00, 0xFE, 0x1F, 0xC0, 0x0F, 0xE7, 0xF0, 0x01, 0xFC, 0xFF, 0xFF, 0xFF, 0x9F, 0xFF, 0xFF, 0xF3,
  0xFF, 0xFF, 0xFE, 0x7F, 0xFF, 0xFF, 0xCF, 0xFF, 0xFF, 0xF9, 0xFC, 0x00, 0x00, 0x3F, 0x80, 0x00,
  0x03, 0xF8, 0x00, 0x00, 0x7F, 0x00, 0x3F, 0x8F, 0xF0, 0x0F, 0xF0, 0xFF, 0x03, 0xFC, 0x1F, 0xFF,
  0xFF, 0x81, 0xFF, 0xFF, 0xE0, 0x1F, 0xFF, 0xF8, 0x01, 0xFF, 0xFE, 0x00, 0x0F, 0xFF, 0x00, 0x00,
  0x04, 0x00, 0x00, 0x00, 0x00, 0x00, 0x00, 0x01, 0xF8, 0x00, 0x00, 0x00, 0x7F, 0x80, 0x00, 0x00,
  0x1F, 0xF8, 0x00, 0x00, 0x07, 0xFF, 0x80, 0x00, 0x01, 0xFB, 0xF0, 0x00, 0x00, 0x7E, 0x3F, 0x00,
  0x00, 0x1F, 0xC3, 0xF0, 0x00, 0x07, 0xF0, 0x3F, 0x00, 0x00, 0x00, 0x00, 0x00, 0x00, 0x00, 0x00,
  0x00, 0x00, 0x00, 0x00, 0x00, 0x00, 0x00, 0x07, 0xFF, 0x80, 0x00, 0x03, 0xFF, 0xFC, 0x00, 0x01,
  0xFF, 0xFF, 0xC0, 0x00, 0x7F, 0xFF, 0xFE, 0x00, 0x1F, 0xFF, 0xFF, 0xE0, 0x07, 0xFF, 0xFF, 0xFE,
  0x00, 0xFF, 0xE0, 0xFF, 0xC0, 0x3F, 0xE0, 0x07, 0xFC, 0x0F, 0xF8, 0x00, 0x7F, 0x81, 0xFE, 0x00,
  0x07, 0xF0, 0x3F, 0xC0, 0x00, 0xFF, 0x0F, 0xF0, 0x00, 0x00, 0x01, 0xFE, 0x00, 0x00, 0x00, 0x3F,
  0xC0, 0x00, 0x00, 0x07, 0xF0, 0x00, 0x00, 0x00, 0xFE, 0x00, 0x00, 0x00, 0x1F, 0xC0, 0x0F, 0xFF,
  0xC3, 0xF8, 0x01, 0xFF, 0xF8, 0x7F, 0x00, 0x3F, 0xFF, 0x0F, 0xE0, 0x07, 0xFF, 0xE1, 0xFC, 0x00,
  0xFF, 0xFC, 0x3F, 0xC0, 0x1F, 0xFF, 0x87, 0xF8, 0x00, 0x07, 0xF0, 0xFF, 0x00, 0x00, 0xFE, 0x0F,
  0xF0, 0x00, 0x1F, 0xC1, 0xFE, 0x00, 0x07, 0xF8, 0x3F, 0xE0, 0x01, 0xFE, 0x03, 0xFE, 0x00, 0x7F,
  0xC0, 0x7F, 0xF0, 0x3F, 0xF0, 0x07, 0xFF, 0xFF, 0xFE, 0x00, 0x7F, 0xFF, 0xFF, 0x80, 0x07, 0xFF,
  0xFF, 0xE0, 0x00, 0x7F, 0xFF, 0xF8, 0x00, 0x03, 0xFF, 0xFC, 0x00, 0x00, 0x1F, 0xFE, 0x00, 0x00,
  0x00, 0x00, 0x00, 0x00, 0x00, 0x1F, 0xC0, 0x00, 0x01, 0xFF, 0x00, 0x00, 0x1F, 0xFC, 0x00, 0x01,
  0xFF, 0xE0, 0x00, 0x0F, 0xDF, 0x80, 0x00, 0xFC, 0x7E, 0x00, 0x0F, 0xC1, 0xF8, 0x00, 0xFC, 0x07,
  0xE0, 0x00, 0x00, 0x00, 0x00, 0x00, 0x00, 0x00, 0x00, 0x06, 0x00, 0x00, 0x03, 0xFE, 0x3F, 0xC0,
  0x3F, 0xF9, 0xFE, 0x07, 0xFF, 0xEF, 0xF0, 0x3F, 0xFF, 0xFF, 0x83, 0xFF, 0xFF, 0xFC, 0x3F, 0xF0,
  0xFF, 0xE1, 0xFF, 0x03, 0xFF, 0x0F, 0xF0, 0x0F, 0xF8, 0xFF, 0x00, 0x3F, 0xC7, 0xF8, 0x01, 0xFE,
  0x3F, 0xC0, 0x0F, 0xF1, 0xFE, 0x00, 0x7F, 0x8F, 0xE0, 0x03, 0xFC, 0x7F, 0x00, 0x1F, 0xE3, 0xFC,
  0x00, 0xFF, 0x1F, 0xE0, 0x07, 0xF8, 0xFF, 0x00, 0x3F, 0xC3, 0xF8, 0x03, 0xFE, 0x1F, 0xE0, 0x1F,
  0xF0, 0xFF, 0x81, 0xFF, 0x83, 0xFF, 0xFF, 0xFC, 0x1F, 0xFF, 0xFF, 0xE0, 0x7F, 0xFF, 0xFF, 0x01,
  0xFF, 0xF7, 0xF8, 0x03, 0xFE, 0x3F, 0xC0, 0x01, 0xC1, 0xFE, 0x00, 0x00, 0x0F, 0xF0, 0x00, 0x00,
  0x7F, 0x80, 0x70, 0x03, 0xF8, 0x3F, 0x80, 0x3F, 0xC1, 0xFF, 0x03, 0xFE, 0x07, 0xFF, 0xFF, 0xE0,
  0x1F, 0xFF, 0xFF, 0x00, 0x7F, 0xFF, 0xF0, 0x01, 0xFF, 0xFE, 0x00, 0x03, 0xFF, 0xC0, 0x00, 0x00,
  0x00, 0x00, 0x00, 0x00, 0x00, 0x00, 0x00, 0x7C, 0x07, 0xC0, 0x00, 0x07, 0xC0, 0xF8, 0x00, 0x00,
  0xFC, 0x3F, 0x00, 0x00, 0x1F, 0xFF, 0xC0, 0x00, 0x01, 0xFF, 0xF0, 0x00, 0x00, 0x0F, 0xFC, 0x00,
  0x00, 0x00, 0x7E, 0x00, 0x00, 0x00, 0x00, 0x00, 0x00, 0x00, 0x00, 0x00, 0x00, 0x00, 0x00, 0x00,
  0x00, 0x00, 0x00, 0x3F, 0xFC, 0x00, 0x00, 0x1F, 0xFF, 0xE0, 0x00, 0x0F, 0xFF, 0xFE, 0x00, 0x03,
  0xFF, 0xFF, 0xF0, 0x00, 0xFF, 0xFF, 0xFF, 0x00, 0x3F, 0xFF, 0xFF, 0xF0, 0x07, 0xFF, 0x07, 0xFE,
  0x01, 0xFF, 0x00, 0x3F, 0xE0, 0x7F, 0xC0, 0x03, 0xFC, 0x0F, 0xF0, 0x00, 0x3F, 0x81, 0xFE, 0x00,
  0x07, 0xF8, 0x7F, 0x80, 0x00, 0x00, 0x0F, 0xF0, 0x00, 0x00, 0x01, 0xFE, 0x00, 0x00, 0x00, 0x3F,
  0x80, 0x00, 0x00, 0x07, 0xF0, 0x00, 0x00, 0x00, 0xFE, 0x00, 0x7F, 0xFE, 0x1F, 0xC0, 0x0F, 0xFF,
  0xC3, 0xF8, 0x01, 0xFF, 0xF8, 0x7F, 0x00, 0x3F, 0xFF, 0x0F, 0xE0, 0x07, 0xFF, 0xE1, 0xFE, 0x00,
  0xFF, 0xFC, 0x3F, 0xC0, 0x00, 0x3F, 0x87, 0xF8, 0x00, 0x07, 0xF0, 0x7F, 0x80, 0x00, 0xFE, 0x0F,
  0xF0, 0x00, 0x3F, 0xC1, 0xFF, 0x00, 0x0F, 0xF0, 0x1F, 0xF0, 0x03, 0xFE, 0x03, 0xFF, 0x81, 0xFF,
  0x80, 0x3F, 0xFF, 0xFF, 0xF0, 0x03, 0xFF, 0xFF, 0xFC, 0x00, 0x3F, 0xFF, 0xFF, 0x00, 0x03, 0xFF,
  0xFF, 0xC0, 0x00, 0x1F, 0xFF, 0xE0, 0x00, 0x00, 0xFF, 0xF0, 0x00, 0x00, 0x00, 0x00, 0x00, 0x00,
  0x00, 0x00, 0x00, 0x00, 0x03, 0xE0, 0x3E, 0x00, 0x1F, 0x83, 0xF0, 0x00, 0x7E, 0x3F, 0x00, 0x03,
  0xFF, 0xF8, 0x00, 0x0F, 0xFF, 0x80, 0x00, 0x3F, 0xF8, 0x00, 0x00, 0x3F, 0x00, 0x00, 0x00, 0x00,
  0x00, 0x00, 0x00, 0x00, 0x00, 0x00, 0xC0, 0x00, 0x00, 0x7F, 0xC7, 0xF8, 0x07, 0xFF, 0x3F, 0xC0,
  0xFF, 0xFD, 0xFE, 0x07, 0xFF, 0xFF, 0xF0, 0x7F, 0xFF, 0xFF, 0x87, 0xFE, 0x1F, 0xFC, 0x3F, 0xE0,
  0x7F, 0xE1, 0xFE, 0x01, 0xFF, 0x1F, 0xE0, 0x07, 0xF8, 0xFF, 0x00, 0x3F, 0xC7, 0xF8, 0x01, 0xFE,
  0x3F, 0xC0, 0x0F, 0xF1, 0xFC, 0x00, 0x7F, 0x8F, 0xE0, 0x03, 0xFC, 0x7F, 0x80, 0x1F, 0xE3, 0xFC,
  0x00, 0xFF, 0x1F, 0xE0, 0x07, 0xF8, 0x7F, 0x00, 0x7F, 0xC3, 0xFC, 0x03, 0xFE, 0x1F, 0xF0, 0x3F,
  0xF0, 0x7F, 0xFF, 0xFF, 0x83, 0xFF, 0xFF, 0xFC, 0x0F, 0xFF, 0xFF, 0xE0, 0x3F, 0xFE, 0xFF, 0x00,
  0x7F, 0xC7, 0xF8, 0x00, 0x38, 0x3F, 0xC0, 0x00, 0x01, 0xFE, 0x00, 0x00, 0x0F, 0xF0, 0x0E, 0x00,
  0x7F, 0x07, 0xF0, 0x07, 0xF8, 0x3F, 0xE0, 0x7F, 0xC0, 0xFF, 0xFF, 0xFC, 0x03, 0xFF, 0xFF, 0xE0,
  0x0F, 0xFF, 0xFE, 0x00, 0x3F, 0xFF, 0xC0, 0x00, 0x7F, 0xF8, 0x00, 0x00, 0x00, 0x00, 0x00, 0x00,
  0x00, 0x00, 0x00, 0x00, 0xF0, 0x00, 0x00, 0x00, 0x3F, 0x00, 0x00, 0x00, 0x0F, 0xE0, 0x00, 0x00,
  0x01, 0xFE, 0x00, 0x00, 0x00, 0x3F, 0xC0, 0x00, 0x00, 0x07, 0xF0, 0x00, 0x00, 0x00, 0x7C, 0x00,
  0x00, 0x00, 0x00, 0x00, 0x00, 0x00, 0x00, 0x00, 0x00, 0x00, 0x00, 0x00, 0x00, 0x00, 0x00, 0x00,
  0x00, 0x00, 0x00, 0x07, 0xFF, 0x80, 0x00, 0x03, 0xFF, 0xFC, 0x00, 0x01, 0xFF, 0xFF, 0xC0, 0x00,
  0x7F, 0xFF, 0xFE, 0x00, 0x1F, 0xFF, 0xFF, 0xE0, 0x07, 0xFF, 0xFF, 0xFE, 0x00, 0xFF, 0xE0, 0xFF,
  0xC0, 0x3F, 0xE0, 0x07, 0xFC, 0x0F, 0xF8, 0x00, 0x7F, 0x81, 0xFE, 0x00, 0x07, 0xF0, 0x3F, 0xC0,
  0x00, 0xFF, 0x0F, 0xF0, 0x00, 0x00, 0x01, 0xFE, 0x00, 0x00, 0x00, 0x3F, 0xC0, 0x00, 0x00, 0x07,
  0xF0, 0x00, 0x00, 0x00, 0xFE, 0x00, 0x00, 0x00, 0x1F, 0xC0, 0x0F, 0xFF, 0xC3, 0xF8, 0x01, 0xFF,
  0xF8, 0x7F, 0x00, 0x3F, 0xFF, 0x0F, 0xE0, 0x07, 0xFF, 0xE1, 0xFC, 0x00, 0xFF, 0xFC, 0x3F, 0xC0,
  0x1F, 0xFF, 0x87, 0xF8, 0x00, 0x07, 0xF0, 0xFF, 0x00, 0x00, 0xFE, 0x0F, 0xF0, 0x00, 0x1F, 0xC1,
  0xFE, 0x00, 0x07, 0xF8, 0x3F, 0xE0, 0x01, 0xFE, 0x03, 0xFE, 0x00, 0x7F, 0xC0, 0x7F, 0xF0, 0x3F,
  0xF0, 0x07, 0xFF, 0xFF, 0xFE, 0x00, 0x7F, 0xFF, 0xFF, 0x80, 0x07, 0xFF, 0xFF, 0xE0, 0x00, 0x7F,
  0xFF, 0xF8, 0x00, 0x03, 0xFF, 0xFC, 0x00, 0x00, 0x1F, 0xFE, 0x00, 0x00, 0x00, 0x00, 0x00, 0x00,
  0x00, 0x07, 0x00, 0x00, 0x00, 0xFE, 0x00, 0x00, 0x07, 0xF0, 0x00, 0x00, 0x3F, 0x80, 0x00, 0x01,
  0xFC, 0x00, 0x00, 0x0F, 0xE0, 0x00, 0x00, 0x3E, 0x00, 0x00, 0x00, 0x00, 0x00, 0x00, 0x00, 0x00,
  0x00, 0x00, 0x00, 0x00, 0x00, 0x06, 0x00, 0x00, 0x03, 0xFE, 0x3F, 0xC0, 0x3F, 0xF9, 0xFE, 0x07,
  0xFF, 0xEF, 0xF0, 0x3F, 0xFF, 0xFF, 0x83, 0xFF, 0xFF, 0xFC, 0x3F, 0xF0, 0xFF, 0xE1, 0xFF, 0x03,
  0xFF, 0x0F, 0xF0, 0x0F, 0xF8, 0xFF, 0x00, 0x3F, 0xC7, 0xF8, 0x01, 0xFE, 0x3F, 0xC0, 0x0F, 0xF1,
  0xFE, 0x00, 0x7F, 0x8F, 0xE0, 0x03, 0xFC, 0x7F, 0x00, 0x1F, 0xE3, 0xFC, 0x00, 0xFF, 0x1F, 0xE0,
  0x07, 0xF8, 0xFF, 0x00, 0x3F, 0xC3, 0xF8, 0x03, 0xFE, 0x1F, 0xE0, 0x1F, 0xF0, 0xFF, 0x81, 0xFF,
  0x83, 0xFF, 0xFF, 0xFC, 0x1F, 0xFF, 0xFF, 0xE0, 0x7F, 0xFF, 0xFF, 0x01, 0xFF, 0xF7, 0xF8, 0x03,
  0xFE, 0x3F, 0xC0, 0x01, 0xC1, 0xFE, 0x00, 0x00, 0x0F, 0xF0, 0x00, 0x00, 0x7F, 0x80, 0x70, 0x03,
  0xF8, 0x3F, 0x80, 0x3F, 0xC1, 0xFF, 0x03, 0xFE, 0x07, 0xFF, 0xFF, 0xE0, 0x1F, 0xFF, 0xFF, 0x00,
  0x7F, 0xFF, 0xF0, 0x01, 0xFF, 0xFE, 0x00, 0x03, 0xFF, 0xC0, 0x00, 0x00, 0x00, 0x00, 0x00, 0x0F,
  0xFF, 0x00, 0x00, 0x07, 0xFF, 0xF8, 0x00, 0x03, 0xFF, 0xFF, 0x80, 0x00, 0xFF, 0xFF, 0xFC, 0x00,
  0x3F, 0xFF, 0xFF, 0xC0, 0x0F, 0xFF, 0xFF, 0xFC, 0x01, 0xFF, 0xC1, 0xFF, 0x80, 0x7F, 0xC0, 0x0F,
  0xF8, 0x1F, 0xF0, 0x00, 0xFF, 0x03, 0xFC, 0x00, 0x0F, 0xE0, 0x7F, 0x80, 0x01, 0xFE, 0x1F, 0xE0,
  0x00, 0x00, 0x03, 0xFC, 0x00, 0x00, 0x00, 0x7F, 0x80, 0x00, 0x00, 0x0F, 0xE0, 0x00, 0x00, 0x01,
  0xFC, 0x00, 0x00, 0x00, 0x3F, 0x80, 0x1F, 0xFF, 0x87, 0xF0, 0x03, 0xFF, 0xF0, 0xFE, 0x00, 0x7F,
  0xFE, 0x1F, 0xC0, 0x0F, 0xFF, 0xC3, 0xF8, 0x01, 0xFF, 0xF8, 0x7F, 0x80, 0x3F, 0xFF, 0x0F, 0xF0,
  0x00, 0x0F, 0xE1, 0xFE, 0x00, 0x01, 0xFC, 0x1F, 0xE0, 0x00, 0x3F, 0x83, 0xFC, 0x00, 0x0F, 0xF0,
  0x7F, 0xC0, 0x03, 0xFC, 0x07, 0xFC, 0x00, 0xFF, 0x80, 0xFF, 0xE0, 0x7F, 0xE0, 0x0F, 0xFF, 0xFF,
  0xFC, 0x00, 0xFF, 0xFF, 0xFF, 0x00, 0x0F, 0xFF, 0xFF, 0xC0, 0x00, 0xFF, 0xFF, 0xF0, 0x00, 0x07,
  0xFF, 0xF8, 0x00, 0x00, 0x3F, 0xFC, 0x00, 0x00, 0x00, 0x00, 0x00, 0x00, 0x00, 0x00, 0x00, 0x00,
  0x00, 0x00, 0x00, 0x00, 0x00, 0x00, 0xFE, 0x00, 0x00, 0x00, 0x1F, 0x80, 0x00, 0x00, 0x03, 0xF0,
  0x00, 0x00, 0x00, 0xFC, 0x00, 0x00, 0x00, 0x1F, 0x80, 0x00, 0x00, 0x03, 0xF0, 0x00, 0x00, 0x00,
  0x7C, 0x00, 0x00, 0x00, 0x1F, 0x80, 0x00, 0x00, 0x00, 0x00, 0x00, 0x00, 0x00, 0x00, 0x00, 0x00,
  0x00, 0x03, 0x80, 0x00, 0x00, 0x3F, 0x00, 0x00, 0x01, 0xF0, 0x00, 0x00, 0x1F, 0x80, 0x00, 0x00,
  0xFC, 0x00, 0x00, 0x07, 0xC0, 0x00, 0x00, 0x3E, 0x00, 0x00, 0x01, 0xF0, 0x00, 0x00, 0x0F, 0x80,
  0x00, 0x00, 0x7C, 0x00, 0x00, 0x03, 0xE0, 0x00, 0x00, 0x00, 0x00, 0x00, 0x00, 0x00, 0x00, 0x00,
  0x0C, 0x00, 0x00, 0x07, 0xFC, 0x7F, 0x80, 0x7F, 0xF3, 0xFC, 0x0F, 0xFF, 0xDF, 0xE0, 0x7F, 0xFF,
  0xFF, 0x07, 0xFF, 0xFF, 0xF8, 0x7F, 0xE1, 0xFF, 0xC3, 0xFE, 0x07, 0xFE, 0x1F, 0xE0, 0x1F, 0xF1,
  0xFE, 0x00, 0x7F, 0x8F, 0xF0, 0x03, 0xFC, 0x7F, 0x80, 0x1F, 0xE3, 0xFC, 0x00, 0xFF, 0x1F, 0xC0,
  0x07, 0xF8, 0xFE, 0x00, 0x3F, 0xC7, 0xF8, 0x01, 0xFE, 0x3F, 0xC0, 0x0F, 0xF1, 0xFE, 0x00, 0x7F,
  0x87, 0xF0, 0x07, 0xFC, 0x3F, 0xC0, 0x3F, 0xE1, 0xFF, 0x03, 0xFF, 0x07, 0xFF, 0xFF, 0xF8, 0x3F,
  0xFF, 0xFF, 0xC0, 0xFF, 0xFF, 0xFE, 0x03, 0xFF, 0xEF, 0xF0, 0x07, 0xFC, 0x7F, 0x80, 0x03, 0x83,
  0xFC, 0x00, 0x00, 0x1F, 0xE0, 0x00, 0x00, 0xFF, 0x00, 0xE0, 0x07, 0xF0, 0x7F, 0x00, 0x7F, 0x83,
  0xFE, 0x07, 0xFC, 0x0F, 0xFF, 0xFF, 0xC0, 0x3F, 0xFF, 0xFE, 0x00, 0xFF, 0xFF, 0xE0, 0x03, 0xFF,
  0xFC, 0x00, 0x07, 0xFF, 0x80, 0x00, 0x00, 0x00, 0x00, 0x00, 0x00, 0x00, 0x00, 0x00, 0x03, 0xF0,
  0x00, 0x00, 0x01, 0xFE, 0x00, 0x00, 0x00, 0xFF, 0xC0, 0x00, 0x00, 0x7F, 0xF8, 0x00, 0x00, 0x3F,
  0xBF, 0x00, 0x00, 0x0F, 0xCF, 0xE0, 0x00, 0x07, 0xE1, 0xFC, 0x00, 0x07, 0xF0, 0x3F, 0x00, 0x00,
  0x00, 0x00, 0x00, 0x00, 0x00, 0x00, 0x00, 0x00, 0x00, 0x00, 0x00, 0x00, 0xFF, 0x00, 0x01, 0xFC,
  0x3F, 0xC0, 0x00, 0x7F, 0x0F, 0xF0, 0x00, 0x1F, 0xC3, 0xFC, 0x00, 0x07, 0xF0, 0xFF, 0x00, 0x01,
  0xFC, 0x3F, 0xC0, 0x00, 0x7F, 0x0F, 0xF0, 0x00, 0x1F, 0xC3, 0xFC, 0x00, 0x07, 0xF0, 0xFF, 0x00,
  0x01, 0xFC, 0x3F, 0xC0, 0x00, 0x7F, 0x0F, 0xF0, 0x00, 0x1F, 0xC3, 0xFC, 0x00, 0x07, 0xF0, 0xFF,
  0x00, 0x01, 0xFC, 0x3F, 0xC0, 0x00, 0x7F, 0x0F, 0xFF, 0xFF, 0xFF, 0xC3, 0xFF, 0xFF, 0xFF, 0xF0,
  0xFF, 0xFF, 0xFF, 0xFC, 0x3F, 0xFF, 0xFF, 0xFF, 0x0F, 0xFF, 0xFF, 0xFF, 0xC3, 0xFF, 0xFF, 0xFF,
  0xF0, 0xFF, 0xFF, 0xFF, 0xFC, 0x3F, 0xC0, 0x00, 0x7F, 0x0F, 0xF0, 0x00, 0x1F, 0xC3, 0xFC, 0x00,
  0x07, 0xF0, 0xFF, 0x00, 0x01, 0xFC, 0x3F, 0xC0, 0x00, 0x7F, 0x0F, 0xF0, 0x00, 0x1F, 0xC3, 0xFC,
  0x00, 0x07, 0xF0, 0xFF, 0x00, 0x01, 0xFC, 0x3F, 0xC0, 0x00, 0x7F, 0x0F, 0xF0, 0x00, 0x1F, 0xC3,
  0xFC, 0x00, 0x07, 0xF0, 0xFF, 0x00, 0x01, 0xFC, 0x3F, 0xC0, 0x00, 0x7F, 0x0F, 0xF0, 0x00, 0x1F,
  0xC0, 0x01, 0xF8, 0x00, 0x00, 0x01, 0xFE, 0x00, 0x00, 0x01, 0xFF, 0x00, 0x00, 0x01, 0xFF, 0xC0,
  0x00, 0x01, 0xFB, 0xF0, 0x00, 0x01, 0xF8, 0xFC, 0x00, 0x01, 0xF8, 0x3F, 0x00, 0x01, 0xFC, 0x0F,
  0xC0, 0x00, 0x00, 0x00, 0x00, 0x00, 0x00, 0x00, 0x00, 0x00, 0x00, 0x00, 0x00, 0x00, 0x00, 0x7F,
  0x00, 0x00, 0x00, 0x3F, 0x80, 0x00, 0x00, 0x1F, 0xC0, 0x00, 0x00, 0x0F, 0xE0, 0x00, 0x00, 0x07,
  0xF0, 0x00, 0x00, 0x03, 0xF8, 0x00, 0x00, 0x01, 0xFC, 0x00, 0x00, 0x00, 0xFE, 0x00, 0x00, 0x00,
  0x7F, 0x00, 0x80, 0x00, 0x3F, 0x87, 0xFC, 0x00, 0x1F, 0xCF, 0xFF, 0x00, 0x0F, 0xE7, 0xFF, 0xC0,
  0x07, 0xF7, 0xFF, 0xF0, 0x03, 0xFF, 0xFF, 0xF8, 0x01, 0xFF, 0xFF, 0xFE, 0x00, 0xFF, 0x81, 0xFF,
  0x00, 0x7F, 0x80, 0x7F, 0x80, 0x3F, 0xC0, 0x1F, 0xC0, 0x1F, 0xE0, 0x0F, 0xE0, 0x0F, 0xE0, 0x07,
  0xF0, 0x07, 0xF0, 0x03, 0xF8, 0x03, 0xF8, 0x01, 0xFC, 0x01, 0xFC, 0x00, 0xFE, 0x00, 0xFE, 0x00,
  0x7F, 0x00, 0x7F, 0x00, 0x3F, 0x80, 0x3F, 0x80, 0x1F, 0xC0, 0x1F, 0xC0, 0x0F, 0xE0, 0x0F, 0xE0,
  0x07, 0xF0, 0x07, 0xF0, 0x03, 0xF8, 0x03, 0xF8, 0x01, 0xFC, 0x01, 0xFC, 0x00, 0xFE, 0x00, 0xFE,
  0x00, 0x7F, 0x00, 0x7F, 0x00, 0x3F, 0x80, 0x3F, 0x80, 0x1F, 0xC0, 0x1F, 0xC0, 0x0F, 0xE0, 0x0F,
  0xE0, 0x00, 0x3F, 0xC0, 0x7F, 0x00, 0x01, 0xFE, 0x03, 0xF8, 0x00, 0x0F, 0xF0, 0x1F, 0xC0, 0x00,
  0x7F, 0x80, 0xFE, 0x00, 0x03, 0xFC, 0x07, 0xF0, 0x00, 0x1F, 0xE1, 0xFF, 0xFF, 0xFF, 0xFF, 0xCF,
  0xFF, 0xFF, 0xFF, 0xFE, 0x7F, 0xFF, 0xFF, 0xFF, 0xF3, 0xFF, 0xFF, 0xFF, 0xFF, 0x83, 0xF8, 0x00,
  0x0F, 0xF0, 0x1F, 0xC0, 0x00, 0x7F, 0x80, 0xFE, 0x00, 0x03, 0xFC, 0x07, 0xF0, 0x00, 0x1F, 0xE0,
  0x3F, 0xFF, 0xFF, 0xFF, 0x01, 0xFF, 0xFF, 0xFF, 0xF8, 0x0F, 0xFF, 0xFF, 0xFF, 0xC0, 0x7F, 0xFF,
  0xFF, 0xFE, 0x03, 0xFF, 0xFF, 0xFF, 0xF0, 0x1F, 0xFF, 0xFF, 0xFF, 0x80, 0xFF, 0xFF, 0xFF, 0xFC,
  0x07, 0xF0, 0x00, 0x1F, 0xE0, 0x3F, 0x80, 0x00, 0xFF, 0x01, 0xFC, 0x00, 0x07, 0xF8, 0x0F, 0xE0,
  0x00, 0x3F, 0xC0, 0x7F, 0x00, 0x01, 0xFE, 0x03, 0xF8, 0x00, 0x0F, 0xF0, 0x1F, 0xC0, 0x00, 0x7F,
  0x80, 0xFE, 0x00, 0x03, 0xFC, 0x07, 0xF0, 0x00, 0x1F, 0xE0, 0x3F, 0x80, 0x00, 0xFF, 0x01, 0xFC,
  0x00, 0x07, 0xF8, 0x0F, 0xE0, 0x00, 0x3F, 0xC0, 0x7F, 0x00, 0x01, 0xFE, 0x03, 0xF8, 0x00, 0x0F,
  0xF0, 0x07, 0xF0, 0x00, 0x00, 0x07, 0xF0, 0x00, 0x00, 0x07, 0xF0, 0x00, 0x00, 0xFF, 0xFF, 0x80,
  0x00, 0xFF, 0xFF, 0x80, 0x00, 0xFF, 0xFF, 0x80, 0x00, 0xFF, 0xFF, 0x80, 0x00, 0x07, 0xF0, 0x00,
  0x00, 0x07, 0xF0, 0x08, 0x00, 0x07, 0xF0, 0xFF, 0x80, 0x07, 0xF3, 0xFF, 0xC0, 0x07, 0xF3, 0xFF,
  0xE0, 0x07, 0xF7, 0xFF, 0xF0, 0x07, 0xFF, 0xFF, 0xF0, 0x07, 0xFF, 0xFF, 0xF8, 0x07, 0xFC, 0x0F,
  0xF8, 0x07, 0xF8, 0x07, 0xF8, 0x07, 0xF8, 0x03, 0xF8, 0x07, 0xF8, 0x03, 0xF8, 0x07, 0xF0, 0x03,
  0xF8, 0x07, 0xF0, 0x03, 0xF8, 0x07, 0xF0, 0x03, 0xF8, 0x07, 0xF0, 0x03, 0xF8, 0x07, 0xF0, 0x03,
  0xF8, 0x07, 0xF0, 0x03, 0xF8, 0x07, 0xF0, 0x03, 0xF8, 0x07, 0xF0, 0x03, 0xF8, 0x07, 0xF0, 0x03,
  0xF8, 0x07, 0xF0, 0x03, 0xF8, 0x07, 0xF0, 0x03, 0xF8, 0x07, 0xF0, 0x03, 0xF8, 0x07, 0xF0, 0x03,
  0xF8, 0x07, 0xF0, 0x03, 0xF8, 0x07, 0xF0, 0x03, 0xF8, 0x07, 0xF0, 0x03, 0xF8, 0x1E, 0x0F, 0x1F,
  0xE3, 0xC7, 0xFF, 0xF3, 0xFF, 0xFC, 0xF3, 0xFE, 0x3C, 0x3F, 0x00, 0x00, 0x00, 0x00, 0x00, 0x00,
  0x00, 0x00, 0x00, 0x00, 0xFF, 0x00, 0x3F, 0xC0, 0x0F, 0xF0, 0x03, 0xFC, 0x00, 0xFF, 0x00, 0x3F,
  0xC0, 0x0F, 0xF0, 0x03, 0xFC, 0x00, 0xFF, 0x00, 0x3F, 0xC0, 0x0F, 0xF0, 0x03, 0xFC, 0x00, 0xFF,
  0x00, 0x3F, 0xC0, 0x0F, 0xF0, 0x03, 0xFC, 0x00, 0xFF, 0x00, 0x3F, 0xC0, 0x0F, 0xF0, 0x03, 0xFC,
  0x00, 0xFF, 0x00, 0x3F, 0xC0, 0x0F, 0xF0, 0x03, 0xFC, 0x00, 0xFF, 0x00, 0x3F, 0xC0, 0x0F, 0xF0,
  0x03, 0xFC, 0x00, 0xFF, 0x00, 0x3F, 0xC0, 0x0F, 0xF0, 0x03, 0xFC, 0x00, 0xFF, 0x00, 0x3F, 0xC0,
  0x0F, 0xF0, 0x00, 0x1E, 0x0F, 0x1F, 0xE3, 0xC7, 0xFF, 0xF3, 0xFF, 0xFC, 0xF1, 0xFE, 0x3C, 0x3F,
  0x00, 0x00, 0x00, 0x00, 0x00, 0x00, 0x00, 0x00, 0x00, 0x00, 0x7F, 0x00, 0x1F, 0xC0, 0x07, 0xF0,
  0x01, 0xFC, 0x00, 0x7F, 0x00, 0x1F, 0xC0, 0x07, 0xF0, 0x01, 0xFC, 0x00, 0x7F, 0x00, 0x1F, 0xC0,
  0x07, 0xF0, 0x01, 0xFC, 0x00, 0x7F, 0x00, 0x1F, 0xC0, 0x07, 0xF0, 0x01, 0xFC, 0x00, 0x7F, 0x00,
  0x1F, 0xC0, 0x07, 0xF0, 0x01, 0xFC, 0x00, 0x7F, 0x00, 0x1F, 0xC0, 0x07, 0xF0, 0x01, 0xFC, 0x00,
  0x7F, 0x00, 0x1F, 0xC0, 0xFF, 0xFF, 0x3F, 0xFF, 0xCF, 0xFF, 0xF3, 0xFF, 0xFC, 0x00, 0x00, 0x00,
  0x00, 0x00, 0x00, 0x00, 0x00, 0x00, 0x00, 0x00, 0x03, 0xFC, 0x00, 0xFF, 0x00, 0x3F, 0xC0, 0x0F,
  0xF0, 0x03, 0xFC, 0x00, 0xFF, 0x00, 0x3F, 0xC0, 0x0F, 0xF0, 0x03, 0xFC, 0x00, 0xFF, 0x00, 0x3F,
  0xC0, 0x0F, 0xF0, 0x03, 0xFC, 0x00, 0xFF, 0x00, 0x3F, 0xC0, 0x0F, 0xF0, 0x03, 0xFC, 0x00, 0xFF,
  0x00, 0x3F, 0xC0, 0x0F, 0xF0, 0x03, 0xFC, 0x00, 0xFF, 0x00, 0x3F, 0xC0, 0x0F, 0xF0, 0x03, 0xFC,
  0x00, 0xFF, 0x00, 0x3F, 0xC0, 0x0F, 0xF0, 0x03, 0xFC, 0x00, 0xFF, 0x00, 0x3F, 0xC0, 0x0F, 0xF0,
  0x03, 0xFC, 0x00, 0xFF, 0x00, 0x3F, 0xC0, 0xFF, 0xFF, 0xBF, 0xFF, 0xEF, 0xFF, 0xFB, 0xFF, 0xFE,
  0x00, 0x00, 0x00, 0x00, 0x00, 0x00, 0x00, 0x00, 0x00, 0x00, 0x00, 0x01, 0xFC, 0x00, 0x7F, 0x00,
  0x1F, 0xC0, 0x07, 0xF0, 0x01, 0xFC, 0x00, 0x7F, 0x00, 0x1F, 0xC0, 0x07, 0xF0, 0x01, 0xFC, 0x00,
  0x7F, 0x00, 0x1F, 0xC0, 0x07, 0xF0, 0x01, 0xFC, 0x00, 0x7F, 0x00, 0x1F, 0xC0, 0x07, 0xF0, 0x01,
  0xFC, 0x00, 0x7F, 0x00, 0x1F, 0xC0, 0x07, 0xF0, 0x01, 0xFC, 0x00, 0x7F, 0x00, 0x1F, 0xC0, 0x07,
  0xF0, 0x01, 0xFC, 0x00, 0x7F, 0x00, 0xF8, 0x1F, 0x3E, 0x07, 0xCF, 0xC3, 0xF1, 0xFF, 0xF8, 0x7F,
  0xFC, 0x07, 0xFE, 0x00, 0x7E, 0x00, 0x00, 0x00, 0x00, 0x00, 0x00, 0x00, 0x00, 0xFF, 0x00, 0x3F,
  0xC0, 0x0F, 0xF0, 0x03, 0xFC, 0x00, 0xFF, 0x00, 0x3F, 0xC0, 0x0F, 0xF0, 0x03, 0xFC, 0x00, 0xFF,
  0x00, 0x3F, 0xC0, 0x0F, 0xF0, 0x03, 0xFC, 0x00, 0xFF, 0x00, 0x3F, 0xC0, 0x0F, 0xF0, 0x03, 0xFC,
  0x00, 0xFF, 0x00, 0x3F, 0xC0, 0x0F, 0xF0, 0x03, 0xFC, 0x00, 0xFF, 0x00, 0x3F, 0xC0, 0x0F, 0xF0,
  0x03, 0xFC, 0x00, 0xFF, 0x00, 0x3F, 0xC0, 0x0F, 0xF0, 0x03, 0xFC, 0x00, 0xFF, 0x00, 0x3F, 0xC0,
  0x0F, 0xF0, 0x03, 0xFC, 0x00, 0xFF, 0x00, 0x3F, 0xC0, 0x0F, 0xF0, 0x00, 0x00, 0x00, 0xF8, 0x0F,
  0xBF, 0x03, 0xE7, 0xE1, 0xF9, 0xFF, 0xFC, 0x3F, 0xFE, 0x07, 0xFF, 0x00, 0x3F, 0x00, 0x00, 0x00,
  0x00, 0x00, 0x00, 0x00, 0x00, 0x7F, 0x00, 0x1F, 0xC0, 0x07, 0xF0, 0x01, 0xFC, 0x00, 0x7F, 0x00,
  0x1F, 0xC0, 0x07, 0xF0, 0x01, 0xFC, 0x00, 0x7F, 0x00, 0x1F, 0xC0, 0x07, 0xF0, 0x01, 0xFC, 0x00,
  0x7F, 0x00, 0x1F, 0xC0, 0x07, 0xF0, 0x01, 0xFC, 0x00, 0x7F, 0x00, 0x1F, 0xC0, 0x07, 0xF0, 0x01,
  0xFC, 0x00, 0x7F, 0x00, 0x1F, 0xC0, 0x07, 0xF0, 0x01, 0xFC, 0x00, 0x7F, 0x00, 0x1F, 0xC0, 0x00,
  0x00, 0x00, 0x3F, 0xC3, 0xFC, 0x3F, 0xC3, 0xFC, 0x3F, 0xC3, 0xFC, 0x3F, 0xC3, 0xFC, 0x3F, 0xC3,
  0xFC, 0x3F, 0xC3, 0xFC, 0x3F, 0xC3, 0xFC, 0x3F, 0xC3, 0xFC, 0x3F, 0xC3, 0xFC, 0x3F, 0xC3, 0xFC,
  0x3F, 0xC3, 0xFC, 0x3F, 0xC3, 0xFC, 0x3F, 0xC3, 0xFC, 0x3F, 0xC3, 0xFC, 0x3F, 0xC3, 0xFC, 0x3F,
  0xC3, 0xFC, 0x3F, 0xC3, 0xFC, 0x3F, 0xC7, 0xF8, 0x7E, 0x07, 0xC0, 0xFC, 0x0F, 0xC0, 0x7F, 0xC7,
  0xFC, 0x7F, 0xC3, 0xFC, 0x0F, 0x00, 0x0E, 0x00, 0x7E, 0x03, 0xF8, 0x0F, 0xF0, 0x3F, 0x80, 0xFE,
  0x01, 0xF0, 0x00, 0x00, 0x00, 0x00, 0x00, 0x00, 0x00, 0x0F, 0xE0, 0x3F, 0x80, 0xFE, 0x03, 0xF8,
  0x0F, 0xE0, 0x3F, 0x80, 0xFE, 0x03, 0xF8, 0x0F, 0xE0, 0x3F, 0x80, 0xFE, 0x03, 0xF8, 0x0F, 0xE0,
  0x3F, 0x80, 0xFE, 0x03, 0xF8, 0x0F, 0xE0, 0x3F, 0x80, 0xFE, 0x03, 0xF8, 0x0F, 0xE0, 0x3F, 0x80,
  0xFE, 0x03, 0xF8, 0x0F, 0xE0, 0x3F, 0x81, 0xFC, 0x07, 0xE0, 0x3F, 0x00, 0xFC, 0x03, 0xF0, 0x0F,
  0xF8, 0x1F, 0xE0, 0x7F, 0xC0, 0xFF, 0x00, 0xF0, 0x00, 0x0F, 0x01, 0xF8, 0x3F, 0xC3, 0xFC, 0x3F,
  0xC3, 0xF8, 0x1F, 0x80, 0x00, 0x00, 0x00, 0x00, 0x00, 0x03, 0xFC, 0x3F, 0xC3, 0xFC, 0x3F, 0xC3,
  0xFC, 0x3F, 0xC3, 0xFC, 0x3F, 0xC3, 0xFC, 0x3F, 0xC3, 0xFC, 0x3F, 0xC3, 0xFC, 0x3F, 0xC3, 0xFC,
  0x3F, 0xC3, 0xFC, 0x3F, 0xC3, 0xFC, 0x3F, 0xC3, 0xFC, 0x3F, 0xC3, 0xFC, 0x3F, 0xC3, 0xFC, 0x3F,
  0xC3, 0xFC, 0x3F, 0xC3, 0xFC, 0x3F, 0xC3, 0xFC, 0x3F, 0xC3, 0xFC, 0x3F, 0xC3, 0xFC, 0x3F, 0x83,
  0xF8, 0x3F, 0x83, 0xF8, 0x3F, 0x83, 0xF8, 0x3F, 0x83, 0xF8, 0x3F, 0x83, 0xF8, 0x3F, 0x83, 0xF8,
  0x3F, 0x83, 0xF8, 0x3F, 0x83, 0xF8, 0x3F, 0x83, 0xF8, 0x3F, 0x83, 0xF8, 0x3F, 0x83, 0xF8, 0x3F,
  0x83, 0xF8, 0x3F, 0x83, 0xF8, 0x00, 0x00, 0x3F, 0xC0, 0x00, 0x0F, 0xE0, 0xFF, 0x00, 0x00, 0x3F,
  0x83, 0xFC, 0x00, 0x00, 0xFE, 0x0F, 0xF0, 0x00, 0x03, 0xF8, 0x3F, 0xC0, 0x00, 0x0F, 0xE0, 0xFF,
  0x00, 0x00, 0x3F, 0x83, 0xFC, 0x00, 0x00, 0xFE, 0x0F, 0xF0, 0x00, 0x03, 0xF8, 0x3F, 0xC0, 0x00,
  0x0F, 0xE0, 0xFF, 0x00, 0x00, 0x3F, 0x83, 0xFC, 0x00, 0x00, 0xFE, 0x0F, 0xF0, 0x00, 0x03, 0xF8,
  0x3F, 0xC0, 0x00, 0x0F, 0xE0, 0xFF, 0x00, 0x00, 0x3F, 0x83, 0xFC, 0x00, 0x00, 0xFE, 0x0F, 0xF0,
  0x00, 0x03, 0xF8, 0x3F, 0xC0, 0x00, 0x0F, 0xE0, 0xFF, 0x00, 0x00, 0x3F, 0x83, 0xFC, 0x00, 0x00,
  0xFE, 0x0F, 0xF0, 0x00, 0x03, 0xF8, 0x3F, 0xC0, 0x00, 0x0F, 0xE0, 0xFF, 0x00, 0x00, 0x3F, 0x83,
  0xFC, 0x00, 0x00, 0xFE, 0x0F, 0xF0, 0x00, 0x03, 0xF8, 0x3F, 0xC0, 0x00, 0x0F, 0xE0, 0xFF, 0x3F,
  0xC0, 0x3F, 0x83, 0xFC, 0xFF, 0x00, 0xFE, 0x0F, 0xF3, 0xFC, 0x07, 0xF8, 0x3F, 0xC7, 0xF8, 0x1F,
  0xE0, 0xFF, 0x1F, 0xFB, 0xFF, 0x03, 0xFC, 0x7F, 0xFF, 0xFC, 0x0F, 0xF0, 0xFF, 0xFF, 0xE0, 0x3F,
  0xC1, 0xFF, 0xFF, 0x00, 0xFF, 0x03, 0xFF, 0xF8, 0x03, 0xFC, 0x03, 0xFF, 0x80, 0x00, 0x00, 0x00,
  0x00, 0x00, 0x0F, 0x01, 0xE0, 0x3F, 0x07, 0xE0, 0xFE, 0x0F, 0xE1, 0xFE, 0x3F, 0xC3, 0xFC, 0x7F,
  0x87, 0xF0, 0x7F, 0x07, 0xC0, 0x7C, 0x00, 0x00, 0x00, 0x00, 0x00, 0x00, 0x00, 0x00, 0x00, 0x00,
  0x00, 0x01, 0xFC, 0x1F, 0xC3, 0xF8, 0x3F, 0x87, 0xF0, 0x7F, 0x0F, 0xE0, 0xFE, 0x1F, 0xC1, 0xFC,
  0x3F, 0x83, 0xF8, 0x7F, 0x07, 0xF0, 0xFE, 0x0F, 0xE1, 0xFC, 0x1F, 0xC3, 0xF8, 0x3F, 0x87, 0xF0,
  0x7F, 0x0F, 0xE0, 0xFE, 0x1F, 0xC1, 0xFC, 0x3F, 0x83, 0xF8, 0x7F, 0x07, 0xF0, 0xFE, 0x0F, 0xE1,
  0xFC, 0x1F, 0xC3, 0xF8, 0x3F, 0x87, 0xF0, 0x7F, 0x0F, 0xE0, 0xFE, 0x1F, 0xC1, 0xFC, 0x3F, 0x83,
  0xF8, 0x7F, 0x07, 0xF0, 0xFE, 0x0F, 0xE1, 0xFC, 0x1F, 0xC3, 0xF8, 0x3F, 0x80, 0x00, 0x7F, 0x00,
  0x00, 0xFE, 0x00, 0x03, 0xFC, 0x00, 0x07, 0xF8, 0x00, 0xFF, 0xE0, 0x01, 0xFF, 0xC0, 0x03, 0xFF,
  0x00, 0x07, 0xFE, 0x00, 0x0F, 0xF0, 0x00, 0x1F, 0x00, 0x00, 0x00, 0x00, 0x7E, 0x00, 0x00, 0x03,
  0xFC, 0x00, 0x00, 0x1F, 0xF8, 0x00, 0x00, 0xFF, 0xF0, 0x00, 0x07, 0xEF, 0xC0, 0x00, 0x3F, 0x1F,
  0x80, 0x01, 0xFC, 0x3F, 0x00, 0x0F, 0xE0, 0x7E, 0x00, 0x00, 0x00, 0x00, 0x00, 0x00, 0x00, 0x00,
  0x00, 0x00, 0x00, 0x00, 0x00, 0x3F, 0xC0, 0x00, 0x00, 0xFF, 0x00, 0x00, 0x03, 0xFC, 0x00, 0x00,
  0x0F, 0xF0, 0x00, 0x00, 0x3F, 0xC0, 0x00, 0x00, 0xFF, 0x00, 0x00, 0x03, 0xFC, 0x00, 0x00, 0x0F,
  0xF0, 0x00, 0x00, 0x3F, 0xC0, 0x00, 0x00, 0xFF, 0x00, 0x00, 0x03, 0xFC, 0x00, 0x00, 0x0F, 0xF0,
  0x00, 0x00, 0x3F, 0xC0, 0x00, 0x00, 0xFF, 0x00, 0x00, 0x03, 0xFC, 0x00, 0x00, 0x0F, 0xF0, 0x00,
  0x00, 0x3F, 0xC0, 0x00, 0x00, 0xFF, 0x00, 0x00, 0x03, 0xFC, 0x00, 0x00, 0x0F, 0xF0, 0x00, 0x00,
  0x3F, 0xC0, 0x00, 0x00, 0xFF, 0x00, 0x00, 0x03, 0xFC, 0x00, 0x00, 0x0F, 0xF0, 0x00, 0x00, 0x3F,
  0xC0, 0xFF, 0x00, 0xFE, 0x03, 0xFC, 0x03, 0xF8, 0x07, 0xF0, 0x0F, 0xE0, 0x1F, 0xE0, 0x7F, 0x80,
  0x7F, 0xE7, 0xFC, 0x00, 0xFF, 0xFF, 0xF0, 0x03, 0xFF, 0xFF, 0x80, 0x07, 0xFF, 0xFC, 0x00, 0x07,
  0xFF, 0xE0, 0x00, 0x07, 0xFE, 0x00, 0x00, 0x00, 0x00, 0x00, 0x00, 0x03, 0xF8, 0x00, 0x3F, 0xC0,
  0x07, 0xFE, 0x00, 0xFF, 0xF0, 0x1F, 0x9F, 0x83, 0xF1, 0xFC, 0x7E, 0x0F, 0xCF, 0xC0, 0x7E, 0x00,
  0x00, 0x00, 0x00, 0x00, 0x00, 0x00, 0x00, 0x3F, 0x80, 0x03, 0xF8, 0x00, 0x3F, 0x80, 0x03, 0xF8,
  0x00, 0x3F, 0x80, 0x03, 0xF8, 0x00, 0x3F, 0x80, 0x03, 0xF8, 0x00, 0x3F, 0x80, 0x03, 0xF8, 0x00,
  0x3F, 0x80, 0x03, 0xF8, 0x00, 0x3F, 0x80, 0x03, 0xF8, 0x00, 0x3F, 0x80, 0x03, 0xF8, 0x00, 0x3F,
  0x80, 0x03, 0xF8, 0x00, 0x3F, 0x80, 0x03, 0xF8, 0x00, 0x3F, 0x80, 0x03, 0xF8, 0x00, 0x3F, 0x80,
  0x03, 0xF8, 0x00, 0x3F, 0x80, 0x03, 0xF8, 0x00, 0x3F, 0x80, 0x03, 0xF8, 0x00, 0x3F, 0x80, 0x07,
  0xF8, 0x03, 0xFF, 0x80, 0x3F, 0xF8, 0x03, 0xFF, 0x00, 0x3F, 0xE0, 0x03, 0xFC, 0x00, 0x3E, 0x00,
  0x00, 0x00, 0x00, 0x3F, 0xC0, 0x03, 0xFE, 0x3F, 0xC0, 0x07, 0xFC, 0x3F, 0xC0, 0x07, 0xFC, 0x3F,
  0xC0, 0x0F, 0xF8, 0x3F, 0xC0, 0x1F, 0xF0, 0x3F, 0xC0, 0x3F, 0xE0, 0x3F, 0xC0, 0x7F, 0xC0, 0x3F,
  0xC0, 0x7F, 0x80, 0x3F, 0xC0, 0xFF, 0x80, 0x3F, 0xC1, 0xFF, 0x00, 0x3F, 0xC3, 0xFE, 0x00, 0x3F,
  0xC7, 0xFC, 0x00, 0x3F, 0xCF, 0xF8, 0x00, 0x3F, 0xCF, 0xF0, 0x00, 0x3F, 0xDF, 0xF0, 0x00, 0x3F,
  0xFF, 0xE0, 0x00, 0x3F, 0xFF, 0xE0, 0x00, 0x3F, 0xFF, 0xF0, 0x00, 0x3F, 0xFF, 0xF0, 0x00, 0x3F,
  0xFF, 0xF8, 0x00, 0x3F, 0xFF, 0xFC, 0x00, 0x3F, 0xFB, 0xFC, 0x00, 0x3F, 0xF3, 0xFE, 0x00, 0x3F,
  0xE1, 0xFF, 0x00, 0x3F, 0xC0, 0xFF, 0x80, 0x3F, 0xC0, 0xFF, 0x80, 0x3F, 0xC0, 0x7F, 0xC0, 0x3F,
  0xC0, 0x3F, 0xE0, 0x3F, 0xC0, 0x3F, 0xE0, 0x3F, 0xC0, 0x1F, 0xF0, 0x3F, 0xC0, 0x0F, 0xF8, 0x3F,
  0xC0, 0x0F, 0xF8, 0x3F, 0xC0, 0x07, 0xFC, 0x3F, 0xC0, 0x03, 0xFE, 0x3F, 0xC0, 0x03, 0xFF, 0x00,
  0x00, 0x00, 0x00, 0x00, 0x00, 0x00, 0x00, 0x00, 0x00, 0x00, 0x00, 0x00, 0x0F, 0xE0, 0x00, 0x00,
  0x0F, 0xC0, 0x00, 0x00, 0x0F, 0xC0, 0x00, 0x00, 0x1F, 0x80, 0x00, 0x00, 0x1F, 0x80, 0x00, 0x00,
  0x1F, 0x80, 0x00, 0x00, 0x1F, 0x00, 0x00, 0x00, 0x3F, 0x00, 0x00, 0x00, 0x00, 0x00, 0x00, 0x3F,
  0x80, 0x00, 0x07, 0xF0, 0x00, 0x00, 0xFE, 0x00, 0x00, 0x1F, 0xC0, 0x00, 0x03, 0xF8, 0x00, 0x00,
  0x7F, 0x00, 0x00, 0x0F, 0xE0, 0x00, 0x01, 0xFC, 0x00, 0x00, 0x3F, 0x80, 0x00, 0x07, 0xF0, 0x07,
  0xF8, 0xFE, 0x01, 0xFE, 0x1F, 0xC0, 0x7F, 0x83, 0xF8, 0x1F, 0xE0, 0x7F, 0x07, 0xF8, 0x0F, 0xE1,
  0xFF, 0x01, 0xFC, 0x7F, 0xC0, 0x3F, 0x8F, 0xF0, 0x07, 0xF3, 0xFC, 0x00, 0xFE, 0xFF, 0x00, 0x1F,
  0xFF, 0xC0, 0x03, 0xFF, 0xF8, 0x00, 0x7F, 0xFF, 0x80, 0x0F, 0xFF, 0xF0, 0x01, 0xFF, 0xFF, 0x00,
  0x3F, 0xFF, 0xF0, 0x07, 0xF9, 0xFE, 0x00, 0xFF, 0x1F, 0xE0, 0x1F, 0xC3, 0xFE, 0x03, 0xF8, 0x3F,
  0xE0, 0x7F, 0x03, 0xFC, 0x0F, 0xE0, 0x7F, 0xC1, 0xFC, 0x07, 0xFC, 0x3F, 0x80, 0x7F, 0x87, 0xF0,
  0x0F, 0xF8, 0xFE, 0x00, 0xFF, 0x80, 0x00, 0x00, 0x00, 0x00, 0x00, 0x00, 0x00, 0x00, 0x00, 0x00,
  0x0F, 0xE0, 0x00, 0x01, 0xF8, 0x00, 0x00, 0x7F, 0x00, 0x00, 0x0F, 0xC0, 0x00, 0x01, 0xF8, 0x00,
  0x00, 0x3E, 0x00, 0x00, 0x0F, 0xC0, 0x00, 0x01, 0xF0, 0x00, 0x00, 0x00, 0x00, 0x00, 0x1F, 0xC0,
  0x1F, 0xF0, 0x7F, 0x00, 0xFF, 0x81, 0xFC, 0x07, 0xFC, 0x07, 0xF0, 0x1F, 0xF0, 0x1F, 0xC0, 0xFF,
  0x80, 0x7F, 0x07, 0xFC, 0x01, 0xFC, 0x3F, 0xE0, 0x07, 0xF0, 0xFF, 0x80, 0x1F, 0xC7, 0xFC, 0x00,
  0x7F, 0xFF, 0xE0, 0x01, 0xFF, 0xFF, 0x00, 0x07, 0xFF, 0xFC, 0x00, 0x1F, 0xFF, 0xE0, 0x00, 0x7F,
  0xFF, 0x80, 0x01, 0xFF, 0xFF, 0x00, 0x07, 0xFF, 0xFC, 0x00, 0x1F, 0xC7, 0xF8, 0x00, 0x7F, 0x1F,
  0xF0, 0x01, 0xFC, 0x3F, 0xE0, 0x07, 0xF0, 0x7F, 0x80, 0x1F, 0xC1, 0xFF, 0x00, 0x7F, 0x03, 0xFE,
  0x01, 0xFC, 0x07, 0xF8, 0x07, 0xF0, 0x1F, 0xF0, 0x1F, 0xC0, 0x3F, 0xE0, 0x7F, 0x00, 0xFF, 0xC0,
  0x00, 0x00, 0x00, 0x00, 0x03, 0xF8, 0x00, 0x00, 0xFC, 0x00, 0x00, 0x7F, 0x00, 0x00, 0x1F, 0x80,
  0x00, 0x07, 0xC0, 0x00, 0x03, 0xF0, 0x00, 0x00, 0xF8, 0x00, 0x00, 0x7C, 0x00, 0x00, 0x00, 0x00,
  0x00, 0x00, 0x00, 0x00, 0x00, 0x00, 0x00, 0x00, 0xFF, 0x00, 0x00, 0x3F, 0xC0, 0x00, 0x0F, 0xF0,
  0x00, 0x03, 0xFC, 0x00, 0x00, 0xFF, 0x00, 0x00, 0x3F, 0xC0, 0x00, 0x0F, 0xF0, 0x00, 0x03, 0xFC,
  0x00, 0x00, 0xFF, 0x00, 0x00, 0x3F, 0xC0, 0x00, 0x0F, 0xF0, 0x00, 0x03, 0xFC, 0x00, 0x00, 0xFF,
  0x00, 0x00, 0x3F, 0xC0, 0x00, 0x0F, 0xF0, 0x00, 0x03, 0xFC, 0x00, 0x00, 0xFF, 0x00, 0x00, 0x3F,
  0xC0, 0x00, 0x0F, 0xF0, 0x00, 0x03, 0xFC, 0x00, 0x00, 0xFF, 0x00, 0x00, 0x3F, 0xC0, 0x00, 0x0F,
  0xF0, 0x00, 0x03, 0xFC, 0x00, 0x00, 0xFF, 0x00, 0x00, 0x3F, 0xC0, 0x00, 0x0F, 0xF0, 0x00, 0x03,
  0xFC, 0x00, 0x00, 0xFF, 0x00, 0x00, 0x3F, 0xFF, 0xFF, 0x8F, 0xFF, 0xFF, 0xE3, 0xFF, 0xFF, 0xF8,
  0xFF, 0xFF, 0xFE, 0x3F, 0xFF, 0xFF, 0x8F, 0xFF, 0xFF, 0xE0, 0x03, 0xF8, 0x1F, 0x81, 0xFC, 0x0F,
  0xC0, 0xFC, 0x07, 0xC0, 0x3E, 0x03, 0xE0, 0x00, 0x00, 0x00, 0x00, 0x00, 0x7F, 0x03, 0xF8, 0x1F,
  0xC0, 0xFE, 0x07, 0xF0, 0x3F, 0x81, 0xFC, 0x0F, 0xE0, 0x7F, 0x03, 0xF8, 0x1F, 0xC0, 0xFE, 0x07,
  0xF0, 0x3F, 0x81, 0xFC, 0x0F, 0xE0, 0x7F, 0x03, 0xF8, 0x1F, 0xC0, 0xFE, 0x07, 0xF0, 0x3F, 0x81,
  0xFC, 0x0F, 0xE0, 0x7F, 0x03, 0xF8, 0x1F, 0xC0, 0xFE, 0x07, 0xF0, 0x3F, 0x81, 0xFC, 0x0F, 0xE0,
  0x7F, 0x03, 0xF8, 0x1F, 0xC0, 0x3F, 0xC0, 0x00, 0x0F, 0xF0, 0x00, 0x03, 0xFC, 0x00, 0x00, 0xFF,
  0x00, 0x00, 0x3F, 0xC0, 0x00, 0x0F, 0xF0, 0x00, 0x03, 0xFC, 0x00, 0x00, 0xFF, 0x00, 0x00, 0x3F,
  0xC0, 0x00, 0x0F, 0xF0, 0x00, 0x03, 0xFC, 0x00, 0x00, 0xFF, 0x00, 0x00, 0x3F, 0xC0, 0x00, 0x0F,
  0xF0, 0x00, 0x03, 0xFC, 0x00, 0x00, 0xFF, 0x00, 0x00, 0x3F, 0xC0, 0x00, 0x0F, 0xF0, 0x00, 0x03,
  0xFC, 0x00, 0x00, 0xFF, 0x00, 0x00, 0x3F, 0xC0, 0x00, 0x0F, 0xF0, 0x00, 0x03, 0xFC, 0x00, 0x00,
  0xFF, 0x00, 0x00, 0x3F, 0xC0, 0x00, 0x0F, 0xF0, 0x00, 0x03, 0xFC, 0x00, 0x00, 0xFF, 0x00, 0x00,
  0x3F, 0xC0, 0x00, 0x0F, 0xFF, 0xFF, 0xE3, 0xFF, 0xFF, 0xF8, 0xFF, 0xFF, 0xFE, 0x3F, 0xFF, 0xFF,
  0x8F, 0xFF, 0xFF, 0xE3, 0xFF, 0xFF, 0xF8, 0x00, 0x00, 0x00, 0x00, 0x00, 0x00, 0x00, 0x00, 0x00,
  0x00, 0x03, 0xF8, 0x00, 0x00, 0xFC, 0x00, 0x00, 0x7F, 0x00, 0x00, 0x1F, 0x80, 0x00, 0x07, 0xE0,
  0x00, 0x01, 0xF0, 0x00, 0x00, 0xFC, 0x00, 0x00, 0x3E, 0x00, 0x00, 0x00, 0x00, 0x00, 0x3F, 0x83,
  0xF8, 0x3F, 0x83, 0xF8, 0x3F, 0x83, 0xF8, 0x3F, 0x83, 0xF8, 0x3F, 0x83, 0xF8, 0x3F, 0x83, 0xF8,
  0x3F, 0x83, 0xF8, 0x3F, 0x83, 0xF8, 0x3F, 0x83, 0xF8, 0x3F, 0x83, 0xF8, 0x3F, 0x83, 0xF8, 0x3F,
  0x83, 0xF8, 0x3F, 0x83, 0xF8, 0x3F, 0x83, 0xF8, 0x3F, 0x83, 0xF8, 0x3F, 0x83, 0xF8, 0x3F, 0x83,
  0xF8, 0x3F, 0x80, 0x00, 0x00, 0x00, 0x00, 0x3F, 0x83, 0xF0, 0x3F, 0x07, 0xE0, 0x7E, 0x07, 0xE0,
  0x7C, 0x0F, 0xC0, 0x00, 0x00, 0x00, 0x01, 0xF0, 0x00, 0x00, 0x7C, 0x03, 0xFC, 0x1F, 0x00, 0xFF,
  0x07, 0xC0, 0x3F, 0xC1, 0xF0, 0x0F, 0xF0, 0x7C, 0x03, 0xFC, 0x1F, 0x00, 0xFF, 0x07, 0x80, 0x3F,
  0xC1, 0xE0, 0x0F, 0xF0, 0x00, 0x03, 0xFC, 0x00, 0x00, 0xFF, 0x00, 0x00, 0x3F, 0xC0, 0x00, 0x0F,
  0xF0, 0x00, 0x03, 0xFC, 0x00, 0x00, 0xFF, 0x00, 0x00, 0x3F, 0xC0, 0x00, 0x0F, 0xF0, 0x00, 0x03,
  0xFC, 0x00, 0x00, 0xFF, 0x00, 0x00, 0x3F, 0xC0, 0x00, 0x0F, 0xF0, 0x00, 0x03, 0xFC, 0x00, 0x00,
  0xFF, 0x00, 0x00, 0x3F, 0xC0, 0x00, 0x0F, 0xF0, 0x00, 0x03, 0xFC, 0x00, 0x00, 0xFF, 0x00, 0x00,
  0x3F, 0xC0, 0x00, 0x0F, 0xF0, 0x00, 0x03, 0xFC, 0x00, 0x00, 0xFF, 0xFF, 0xFE, 0x3F, 0xFF, 0xFF,
  0x8F, 0xFF, 0xFF, 0xE3, 0xFF, 0xFF, 0xF8, 0xFF, 0xFF, 0xFE, 0x3F, 0xFF, 0xFF, 0x80, 0x00, 0x0F,
  0xC0, 0x03, 0xF3, 0xF8, 0xFC, 0xFE, 0x3E, 0x3F, 0x8F, 0x8F, 0xE3, 0xE3, 0xF8, 0xF8, 0xFE, 0x3E,
  0x3F, 0x8F, 0x8F, 0xE0, 0x03, 0xF8, 0x00, 0xFE, 0x00, 0x3F, 0x80, 0x0F, 0xE0, 0x03, 0xF8, 0x00,
  0xFE, 0x00, 0x3F, 0x80, 0x0F, 0xE0, 0x03, 0xF8, 0x00, 0xFE, 0x00, 0x3F, 0x80, 0x0F, 0xE0, 0x03,
  0xF8, 0x00, 0xFE, 0x00, 0x3F, 0x80, 0x0F, 0xE0, 0x03, 0xF8, 0x00, 0xFE, 0x00, 0x3F, 0x80, 0x0F,
  0xE0, 0x03, 0xF8, 0x00, 0xFE, 0x00, 0x3F, 0x80, 0x0F, 0xE0, 0x03, 0xF8, 0x00, 0xFE, 0x00, 0x3F,
  0x80, 0x00, 0x3F, 0xC0, 0x00, 0x0F, 0xF0, 0x00, 0x03, 0xFC, 0x00, 0x00, 0xFF, 0x00, 0x00, 0x3F,
  0xC0, 0x00, 0x0F, 0xF0, 0x00, 0x03, 0xFC, 0x00, 0x00, 0xFF, 0x00, 0x00, 0x3F, 0xC0, 0x00, 0x0F,
  0xF0, 0x00, 0x03, 0xFC, 0x1E, 0x00, 0xFF, 0x0F, 0xC0, 0x3F, 0xC7, 0xF8, 0x0F, 0xF1, 0xFE, 0x03,
  0xFC, 0x7F, 0x80, 0xFF, 0x1F, 0xC0, 0x3F, 0xC3, 0xE0, 0x0F, 0xF0, 0x00, 0x03, 0xFC, 0x00, 0x00,
  0xFF, 0x00, 0x00, 0x3F, 0xC0, 0x00, 0x0F, 0xF0, 0x00, 0x03, 0xFC, 0x00, 0x00, 0xFF, 0x00, 0x00,
  0x3F, 0xC0, 0x00, 0x0F, 0xF0, 0x00, 0x03, 0xFC, 0x00, 0x00, 0xFF, 0x00, 0x00, 0x3F, 0xC0, 0x00,
  0x0F, 0xFF, 0xFF, 0xE3, 0xFF, 0xFF, 0xF8, 0xFF, 0xFF, 0xFE, 0x3F, 0xFF, 0xFF, 0x8F, 0xFF, 0xFF,
  0xE3, 0xFF, 0xFF, 0xF8, 0x3F, 0xC0, 0x03, 0xFC, 0x00, 0x3F, 0xC0, 0x03, 0xFC, 0x00, 0x3F, 0xC0,
  0x03, 0xFC, 0x00, 0x3F, 0xC0, 0x03, 0xFC, 0x00, 0x3F, 0xC0, 0x03, 0xFC, 0x00, 0x3F, 0xC0, 0x03,
  0xFC, 0x00, 0x3F, 0xC3, 0x83, 0xFC, 0xFE, 0x3F, 0xCF, 0xE3, 0xFC, 0xFF, 0x3F, 0xCF, 0xE3, 0xFC,
  0xFE, 0x3F, 0xC7, 0xC3, 0xFC, 0x00, 0x3F, 0xC0, 0x03, 0xFC, 0x00, 0x3F, 0xC0, 0x03, 0xFC, 0x00,
  0x3F, 0xC0, 0x03, 0xFC, 0x00, 0x3F, 0xC0, 0x03, 0xFC, 0x00, 0x3F, 0xC0, 0x03, 0xFC, 0x00, 0x3F,
  0xC0, 0x03, 0xFC, 0x00, 0x3F, 0xC0, 0x03, 0xFC, 0x00, 0x3F, 0xC0, 0x00, 0x0F, 0xE0, 0x00, 0x00,
  0xFE, 0x00, 0x00, 0x0F, 0xE0, 0x00, 0x00, 0xFE, 0x00, 0x00, 0x0F, 0xE0, 0x00, 0x00, 0xFE, 0x00,
  0x00, 0x0F, 0xE0, 0x00, 0x00, 0xFE, 0x00, 0x00, 0x0F, 0xE0, 0x00, 0x00, 0xFE, 0x00, 0x00, 0x0F,
  0xE0, 0x00, 0x00, 0xFE, 0x00, 0x00, 0x0F, 0xE1, 0x00, 0x00, 0xFE, 0xF0, 0x00, 0x0F, 0xFF, 0x00,
  0x00, 0xFF, 0xF0, 0x00, 0x7F, 0xFF, 0x00, 0x0F, 0xFF, 0x00, 0x00, 0xFF, 0xE0, 0x00, 0x0F, 0xFE,
  0x00, 0x00, 0x8F, 0xE0, 0x00, 0x00, 0xFE, 0x00, 0x00, 0x0F, 0xE0, 0x00, 0x00, 0xFE, 0x00, 0x00,
  0x0F, 0xE0, 0x00, 0x00, 0xFE, 0x00, 0x00, 0x0F, 0xE0, 0x00, 0x00, 0xFE, 0x00, 0x00, 0x0F, 0xE0,
  0x00, 0x00, 0xFF, 0xFF, 0xFC, 0x0F, 0xFF, 0xFF, 0xC0, 0xFF, 0xFF, 0xFC, 0x0F, 0xFF, 0xFF, 0xC0,
  0xFF, 0xFF, 0xFC, 0x0F, 0xFF, 0xFF, 0xC0, 0x1F, 0xC0, 0x3F, 0x80, 0x7F, 0x00, 0xFE, 0x01, 0xFC,
  0x03, 0xF8, 0x07, 0xF0, 0x0F, 0xE0, 0x1F, 0xC0, 0x3F, 0x80, 0x7F, 0x00, 0xFE, 0x01, 0xFC, 0x43,
  0xFF, 0x87, 0xFF, 0x0F, 0xFE, 0xFF, 0xF9, 0xFF, 0x83, 0xFF, 0x07, 0xFE, 0x09, 0xFC, 0x03, 0xF8,
  0x07, 0xF0, 0x0F, 0xE0, 0x1F, 0xC0, 0x3F, 0x80, 0x7F, 0x00, 0xFE, 0x01, 0xFC, 0x03, 0xF8, 0x07,
  0xF0, 0x0F, 0xE0, 0x1F, 0xC0, 0x3F, 0x80, 0x7F, 0x00, 0x00, 0x00, 0x7F, 0x00, 0x00, 0x00, 0x1F,
  0x80, 0x00, 0x00, 0x0F, 0xE0, 0x00, 0x00, 0x03, 0xF0, 0x00, 0x00, 0x00, 0xF8, 0x00, 0x00, 0x00,
  0x7E, 0x00, 0x00, 0x00, 0x1F, 0x00, 0x00, 0x00, 0x0F, 0x80, 0x00, 0x00, 0x00, 0x00, 0x00, 0x00,
  0x00, 0x00, 0x00, 0x00, 0x00, 0x00, 0x00, 0x00, 0xFE, 0x00, 0x03, 0xF8, 0x3F, 0xC0, 0x00, 0xFE,
  0x0F, 0xF0, 0x00, 0x3F, 0x83, 0xFE, 0x00, 0x0F, 0xE0, 0xFF, 0xC0, 0x03, 0xF8, 0x3F, 0xF0, 0x00,
  0xFE, 0x0F, 0xFE, 0x00, 0x3F, 0x83, 0xFF, 0xC0, 0x0F, 0xE0, 0xFF, 0xF8, 0x03, 0xF8, 0x3F, 0xFE,
  0x00, 0xFE, 0x0F, 0xFF, 0xC0, 0x3F, 0x83, 0xFF, 0xF8, 0x0F, 0xE0, 0xFF, 0xFE, 0x03, 0xF8, 0x3F,
  0xFF, 0xC0, 0xFE, 0x0F, 0xF7, 0xF8, 0x3F, 0x83, 0xFC, 0xFE, 0x0F, 0xE0, 0xFF, 0x3F, 0xC3, 0xF8,
  0x3F, 0xC7, 0xF8, 0xFE, 0x0F, 0xF0, 0xFE, 0x3F, 0x83, 0xFC, 0x3F, 0xCF, 0xE0, 0xFF, 0x07, 0xFB,
  0xF8, 0x3F, 0xC0, 0xFE, 0xFE, 0x0F, 0xF0, 0x3F, 0xFF, 0x83, 0xFC, 0x07, 0xFF, 0xE0, 0xFF, 0x00,
  0xFF, 0xF8, 0x3F, 0xC0, 0x1F, 0xFE, 0x0F, 0xF0, 0x07, 0xFF, 0x83, 0xFC, 0x00, 0xFF, 0xE0, 0xFF,
  0x00, 0x1F, 0xF8, 0x3F, 0xC0, 0x07, 0xFE, 0x0F, 0xF0, 0x00, 0xFF, 0x83, 0xFC, 0x00, 0x1F, 0xE0,
  0xFF, 0x00, 0x07, 0xF8, 0x3F, 0xC0, 0x00, 0xFE, 0x0F, 0xF0, 0x00, 0x1F, 0x80, 0x00, 0x01, 0xF8,
  0x00, 0x00, 0x3F, 0x80, 0x00, 0x03, 0xF0, 0x00, 0x00, 0x7E, 0x00, 0x00, 0x07, 0xE0, 0x00, 0x00,
  0xFC, 0x00, 0x00, 0x0F, 0x80, 0x00, 0x00, 0xF8, 0x00, 0x00, 0x00, 0x00, 0x00, 0x00, 0x00, 0x00,
  0x00, 0x00, 0xC0, 0x03, 0xF8, 0x7F, 0xC0, 0x3F, 0x9F, 0xFE, 0x03, 0xF9, 0xFF, 0xF0, 0x3F, 0xBF,
  0xFF, 0x83, 0xFF, 0xFF, 0xF8, 0x3F, 0xFF, 0xFF, 0xC3, 0xFE, 0x07, 0xFC, 0x3F, 0xC0, 0x3F, 0xC3,
  0xFC, 0x01, 0xFC, 0x3F, 0xC0, 0x1F, 0xC3, 0xF8, 0x01, 0xFC, 0x3F, 0x80, 0x1F, 0xC3, 0xF8, 0x01,
  0xFC, 0x3F, 0x80, 0x1F, 0xC3, 0xF8, 0x01, 0xFC, 0x3F, 0x80, 0x1F, 0xC3, 0xF8, 0x01, 0xFC, 0x3F,
  0x80, 0x1F, 0xC3, 0xF8, 0x01, 0xFC, 0x3F, 0x80, 0x1F, 0xC3, 0xF8, 0x01, 0xFC, 0x3F, 0x80, 0x1F,
  0xC3, 0xF8, 0x01, 0xFC, 0x3F, 0x80, 0x1F, 0xC3, 0xF8, 0x01, 0xFC, 0x3F, 0x80, 0x1F, 0xC0, 0x3F,
  0x80, 0x00, 0xFE, 0x0F, 0xF0, 0x00, 0x3F, 0x83, 0xFC, 0x00, 0x0F, 0xE0, 0xFF, 0x80, 0x03, 0xF8,
  0x3F, 0xF0, 0x00, 0xFE, 0x0F, 0xFC, 0x00, 0x3F, 0x83, 0xFF, 0x80, 0x0F, 0xE0, 0xFF, 0xF0, 0x03,
  0xF8, 0x3F, 0xFE, 0x00, 0xFE, 0x0F, 0xFF, 0x80, 0x3F, 0x83, 0xFF, 0xF0, 0x0F, 0xE0, 0xFF, 0xFE,
  0x03, 0xF8, 0x3F, 0xFF, 0x80, 0xFE, 0x0F, 0xFF, 0xF0, 0x3F, 0x83, 0xFD, 0xFE, 0x0F, 0xE0, 0xFF,
  0x3F, 0x83, 0xF8, 0x3F, 0xCF, 0xF0, 0xFE, 0x0F, 0xF1, 0xFE, 0x3F, 0x83, 0xFC, 0x3F, 0x8F, 0xE0,
  0xFF, 0x0F, 0xF3, 0xF8, 0x3F, 0xC1, 0xFE, 0xFE, 0x0F, 0xF0, 0x3F, 0xBF, 0x83, 0xFC, 0x0F, 0xFF,
  0xE0, 0xFF, 0x01, 0xFF, 0xF8, 0x3F, 0xC0, 0x3F, 0xFE, 0x0F, 0xF0, 0x07, 0xFF, 0x83, 0xFC, 0x01,
  0xFF, 0xE0, 0xFF, 0x00, 0x3F, 0xF8, 0x3F, 0xC0, 0x07, 0xFE, 0x0F, 0xF0, 0x01, 0xFF, 0x83, 0xFC,
  0x00, 0x3F, 0xE0, 0xFF, 0x00, 0x07, 0xF8, 0x3F, 0xC0, 0x01, 0xFE, 0x0F, 0xF0, 0x00, 0x3F, 0x83,
  0xFC, 0x00, 0x07, 0xE0, 0x00, 0x00, 0x00, 0x00, 0x00, 0x00, 0x00, 0x00, 0x00, 0x00, 0x00, 0x00,
  0x00, 0x00, 0x7F, 0x00, 0x00, 0x00, 0x1F, 0xC0, 0x00, 0x00, 0x07, 0xE0, 0x00, 0x00, 0x01, 0xF8,
  0x00, 0x00, 0x00, 0xFC, 0x00, 0x00, 0x00, 0x3F, 0x00, 0x00, 0x00, 0x0F, 0x80, 0x00, 0x00, 0x07,
  0xE0, 0x00, 0x00, 0x00, 0x00, 0x00, 0x00, 0x00, 0x00, 0xC0, 0x03, 0xF8, 0x7F, 0xC0, 0x3F, 0x9F,
  0xFE, 0x03, 0xF9, 0xFF, 0xF0, 0x3F, 0xBF, 0xFF, 0x83, 0xFF, 0xFF, 0xF8, 0x3F, 0xFF, 0xFF, 0xC3,
  0xFE, 0x07, 0xFC, 0x3F, 0xC0, 0x3F, 0xC3, 0xFC, 0x01, 0xFC, 0x3F, 0xC0, 0x1F, 0xC3, 0xF8, 0x01,
  0xFC, 0x3F, 0x80, 0x1F, 0xC3, 0xF8, 0x01, 0xFC, 0x3F, 0x80, 0x1F, 0xC3, 0xF8, 0x01, 0xFC, 0x3F,
  0x80, 0x1F, 0xC3, 0xF8, 0x01, 0xFC, 0x3F, 0x80, 0x1F, 0xC3, 0xF8, 0x01, 0xFC, 0x3F, 0x80, 0x1F,
  0xC3, 0xF8, 0x01, 0xFC, 0x3F, 0x80, 0x1F, 0xC3, 0xF8, 0x01, 0xFC, 0x3F, 0x80, 0x1F, 0xC3, 0xF8,
  0x01, 0xFC, 0x3F, 0x80, 0x1F, 0xC0, 0x00, 0x00, 0x00, 0x00, 0x00, 0x00, 0x00, 0x00, 0x04, 0x00,
  0x00, 0x1F, 0x80, 0x00, 0x03, 0xF8, 0x00, 0x00, 0x3F, 0x00, 0x00, 0x03, 0xF0, 0x00, 0x00, 0x3E,
  0x00, 0x00, 0x07, 0xE0, 0x00, 0x00, 0x7E, 0x00, 0x00, 0x07, 0xC0, 0x00, 0x00, 0x00, 0x00, 0x00,
  0x01, 0xFC, 0x0F, 0xC0, 0x00, 0x3F, 0x87, 0xE0, 0x00, 0x07, 0xF3, 0xF0, 0x00, 0x00, 0xFD, 0xF8,
  0x00, 0x00, 0x1F, 0xFE, 0x00, 0x00, 0x03, 0xFF, 0x00, 0x00, 0x00, 0x7F, 0x80, 0x00, 0x00, 0x0F,
  0xC0, 0x00, 0x00, 0x00, 0x00, 0x00, 0x00, 0x00, 0x00, 0x00, 0x00, 0x00, 0x00, 0x00, 0x00, 0xFE,
  0x00, 0x03, 0xF8, 0x3F, 0xC0, 0x00, 0xFE, 0x0F, 0xF0, 0x00, 0x3F, 0x83, 0xFE, 0x00, 0x0F, 0xE0,
  0xFF, 0xC0, 0x03, 0xF8, 0x3F, 0xF0, 0x00, 0xFE, 0x0F, 0xFE, 0x00, 0x3F, 0x83, 0xFF, 0xC0, 0x0F,
  0xE0, 0xFF, 0xF8, 0x03, 0xF8, 0x3F, 0xFE, 0x00, 0xFE, 0x0F, 0xFF, 0xC0, 0x3F, 0x83, 0xFF, 0xF8,
  0x0F, 0xE0, 0xFF, 0xFE, 0x03, 0xF8, 0x3F, 0xFF, 0xC0, 0xFE, 0x0F, 0xF7, 0xF8, 0x3F, 0x83, 0xFC,
  0xFE, 0x0F, 0xE0, 0xFF, 0x3F, 0xC3, 0xF8, 0x3F, 0xC7, 0xF8, 0xFE, 0x0F, 0xF0, 0xFE, 0x3F, 0x83,
  0xFC, 0x3F, 0xCF, 0xE0, 0xFF, 0x07, 0xFB, 0xF8, 0x3F, 0xC0, 0xFE, 0xFE, 0x0F, 0xF0, 0x3F, 0xFF,
  0x83, 0xFC, 0x07, 0xFF, 0xE0, 0xFF, 0x00, 0xFF, 0xF8, 0x3F, 0xC0, 0x1F, 0xFE, 0x0F, 0xF0, 0x07,
  0xFF, 0x83, 0xFC, 0x00, 0xFF, 0xE0, 0xFF, 0x00, 0x1F, 0xF8, 0x3F, 0xC0, 0x07, 0xFE, 0x0F, 0xF0,
  0x00, 0xFF, 0x83, 0xFC, 0x00, 0x1F, 0xE0, 0xFF, 0x00, 0x07, 0xF8, 0x3F, 0xC0, 0x00, 0xFE, 0x0F,
  0xF0, 0x00, 0x1F, 0x80, 0x00, 0x00, 0x00, 0x00, 0x07, 0xE0, 0x7F, 0x00, 0x3F, 0x0F, 0xE0, 0x01,
  0xF9, 0xFC, 0x00, 0x0F, 0xDF, 0x80, 0x00, 0xFF, 0xF0, 0x00, 0x07, 0xFE, 0x00, 0x00, 0x3F, 0xC0,
  0x00, 0x01, 0xF8, 0x00, 0x00, 0x00, 0x00, 0x00, 0x00, 0x00, 0x00, 0x00, 0x00, 0xC0, 0x03, 0xF8,
  0x7F, 0xC0, 0x3F, 0x9F, 0xFE, 0x03, 0xF9, 0xFF, 0xF0, 0x3F, 0xBF, 0xFF, 0x83, 0xFF, 0xFF, 0xF8,
  0x3F, 0xFF, 0xFF, 0xC3, 0xFE, 0x07, 0xFC, 0x3F, 0xC0, 0x3F, 0xC3, 0xFC, 0x01, 0xFC, 0x3F, 0xC0,
  0x1F, 0xC3, 0xF8, 0x01, 0xFC, 0x3F, 0x80, 0x1F, 0xC3, 0xF8, 0x01, 0xFC, 0x3F, 0x80, 0x1F, 0xC3,
  0xF8, 0x01, 0xFC, 0x3F, 0x80, 0x1F, 0xC3, 0xF8, 0x01, 0xFC, 0x3F, 0x80, 0x1F, 0xC3, 0xF8, 0x01,
  0xFC, 0x3F, 0x80, 0x1F, 0xC3, 0xF8, 0x01, 0xFC, 0x3F, 0x80, 0x1F, 0xC3, 0xF8, 0x01, 0xFC, 0x3F,
  0x80, 0x1F, 0xC3, 0xF8, 0x01, 0xFC, 0x3F, 0x80, 0x1F, 0xC0, 0x00, 0x00, 0x00, 0x3F, 0xFF, 0xFC,
  0x3F, 0xFF, 0xFC, 0x3F, 0xFF, 0xFC, 0x38, 0x00, 0x1C, 0x38, 0x00, 0x1C, 0x38, 0x00, 0x1C, 0x38,
  0x00, 0x1C, 0x38, 0x00, 0x1C, 0x38, 0x00, 0x1C, 0x38, 0x00, 0x1C, 0x38, 0x00, 0x1C, 0x38, 0x00,
  0x1C, 0x38, 0x00, 0x1C, 0x38, 0x00, 0x1C, 0x38, 0x00, 0x1C, 0x38, 0x00, 0x1C, 0x38, 0x00, 0x1C,
  0x38, 0x00, 0x1C, 0x38, 0x00, 0x1C, 0x38, 0x00, 0x1C, 0x38, 0x00, 0x1C, 0x38, 0x00, 0x1C, 0x38,
  0x00, 0x1C, 0x38, 0x00, 0x1C, 0x38, 0x00, 0x1C, 0x38, 0x00, 0x1C, 0x38, 0x00, 0x1C, 0x38, 0x00,
  0x1C, 0x38, 0x00, 0x1C, 0x38, 0x00, 0x1C, 0x38, 0x00, 0x1C, 0x38, 0x00, 0x1C, 0x38, 0x00, 0x1C,
  0x38, 0x00, 0x1C, 0x38, 0x00, 0x1C, 0x38, 0x00, 0x1C, 0x38, 0x00, 0x1C, 0x38, 0x00, 0x1C, 0x38,
  0x00, 0x1C, 0x38, 0x00, 0x1C, 0x38, 0x00, 0x1C, 0x38, 0x00, 0x1C, 0x38, 0x00, 0x1C, 0x38, 0x00,
  0x1C, 0x38, 0x00, 0x1C, 0x38, 0x00, 0x1C, 0x38, 0x00, 0x1C, 0x38, 0x00, 0x1C, 0x38, 0x00, 0x1C,
  0x38, 0x00, 0x1C, 0x38, 0x00, 0x1C, 0x38, 0x00, 0x1C, 0x38, 0x00, 0x1C, 0x38, 0x00, 0x1C, 0x38,
  0x00, 0x1C, 0x38, 0x00, 0x1C, 0x3F, 0xFF, 0xFC, 0x3F, 0xFF, 0xFC, 0x3F, 0xFF, 0xFC, 0x3F, 0x80,
  0x00, 0xFE, 0x0F, 0xF0, 0x00, 0x3F, 0x83, 0xFC, 0x00, 0x0F, 0xE0, 0xFF, 0x80, 0x03, 0xF8, 0x3F,
  0xF0, 0x00, 0xFE, 0x0F, 0xFC, 0x00, 0x3F, 0x83, 0xFF, 0x80, 0x0F, 0xE0, 0xFF, 0xF0, 0x03, 0xF8,
  0x3F, 0xFE, 0x00, 0xFE, 0x0F, 0xFF, 0x80, 0x3F, 0x83, 0xFF, 0xF0, 0x0F, 0xE0, 0xFF, 0xFE, 0x03,
  0xF8, 0x3F, 0xFF, 0x80, 0xFE, 0x0F, 0xFF, 0xF0, 0x3F, 0x83, 0xFD, 0xFE, 0x0F, 0xE0, 0xFF, 0x3F,
  0x83, 0xF8, 0x3F, 0xCF, 0xF0, 0xFE, 0x0F, 0xF1, 0xFE, 0x3F, 0x83, 0xFC, 0x3F, 0x8F, 0xE0, 0xFF,
  0x0F, 0xF3, 0xF8, 0x3F, 0xC1, 0xFE, 0xFE, 0x0F, 0xF0, 0x3F, 0xBF, 0x83, 0xFC, 0x0F, 0xFF, 0xE0,
  0xFF, 0x01, 0xFF, 0xF8, 0x3F, 0xC0, 0x3F, 0xFE, 0x0F, 0xF0, 0x07, 0xFF, 0x83, 0xFC, 0x01, 0xFF,
  0xE0, 0xFF, 0x00, 0x3F, 0xF8, 0x3F, 0xC0, 0x07, 0xFE, 0x0F, 0xF0, 0x01, 0xFF, 0x83, 0xFC, 0x00,
  0x3F, 0xE0, 0xFF, 0x00, 0x07, 0xF8, 0x3F, 0xC0, 0x01, 0xFE, 0x0F, 0xF0, 0x00, 0x3F, 0x83, 0xFC,
  0x00, 0x07, 0xE0, 0x00, 0x00, 0x01, 0xF8, 0x00, 0x00, 0x00, 0x7E, 0x00, 0x00, 0x00, 0x1F, 0x80,
  0x00, 0x00, 0x0F, 0xE0, 0x00, 0x00, 0x87, 0xF8, 0x00, 0x00, 0x1F, 0xFE, 0x00, 0x00, 0x07, 0xFF,
  0x00, 0x00, 0x01, 0xFF, 0xC0, 0x00, 0x00, 0x7F, 0xC0, 0x00, 0x00, 0x1F, 0xE0, 0x00, 0x00, 0x00,
  0x00, 0x00, 0x00, 0x00, 0xC0, 0x03, 0xF8, 0x7F, 0xC0, 0x3F, 0x9F, 0xFE, 0x03, 0xF9, 0xFF, 0xF0,
  0x3F, 0xBF, 0xFF, 0x83, 0xFF, 0xFF, 0xF8, 0x3F, 0xFF, 0xFF, 0xC3, 0xFE, 0x07, 0xFC, 0x3F, 0xC0,
  0x3F, 0xC3, 0xFC, 0x01, 0xFC, 0x3F, 0xC0, 0x1F, 0xC3, 0xF8, 0x01, 0xFC, 0x3F, 0x80, 0x1F, 0xC3,
  0xF8, 0x01, 0xFC, 0x3F, 0x80, 0x1F, 0xC3, 0xF8, 0x01, 0xFC, 0x3F, 0x80, 0x1F, 0xC3, 0xF8, 0x01,
  0xFC, 0x3F, 0x80, 0x1F, 0xC3, 0xF8, 0x01, 0xFC, 0x3F, 0x80, 0x1F, 0xC3, 0xF8, 0x01, 0xFC, 0x3F,
  0x80, 0x1F, 0xC3, 0xF8, 0x01, 0xFC, 0x3F, 0x80, 0x1F, 0xC3, 0xF8, 0x01, 0xFC, 0x3F, 0x80, 0x1F,
  0xC0, 0x00, 0x01, 0xFC, 0x00, 0x00, 0x1F, 0xC0, 0x00, 0x01, 0xFC, 0x00, 0x00, 0x3F, 0xC0, 0x00,
  0x3F, 0xFC, 0x00, 0x03, 0xFF, 0x80, 0x00, 0x7F, 0xF8, 0x00, 0x07, 0xFF, 0x00, 0x00, 0x7F, 0xC0,
  0x00, 0x07, 0xF0, 0x00, 0x00, 0x3F, 0xFF, 0xC0, 0x00, 0x03, 0xFF, 0xFC, 0x00, 0x00, 0x3F, 0xFF,
  0xC0, 0x00, 0x03, 0xFF, 0xFC, 0x00, 0x00, 0x00, 0x00, 0x00, 0x00, 0x00, 0x00, 0x00, 0x00, 0x00,
  0x00, 0x00, 0x00, 0x00, 0x00, 0x00, 0x00, 0x00, 0x00, 0x00, 0x00, 0x00, 0x00, 0x00, 0xFF, 0xF0,
  0x00, 0x00, 0x3F, 0xFF, 0xC0, 0x00, 0x0F, 0xFF, 0xFF, 0x00, 0x01, 0xFF, 0xFF, 0xF8, 0x00, 0x3F,
  0xFF, 0xFF, 0xC0, 0x07, 0xFF, 0xFF, 0xFE, 0x00, 0x7F, 0xE0, 0x7F, 0xE0, 0x0F, 0xF8, 0x01, 0xFF,
  0x01, 0xFF, 0x00, 0x0F, 0xF0, 0x1F, 0xE0, 0x00, 0x7F, 0x81, 0xFE, 0x00, 0x07, 0xF8, 0x3F, 0xC0,
  0x00, 0x3F, 0xC3, 0xFC, 0x00, 0x03, 0xFC, 0x3F, 0x80, 0x00, 0x3F, 0xC3, 0xF8, 0x00, 0x01, 0xFC,
  0x3F, 0x80, 0x00, 0x1F, 0xC3, 0xF8, 0x00, 0x01, 0xFC, 0x3F, 0x80, 0x00, 0x1F, 0xC3, 0xF8, 0x00,
  0x01, 0xFC, 0x3F, 0x80, 0x00, 0x1F, 0xC3, 0xF8, 0x00, 0x01, 0xFC, 0x3F, 0x80, 0x00, 0x3F, 0xC3,
  0xFC, 0x00, 0x03, 0xFC, 0x3F, 0xC0, 0x00, 0x3F, 0xC1, 0xFE, 0x00, 0x07, 0xF8, 0x1F, 0xE0, 0x00,
  0x7F, 0x81, 0xFF, 0x00, 0x0F, 0xF8, 0x0F, 0xF8, 0x01, 0xFF, 0x00, 0xFF, 0xE0, 0x7F, 0xE0, 0x07,
  0xFF, 0xFF, 0xFE, 0x00, 0x3F, 0xFF, 0xFF, 0xC0, 0x01, 0xFF, 0xFF, 0xF8, 0x00, 0x0F, 0xFF, 0xFF,
  0x00, 0x00, 0x3F, 0xFF, 0xC0, 0x00, 0x00, 0xFF, 0xF0, 0x00, 0x00, 0x00, 0x00, 0x00, 0x00, 0x03,
  0xFF, 0xFC, 0x00, 0x3F, 0xFF, 0xC0, 0x03, 0xFF, 0xFC, 0x00, 0x3F, 0xFF, 0xC0, 0x00, 0x00, 0x00,
  0x00, 0x00, 0x00, 0x00, 0x00, 0x00, 0x00, 0x00, 0x00, 0x00, 0x00, 0x00, 0x04, 0x00, 0x00, 0x0F,
  0xFE, 0x00, 0x01, 0xFF, 0xF8, 0x00, 0x7F, 0xFF, 0xE0, 0x0F, 0xFF, 0xFF, 0x01, 0xFF, 0xFF, 0xF0,
  0x1F, 0xF0, 0xFF, 0x83, 0xFE, 0x07, 0xFC, 0x3F, 0xC0, 0x3F, 0xC3, 0xF8, 0x01, 0xFC, 0x7F, 0x80,
  0x1F, 0xC7, 0xF8, 0x01, 0xFE, 0x7F, 0x80, 0x1F, 0xE7, 0xF0, 0x01, 0xFE, 0x7F, 0x00, 0x1F, 0xE7,
  0xF8, 0x01, 0xFE, 0x7F, 0x80, 0x1F, 0xE7, 0xF8, 0x01, 0xFC, 0x3F, 0x80, 0x1F, 0xC3, 0xFC, 0x03,
  0xFC, 0x3F, 0xE0, 0x7F, 0xC1, 0xFF, 0x0F, 0xF8, 0x1F, 0xFF, 0xFF, 0x00, 0xFF, 0xFF, 0xF0, 0x07,
  0xFF, 0xFE, 0x00, 0x1F, 0xFF, 0x80, 0x00, 0xFF, 0xE0, 0x00, 0x00, 0x60, 0x00, 0x00, 0x3E, 0x07,
  0xC0, 0x00, 0x03, 0xE0, 0x7C, 0x00, 0x00, 0x3F, 0x0F, 0xC0, 0x00, 0x01, 0xFF, 0xF8, 0x00, 0x00,
  0x1F, 0xFF, 0x80, 0x00, 0x00, 0x7F, 0xE0, 0x00, 0x00, 0x01, 0xF8, 0x00, 0x00, 0x00, 0x00, 0x00,
  0x00, 0x00, 0x00, 0x00, 0x00, 0x00, 0x00, 0x00, 0x00, 0x00, 0x00, 0x0F, 0xFF, 0x00, 0x00, 0x03,
  0xFF, 0xFC, 0x00, 0x00, 0xFF, 0xFF, 0xF0, 0x00, 0x1F, 0xFF, 0xFF, 0x80, 0x03, 0xFF, 0xFF, 0xFC,
  0x00, 0x7F, 0xFF, 0xFF, 0xE0, 0x07, 0xFE, 0x07, 0xFE, 0x00, 0xFF, 0x80, 0x1F, 0xF0, 0x1F, 0xF0,
  0x00, 0xFF, 0x01, 0xFE, 0x00, 0x07, 0xF8, 0x1F, 0xE0, 0x00, 0x7F, 0x83, 0xFC, 0x00, 0x03, 0xFC,
  0x3F, 0xC0, 0x00, 0x3F, 0xC3, 0xF8, 0x00, 0x03, 0xFC, 0x3F, 0x80, 0x00, 0x1F, 0xC3, 0xF8, 0x00,
  0x01, 0xFC, 0x3F, 0x80, 0x00, 0x1F, 0xC3, 0xF8, 0x00, 0x01, 0xFC, 0x3F, 0x80, 0x00, 0x1F, 0xC3,
  0xF8, 0x00, 0x01, 0xFC, 0x3F, 0x80, 0x00, 0x1F, 0xC3, 0xF8, 0x00, 0x03, 0xFC, 0x3F, 0xC0, 0x00,
  0x3F, 0xC3, 0xFC, 0x00, 0x03, 0xFC, 0x1F, 0xE0, 0x00, 0x7F, 0x81, 0xFE, 0x00, 0x07, 0xF8, 0x1F,
  0xF0, 0x00, 0xFF, 0x80, 0xFF, 0x80, 0x1F, 0xF0, 0x0F, 0xFE, 0x07, 0xFE, 0x00, 0x7F, 0xFF, 0xFF,
  0xE0, 0x03, 0xFF, 0xFF, 0xFC, 0x00, 0x1F, 0xFF, 0xFF, 0x80, 0x00, 0xFF, 0xFF, 0xF0, 0x00, 0x03,
  0xFF, 0xFC, 0x00, 0x00, 0x0F, 0xFF, 0x00, 0x00, 0x00, 0x00, 0x00, 0x00, 0x00, 0x00, 0x00, 0x00,
  0x00, 0x07, 0xE0, 0x7C, 0x00, 0x3E, 0x07, 0xC0, 0x03, 0xF0, 0xFC, 0x00, 0x1F, 0xFF, 0x80, 0x01,
  0xFF, 0xF0, 0x00, 0x07, 0xFE, 0x00, 0x00, 0x1F, 0x80, 0x00, 0x00, 0x00, 0x00, 0x00, 0x00, 0x00,
  0x00, 0x00, 0x40, 0x00, 0x00, 0xFF, 0xE0, 0x00, 0x1F, 0xFF, 0x80, 0x07, 0xFF, 0xFE, 0x00, 0xFF,
  0xFF, 0xF0, 0x1F, 0xFF, 0xFF, 0x01, 0xFF, 0x0F, 0xF8, 0x3F, 0xE0, 0x7F, 0xC3, 0xFC, 0x03, 0xFC,
  0x3F, 0x80, 0x1F, 0xC7, 0xF8, 0x01, 0xFC, 0x7F, 0x80, 0x1F, 0xE7, 0xF8, 0x01, 0xFE, 0x7F, 0x00,
  0x1F, 0xE7, 0xF0, 0x01, 0xFE, 0x7F, 0x80, 0x1F, 0xE7, 0xF8, 0x01, 0xFE, 0x7F, 0x80, 0x1F, 0xC3,
  0xF8, 0x01, 0xFC, 0x3F, 0xC0, 0x3F, 0xC3, 0xFE, 0x07, 0xFC, 0x1F, 0xF0, 0xFF, 0x81, 0xFF, 0xFF,
  0xF0, 0x0F, 0xFF, 0xFF, 0x00, 0x7F, 0xFF, 0xE0, 0x01, 0xFF, 0xF8, 0x00, 0x0F, 0xFE, 0x00, 0x00,
  0x06, 0x00, 0x00, 0x00, 0x00, 0x00, 0x00, 0x01, 0xF8, 0xFE, 0x00, 0x00, 0x3F, 0x1F, 0x80, 0x00,
  0x07, 0xE1, 0xF8, 0x00, 0x00, 0x7C, 0x3F, 0x00, 0x00, 0x0F, 0xC7, 0xE0, 0x00, 0x00, 0xF8, 0xFC,
  0x00, 0x00, 0x1F, 0x1F, 0x80, 0x00, 0x00, 0x00, 0x00, 0x00, 0x00, 0x00, 0x00, 0x00, 0x00, 0x00,
  0x00, 0x00, 0x00, 0x00, 0x0F, 0xFF, 0x00, 0x00, 0x03, 0xFF, 0xFC, 0x00, 0x00, 0xFF, 0xFF, 0xF0,
  0x00, 0x1F, 0xFF, 0xFF, 0x80, 0x03, 0xFF, 0xFF, 0xFC, 0x00, 0x7F, 0xFF, 0xFF, 0xE0, 0x07, 0xFE,
  0x07, 0xFE, 0x00, 0xFF, 0x80, 0x1F, 0xF0, 0x1F, 0xF0, 0x00, 0xFF, 0x01, 0xFE, 0x00, 0x07, 0xF8,
  0x1F, 0xE0, 0x00, 0x7F, 0x83, 0xFC, 0x00, 0x03, 0xFC, 0x3F, 0xC0, 0x00, 0x3F, 0xC3, 0xF8, 0x00,
  0x03, 0xFC, 0x3F, 0x80, 0x00, 0x1F, 0xC3, 0xF8, 0x00, 0x01, 0xFC, 0x3F, 0x80, 0x00, 0x1F, 0xC3,
  0xF8, 0x00, 0x01, 0xFC, 0x3F, 0x80, 0x00, 0x1F, 0xC3, 0xF8, 0x00, 0x01, 0xFC, 0x3F, 0x80, 0x00,
  0x1F, 0xC3, 0xF8, 0x00, 0x03, 0xFC, 0x3F, 0xC0, 0x00, 0x3F, 0xC3, 0xFC, 0x00, 0x03, 0xFC, 0x1F,
  0xE0, 0x00, 0x7F, 0x81, 0xFE, 0x00, 0x07, 0xF8, 0x1F, 0xF0, 0x00, 0xFF, 0x80, 0xFF, 0x80, 0x1F,
  0xF0, 0x0F, 0xFE, 0x07, 0xFE, 0x00, 0x7F, 0xFF, 0xFF, 0xE0, 0x03, 0xFF, 0xFF, 0xFC, 0x00, 0x1F,
  0xFF, 0xFF, 0x80, 0x00, 0xFF, 0xFF, 0xF0, 0x00, 0x03, 0xFF, 0xFC, 0x00, 0x00, 0x0F, 0xFF, 0x00,
  0x00, 0x00, 0x00, 0x00, 0x00, 0x00, 0x1F, 0x8F, 0xE0, 0x03, 0xF1, 0xF8, 0x00, 0x7E, 0x1F, 0x00,
  0x07, 0xC3, 0xF0, 0x00, 0xFC, 0x7E, 0x00, 0x1F, 0x8F, 0xC0, 0x01, 0xF1, 0xF8, 0x00, 0x20, 0x00,
  0x00, 0x00, 0x00, 0x00, 0x00, 0x00, 0x40, 0x00, 0x00, 0xFF, 0xE0, 0x00, 0x1F, 0xFF, 0x80, 0x07,
  0xFF, 0xFE, 0x00, 0xFF, 0xFF, 0xF0, 0x1F, 0xFF, 0xFF, 0x01, 0xFF, 0x0F, 0xF8, 0x3F, 0xE0, 0x7F,
  0xC3, 0xFC, 0x03, 0xFC, 0x3F, 0x80, 0x1F, 0xC7, 0xF8, 0x01, 0xFC, 0x7F, 0x80, 0x1F, 0xE7, 0xF8,
  0x01, 0xFE, 0x7F, 0x00, 0x1F, 0xE7, 0xF0, 0x01, 0xFE, 0x7F, 0x80, 0x1F, 0xE7, 0xF8, 0x01, 0xFE,
  0x7F, 0x80, 0x1F, 0xC3, 0xF8, 0x01, 0xFC, 0x3F, 0xC0, 0x3F, 0xC3, 0xFE, 0x07, 0xFC, 0x1F, 0xF0,
  0xFF, 0x81, 0xFF, 0xFF, 0xF0, 0x0F, 0xFF, 0xFF, 0x00, 0x7F, 0xFF, 0xE0, 0x01, 0xFF, 0xF8, 0x00,
  0x0F, 0xFE, 0x00, 0x00, 0x06, 0x00, 0x00, 0x00, 0x03, 0xFF, 0xFF, 0xFF, 0xFC, 0x00, 0x1F, 0xFF,
  0xFF, 0xFF, 0xFC, 0x00, 0x7F, 0xFF, 0xFF, 0xFF, 0xFC, 0x00, 0xFF, 0xFF, 0xFF, 0xFF, 0xFC, 0x03,
  0xFF, 0xFF, 0xFF, 0xFF, 0xFC, 0x03, 0xFF, 0xFF, 0xFF, 0xFF, 0xFC, 0x07, 0xFF, 0xC3, 0xFC, 0x00,
  0x00, 0x0F, 0xFC, 0x03, 0xFC, 0x00, 0x00, 0x0F, 0xF0, 0x03, 0xFC, 0x00, 0x00, 0x1F, 0xE0, 0x03,
  0xFC, 0x00, 0x00, 0x1F, 0xE0, 0x03, 0xFC, 0x00, 0x00, 0x3F, 0xC0, 0x03, 0xFC, 0x00, 0x00, 0x3F,
  0xC0, 0x03, 0xFC, 0x00, 0x00, 0x3F, 0x80, 0x03, 0xFC, 0x00, 0x00, 0x3F, 0x80, 0x03, 0xFF, 0xFF,
  0xF0, 0x3F, 0x80, 0x03, 0xFF, 0xFF, 0xF0, 0x3F, 0x80, 0x03, 0xFF, 0xFF, 0xF0, 0x3F, 0x80, 0x03,
  0xFF, 0xFF, 0xF0, 0x3F, 0x80, 0x03, 0xFF, 0xFF, 0xF0, 0x3F, 0x80, 0x03, 0xFF, 0xFF, 0xF0, 0x3F,
  0x80, 0x03, 0xFC, 0x00, 0x00, 0x3F, 0x80, 0x03, 0xFC, 0x00, 0x00, 0x3F, 0xC0, 0x03, 0xFC, 0x00,
  0x00, 0x3F, 0xC0, 0x03, 0xFC, 0x00, 0x00, 0x1F, 0xC0, 0x03, 0xFC, 0x00, 0x00, 0x1F, 0xE0, 0x03,
  0xFC, 0x00, 0x00, 0x1F, 0xF0, 0x03, 0xFC, 0x00, 0x00, 0x0F, 0xF8, 0x03, 0xFC, 0x00, 0x00, 0x07,
  0xFF, 0x83, 0xFC, 0x00, 0x00, 0x07, 0xFF, 0xFF, 0xFF, 0xFF, 0xFC, 0x03, 0xFF, 0xFF, 0xFF, 0xFF,
  0xFC, 0x01, 0xFF, 0xFF, 0xFF, 0xFF, 0xFC, 0x00, 0x7F, 0xFF, 0xFF, 0xFF, 0xFC, 0x00, 0x1F, 0xFF,
  0xFF, 0xFF, 0xFC, 0x00, 0x03, 0xFF, 0xFF, 0xFF, 0xFC, 0x00, 0x04, 0x00, 0x00, 0xC0, 0x00, 0x03,
  0xFF, 0x80, 0x7F, 0xF0, 0x00, 0x1F, 0xFF, 0x87, 0xFF, 0xF0, 0x01, 0xFF, 0xFF, 0xBF, 0xFF, 0xE0,
  0x0F, 0xFF, 0xFF, 0xFF, 0xFF, 0xC0, 0x7F, 0xFF, 0xFF, 0xFF, 0xFF, 0x81, 0xFF, 0x0F, 0xFF, 0xC1,
  0xFE, 0x0F, 0xF8, 0x1F, 0xFE, 0x01, 0xFC, 0x3F, 0xC0, 0x3F, 0xF0, 0x07, 0xF0, 0xFE, 0x00, 0x7F,
  0xC0, 0x0F, 0xC7, 0xF8, 0x01, 0xFE, 0x00, 0x3F, 0x9F, 0xE0, 0x07, 0xFF, 0xFF, 0xFE, 0x7F, 0x80,
  0x1F, 0xFF, 0xFF, 0xF9, 0xFC, 0x00, 0x7F, 0xFF, 0xFF, 0xE7, 0xF0, 0x01, 0xFF, 0xFF, 0xFF, 0x9F,
  0xE0, 0x07, 0xFF, 0xFF, 0xFE, 0x7F, 0x80, 0x1F, 0xE0, 0x00, 0x01, 0xFE, 0x00, 0x7F, 0x80, 0x00,
  0x03, 0xF8, 0x01, 0xFF, 0x00, 0x00, 0x0F, 0xF0, 0x0F, 0xFC, 0x00, 0xFE, 0x3F, 0xE0, 0x7F, 0xF8,
  0x07, 0xF0, 0x7F, 0xC3, 0xFF, 0xF0, 0x3F, 0xC1, 0xFF, 0xFF, 0xFF, 0xFF, 0xFF, 0x03, 0xFF, 0xFF,
  0xFF, 0xFF, 0xF8, 0x07, 0xFF, 0xFE, 0xFF, 0xFF, 0xC0, 0x07, 0xFF, 0xE1, 0xFF, 0xFE, 0x00, 0x0F,
  0xFE, 0x01, 0xFF, 0xE0, 0x00, 0x01, 0x80, 0x00, 0x30, 0x00, 0x00, 0x01, 0xFC, 0x00, 0x00, 0x07,
  0xE0, 0x00, 0x00, 0x3F, 0x80, 0x00, 0x00, 0xFC, 0x00, 0x00, 0x07, 0xE0, 0x00, 0x00, 0x1F, 0x80,
  0x00, 0x00, 0x7C, 0x00, 0x00, 0x03, 0xE0, 0x00, 0x00, 0x00, 0x00, 0x00, 0x00, 0x00, 0x00, 0x00,
  0x00, 0x00, 0x00, 0x0F, 0xFF, 0xFC, 0x00, 0x3F, 0xFF, 0xFE, 0x00, 0xFF, 0xFF, 0xFC, 0x03, 0xFF,
  0xFF, 0xFC, 0x0F, 0xFF, 0xFF, 0xF0, 0x3F, 0xFF, 0xFF, 0xE0, 0xFF, 0x01, 0xFF, 0xC3, 0xFC, 0x01,
  0xFF, 0x0F, 0xF0, 0x03, 0xFC, 0x3F, 0xC0, 0x07, 0xF0, 0xFF, 0x00, 0x1F, 0xE3, 0xFC, 0x00, 0x7F,
  0x8F, 0xF0, 0x01, 0xFE, 0x3F, 0xC0, 0x07, 0xF0, 0xFF, 0x00, 0x3F, 0xC3, 0xFC, 0x01, 0xFF, 0x0F,
  0xF0, 0x1F, 0xFC, 0x3F, 0xFF, 0xFF, 0xE0, 0xFF, 0xFF, 0xFF, 0x03, 0xFF, 0xFF, 0xF8, 0x0F, 0xFF,
  0xFF, 0xC0, 0x3F, 0xFF, 0xFC, 0x00, 0xFF, 0xFF, 0xF8, 0x03, 0xFC, 0x1F, 0xF0, 0x0F, 0xF0, 0x3F,
  0xC0, 0x3F, 0xC0, 0x7F, 0x80, 0xFF, 0x01, 0xFE, 0x03, 0xFC, 0x03, 0xFC, 0x0F, 0xF0, 0x0F, 0xF0,
  0x3F, 0xC0, 0x1F, 0xE0, 0xFF, 0x00, 0x7F, 0x83, 0xFC, 0x00, 0xFF, 0x0F, 0xF0, 0x03, 0xFC, 0x3F,
  0xC0, 0x07, 0xF8, 0xFF, 0x00, 0x1F, 0xF0, 0x00, 0x3F, 0x80, 0x0F, 0xC0, 0x03, 0xF0, 0x01, 0xF8,
  0x00, 0x7C, 0x00, 0x3F, 0x00, 0x0F, 0x80, 0x07, 0xC0, 0x00, 0x00, 0x00, 0x00, 0x00, 0x00, 0x18,
  0xFE, 0x3F, 0x3F, 0x9F, 0xCF, 0xEF, 0xF3, 0xFB, 0xFC, 0xFF, 0xFF, 0x3F, 0xFF, 0xCF, 0xFC, 0x03,
  0xFE, 0x00, 0xFF, 0x00, 0x3F, 0xC0, 0x0F, 0xE0, 0x03, 0xF8, 0x00, 0xFE, 0x00, 0x3F, 0x80, 0x0F,
  0xE0, 0x03, 0xF8, 0x00, 0xFE, 0x00, 0x3F, 0x80, 0x0F, 0xE0, 0x03, 0xF8, 0x00, 0xFE, 0x00, 0x3F,
  0x80, 0x0F, 0xE0, 0x03, 0xF8, 0x00, 0xFE, 0x00, 0x3F, 0x80, 0x00, 0x3F, 0xFF, 0xF0, 0x00, 0xFF,
  0xFF, 0xF8, 0x03, 0xFF, 0xFF, 0xF0, 0x0F, 0xFF, 0xFF, 0xF0, 0x3F, 0xFF, 0xFF, 0xC0, 0xFF, 0xFF,
  0xFF, 0x83, 0xFC, 0x07, 0xFF, 0x0F, 0xF0, 0x07, 0xFC, 0x3F, 0xC0, 0x0F, 0xF0, 0xFF, 0x00, 0x1F,
  0xC3, 0xFC, 0x00, 0x7F, 0x8F, 0xF0, 0x01, 0xFE, 0x3F, 0xC0, 0x07, 0xF8, 0xFF, 0x00, 0x1F, 0xC3,
  0xFC, 0x00, 0xFF, 0x0F, 0xF0, 0x07, 0xFC, 0x3F, 0xC0, 0x7F, 0xF0, 0xFF, 0xFF, 0xFF, 0x83, 0xFF,
  0xFF, 0xFC, 0x0F, 0xFF, 0xFF, 0xE0, 0x3F, 0xFF, 0xFF, 0x00, 0xFF, 0xFF, 0xF0, 0x03, 0xFF, 0xFF,
  0xE0, 0x0F, 0xF0, 0x7F, 0xC0, 0x3F, 0xC0, 0xFF, 0x00, 0xFF, 0x01, 0xFE, 0x03, 0xFC, 0x07, 0xF8,
  0x0F, 0xF0, 0x0F, 0xF0, 0x3F, 0xC0, 0x3F, 0xC0, 0xFF, 0x00, 0x7F, 0x83, 0xFC, 0x01, 0xFE, 0x0F,
  0xF0, 0x03, 0xFC, 0x3F, 0xC0, 0x0F, 0xF0, 0xFF, 0x00, 0x1F, 0xE3, 0xFC, 0x00, 0x7F, 0xC0, 0x00,
  0x00, 0x00, 0x00, 0x00, 0x00, 0x00, 0x00, 0x00, 0x00, 0x00, 0x00, 0xFE, 0x00, 0x00, 0x03, 0xF0,
  0x00, 0x00, 0x1F, 0xC0, 0x00, 0x00, 0x7E, 0x00, 0x00, 0x01, 0xF8, 0x00, 0x00, 0x07, 0xC0, 0x00,
  0x00, 0x3F, 0x00, 0x00, 0x00, 0xF8, 0x00, 0x00, 0x00, 0x00, 0x00, 0x00, 0x00, 0x01, 0x8F, 0xE3,
  0xF3, 0xF9, 0xFC, 0xFE, 0xFF, 0x3F, 0xBF, 0xCF, 0xFF, 0xF3, 0xFF, 0xFC, 0xFF, 0xC0, 0x3F, 0xE0,
  0x0F, 0xF0, 0x03, 0xFC, 0x00, 0xFE, 0x00, 0x3F, 0x80, 0x0F, 0xE0, 0x03, 0xF8, 0x00, 0xFE, 0x00,
  0x3F, 0x80, 0x0F, 0xE0, 0x03, 0xF8, 0x00, 0xFE, 0x00, 0x3F, 0x80, 0x0F, 0xE0, 0x03, 0xF8, 0x00,
  0xFE, 0x00, 0x3F, 0x80, 0x0F, 0xE0, 0x03, 0xF8, 0x00, 0x00, 0x00, 0x00, 0x00, 0x00, 0x00, 0x03,
  0xF8, 0x00, 0xFC, 0x00, 0x3F, 0x00, 0x0F, 0xC0, 0x07, 0xE0, 0x01, 0xF8, 0x00, 0x7C, 0x00, 0x3F,
  0x00, 0x00, 0x00, 0x00, 0x07, 0xF0, 0x3F, 0x00, 0x0F, 0xE1, 0xF8, 0x00, 0x1F, 0x8F, 0xC0, 0x00,
  0x3F, 0x7E, 0x00, 0x00, 0x7F, 0xF0, 0x00, 0x00, 0xFF, 0xC0, 0x00, 0x01, 0xFE, 0x00, 0x00, 0x03,
  0xF0, 0x00, 0x00, 0x00, 0x00, 0x00, 0x00, 0x00, 0x00, 0x00, 0x00, 0x00, 0x00, 0x0F, 0xFF, 0xFC,
  0x00, 0x3F, 0xFF, 0xFE, 0x00, 0xFF, 0xFF, 0xFC, 0x03, 0xFF, 0xFF, 0xFC, 0x0F, 0xFF, 0xFF, 0xF0,
  0x3F, 0xFF, 0xFF, 0xE0, 0xFF, 0x01, 0xFF, 0xC3, 0xFC, 0x01, 0xFF, 0x0F, 0xF0, 0x03, 0xFC, 0x3F,
  0xC0, 0x07, 0xF0, 0xFF, 0x00, 0x1F, 0xE3, 0xFC, 0x00, 0x7F, 0x8F, 0xF0, 0x01, 0xFE, 0x3F, 0xC0,
  0x07, 0xF0, 0xFF, 0x00, 0x3F, 0xC3, 0xFC, 0x01, 0xFF, 0x0F, 0xF0, 0x1F, 0xFC, 0x3F, 0xFF, 0xFF,
  0xE0, 0xFF, 0xFF, 0xFF, 0x03, 0xFF, 0xFF, 0xF8, 0x0F, 0xFF, 0xFF, 0xC0, 0x3F, 0xFF, 0xFC, 0x00,
  0xFF, 0xFF, 0xF8, 0x03, 0xFC, 0x1F, 0xF0, 0x0F, 0xF0, 0x3F, 0xC0, 0x3F, 0xC0, 0x7F, 0x80, 0xFF,
  0x01, 0xFE, 0x03, 0xFC, 0x03, 0xFC, 0x0F, 0xF0, 0x0F, 0xF0, 0x3F, 0xC0, 0x1F, 0xE0, 0xFF, 0x00,
  0x7F, 0x83, 0xFC, 0x00, 0xFF, 0x0F, 0xF0, 0x03, 0xFC, 0x3F, 0xC0, 0x07, 0xF8, 0xFF, 0x00, 0x1F,
  0xF0, 0x00, 0x00, 0x00, 0x00, 0xFE, 0x07, 0xF3, 0xF0, 0xFC, 0x3F, 0x9F, 0x81, 0xFB, 0xF8, 0x0F,
  0xFF, 0x00, 0x7F, 0xE0, 0x03, 0xFC, 0x00, 0x1F, 0x80, 0x00, 0x00, 0x00, 0x00, 0x00, 0x00, 0x01,
  0x83, 0xF8, 0xFC, 0x3F, 0x9F, 0xC3, 0xFB, 0xFC, 0x3F, 0xBF, 0xC3, 0xFF, 0xFC, 0x3F, 0xFF, 0xC3,
  0xFF, 0x00, 0x3F, 0xE0, 0x03, 0xFC, 0x00, 0x3F, 0xC0, 0x03, 0xF8, 0x00, 0x3F, 0x80, 0x03, 0xF8,
  0x00, 0x3F, 0x80, 0x03, 0xF8, 0x00, 0x3F, 0x80, 0x03, 0xF8, 0x00, 0x3F, 0x80, 0x03, 0xF8, 0x00,
  0x3F, 0x80, 0x03, 0xF8, 0x00, 0x3F, 0x80, 0x03, 0xF8, 0x00, 0x3F, 0x80, 0x03, 0xF8, 0x00, 0x3F,
  0x80, 0x00, 0x00, 0x00, 0x00, 0x01, 0xFC, 0x00, 0x00, 0x07, 0xE0, 0x00, 0x00, 0x1F, 0x80, 0x00,
  0x00, 0xFC, 0x00, 0x00, 0x03, 0xE0, 0x00, 0x00, 0x1F, 0x80, 0x00, 0x00, 0x7C, 0x00, 0x00, 0x03,
  0xE0, 0x00, 0x00, 0x00, 0x00, 0x00, 0x00, 0x00, 0x00, 0x00, 0x00, 0x00, 0x00, 0x00, 0x0F, 0xFE,
  0x00, 0x01, 0xFF, 0xFE, 0x00, 0x0F, 0xFF, 0xFE, 0x00, 0x7F, 0xFF, 0xFC, 0x03, 0xFF, 0xFF, 0xF0,
  0x1F, 0xFF, 0xFF, 0xE0, 0x7F, 0xC0, 0x7F, 0xC3, 0xFC, 0x00, 0xFF, 0x0F, 0xF0, 0x01, 0xFC, 0x3F,
  0xC0, 0x07, 0xF0, 0xFF, 0x00, 0x00, 0x03, 0xFC, 0x00, 0x00, 0x0F, 0xF8, 0x00, 0x00, 0x1F, 0xF8,
  0x00, 0x00, 0x7F, 0xFE, 0x00, 0x00, 0xFF, 0xFF, 0x80, 0x01, 0xFF, 0xFF, 0x80, 0x03, 0xFF, 0xFF,
  0x80, 0x03, 0xFF, 0xFF, 0x00, 0x01, 0xFF, 0xFE, 0x00, 0x00, 0x7F, 0xFC, 0x00, 0x00, 0x3F, 0xF0,
  0x00, 0x00, 0x3F, 0xC0, 0x00, 0x00, 0x7F, 0x9F, 0xC0, 0x01, 0xFE, 0x7F, 0x80, 0x07, 0xF9, 0xFE,
  0x00, 0x1F, 0xE3, 0xFC, 0x00, 0xFF, 0x0F, 0xF8, 0x07, 0xFC, 0x3F, 0xFF, 0xFF, 0xF0, 0x7F, 0xFF,
  0xFF, 0x80, 0xFF, 0xFF, 0xFC, 0x01, 0xFF, 0xFF, 0xE0, 0x03, 0xFF, 0xFF, 0x00, 0x01, 0xFF, 0xF0,
  0x00, 0x00, 0x30, 0x00, 0x00, 0x00, 0x07, 0xF0, 0x00, 0x03, 0xF0, 0x00, 0x03, 0xF8, 0x00, 0x01,
  0xF8, 0x00, 0x00, 0xF8, 0x00, 0x00, 0xFC, 0x00, 0x00, 0x7C, 0x00, 0x00, 0x7C, 0x00, 0x00, 0x00,
  0x00, 0x00, 0x00, 0x00, 0x00, 0x02, 0x00, 0x00, 0x3F, 0xFC, 0x00, 0x7F, 0xFF, 0x00, 0x7F, 0xFF,
  0xE0, 0x7F, 0xFF, 0xF0, 0x7F, 0xFF, 0xFC, 0x3F, 0xC0, 0xFE, 0x1F, 0xC0, 0x3F, 0x8F, 0xE0, 0x1C,
  0x07, 0xF0, 0x00, 0x03, 0xFE, 0x00, 0x01, 0xFF, 0xF8, 0x00, 0x7F, 0xFF, 0xC0, 0x1F, 0xFF, 0xF8,
  0x07, 0xFF, 0xFE, 0x00, 0xFF, 0xFF, 0x80, 0x07, 0xFF, 0xC0, 0x00, 0x3F, 0xE0, 0x00, 0x07, 0xFB,
  0xF8, 0x03, 0xF9, 0xFE, 0x01, 0xFC, 0xFF, 0x81, 0xFE, 0x3F, 0xFF, 0xFF, 0x0F, 0xFF, 0xFF, 0x07,
  0xFF, 0xFF, 0x00, 0xFF, 0xFF, 0x00, 0x1F, 0xFE, 0x00, 0x00, 0x60, 0x00, 0x00, 0x0F, 0xC0, 0x00,
  0x00, 0x7F, 0x80, 0x00, 0x03, 0xFF, 0x00, 0x00, 0x1F, 0xFE, 0x00, 0x00, 0xFD, 0xFC, 0x00, 0x07,
  0xF3, 0xF8, 0x00, 0x3F, 0x87, 0xE0, 0x01, 0xFC, 0x0F, 0xE0, 0x00, 0x00, 0x00, 0x00, 0x00, 0x00,
  0x00, 0x00, 0x00, 0x00, 0x00, 0x00, 0x0F, 0xFE, 0x00, 0x01, 0xFF, 0xFE, 0x00, 0x0F, 0xFF, 0xFE,
  0x00, 0x7F, 0xFF, 0xFC, 0x03, 0xFF, 0xFF, 0xF0, 0x1F, 0xFF, 0xFF, 0xE0, 0x7F, 0xC0, 0x7F, 0xC3,
  0xFC, 0x00, 0xFF, 0x0F, 0xF0, 0x01, 0xFC, 0x3F, 0xC0, 0x07, 0xF0, 0xFF, 0x00, 0x00, 0x03, 0xFC,
  0x00, 0x00, 0x0F, 0xF8, 0x00, 0x00, 0x1F, 0xF8, 0x00, 0x00, 0x7F, 0xFE, 0x00, 0x00, 0xFF, 0xFF,
  0x80, 0x01, 0xFF, 0xFF, 0x80, 0x03, 0xFF, 0xFF, 0x80, 0x03, 0xFF, 0xFF, 0x00, 0x01, 0xFF, 0xFE,
  0x00, 0x00, 0x7F, 0xFC, 0x00, 0x00, 0x3F, 0xF0, 0x00, 0x00, 0x3F, 0xC0, 0x00, 0x00, 0x7F, 0x9F,
  0xC0, 0x01, 0xFE, 0x7F, 0x80, 0x07, 0xF9, 0xFE, 0x00, 0x1F, 0xE3, 0xFC, 0x00, 0xFF, 0x0F, 0xF8,
  0x07, 0xFC, 0x3F, 0xFF, 0xFF, 0xF0, 0x7F, 0xFF, 0xFF, 0x80, 0xFF, 0xFF, 0xFC, 0x01, 0xFF, 0xFF,
  0xE0, 0x03, 0xFF, 0xFF, 0x00, 0x01, 0xFF, 0xF0, 0x00, 0x00, 0x30, 0x00, 0x00, 0x00, 0x3F, 0x00,
  0x00, 0x3F, 0xC0, 0x00, 0x3F, 0xF0, 0x00, 0x3F, 0xFC, 0x00, 0x3F, 0x3F, 0x00, 0x3F, 0x1F, 0xC0,
  0x3F, 0x07, 0xF0, 0x3F, 0x81, 0xF8, 0x00, 0x00, 0x00, 0x00, 0x00, 0x00, 0x00, 0x02, 0x00, 0x00,
  0x3F, 0xFC, 0x00, 0x7F, 0xFF, 0x00, 0x7F, 0xFF, 0xE0, 0x7F, 0xFF, 0xF0, 0x7F, 0xFF, 0xFC, 0x3F,
  0xC0, 0xFE, 0x1F, 0xC0, 0x3F, 0x8F, 0xE0, 0x1C, 0x07, 0xF0, 0x00, 0x03, 0xFE, 0x00, 0x01, 0xFF,
  0xF8, 0x00, 0x7F, 0xFF, 0xC0, 0x1F, 0xFF, 0xF8, 0x07, 0xFF, 0xFE, 0x00, 0xFF, 0xFF, 0x80, 0x07,
  0xFF, 0xC0, 0x00, 0x3F, 0xE0, 0x00, 0x07, 0xFB, 0xF8, 0x03, 0xF9, 0xFE, 0x01, 0xFC, 0xFF, 0x81,
  0xFE, 0x3F, 0xFF, 0xFF, 0x0F, 0xFF, 0xFF, 0x07, 0xFF, 0xFF, 0x00, 0xFF, 0xFF, 0x00, 0x1F, 0xFE,
  0x00, 0x00, 0x60, 0x00, 0x00, 0x00, 0x00, 0x00, 0x3F, 0xF8, 0x00, 0x07, 0xFF, 0xF8, 0x00, 0x3F,
  0xFF, 0xF8, 0x01, 0xFF, 0xFF, 0xF0, 0x0F, 0xFF, 0xFF, 0xC0, 0x7F, 0xFF, 0xFF, 0x81, 0xFF, 0x01,
  0xFF, 0x0F, 0xF0, 0x03, 0xFC, 0x3F, 0xC0, 0x07, 0xF0, 0xFF, 0x00, 0x1F, 0xC3, 0xFC, 0x00, 0x00,
  0x0F, 0xF0, 0x00, 0x00, 0x3F, 0xE0, 0x00, 0x00, 0x7F, 0xE0, 0x00, 0x01, 0xFF, 0xF8, 0x00, 0x03,
  0xFF, 0xFE, 0x00, 0x07, 0xFF, 0xFE, 0x00, 0x0F, 0xFF, 0xFE, 0x00, 0x0F, 0xFF, 0xFC, 0x00, 0x07,
  0xFF, 0xF8, 0x00, 0x01, 0xFF, 0xF0, 0x00, 0x00, 0xFF, 0xC0, 0x00, 0x00, 0xFF, 0x00, 0x00, 0x01,
  0xFE, 0x7F, 0x00, 0x07, 0xF9, 0xFE, 0x00, 0x1F, 0xE7, 0xF8, 0x00, 0x7F, 0x8F, 0xF0, 0x03, 0xFC,
  0x3F, 0xE0, 0x1F, 0xF0, 0xFF, 0xFF, 0xFF, 0xC1, 0xFF, 0xFF, 0xFE, 0x03, 0xFF, 0xFF, 0xF0, 0x07,
  0xFF, 0xFF, 0x80, 0x0F, 0xFF, 0xFC, 0x00, 0x07, 0xFF, 0xC0, 0x00, 0x01, 0xE0, 0x00, 0x00, 0x07,
  0x80, 0x00, 0x00, 0x1F, 0x80, 0x00, 0x00, 0x7F, 0x00, 0x00, 0x00, 0x3C, 0x00, 0x00, 0x00, 0xF0,
  0x00, 0x00, 0x03, 0xC0, 0x00, 0x00, 0x3F, 0x00, 0x00, 0x07, 0xF8, 0x00, 0x00, 0x1F, 0xC0, 0x00,
  0x00, 0x7C, 0x00, 0x00, 0x00, 0x00, 0x00, 0x00, 0x00, 0x00, 0x00, 0x00, 0x08, 0x00, 0x00, 0xFF,
  0xF0, 0x01, 0xFF, 0xFC, 0x01, 0xFF, 0xFF, 0x81, 0xFF, 0xFF, 0xC1, 0xFF, 0xFF, 0xF0, 0xFF, 0x03,
  0xF8, 0x7F, 0x00, 0xFE, 0x3F, 0x80, 0x70, 0x1F, 0xC0, 0x00, 0x0F, 0xF8, 0x00, 0x07, 0xFF, 0xE0,
  0x01, 0xFF, 0xFF, 0x00, 0x7F, 0xFF, 0xE0, 0x1F, 0xFF, 0xF8, 0x03, 0xFF, 0xFE, 0x00, 0x1F, 0xFF,
  0x00, 0x00, 0xFF, 0x80, 0x00, 0x1F, 0xEF, 0xE0, 0x0F, 0xE7, 0xF8, 0x07, 0xF3, 0xFE, 0x07, 0xF8,
  0xFF, 0xFF, 0xFC, 0x3F, 0xFF, 0xFC, 0x1F, 0xFF, 0xFC, 0x03, 0xFF, 0xFC, 0x00, 0x7F, 0xF8, 0x00,
  0x03, 0x80, 0x00, 0x01, 0xE0, 0x00, 0x00, 0xFC, 0x00, 0x00, 0xFF, 0x00, 0x00, 0x07, 0x80, 0x00,
  0x03, 0xC0, 0x00, 0x01, 0xE0, 0x00, 0x03, 0xF0, 0x00, 0x0F, 0xF0, 0x00, 0x07, 0xF0, 0x00, 0x03,
  0xE0, 0x00, 0x00, 0x00, 0x00, 0x07, 0xF0, 0x3F, 0x80, 0x07, 0xE1, 0xF8, 0x00, 0x1F, 0xCF, 0xC0,
  0x00, 0x3F, 0x7F, 0x00, 0x00, 0x7F, 0xF8, 0x00, 0x00, 0xFF, 0xC0, 0x00, 0x01, 0xFE, 0x00, 0x00,
  0x03, 0xF0, 0x00, 0x00, 0x00, 0x00, 0x00, 0x00, 0x00, 0x00, 0x00, 0x00, 0x00, 0x00, 0x00, 0x0F,
  0xFE, 0x00, 0x01, 0xFF, 0xFE, 0x00, 0x0F, 0xFF, 0xFE, 0x00, 0x7F, 0xFF, 0xFC, 0x03, 0xFF, 0xFF,
  0xF0, 0x1F, 0xFF, 0xFF, 0xE0, 0x7F, 0xC0, 0x7F, 0xC3, 0xFC, 0x00, 0xFF, 0x0F, 0xF0, 0x01, 0xFC,
  0x3F, 0xC0, 0x07, 0xF0, 0xFF, 0x00, 0x00, 0x03, 0xFC, 0x00, 0x00, 0x0F, 0xF8, 0x00, 0x00, 0x1F,
  0xF8, 0x00, 0x00, 0x7F, 0xFE, 0x00, 0x00, 0xFF, 0xFF, 0x80, 0x01, 0xFF, 0xFF, 0x80, 0x03, 0xFF,
  0xFF, 0x80, 0x03, 0xFF, 0xFF, 0x00, 0x01, 0xFF, 0xFE, 0x00, 0x00, 0x7F, 0xFC, 0x00, 0x00, 0x3F,
  0xF0, 0x00, 0x00, 0x3F, 0xC0, 0x00, 0x00, 0x7F, 0x9F, 0xC0, 0x01, 0xFE, 0x7F, 0x80, 0x07, 0xF9,
  0xFE, 0x00, 0x1F, 0xE3, 0xFC, 0x00, 0xFF, 0x0F, 0xF8, 0x07, 0xFC, 0x3F, 0xFF, 0xFF, 0xF0, 0x7F,
  0xFF, 0xFF, 0x80, 0xFF, 0xFF, 0xFC, 0x01, 0xFF, 0xFF, 0xE0, 0x03, 0xFF, 0xFF, 0x00, 0x01, 0xFF,
  0xF0, 0x00, 0x00, 0x30, 0x00, 0x00, 0x00, 0x00, 0x00, 0x1F, 0xC0, 0xFC, 0x07, 0xF0, 0xFC, 0x01,
  0xFC, 0xFC, 0x00, 0x7E, 0xFC, 0x00, 0x1F, 0xFE, 0x00, 0x07, 0xFE, 0x00, 0x01, 0xFE, 0x00, 0x00,
  0x7E, 0x00, 0x00, 0x00, 0x00, 0x00, 0x00, 0x00, 0x00, 0x02, 0x00, 0x00, 0x3F, 0xFC, 0x00, 0x7F,
  0xFF, 0x00, 0x7F, 0xFF, 0xE0, 0x7F, 0xFF, 0xF0, 0x7F, 0xFF, 0xFC, 0x3F, 0xC0, 0xFE, 0x1F, 0xC0,
  0x3F, 0x8F, 0xE0, 0x1C, 0x07, 0xF0, 0x00, 0x03, 0xFE, 0x00, 0x01, 0xFF, 0xF8, 0x00, 0x7F, 0xFF,
  0xC0, 0x1F, 0xFF, 0xF8, 0x07, 0xFF, 0xFE, 0x00, 0xFF, 0xFF, 0x80, 0x07, 0xFF, 0xC0, 0x00, 0x3F,
  0xE0, 0x00, 0x07, 0xFB, 0xF8, 0x03, 0xF9, 0xFE, 0x01, 0xFC, 0xFF, 0x81, 0xFE, 0x3F, 0xFF, 0xFF,
  0x0F, 0xFF, 0xFF, 0x07, 0xFF, 0xFF, 0x00, 0xFF, 0xFF, 0x00, 0x1F, 0xFE, 0x00, 0x00, 0x60, 0x00,
  0x00, 0x00, 0x00, 0x7F, 0xFF, 0xFF, 0xFC, 0xFF, 0xFF, 0xFF, 0xF9, 0xFF, 0xFF, 0xFF, 0xF3, 0xFF,
  0xFF, 0xFF, 0xE7, 0xFF, 0xFF, 0xFF, 0xCF, 0xFF, 0xFF, 0xFF, 0x80, 0x03, 0xF8, 0x00, 0x00, 0x07,
  0xF0, 0x00, 0x00, 0x0F, 0xE0, 0x00, 0x00, 0x1F, 0xC0, 0x00, 0x00, 0x3F, 0x80, 0x00, 0x00, 0x7F,
  0x00, 0x00, 0x00, 0xFE, 0x00, 0x00, 0x01, 0xFC, 0x00, 0x00, 0x03, 0xF8, 0x00, 0x00, 0x07, 0xF0,
  0x00, 0x00, 0x0F, 0xE0, 0x00, 0x00, 0x1F, 0xC0, 0x00, 0x00, 0x3F, 0x80, 0x00, 0x00, 0x7F, 0x00,
  0x00, 0x00, 0xFE, 0x00, 0x00, 0x01, 0xFC, 0x00, 0x00, 0x03, 0xF8, 0x00, 0x00, 0x07, 0xF0, 0x00,
  0x00, 0x0F, 0xE0, 0x00, 0x00, 0x1F, 0xC0, 0x00, 0x00, 0x3F, 0x80, 0x00, 0x00, 0x7F, 0x00, 0x00,
  0x00, 0xFE, 0x00, 0x00, 0x01, 0xFC, 0x00, 0x00, 0x03, 0xF8, 0x00, 0x00, 0x07, 0xF0, 0x00, 0x00,
  0x0F, 0xE0, 0x00, 0x00, 0x1F, 0xC0, 0x00, 0x00, 0x3F, 0x80, 0x00, 0x00, 0x1C, 0x00, 0x00, 0x00,
  0x78, 0x00, 0x00, 0x00, 0xFC, 0x00, 0x00, 0x00, 0xFC, 0x00, 0x00, 0x00, 0x7C, 0x00, 0x00, 0x00,
  0xF8, 0x00, 0x00, 0x01, 0xF0, 0x00, 0x00, 0x0F, 0xC0, 0x00, 0x00, 0x7F, 0x80, 0x00, 0x00, 0xFC,
  0x00, 0x00, 0x01, 0xE0, 0x00, 0x00, 0x00, 0x00, 0x00, 0x00, 0x0F, 0xE0, 0x03, 0xF8, 0x00, 0xFE,
  0x00, 0x3F, 0x80, 0x0F, 0xE0, 0x03, 0xF8, 0x0F, 0xFF, 0xF3, 0xFF, 0xFC, 0xFF, 0xFF, 0x3F, 0xFF,
  0xCF, 0xFF, 0xF0, 0x3F, 0x80, 0x0F, 0xE0, 0x03, 0xF8, 0x00, 0xFE, 0x00, 0x3F, 0x80, 0x0F, 0xE0,
  0x03, 0xF8, 0x00, 0xFE, 0x00, 0x3F, 0x80, 0x0F, 0xE0, 0x03, 0xF8, 0x00, 0xFE, 0x00, 0x3F, 0x80,
  0x0F, 0xE0, 0x03, 0xF8, 0x00, 0xFF, 0xE0, 0x3F, 0xFC, 0x07, 0xFF, 0x01, 0xFF, 0xC0, 0x3F, 0xF0,
  0x03, 0xFE, 0x00, 0x38, 0x00, 0x0F, 0x00, 0x03, 0xF0, 0x01, 0xFE, 0x00, 0x0F, 0x80, 0x01, 0xE0,
  0x00, 0x78, 0x00, 0x7E, 0x00, 0xFF, 0x00, 0x3F, 0x80, 0x0F, 0x80, 0x00, 0x00, 0x00, 0x00, 0x00,
  0x03, 0xF0, 0x3F, 0x80, 0x03, 0xF0, 0xFE, 0x00, 0x03, 0xF1, 0xF8, 0x00, 0x03, 0xF7, 0xE0, 0x00,
  0x03, 0xFF, 0x80, 0x00, 0x03, 0xFE, 0x00, 0x00, 0x07, 0xF8, 0x00, 0x00, 0x07, 0xE0, 0x00, 0x00,
  0x00, 0x00, 0x00, 0x00, 0x00, 0x00, 0x00, 0x00, 0x00, 0x00, 0x03, 0xFF, 0xFF, 0xFF, 0xE7, 0xFF,
  0xFF, 0xFF, 0xCF, 0xFF, 0xFF, 0xFF, 0x9F, 0xFF, 0xFF, 0xFF, 0x3F, 0xFF, 0xFF, 0xFE, 0x7F, 0xFF,
  0xFF, 0xFC, 0x00, 0x1F, 0xC0, 0x00, 0x00, 0x3F, 0x80, 0x00, 0x00, 0x7F, 0x00, 0x00, 0x00, 0xFE,
  0x00, 0x00, 0x01, 0xFC, 0x00, 0x00, 0x03, 0xF8, 0x00, 0x00, 0x07, 0xF0, 0x00, 0x00, 0x0F, 0xE0,
  0x00, 0x00, 0x1F, 0xC0, 0x00, 0x00, 0x3F, 0x80, 0x00, 0x00, 0x7F, 0x00, 0x00, 0x00, 0xFE, 0x00,
  0x00, 0x01, 0xFC, 0x00, 0x00, 0x03, 0xF8, 0x00, 0x00, 0x07, 0xF0, 0x00, 0x00, 0x0F, 0xE0, 0x00,
  0x00, 0x1F, 0xC0, 0x00, 0x00, 0x3F, 0x80, 0x00, 0x00, 0x7F, 0x00, 0x00, 0x00, 0xFE, 0x00, 0x00,
  0x01, 0xFC, 0x00, 0x00, 0x03, 0xF8, 0x00, 0x00, 0x07, 0xF0, 0x00, 0x00, 0x0F, 0xE0, 0x00, 0x00,
  0x1F, 0xC0, 0x00, 0x00, 0x3F, 0x80, 0x00, 0x00, 0x7F, 0x00, 0x00, 0x00, 0xFE, 0x00, 0x00, 0x01,
  0xFC, 0x00, 0x00, 0x00, 0x00, 0x00, 0x00, 0x00, 0x03, 0xF0, 0x00, 0x3E, 0x00, 0x03, 0xE0, 0x00,
  0x3E, 0x00, 0x03, 0xE0, 0x00, 0x3E, 0x00, 0x03, 0xE0, 0xFE, 0x3E, 0x0F, 0xE3, 0xC0, 0xFE, 0x00,
  0x0F, 0xE0, 0x00, 0xFE, 0x00, 0x0F, 0xE0, 0x0F, 0xFF, 0xF0, 0xFF, 0xFF, 0x0F, 0xFF, 0xF0, 0xFF,
  0xFF, 0x0F, 0xFF, 0xF0, 0x0F, 0xE0, 0x00, 0xFE, 0x00, 0x0F, 0xE0, 0x00, 0xFE, 0x00, 0x0F, 0xE0,
  0x00, 0xFE, 0x00, 0x0F, 0xE0, 0x00, 0xFE, 0x00, 0x0F, 0xE0, 0x00, 0xFE, 0x00, 0x0F, 0xE0, 0x00,
  0xFE, 0x00, 0x0F, 0xE0, 0x00, 0xFE, 0x00, 0x0F, 0xE0, 0x00, 0xFF, 0xE0, 0x0F, 0xFF, 0x00, 0x7F,
  0xF0, 0x07, 0xFF, 0x00, 0x3F, 0xF0, 0x00, 0xFF, 0x80, 0x00, 0x00, 0x7F, 0xFF, 0xFF, 0xFC, 0xFF,
  0xFF, 0xFF, 0xF9, 0xFF, 0xFF, 0xFF, 0xF3, 0xFF, 0xFF, 0xFF, 0xE7, 0xFF, 0xFF, 0xFF, 0xCF, 0xFF,
  0xFF, 0xFF, 0x80, 0x03, 0xF8, 0x00, 0x00, 0x07, 0xF0, 0x00, 0x00, 0x0F, 0xE0, 0x00, 0x00, 0x1F,
  0xC0, 0x00, 0x00, 0x3F, 0x80, 0x00, 0x00, 0x7F, 0x00, 0x00, 0x00, 0xFE, 0x00, 0x00, 0x01, 0xFC,
  0x00, 0x00, 0x03, 0xF8, 0x00, 0x00, 0x07, 0xF0, 0x00, 0x00, 0x0F, 0xE0, 0x00, 0x03, 0xFF, 0xFE,
  0x00, 0x07, 0xFF, 0xFC, 0x00, 0x0F, 0xFF, 0xF8, 0x00, 0x1F, 0xFF, 0xF0, 0x00, 0x01, 0xFC, 0x00,
  0x00, 0x03, 0xF8, 0x00, 0x00, 0x07, 0xF0, 0x00, 0x00, 0x0F, 0xE0, 0x00, 0x00, 0x1F, 0xC0, 0x00,
  0x00, 0x3F, 0x80, 0x00, 0x00, 0x7F, 0x00, 0x00, 0x00, 0xFE, 0x00, 0x00, 0x01, 0xFC, 0x00, 0x00,
  0x03, 0xF8, 0x00, 0x00, 0x07, 0xF0, 0x00, 0x00, 0x0F, 0xE0, 0x00, 0x00, 0x1F, 0xC0, 0x00, 0x00,
  0x3F, 0x80, 0x00, 0x0F, 0xE0, 0x07, 0xF0, 0x03, 0xF8, 0x01, 0xFC, 0x00, 0xFE, 0x00, 0x7F, 0x03,
  0xFF, 0xFD, 0xFF, 0xFE, 0xFF, 0xFF, 0x7F, 0xFF, 0xBF, 0xFF, 0xC1, 0xFC, 0x00, 0xFE, 0x00, 0x7F,
  0x00, 0x3F, 0x81, 0xFF, 0xFE, 0xFF, 0xFF, 0x7F, 0xFF, 0xBF, 0xFF, 0xC1, 0xFC, 0x00, 0xFE, 0x00,
  0x7F, 0x00, 0x3F, 0x80, 0x1F, 0xC0, 0x0F, 0xE0, 0x07, 0xF0, 0x03, 0xFF, 0x81, 0xFF, 0xE0, 0x7F,
  0xF0, 0x3F, 0xF8, 0x0F, 0xFC, 0x01, 0xFF, 0x00, 0x00, 0x00, 0x00, 0x00, 0x00, 0x1F, 0x07, 0x80,
  0x00, 0x1F, 0xC3, 0xC0, 0x00, 0x1F, 0xFF, 0xE0, 0x00, 0x0F, 0xFF, 0xE0, 0x00, 0x07, 0x9F, 0xF0,
  0x00, 0x07, 0xC3, 0xF0, 0x00, 0x00, 0x00, 0x00, 0x00, 0x00, 0x00, 0x00, 0x00, 0x00, 0x00, 0x00,
  0x00, 0x00, 0x00, 0x00, 0x00, 0x0F, 0xF0, 0x00, 0x3F, 0x87, 0xF8, 0x00, 0x1F, 0xC3, 0xFC, 0x00,
  0x0F, 0xE1, 0xFE, 0x00, 0x07, 0xF0, 0xFF, 0x00, 0x03, 0xF8, 0x7F, 0x80, 0x01, 0xFC, 0x3F, 0xC0,
  0x00, 0xFE, 0x1F, 0xE0, 0x00, 0x7F, 0x0F, 0xF0, 0x00, 0x3F, 0x87, 0xF8, 0x00, 0x1F, 0xC3, 0xFC,
  0x00, 0x0F, 0xE1, 0xFE, 0x00, 0x07, 0xF0, 0xFF, 0x00, 0x03, 0xF8, 0x7F, 0x80, 0x01, 0xFC, 0x3F,
  0xC0, 0x00, 0xFE, 0x1F, 0xE0, 0x00, 0x7F, 0x0F, 0xF0, 0x00, 0x3F, 0x87, 0xF8, 0x00, 0x1F, 0xC3,
  0xFC, 0x00, 0x0F, 0xE1, 0xFE, 0x00, 0x07, 0xF0, 0xFF, 0x00, 0x03, 0xF8, 0x7F, 0x80, 0x01, 0xFC,
  0x3F, 0xC0, 0x00, 0xFE, 0x1F, 0xE0, 0x00, 0x7F, 0x0F, 0xF0, 0x00, 0x7F, 0x87, 0xF8, 0x00, 0x3F,
  0xC1, 0xFE, 0x00, 0x3F, 0xE0, 0xFF, 0x80, 0x3F, 0xE0, 0x7F, 0xF0, 0x3F, 0xF0, 0x1F, 0xFF, 0xFF,
  0xF0, 0x07, 0xFF, 0xFF, 0xF8, 0x01, 0xFF, 0xFF, 0xF8, 0x00, 0x7F, 0xFF, 0xF8, 0x00, 0x1F, 0xFF,
  0xF0, 0x00, 0x03, 0xFF, 0xE0, 0x00, 0x00, 0x06, 0x00, 0x00, 0x00, 0x78, 0x3C, 0x00, 0x1F, 0xE3,
  0xC0, 0x01, 0xFF, 0xFC, 0x00, 0x3F, 0xFF, 0xC0, 0x03, 0xC7, 0xF8, 0x00, 0x3C, 0x3F, 0x00, 0x00,
  0x00, 0x00, 0x00, 0x00, 0x00, 0x00, 0x00, 0x00, 0x00, 0x00, 0x00, 0x00, 0x00, 0x3F, 0x80, 0x1F,
  0xC3, 0xF8, 0x01, 0xFC, 0x3F, 0x80, 0x1F, 0xC3, 0xF8, 0x01, 0xFC, 0x3F, 0x80, 0x1F, 0xC3, 0xF8,
  0x01, 0xFC, 0x3F, 0x80, 0x1F, 0xC3, 0xF8, 0x01, 0xFC, 0x3F, 0x80, 0x1F, 0xC3, 0xF8, 0x01, 0xFC,
  0x3F, 0x80, 0x1F, 0xC3, 0xF8, 0x01, 0xFC, 0x3F, 0x80, 0x1F, 0xC3, 0xF8, 0x01, 0xFC, 0x3F, 0x80,
  0x1F, 0xC3, 0xF8, 0x01, 0xFC, 0x3F, 0x80, 0x1F, 0xC3, 0xFC, 0x03, 0xFC, 0x3F, 0xC0, 0x3F, 0xC3,
  0xFE, 0x0F, 0xFC, 0x1F, 0xFF, 0xFF, 0xC1, 0xFF, 0xFF, 0xFC, 0x0F, 0xFF, 0xDF, 0xC0, 0xFF, 0xFD,
  0xFC, 0x07, 0xFF, 0x9F, 0xC0, 0x1F, 0xE1, 0xFC, 0x00, 0x00, 0x00, 0x00, 0x00, 0xFF, 0xFF, 0x80,
  0x00, 0x7F, 0xFF, 0xC0, 0x00, 0x3F, 0xFF, 0xE0, 0x00, 0x1F, 0xFF, 0xF0, 0x00, 0x00, 0x00, 0x00,
  0x00, 0x00, 0x00, 0x00, 0x00, 0x00, 0x00, 0x00, 0x00, 0x00, 0x00, 0x00, 0x00, 0x00, 0x00, 0x00,
  0x00, 0x1F, 0xE0, 0x00, 0x7F, 0x0F, 0xF0, 0x00, 0x3F, 0x87, 0xF8, 0x00, 0x1F, 0xC3, 0xFC, 0x00,
  0x0F, 0xE1, 0xFE, 0x00, 0x07, 0xF0, 0xFF, 0x00, 0x03, 0xF8, 0x7F, 0x80, 0x01, 0xFC, 0x3F, 0xC0,
  0x00, 0xFE, 0x1F, 0xE0, 0x00, 0x7F, 0x0F, 0xF0, 0x00, 0x3F, 0x87, 0xF8, 0x00, 0x1F, 0xC3, 0xFC,
  0x00, 0x0F, 0xE1, 0xFE, 0x00, 0x07, 0xF0, 0xFF, 0x00, 0x03, 0xF8, 0x7F, 0x80, 0x01, 0xFC, 0x3F,
  0xC0, 0x00, 0xFE, 0x1F, 0xE0, 0x00, 0x7F, 0x0F, 0xF0, 0x00, 0x3F, 0x87, 0xF8, 0x00, 0x1F, 0xC3,
  0xFC, 0x00, 0x0F, 0xE1, 0xFE, 0x00, 0x07, 0xF0, 0xFF, 0x00, 0x03, 0xF8, 0x7F, 0x80, 0x01, 0xFC,
  0x3F, 0xC0, 0x00, 0xFE, 0x1F, 0xE0, 0x00, 0xFF, 0x0F, 0xF0, 0x00, 0x7F, 0x83, 0xFC, 0x00, 0x7F,
  0xC1, 0xFF, 0x00, 0x7F, 0xC0, 0xFF, 0xE0, 0x7F, 0xE0, 0x3F, 0xFF, 0xFF, 0xE0, 0x0F, 0xFF, 0xFF,
  0xF0, 0x03, 0xFF, 0xFF, 0xF0, 0x00, 0xFF, 0xFF, 0xF0, 0x00, 0x3F, 0xFF, 0xE0, 0x00, 0x07, 0xFF,
  0xC0, 0x00, 0x00, 0x0C, 0x00, 0x00, 0x03, 0xFF, 0xFC, 0x00, 0x3F, 0xFF, 0xC0, 0x03, 0xFF, 0xFC,
  0x00, 0x3F, 0xFF, 0xC0, 0x00, 0x00, 0x00, 0x00, 0x00, 0x00, 0x00, 0x00, 0x00, 0x00, 0x00, 0x00,
  0x00, 0x00, 0x00, 0x00, 0x00, 0x03, 0xF8, 0x01, 0xFC, 0x3F, 0x80, 0x1F, 0xC3, 0xF8, 0x01, 0xFC,
  0x3F, 0x80, 0x1F, 0xC3, 0xF8, 0x01, 0xFC, 0x3F, 0x80, 0x1F, 0xC3, 0xF8, 0x01, 0xFC, 0x3F, 0x80,
  0x1F, 0xC3, 0xF8, 0x01, 0xFC, 0x3F, 0x80, 0x1F, 0xC3, 0xF8, 0x01, 0xFC, 0x3F, 0x80, 0x1F, 0xC3,
  0xF8, 0x01, 0xFC, 0x3F, 0x80, 0x1F, 0xC3, 0xF8, 0x01, 0xFC, 0x3F, 0x80, 0x1F, 0xC3, 0xF8, 0x01,
  0xFC, 0x3F, 0xC0, 0x3F, 0xC3, 0xFC, 0x03, 0xFC, 0x3F, 0xE0, 0xFF, 0xC1, 0xFF, 0xFF, 0xFC, 0x1F,
  0xFF, 0xFF, 0xC0, 0xFF, 0xFD, 0xFC, 0x0F, 0xFF, 0xDF, 0xC0, 0x7F, 0xF9, 0xFC, 0x01, 0xFE, 0x1F,
  0xC0, 0x00, 0x00, 0x00, 0x00, 0xF8, 0x0F, 0x80, 0x00, 0x7E, 0x07, 0xC0, 0x00, 0x1F, 0x87, 0xE0,
  0x00, 0x0F, 0xFF, 0xE0, 0x00, 0x03, 0xFF, 0xE0, 0x00, 0x00, 0xFF, 0xE0, 0x00, 0x00, 0x0F, 0xC0,
  0x00, 0x00, 0x00, 0x00, 0x00, 0x00, 0x00, 0x00, 0x00, 0x00, 0x00, 0x00, 0x00, 0x0F, 0xF0, 0x00,
  0x3F, 0x87, 0xF8, 0x00, 0x1F, 0xC3, 0xFC, 0x00, 0x0F, 0xE1, 0xFE, 0x00, 0x07, 0xF0, 0xFF, 0x00,
  0x03, 0xF8, 0x7F, 0x80, 0x01, 0xFC, 0x3F, 0xC0, 0x00, 0xFE, 0x1F, 0xE0, 0x00, 0x7F, 0x0F, 0xF0,
  0x00, 0x3F, 0x87, 0xF8, 0x00, 0x1F, 0xC3, 0xFC, 0x00, 0x0F, 0xE1, 0xFE, 0x00, 0x07, 0xF0, 0xFF,
  0x00, 0x03, 0xF8, 0x7F, 0x80, 0x01, 0xFC, 0x3F, 0xC0, 0x00, 0xFE, 0x1F, 0xE0, 0x00, 0x7F, 0x0F,
  0xF0, 0x00, 0x3F, 0x87, 0xF8, 0x00, 0x1F, 0xC3, 0xFC, 0x00, 0x0F, 0xE1, 0xFE, 0x00, 0x07, 0xF0,
  0xFF, 0x00, 0x03, 0xF8, 0x7F, 0x80, 0x01, 0xFC, 0x3F, 0xC0, 0x00, 0xFE, 0x1F, 0xE0, 0x00, 0x7F,
  0x0F, 0xF0, 0x00, 0x7F, 0x87, 0xF8, 0x00, 0x3F, 0xC1, 0xFE, 0x00, 0x3F, 0xE0, 0xFF, 0x80, 0x3F,
  0xE0, 0x7F, 0xF0, 0x3F, 0xF0, 0x1F, 0xFF, 0xFF, 0xF0, 0x07, 0xFF, 0xFF, 0xF8, 0x01, 0xFF, 0xFF,
  0xF8, 0x00, 0x7F, 0xFF, 0xF8, 0x00, 0x1F, 0xFF, 0xF0, 0x00, 0x03, 0xFF, 0xE0, 0x00, 0x00, 0x06,
  0x00, 0x00, 0x00, 0x00, 0x00, 0x00, 0x03, 0xE0, 0x7E, 0x00, 0x3E, 0x07, 0xC0, 0x03, 0xF0, 0xFC,
  0x00, 0x1F, 0xFF, 0xC0, 0x00, 0xFF, 0xF8, 0x00, 0x07, 0xFF, 0x00, 0x00, 0x0F, 0x80, 0x00, 0x00,
  0x00, 0x00, 0x00, 0x00, 0x00, 0x00, 0x00, 0x00, 0x00, 0x3F, 0x80, 0x1F, 0xC3, 0xF8, 0x01, 0xFC,
  0x3F, 0x80, 0x1F, 0xC3, 0xF8, 0x01, 0xFC, 0x3F, 0x80, 0x1F, 0xC3, 0xF8, 0x01, 0xFC, 0x3F, 0x80,
  0x1F, 0xC3, 0xF8, 0x01, 0xFC, 0x3F, 0x80, 0x1F, 0xC3, 0xF8, 0x01, 0xFC, 0x3F, 0x80, 0x1F, 0xC3,
  0xF8, 0x01, 0xFC, 0x3F, 0x80, 0x1F, 0xC3, 0xF8, 0x01, 0xFC, 0x3F, 0x80, 0x1F, 0xC3, 0xF8, 0x01,
  0xFC, 0x3F, 0x80, 0x1F, 0xC3, 0xFC, 0x03, 0xFC, 0x3F, 0xC0, 0x3F, 0xC3, 0xFE, 0x0F, 0xFC, 0x1F,
  0xFF, 0xFF, 0xC1, 0xFF, 0xFF, 0xFC, 0x0F, 0xFF, 0xDF, 0xC0, 0xFF, 0xFD, 0xFC, 0x07, 0xFF, 0x9F,
  0xC0, 0x1F, 0xE1, 0xFC, 0x00, 0x00, 0x00, 0x00, 0x00, 0x00, 0x00, 0x00, 0x03, 0xE0, 0x00, 0x00,
  0x03, 0xFC, 0x00, 0x00, 0x03, 0xFE, 0x00, 0x00, 0x01, 0xC7, 0x80, 0x00, 0x01, 0xC1, 0xC0, 0x00,
  0x00, 0xF0, 0xE0, 0x00, 0x00, 0x38, 0xF0, 0x00, 0x00, 0x1F, 0xF0, 0x00, 0x00, 0x07, 0xF8, 0x00,
  0x00, 0x01, 0xF0, 0x00, 0x00, 0x00, 0x00, 0x00, 0x00, 0x00, 0x00, 0x00, 0x03, 0xFC, 0x00, 0x0F,
  0xE1, 0xFE, 0x00, 0x07, 0xF0, 0xFF, 0x00, 0x03, 0xF8, 0x7F, 0x80, 0x01, 0xFC, 0x3F, 0xC0, 0x00,
  0xFE, 0x1F, 0xE0, 0x00, 0x7F, 0x0F, 0xF0, 0x00, 0x3F, 0x87, 0xF8, 0x00, 0x1F, 0xC3, 0xFC, 0x00,
  0x0F, 0xE1, 0xFE, 0x00, 0x07, 0xF0, 0xFF, 0x00, 0x03, 0xF8, 0x7F, 0x80, 0x01, 0xFC, 0x3F, 0xC0,
  0x00, 0xFE, 0x1F, 0xE0, 0x00, 0x7F, 0x0F, 0xF0, 0x00, 0x3F, 0x87, 0xF8, 0x00, 0x1F, 0xC3, 0xFC,
  0x00, 0x0F, 0xE1, 0xFE, 0x00, 0x07, 0xF0, 0xFF, 0x00, 0x03, 0xF8, 0x7F, 0x80, 0x01, 0xFC, 0x3F,
  0xC0, 0x00, 0xFE, 0x1F, 0xE0, 0x00, 0x7F, 0x0F, 0xF0, 0x00, 0x3F, 0x87, 0xF8, 0x00, 0x1F, 0xC3,
  0xFC, 0x00, 0x1F, 0xE1, 0xFE, 0x00, 0x0F, 0xF0, 0x7F, 0x80, 0x0F, 0xF8, 0x3F, 0xE0, 0x0F, 0xF8,
  0x1F, 0xFC, 0x0F, 0xFC, 0x07, 0xFF, 0xFF, 0xFC, 0x01, 0xFF, 0xFF, 0xFE, 0x00, 0x7F, 0xFF, 0xFE,
  0x00, 0x1F, 0xFF, 0xFE, 0x00, 0x07, 0xFF, 0xFC, 0x00, 0x00, 0xFF, 0xF8, 0x00, 0x00, 0x01, 0x80,
  0x00, 0x00, 0x00, 0x00, 0x00, 0x00, 0x00, 0x1F, 0x80, 0x00, 0x03, 0xFC, 0x00, 0x00, 0x7F, 0xE0,
  0x00, 0x07, 0x0F, 0x00, 0x00, 0xF0, 0x70, 0x00, 0x0F, 0x07, 0x00, 0x00, 0xF0, 0x70, 0x00, 0x07,
  0x8F, 0x00, 0x00, 0x7F, 0xE0, 0x00, 0x03, 0xFC, 0x00, 0x00, 0x0F, 0x80, 0x00, 0x00, 0x00, 0x00,
  0x00, 0x00, 0x00, 0x00, 0x00, 0x00, 0x00, 0x3F, 0x80, 0x1F, 0xC3, 0xF8, 0x01, 0xFC, 0x3F, 0x80,
  0x1F, 0xC3, 0xF8, 0x01, 0xFC, 0x3F, 0x80, 0x1F, 0xC3, 0xF8, 0x01, 0xFC, 0x3F, 0x80, 0x1F, 0xC3,
  0xF8, 0x01, 0xFC, 0x3F, 0x80, 0x1F, 0xC3, 0xF8, 0x01, 0xFC, 0x3F, 0x80, 0x1F, 0xC3, 0xF8, 0x01,
  0xFC, 0x3F, 0x80, 0x1F, 0xC3, 0xF8, 0x01, 0xFC, 0x3F, 0x80, 0x1F, 0xC3, 0xF8, 0x01, 0xFC, 0x3F,
  0x80, 0x1F, 0xC3, 0xFC, 0x03, 0xFC, 0x3F, 0xC0, 0x3F, 0xC3, 0xFE, 0x0F, 0xFC, 0x1F, 0xFF, 0xFF,
  0xC1, 0xFF, 0xFF, 0xFC, 0x0F, 0xFF, 0xDF, 0xC0, 0xFF, 0xFD, 0xFC, 0x07, 0xFF, 0x9F, 0xC0, 0x1F,
  0xE1, 0xFC, 0x00, 0x00, 0x00, 0x00, 0x00, 0x00, 0x00, 0x00, 0x07, 0xF1, 0xFC, 0x00, 0x03, 0xF1,
  0xF8, 0x00, 0x03, 0xF1, 0xF8, 0x00, 0x01, 0xF0, 0xF8, 0x00, 0x01, 0xF0, 0xF8, 0x00, 0x01, 0xF8,
  0xFC, 0x00, 0x01, 0xF8, 0xFC, 0x00, 0x00, 0x00, 0x00, 0x00, 0x00, 0x00, 0x00, 0x00, 0x00, 0x00,
  0x00, 0x00, 0x0F, 0xF0, 0x00, 0x3F, 0x87, 0xF8, 0x00, 0x1F, 0xC3, 0xFC, 0x00, 0x0F, 0xE1, 0xFE,
  0x00, 0x07, 0xF0, 0xFF, 0x00, 0x03, 0xF8, 0x7F, 0x80, 0x01, 0xFC, 0x3F, 0xC0, 0x00, 0xFE, 0x1F,
  0xE0, 0x00, 0x7F, 0x0F, 0xF0, 0x00, 0x3F, 0x87, 0xF8, 0x00, 0x1F, 0xC3, 0xFC, 0x00, 0x0F, 0xE1,
  0xFE, 0x00, 0x07, 0xF0, 0xFF, 0x00, 0x03, 0xF8, 0x7F, 0x80, 0x01, 0xFC, 0x3F, 0xC0, 0x00, 0xFE,
  0x1F, 0xE0, 0x00, 0x7F, 0x0F, 0xF0, 0x00, 0x3F, 0x87, 0xF8, 0x00, 0x1F, 0xC3, 0xFC, 0x00, 0x0F,
  0xE1, 0xFE, 0x00, 0x07, 0xF0, 0xFF, 0x00, 0x03, 0xF8, 0x7F, 0x80, 0x01, 0xFC, 0x3F, 0xC0, 0x00,
  0xFE, 0x1F, 0xE0, 0x00, 0x7F, 0x0F, 0xF0, 0x00, 0x7F, 0x87, 0xF8, 0x00, 0x3F, 0xC1, 0xFE, 0x00,
  0x3F, 0xE0, 0xFF, 0x80, 0x3F, 0xE0, 0x7F, 0xF0, 0x3F, 0xF0, 0x1F, 0xFF, 0xFF, 0xF0, 0x07, 0xFF,
  0xFF, 0xF8, 0x01, 0xFF, 0xFF, 0xF8, 0x00, 0x7F, 0xFF, 0xF8, 0x00, 0x1F, 0xFF, 0xF0, 0x00, 0x03,
  0xFF, 0xE0, 0x00, 0x00, 0x06, 0x00, 0x00, 0x00, 0x1F, 0x8F, 0xE0, 0x03, 0xF0, 0xFC, 0x00, 0x3E,
  0x1F, 0x80, 0x07, 0xE3, 0xF0, 0x00, 0xFC, 0x7E, 0x00, 0x0F, 0x87, 0xC0, 0x01, 0xF0, 0xF8, 0x00,
  0x00, 0x10, 0x00, 0x00, 0x00, 0x00, 0x00, 0x00, 0x00, 0x00, 0x3F, 0x80, 0x1F, 0xC3, 0xF8, 0x01,
  0xFC, 0x3F, 0x80, 0x1F, 0xC3, 0xF8, 0x01, 0xFC, 0x3F, 0x80, 0x1F, 0xC3, 0xF8, 0x01, 0xFC, 0x3F,
  0x80, 0x1F, 0xC3, 0xF8, 0x01, 0xFC, 0x3F, 0x80, 0x1F, 0xC3, 0xF8, 0x01, 0xFC, 0x3F, 0x80, 0x1F,
  0xC3, 0xF8, 0x01, 0xFC, 0x3F, 0x80, 0x1F, 0xC3, 0xF8, 0x01, 0xFC, 0x3F, 0x80, 0x1F, 0xC3, 0xF8,
  0x01, 0xFC, 0x3F, 0x80, 0x1F, 0xC3, 0xFC, 0x03, 0xFC, 0x3F, 0xC0, 0x3F, 0xC3, 0xFE, 0x0F, 0xFC,
  0x1F, 0xFF, 0xFF, 0xC1, 0xFF, 0xFF, 0xFC, 0x0F, 0xFF, 0xDF, 0xC0, 0xFF, 0xFD, 0xFC, 0x07, 0xFF,
  0x9F, 0xC0, 0x1F, 0xE1, 0xFC, 0x00, 0x00, 0x00, 0x00, 0x3F, 0xC0, 0x00, 0xFE, 0x1F, 0xE0, 0x00,
  0x7F, 0x0F, 0xF0, 0x00, 0x3F, 0x87, 0xF8, 0x00, 0x1F, 0xC3, 0xFC, 0x00, 0x0F, 0xE1, 0xFE, 0x00,
  0x07, 0xF0, 0xFF, 0x00, 0x03, 0xF8, 0x7F, 0x80, 0x01, 0xFC, 0x3F, 0xC0, 0x00, 0xFE, 0x1F, 0xE0,
  0x00, 0x7F, 0x0F, 0xF0, 0x00, 0x3F, 0x87, 0xF8, 0x00, 0x1F, 0xC3, 0xFC, 0x00, 0x0F, 0xE1, 0xFE,
  0x00, 0x07, 0xF0, 0xFF, 0x00, 0x03, 0xF8, 0x7F, 0x80, 0x01, 0xFC, 0x3F, 0xC0, 0x00, 0xFE, 0x1F,
  0xE0, 0x00, 0x7F, 0x0F, 0xF0, 0x00, 0x3F, 0x87, 0xF8, 0x00, 0x1F, 0xC3, 0xFC, 0x00, 0x0F, 0xE1,
  0xFE, 0x00, 0x07, 0xF0, 0xFF, 0x00, 0x03, 0xF8, 0x7F, 0x80, 0x01, 0xFC, 0x3F, 0xC0, 0x01, 0xFE,
  0x1F, 0xE0, 0x00, 0xFF, 0x07, 0xF8, 0x00, 0xFF, 0x83, 0xFE, 0x00, 0xFF, 0x81, 0xFF, 0xC0, 0xFF,
  0xC0, 0x7F, 0xFF, 0xFF, 0xC0, 0x1F, 0xFF, 0xFF, 0xE0, 0x07, 0xFF, 0xFF, 0xE0, 0x01, 0xFF, 0xFF,
  0xE0, 0x00, 0x7F, 0xFF, 0xC0, 0x00, 0x0F, 0xFF, 0x80, 0x00, 0x00, 0xFE, 0x00, 0x00, 0x00, 0xFE,
  0x00, 0x00, 0x00, 0x7E, 0x00, 0x00, 0x00, 0x3F, 0x00, 0x00, 0x00, 0x1F, 0x80, 0x00, 0x00, 0x0F,
  0xF8, 0x00, 0x00, 0x07, 0xFC, 0x00, 0x00, 0x01, 0xFF, 0x00, 0x00, 0x00, 0x7F, 0x80, 0x00, 0x00,
  0x0F, 0x00, 0x00, 0x3F, 0x80, 0x1F, 0xC3, 0xF8, 0x01, 0xFC, 0x3F, 0x80, 0x1F, 0xC3, 0xF8, 0x01,
  0xFC, 0x3F, 0x80, 0x1F, 0xC3, 0xF8, 0x01, 0xFC, 0x3F, 0x80, 0x1F, 0xC3, 0xF8, 0x01, 0xFC, 0x3F,
  0x80, 0x1F, 0xC3, 0xF8, 0x01, 0xFC, 0x3F, 0x80, 0x1F, 0xC3, 0xF8, 0x01, 0xFC, 0x3F, 0x80, 0x1F,
  0xC3, 0xF8, 0x01, 0xFC, 0x3F, 0x80, 0x1F, 0xC3, 0xF8, 0x01, 0xFC, 0x3F, 0x80, 0x1F, 0xC3, 0xFC,
  0x03, 0xFC, 0x3F, 0xC0, 0x3F, 0xC3, 0xFE, 0x0F, 0xFC, 0x1F, 0xFF, 0xFF, 0xC1, 0xFF, 0xFF, 0xFC,
  0x0F, 0xFF, 0xDF, 0xC0, 0xFF, 0xFD, 0xFC, 0x07, 0xFF, 0x9F, 0xC0, 0x1F, 0xE1, 0xFC, 0x00, 0x00,
  0x3F, 0x80, 0x00, 0x07, 0xF0, 0x00, 0x00, 0x7E, 0x00, 0x00, 0x07, 0xE0, 0x00, 0x00, 0x7E, 0x00,
  0x00, 0x07, 0xFC, 0x00, 0x00, 0x7F, 0xC0, 0x00, 0x03, 0xFE, 0x00, 0x00, 0x1F, 0xE0, 0x00, 0x00,
  0x78, 0x00, 0x00, 0x00, 0x00, 0x00, 0x00, 0x07, 0xE0, 0x00, 0x00, 0x00, 0x00, 0x07, 0xF8, 0x00,
  0x00, 0x00, 0x00, 0x07, 0xFE, 0x00, 0x00, 0x00, 0x00, 0x07, 0xFF, 0x80, 0x00, 0x00, 0x00, 0x07,
  0xF7, 0xE0, 0x00, 0x00, 0x00, 0x07, 0xF3, 0xF8, 0x00, 0x00, 0x00, 0x03, 0xF0, 0xFE, 0x00, 0x00,
  0x00, 0x07, 0xF0, 0x3F, 0x80, 0x00, 0x00, 0x00, 0x00, 0x00, 0x00, 0x00, 0x00, 0x00, 0x00, 0x00,
  0x00, 0x00, 0x00, 0x00, 0x00, 0x00, 0x00, 0x00, 0x1F, 0xE0, 0x00, 0xFE, 0x00, 0x1F, 0xE7, 0xF8,
  0x00, 0xFF, 0x00, 0x0F, 0xF3, 0xFC, 0x00, 0x7F, 0x80, 0x0F, 0xF1, 0xFE, 0x00, 0x3F, 0xC0, 0x07,
  0xF8, 0xFF, 0x00, 0x3F, 0xF0, 0x03, 0xFC, 0x3F, 0x80, 0x1F, 0xF8, 0x01, 0xFE, 0x1F, 0xE0, 0x0F,
  0xFC, 0x01, 0xFE, 0x0F, 0xF0, 0x07, 0xFE, 0x00, 0xFF, 0x03, 0xF8, 0x07, 0xFF, 0x80, 0x7F, 0x81,
  0xFC, 0x03, 0xFF, 0xC0, 0x3F, 0x80, 0xFF, 0x01, 0xFF, 0xE0, 0x3F, 0xC0, 0x7F, 0x80, 0xFF, 0xF8,
  0x1F, 0xE0, 0x1F, 0xC0, 0xFF, 0xFC, 0x0F, 0xF0, 0x0F, 0xE0, 0x7F, 0x7E, 0x07, 0xF0, 0x07, 0xF8,
  0x3F, 0x3F, 0x03, 0xF8, 0x01, 0xFC, 0x1F, 0x9F, 0xC3, 0xFC, 0x00, 0xFE, 0x1F, 0xCF, 0xE1, 0xFC,
  0x00, 0x7F, 0x0F, 0xC3, 0xF0, 0xFE, 0x00, 0x3F, 0xC7, 0xE1, 0xF8, 0x7F, 0x00, 0x0F, 0xE3, 0xF0,
  0xFE, 0x7F, 0x00, 0x07, 0xF3, 0xF8, 0x3F, 0x3F, 0x80, 0x03, 0xF9, 0xF8, 0x1F, 0x9F, 0xC0, 0x00,
  0xFE, 0xFC, 0x0F, 0xCF, 0xE0, 0x00, 0x7F, 0xFE, 0x03, 0xFF, 0xE0, 0x00, 0x3F, 0xFE, 0x01, 0xFF,
  0xF0, 0x00, 0x1F, 0xFF, 0x00, 0xFF, 0xF8, 0x00, 0x07, 0xFF, 0x80, 0x7F, 0xF8, 0x00, 0x03, 0xFF,
  0xC0, 0x1F, 0xFC, 0x00, 0x01, 0xFF, 0xC0, 0x0F, 0xFE, 0x00, 0x00, 0x7F, 0xE0, 0x07, 0xFF, 0x00,
  0x00, 0x3F, 0xF0, 0x01, 0xFF, 0x00, 0x00, 0x1F, 0xF0, 0x00, 0xFF, 0x80, 0x00, 0x0F, 0xF8, 0x00,
  0x7F, 0xC0, 0x00, 0x03, 0xFC, 0x00, 0x3F, 0xC0, 0x00, 0x01, 0xFC, 0x00, 0x0F, 0xE0, 0x00, 0x00,
  0x00, 0xFE, 0x00, 0x00, 0x00, 0x01, 0xFF, 0x00, 0x00, 0x00, 0x01, 0xFF, 0x80, 0x00, 0x00, 0x03,
  0xFF, 0xC0, 0x00, 0x00, 0x07, 0xEF, 0xE0, 0x00, 0x00, 0x0F, 0xC7, 0xE0, 0x00, 0x00, 0x1F, 0x83,
  0xF0, 0x00, 0x00, 0x3F, 0x01, 0xF8, 0x00, 0x00, 0x00, 0x00, 0x00, 0x00, 0x00, 0x00, 0x00, 0x00,
  0x00, 0x00, 0x00, 0x00, 0x00, 0x00, 0xFF, 0x00, 0xFE, 0x00, 0xFE, 0x7F, 0x00, 0xFF, 0x01, 0xFE,
  0x7F, 0x01, 0xFF, 0x01, 0xFC, 0x7F, 0x01, 0xFF, 0x01, 0xFC, 0x7F, 0x81, 0xFF, 0x01, 0xFC, 0x3F,
  0x81, 0xFF, 0x83, 0xFC, 0x3F, 0x83, 0xFF, 0x83, 0xF8, 0x3F, 0x83, 0xFF, 0x83, 0xF8, 0x1F, 0xC3,
  0xFF, 0x83, 0xF8, 0x1F, 0xC3, 0xFF, 0xC3, 0xF0, 0x1F, 0xC7, 0xEF, 0xC7, 0xF0, 0x1F, 0xC7, 0xEF,
  0xC7, 0xF0, 0x0F, 0xC7, 0xE7, 0xC7, 0xF0, 0x0F, 0xE7, 0xC7, 0xE7, 0xE0, 0x0F, 0xEF, 0xC7, 0xEF,
  0xE0, 0x0F, 0xEF, 0xC7, 0xEF, 0xE0, 0x07, 0xEF, 0xC3, 0xEF, 0xE0, 0x07, 0xFF, 0x83, 0xFF, 0xC0,
  0x07, 0xFF, 0x83, 0xFF, 0xC0, 0x07, 0xFF, 0x81, 0xFF, 0xC0, 0x03, 0xFF, 0x01, 0xFF, 0x80, 0x03,
  0xFF, 0x01, 0xFF, 0x80, 0x03, 0xFF, 0x01, 0xFF, 0x80, 0x01, 0xFF, 0x00, 0xFF, 0x80, 0x01, 0xFE,
  0x00, 0xFF, 0x00, 0x01, 0xFE, 0x00, 0xFF, 0x00, 0x00, 0x00, 0x00, 0x00, 0x00, 0x00, 0x03, 0xF0,
  0x00, 0x00, 0x03, 0xFC, 0x00, 0x00, 0x03, 0xFE, 0x00, 0x00, 0x03, 0xFF, 0x80, 0x00, 0x03, 0xF7,
  0xE0, 0x00, 0x03, 0xF1, 0xF8, 0x00, 0x03, 0xF0, 0x7E, 0x00, 0x03, 0xF8, 0x1F, 0x80, 0x00, 0x00,
  0x00, 0x00, 0x00, 0x00, 0x00, 0x00, 0x00, 0x00, 0x00, 0x00, 0x1F, 0xF0, 0x00, 0x1F, 0xF7, 0xF8,
  0x00, 0x0F, 0xF1, 0xFE, 0x00, 0x0F, 0xF8, 0xFF, 0x00, 0x07, 0xF8, 0x3F, 0xC0, 0x07, 0xFC, 0x1F,
  0xE0, 0x03, 0xFC, 0x07, 0xF8, 0x03, 0xFC, 0x03, 0xFC, 0x01, 0xFE, 0x00, 0xFF, 0x01, 0xFE, 0x00,
  0x7F, 0x80, 0xFF, 0x00, 0x1F, 0xE0, 0xFF, 0x00, 0x07, 0xF8, 0x7F, 0x80, 0x03, 0xFC, 0x7F, 0x80,
  0x00, 0xFF, 0x3F, 0x80, 0x00, 0x7F, 0xBF, 0xC0, 0x00, 0x1F, 0xFF, 0xC0, 0x00, 0x0F, 0xFF, 0xE0,
  0x00, 0x03, 0xFF, 0xE0, 0x00, 0x00, 0xFF, 0xF0, 0x00, 0x00, 0x7F, 0xF0, 0x00, 0x00, 0x1F, 0xF8,
  0x00, 0x00, 0x0F, 0xF8, 0x00, 0x00, 0x03, 0xF8, 0x00, 0x00, 0x01, 0xFC, 0x00, 0x00, 0x00, 0xFE,
  0x00, 0x00, 0x00, 0x7F, 0x00, 0x00, 0x00, 0x3F, 0x80, 0x00, 0x00, 0x1F, 0xC0, 0x00, 0x00, 0x0F,
  0xE0, 0x00, 0x00, 0x07, 0xF0, 0x00, 0x00, 0x03, 0xF8, 0x00, 0x00, 0x01, 0xFC, 0x00, 0x00, 0x00,
  0xFE, 0x00, 0x00, 0x00, 0x7F, 0x00, 0x00, 0x00, 0x3F, 0x80, 0x00, 0x00, 0x3F, 0x00, 0x00, 0x0F,
  0xF0, 0x00, 0x03, 0xFF, 0x00, 0x00, 0xFF, 0xF0, 0x00, 0x3F, 0x3F, 0x00, 0x0F, 0xE3, 0xF0, 0x03,
  0xF8, 0x3F, 0x00, 0x7E, 0x07, 0xF0, 0x00, 0x00, 0x00, 0x00, 0x00, 0x00, 0x00, 0x00, 0x00, 0x00,
  0xFF, 0x80, 0x0F, 0xE7, 0xF0, 0x03, 0xFC, 0xFE, 0x00, 0x7F, 0x9F, 0xE0, 0x0F, 0xE1, 0xFC, 0x03,
  0xFC, 0x3F, 0x80, 0x7F, 0x87, 0xF8, 0x0F, 0xE0, 0x7F, 0x01, 0xFC, 0x0F, 0xE0, 0x7F, 0x01, 0xFC,
  0x0F, 0xE0, 0x1F, 0xC1, 0xFC, 0x03, 0xF8, 0x7F, 0x00, 0x7F, 0x0F, 0xE0, 0x07, 0xF1, 0xFC, 0x00,
  0xFE, 0x3F, 0x00, 0x0F, 0xCF, 0xE0, 0x01, 0xF9, 0xFC, 0x00, 0x3F, 0xBF, 0x00, 0x03, 0xF7, 0xE0,
  0x00, 0x7F, 0xFC, 0x00, 0x0F, 0xFF, 0x00, 0x00, 0xFF, 0xE0, 0x00, 0x1F, 0xFC, 0x00, 0x03, 0xFF,
  0x00, 0x00, 0x3F, 0xE0, 0x00, 0x07, 0xFC, 0x00, 0x00, 0xFF, 0x00, 0x00, 0x1F, 0xE0, 0x00, 0x03,
  0xF8, 0x00, 0x00, 0xFF, 0x00, 0x03, 0xFF, 0xE0, 0x00, 0x7F, 0xF8, 0x00, 0x0F, 0xFE, 0x00, 0x03,
  0xFF, 0x80, 0x00, 0x7F, 0xE0, 0x00, 0x07, 0xE0, 0x00, 0x00, 0x00, 0x00, 0x00, 0x00, 0x30, 0x06,
  0x00, 0x00, 0x3E, 0x0F, 0x80, 0x00, 0x3F, 0x8F, 0xE0, 0x00, 0x1F, 0xC7, 0xF0, 0x00, 0x0F, 0xE3,
  0xF8, 0x00, 0x07, 0xE0, 0xFC, 0x00, 0x01, 0xF0, 0x3C, 0x00, 0x00, 0x00, 0x00, 0x00, 0x00, 0x00,
  0x00, 0x00, 0x00, 0x00, 0x00, 0x00, 0x00, 0x00, 0x00, 0x00, 0x1F, 0xF0, 0x00, 0x1F, 0xF7, 0xF8,
  0x00, 0x0F, 0xF1, 0xFE, 0x00, 0x0F, 0xF8, 0xFF, 0x00, 0x07, 0xF8, 0x3F, 0xC0, 0x07, 0xFC, 0x1F,
  0xE0, 0x03, 0xFC, 0x07, 0xF8, 0x03, 0xFC, 0x03, 0xFC, 0x01, 0xFE, 0x00, 0xFF, 0x01, 0xFE, 0x00,
  0x7F, 0x80, 0xFF, 0x00, 0x1F, 0xE0, 0xFF, 0x00, 0x07, 0xF8, 0x7F, 0x80, 0x03, 0xFC, 0x7F, 0x80,
  0x00, 0xFF, 0x3F, 0x80, 0x00, 0x7F, 0xBF, 0xC0, 0x00, 0x1F, 0xFF, 0xC0, 0x00, 0x0F, 0xFF, 0xE0,
  0x00, 0x03, 0xFF, 0xE0, 0x00, 0x00, 0xFF, 0xF0, 0x00, 0x00, 0x7F, 0xF0, 0x00, 0x00, 0x1F, 0xF8,
  0x00, 0x00, 0x0F, 0xF8, 0x00, 0x00, 0x03, 0xF8, 0x00, 0x00, 0x01, 0xFC, 0x00, 0x00, 0x00, 0xFE,
  0x00, 0x00, 0x00, 0x7F, 0x00, 0x00, 0x00, 0x3F, 0x80, 0x00, 0x00, 0x1F, 0xC0, 0x00, 0x00, 0x0F,
  0xE0, 0x00, 0x00, 0x07, 0xF0, 0x00, 0x00, 0x03, 0xF8, 0x00, 0x00, 0x01, 0xFC, 0x00, 0x00, 0x00,
  0xFE, 0x00, 0x00, 0x00, 0x7F, 0x00, 0x00, 0x00, 0x3F, 0x80, 0x00, 0x00, 0x00, 0xFE, 0x00, 0x00,
  0x07, 0xF0, 0x00, 0x00, 0x1F, 0x80, 0x00, 0x00, 0xFC, 0x00, 0x00, 0x03, 0xF0, 0x00, 0x00, 0x0F,
  0x80, 0x00, 0x00, 0x7C, 0x00, 0x00, 0x01, 0xF0, 0x00, 0x00, 0x00, 0x00, 0x00, 0x00, 0x00, 0x00,
  0x00, 0x00, 0x00, 0x00, 0x0F, 0xFF, 0xFF, 0xFE, 0x3F, 0xFF, 0xFF, 0xF8, 0xFF, 0xFF, 0xFF, 0xE3,
  0xFF, 0xFF, 0xFF, 0x8F, 0xFF, 0xFF, 0xFE, 0x3F, 0xFF, 0xFF, 0xF0, 0x00, 0x00, 0x7F, 0x80, 0x00,
  0x03, 0xFC, 0x00, 0x00, 0x0F, 0xF0, 0x00, 0x00, 0x7F, 0x80, 0x00, 0x03, 0xFC, 0x00, 0x00, 0x1F,
  0xF0, 0x00, 0x00, 0x7F, 0x80, 0x00, 0x03, 0xFC, 0x00, 0x00, 0x1F, 0xE0, 0x00, 0x00, 0x7F, 0x80,
  0x00, 0x03, 0xFC, 0x00, 0x00, 0x1F, 0xE0, 0x00, 0x00, 0x7F, 0x80, 0x00, 0x03, 0xFC, 0x00, 0x00,
  0x1F, 0xE0, 0x00, 0x00, 0xFF, 0x00, 0x00, 0x03, 0xFC, 0x00, 0x00, 0x1F, 0xE0, 0x00, 0x00, 0xFF,
  0x00, 0x00, 0x03, 0xFC, 0x00, 0x00, 0x1F, 0xE0, 0x00, 0x00, 0xFF, 0x00, 0x00, 0x07, 0xF8, 0x00,
  0x00, 0x1F, 0xFF, 0xFF, 0xF8, 0xFF, 0xFF, 0xFF, 0xE3, 0xFF, 0xFF, 0xFF, 0x8F, 0xFF, 0xFF, 0xFE,
  0x3F, 0xFF, 0xFF, 0xF8, 0xFF, 0xFF, 0xFF, 0xE0, 0x00, 0x07, 0xF0, 0x00, 0x01, 0xF8, 0x00, 0x00,
  0x7E, 0x00, 0x00, 0x3F, 0x00, 0x00, 0x0F, 0x80, 0x00, 0x07, 0xE0, 0x00, 0x01, 0xF0, 0x00, 0x00,
  0xF8, 0x00, 0x00, 0x00, 0x00, 0x00, 0x00, 0x00, 0x00, 0x00, 0x00, 0x00, 0xFF, 0xFF, 0xFC, 0x3F,
  0xFF, 0xFF, 0x0F, 0xFF, 0xFF, 0xC3, 0xFF, 0xFF, 0xF0, 0xFF, 0xFF, 0xFC, 0x3F, 0xFF, 0xFE, 0x00,
  0x00, 0xFF, 0x00, 0x00, 0x7F, 0x80, 0x00, 0x1F, 0xC0, 0x00, 0x0F, 0xF0, 0x00, 0x07, 0xF8, 0x00,
  0x03, 0xFC, 0x00, 0x01, 0xFE, 0x00, 0x00, 0x7F, 0x80, 0x00, 0x3F, 0xC0, 0x00, 0x1F, 0xE0, 0x00,
  0x0F, 0xF0, 0x00, 0x07, 0xF8, 0x00, 0x01, 0xFE, 0x00, 0x00, 0xFF, 0x00, 0x00, 0x7F, 0xFF, 0xFC,
  0x3F, 0xFF, 0xFF, 0x0F, 0xFF, 0xFF, 0xC3, 0xFF, 0xFF, 0xF0, 0xFF, 0xFF, 0xFC, 0x3F, 0xFF, 0xFF,
  0x00, 0x00, 0x03, 0x80, 0x00, 0x00, 0x3F, 0x00, 0x00, 0x00, 0xFE, 0x00, 0x00, 0x07, 0xF8, 0x00,
  0x00, 0x1F, 0xE0, 0x00, 0x00, 0x3F, 0x80, 0x00, 0x00, 0x7C, 0x00, 0x00, 0x00, 0x00, 0x00, 0x00,
  0x00, 0x00, 0x00, 0x00, 0x00, 0x00, 0x00, 0x00, 0x00, 0x00, 0x0F, 0xFF, 0xFF, 0xFE, 0x3F, 0xFF,
  0xFF, 0xF8, 0xFF, 0xFF, 0xFF, 0xE3, 0xFF, 0xFF, 0xFF, 0x8F, 0xFF, 0xFF, 0xFE, 0x3F, 0xFF, 0xFF,
  0xF0, 0x00, 0x00, 0x7F, 0x80, 0x00, 0x03, 0xFC, 0x00, 0x00, 0x0F, 0xF0, 0x00, 0x00, 0x7F, 0x80,
  0x00, 0x03, 0xFC, 0x00, 0x00, 0x1F, 0xF0, 0x00, 0x00, 0x7F, 0x80, 0x00, 0x03, 0xFC, 0x00, 0x00,
  0x1F, 0xE0, 0x00, 0x00, 0x7F, 0x80, 0x00, 0x03, 0xFC, 0x00, 0x00, 0x1F, 0xE0, 0x00, 0x00, 0x7F,
  0x80, 0x00, 0x03, 0xFC, 0x00, 0x00, 0x1F, 0xE0, 0x00, 0x00, 0xFF, 0x00, 0x00, 0x03, 0xFC, 0x00,
  0x00, 0x1F, 0xE0, 0x00, 0x00, 0xFF, 0x00, 0x00, 0x03, 0xFC, 0x00, 0x00, 0x1F, 0xE0, 0x00, 0x00,
  0xFF, 0x00, 0x00, 0x07, 0xF8, 0x00, 0x00, 0x1F, 0xFF, 0xFF, 0xF8, 0xFF, 0xFF, 0xFF, 0xE3, 0xFF,
  0xFF, 0xFF, 0x8F, 0xFF, 0xFF, 0xFE, 0x3F, 0xFF, 0xFF, 0xF8, 0xFF, 0xFF, 0xFF, 0xE0, 0x00, 0x1E,
  0x00, 0x00, 0x0F, 0xC0, 0x00, 0x07, 0xF8, 0x00, 0x01, 0xFE, 0x00, 0x00, 0x7F, 0x80, 0x00, 0x1F,
  0xC0, 0x00, 0x03, 0xE0, 0x00, 0x00, 0x00, 0x00, 0x00, 0x00, 0x00, 0x00, 0x00, 0x00, 0x00, 0x00,
  0x00, 0x00, 0xFF, 0xFF, 0xFC, 0x3F, 0xFF, 0xFF, 0x0F, 0xFF, 0xFF, 0xC3, 0xFF, 0xFF, 0xF0, 0xFF,
  0xFF, 0xFC, 0x3F, 0xFF, 0xFE, 0x00, 0x00, 0xFF, 0x00, 0x00, 0x7F, 0x80, 0x00, 0x1F, 0xC0, 0x00,
  0x0F, 0xF0, 0x00, 0x07, 0xF8, 0x00, 0x03, 0xFC, 0x00, 0x01, 0xFE, 0x00, 0x00, 0x7F, 0x80, 0x00,
  0x3F, 0xC0, 0x00, 0x1F, 0xE0, 0x00, 0x0F, 0xF0, 0x00, 0x07, 0xF8, 0x00, 0x01, 0xFE, 0x00, 0x00,
  0xFF, 0x00, 0x00, 0x7F, 0xFF, 0xFC, 0x3F, 0xFF, 0xFF, 0x0F, 0xFF, 0xFF, 0xC3, 0xFF, 0xFF, 0xF0,
  0xFF, 0xFF, 0xFC, 0x3F, 0xFF, 0xFF, 0x00, 0x03, 0xF0, 0x3F, 0x80, 0x07, 0xE1, 0xFC, 0x00, 0x0F,
  0xC7, 0xE0, 0x00, 0x1F, 0xBF, 0x00, 0x00, 0x3F, 0xF8, 0x00, 0x00, 0x7F, 0xC0, 0x00, 0x01, 0xFE,
  0x00, 0x00, 0x03, 0xF0, 0x00, 0x00, 0x00, 0x00, 0x00, 0x00, 0x00, 0x00, 0x00, 0x00, 0x00, 0x00,
  0x0F, 0xFF, 0xFF, 0xFE, 0x3F, 0xFF, 0xFF, 0xF8, 0xFF, 0xFF, 0xFF, 0xE3, 0xFF, 0xFF, 0xFF, 0x8F,
  0xFF, 0xFF, 0xFE, 0x3F, 0xFF, 0xFF, 0xF0, 0x00, 0x00, 0x7F, 0x80, 0x00, 0x03, 0xFC, 0x00, 0x00,
  0x0F, 0xF0, 0x00, 0x00, 0x7F, 0x80, 0x00, 0x03, 0xFC, 0x00, 0x00, 0x1F, 0xF0, 0x00, 0x00, 0x7F,
  0x80, 0x00, 0x03, 0xFC, 0x00, 0x00, 0x1F, 0xE0, 0x00, 0x00, 0x7F, 0x80, 0x00, 0x03, 0xFC, 0x00,
  0x00, 0x1F, 0xE0, 0x00, 0x00, 0x7F, 0x80, 0x00, 0x03, 0xFC, 0x00, 0x00, 0x1F, 0xE0, 0x00, 0x00,
  0xFF, 0x00, 0x00, 0x03, 0xFC, 0x00, 0x00, 0x1F, 0xE0, 0x00, 0x00, 0xFF, 0x00, 0x00, 0x03, 0xFC,
  0x00, 0x00, 0x1F, 0xE0, 0x00, 0x00, 0xFF, 0x00, 0x00, 0x07, 0xF8, 0x00, 0x00, 0x1F, 0xFF, 0xFF,
  0xF8, 0xFF, 0xFF, 0xFF, 0xE3, 0xFF, 0xFF, 0xFF, 0x8F, 0xFF, 0xFF, 0xFE, 0x3F, 0xFF, 0xFF, 0xF8,
  0xFF, 0xFF, 0xFF, 0xE0, 0x00, 0x00, 0x00, 0x00, 0x1F, 0xC0, 0xFE, 0x03, 0xF8, 0x7E, 0x00, 0x7F,
  0x3F, 0x00, 0x0F, 0xDF, 0x80, 0x01, 0xFF, 0xE0, 0x00, 0x3F, 0xF0, 0x00, 0x07, 0xF8, 0x00, 0x00,
  0xFC, 0x00, 0x00, 0x00, 0x00, 0x00, 0x00, 0x00, 0x00, 0x00, 0x00, 0x00, 0xFF, 0xFF, 0xFC, 0x3F,
  0xFF, 0xFF, 0x0F, 0xFF, 0xFF, 0xC3, 0xFF, 0xFF, 0xF0, 0xFF, 0xFF, 0xFC, 0x3F, 0xFF, 0xFE, 0x00,
  0x00, 0xFF, 0x00, 0x00, 0x7F, 0x80, 0x00, 0x1F, 0xC0, 0x00, 0x0F, 0xF0, 0x00, 0x07, 0xF8, 0x00,
  0x03, 0xFC, 0x00, 0x01, 0xFE, 0x00, 0x00, 0x7F, 0x80, 0x00, 0x3F, 0xC0, 0x00, 0x1F, 0xE0, 0x00,
  0x0F, 0xF0, 0x00, 0x07, 0xF8, 0x00, 0x01, 0xFE, 0x00, 0x00, 0xFF, 0x00, 0x00, 0x7F, 0xFF, 0xFC,
  0x3F, 0xFF, 0xFF, 0x0F, 0xFF, 0xFF, 0xC3, 0xFF, 0xFF, 0xF0, 0xFF, 0xFF, 0xFC, 0x3F, 0xFF, 0xFF,
  0x00, 0x00, 0x00, 0x00, 0x00, 0x20, 0x1F, 0xF1, 0xFF, 0xCF, 0xFF, 0x3F, 0xFD, 0xFF, 0xF7, 0xF8,
  0x1F, 0xC0, 0xFF, 0x03, 0xFC, 0x0F, 0xF0, 0x3F, 0xC0, 0xFF, 0x03, 0xFC, 0x0F, 0xF0, 0x3F, 0xC0,
  0xFF, 0x03, 0xFC, 0x0F, 0xF0, 0x3F, 0xC0, 0xFF, 0x03, 0xFC, 0x0F, 0xF0, 0x3F, 0xC0, 0xFF, 0x03,
  0xFC, 0x0F, 0xF0, 0x3F, 0xC0, 0xFF, 0x03, 0xFC, 0x0F, 0xF0, 0x3F, 0xC0, 0xFF, 0x03, 0xFC, 0x0F,
  0xF0, 0x3F, 0xC0, 0xFF, 0x00,
};

const GFXglyph InterTightBold48Glyphs[] PROGMEM = {
  { 0, 10, 0, 10, 0, 0 }, // U+0020
  { 0, 15, 36, 15, 0, -35 }, // U+0021
  { 68, 25, 35, 25, 0, -35 }, // U+0022
  { 178, 31, 35, 30, -1, -35 }, // U+0023
  { 314, 30, 45, 30, 0, -40 }, // U+0024
  { 483, 40, 39, 40, 0, -37 }, // U+0025
  { 678, 32, 37, 31, 0, -36 }, // U+0026
  { 826, 15, 35, 15, 0, -35 }, // U+0027
  { 892, 17, 45, 16, 0, -38 }, // U+0028
  { 988, 17, 45, 16, 0, -38 }, // U+0029
  { 1084, 26, 35, 26, 0, -35 }, // U+002A
  { 1198, 31, 27, 31, 0, -27 }, // U+002B
  { 1303, 15, 15, 15, 0, -5 }, // U+002C
  { 1332, 21, 18, 21, 0, -18 }, // U+002D
  { 1380, 15, 9, 15, 0, -8 }, // U+002E
  { 1397, 19, 43, 17, -1, -37 }, // U+002F
  { 1500, 31, 37, 31, 0, -36 }, // U+0030
  { 1644, 19, 35, 19, 0, -35 }, // U+0031
  { 1728, 29, 36, 29, 0, -36 }, // U+0032
  { 1859, 30, 37, 30, 0, -36 }, // U+0033
  { 1998, 31, 35, 31, 0, -35 }, // U+0034
  { 2134, 29, 36, 29, 0, -35 }, // U+0035
  { 2265, 30, 37, 30, 0, -36 }, // U+0036
  { 2404, 26, 35, 26, 0, -35 }, // U+0037
  { 2518, 30, 37, 30, 0, -36 }, // U+0038
  { 2657, 30, 37, 30, 0, -36 }, // U+0039
  { 2796, 15, 26, 15, 0, -25 }, // U+003A
  { 2845, 15, 35, 15, 0, -25 }, // U+003B
  { 2911, 31, 28, 31, 0, -28 }, // U+003C
  { 3020, 31, 23, 31, 0, -23 }, // U+003D
  { 3110, 31, 28, 31, 0, -28 }, // U+003E
  { 3219, 25, 37, 25, 0, -36 }, // U+003F
  { 3335, 48, 46, 48, 0, -35 }, // U+0040
  { 3611, 34, 35, 34, 0, -35 }, // U+0041
  { 3760, 30, 35, 30, 0, -35 }, // U+0042
  { 3892, 35, 37, 35, 0, -36 }, // U+0043
  { 4054, 33, 35, 33, 0, -35 }, // U+0044
  { 4199, 28, 35, 28, 0, -35 }, // U+0045
  { 4322, 27, 35, 27, 0, -35 }, // U+0046
  { 4441, 35, 37, 35, 0, -36 }, // U+0047
  { 4603, 34, 35, 34, 0, -35 }, // U+0048
  { 4752, 12, 35, 12, 0, -35 }, // U+0049
  { 4805, 26, 36, 26, 0, -35 }, // U+004A
  { 4922, 32, 35, 32, 0, -35 }, // U+004B
  { 5062, 26, 35, 26, 0, -35 }, // U+004C
  { 5176, 42, 35, 42, 0, -35 }, // U+004D
  { 5360, 34, 35, 34, 0, -35 }, // U+004E
  { 5509, 36, 37, 36, 0, -36 }, // U+004F
  { 5676, 30, 35, 30, 0, -35 }, // U+0050
  { 5808, 36, 39, 36, 0, -36 }, // U+0051
  { 5984, 30, 35, 30, 0, -35 }, // U+0052
  { 6116, 30, 37, 30, 0, -36 }, // U+0053
  { 6255, 31, 35, 31, 0, -35 }, // U+0054
  { 6391, 33, 36, 33, 0, -35 }, // U+0055
  { 6540, 34, 35, 34, 0, -35 }, // U+0056
  { 6689, 49, 35, 48, 0, -35 }, // U+0057
  { 6904, 33, 35, 33, 0, -35 }, // U+0058
  { 7049, 33, 35, 33, 0, -35 }, // U+0059
  { 7194, 30, 35, 30, 0, -35 }, // U+005A
  { 7326, 17, 45, 16, 0, -38 }, // U+005B
  { 7422, 19, 43, 17, -1, -37 }, // U+005C
  { 7525, 17, 45, 16, 0, -38 }, // U+005D
  { 7621, 22, 35, 22, 0, -35 }, // U+005E
  { 7718, 24, 6, 21, -1, 0 }, // U+005F
  { 7736, 21, 37, 21, 0, -37 }, // U+0060
  { 7834, 26, 28, 26, 0, -27 }, // U+0061
  { 7925, 29, 36, 29, 0, -35 }, // U+0062
  { 8056, 27, 28, 27, 0, -27 }, // U+0063
  { 8151, 29, 36, 29, 0, -35 }, // U+0064
  { 8282, 27, 28, 27, 0, -27 }, // U+0065
  { 8377, 18, 37, 17, 0, -37 }, // U+0066
  { 8461, 29, 38, 29, 0, -27 }, // U+0067
  { 8599, 29, 35, 28, 0, -35 }, // U+0068
  { 8726, 12, 37, 12, 0, -37 }, // U+0069
  { 8782, 15, 47, 12, -3, -37 }, // U+006A
  { 8871, 27, 35, 26, 0, -35 }, // U+006B
  { 8990, 12, 35, 12, 0, -35 }, // U+006C
  { 9043, 42, 27, 42, 0, -27 }, // U+006D
  { 9185, 28, 27, 28, 0, -27 }, // U+006E
  { 9280, 28, 28, 28, 0, -27 }, // U+006F
  { 9378, 29, 37, 29, 0, -27 }, // U+0070
  { 9513, 29, 37, 29, 0, -27 }, // U+0071
  { 9648, 18, 27, 18, 0, -27 }, // U+0072
  { 9709, 25, 28, 25, 0, -27 }, // U+0073
  { 9797, 17, 34, 17, 0, -33 }, // U+0074
  { 9870, 28, 28, 28, 0, -27 }, // U+0075
  { 9968, 27, 27, 27, 0, -27 }, // U+0076
  { 10060, 40, 27, 39, 0, -27 }, // U+0077
  { 10195, 26, 27, 26, 0, -27 }, // U+0078
  { 10283, 27, 37, 27, 0, -27 }, // U+0079
  { 10408, 26, 27, 26, 0, -27 }, // U+007A
  { 10496, 21, 45, 21, 0, -38 }, // U+007B
  { 10615, 16, 59, 16, 0, -47 }, // U+007C
  { 10733, 21, 45, 21, 0, -38 }, // U+007D
  { 10852, 31, 20, 31, 0, -20 }, // U+007E
  { 10930, 24, 59, 24, 0, -47 }, // U+007F
  { 11107, 24, 59, 24, 0, -47 }, // U+0080
  { 11284, 24, 59, 24, 0, -47 }, // U+0081
  { 11461, 24, 59, 24, 0, -47 }, // U+0082
  { 11638, 24, 59, 24, 0, -47 }, // U+0083
  { 11815, 24, 59, 24, 0, -47 }, // U+0084
  { 11992, 24, 59, 24, 0, -47 }, // U+0085
  { 12169, 24, 59, 24, 0, -47 }, // U+0086
  { 12346, 24, 59, 24, 0, -47 }, // U+0087
  { 12523, 24, 59, 24, 0, -47 }, // U+0088
  { 12700, 24, 59, 24, 0, -47 }, // U+0089
  { 12877, 24, 59, 24, 0, -47 }, // U+008A
  { 13054, 24, 59, 24, 0, -47 }, // U+008B
  { 13231, 24, 59, 24, 0, -47 }, // U+008C
  { 13408, 24, 59, 24, 0, -47 }, // U+008D
  { 13585, 24, 59, 24, 0, -47 }, // U+008E
  { 13762, 24, 59, 24, 0, -47 }, // U+008F
  { 13939, 24, 59, 24, 0, -47 }, // U+0090
  { 14116, 24, 59, 24, 0, -47 }, // U+0091
  { 14293, 24, 59, 24, 0, -47 }, // U+0092
  { 14470, 24, 59, 24, 0, -47 }, // U+0093
  { 14647, 24, 59, 24, 0, -47 }, // U+0094
  { 14824, 24, 59, 24, 0, -47 }, // U+0095
  { 15001, 24, 59, 24, 0, -47 }, // U+0096
  { 15178, 24, 59, 24, 0, -47 }, // U+0097
  { 15355, 24, 59, 24, 0, -47 }, // U+0098
  { 15532, 24, 59, 24, 0, -47 }, // U+0099
  { 15709, 24, 59, 24, 0, -47 }, // U+009A
  { 15886, 24, 59, 24, 0, -47 }, // U+009B
  { 16063, 24, 59, 24, 0, -47 }, // U+009C
  { 16240, 24, 59, 24, 0, -47 }, // U+009D
  { 16417, 24, 59, 24, 0, -47 }, // U+009E
  { 16594, 24, 59, 24, 0, -47 }, // U+009F
  { 16771, 10, 0, 10, 0, 0 }, // U+00A0
  { 16771, 15, 36, 15, 0, -27 }, // U+00A1
  { 16839, 27, 35, 27, 0, -35 }, // U+00A2
  { 16958, 31, 36, 31, 0, -36 }, // U+00A3
  { 17098, 35, 31, 35, 0, -30 }, // U+00A4
  { 17234, 28, 35, 26, -1, -35 }, // U+00A5
  { 17357, 15, 42, 15, 0, -35 }, // U+00A6
  { 17436, 27, 44, 27, 0, -36 }, // U+00A7
  { 17585, 24, 37, 24, 0, -37 }, // U+00A8
  { 17696, 42, 37, 42, 0, -36 }, // U+00A9
  { 17891, 22, 35, 22, 0, -35 }, // U+00AA
  { 17988, 29, 25, 29, 0, -25 }, // U+00AB
  { 18079, 26, 19, 26, 0, -19 }, // U+00AC
  { 18141, 0, 0, 1, 0, 0 }, // U+00AD
  { 18141, 30, 36, 30, 0, -36 }, // U+00AE
  { 18276, 26, 35, 26, 0, -35 }, // U+00AF
  { 18390, 20, 36, 20, 0, -36 }, // U+00B0
  { 18480, 31, 28, 31, 0, -28 }, // U+00B1
  { 18589, 19, 39, 19, 0, -39 }, // U+00B2
  { 18682, 20, 39, 20, 0, -39 }, // U+00B3
  { 18780, 21, 37, 21, 0, -37 }, // U+00B4
  { 18878, 30, 37, 30, 0, -27 }, // U+00B5
  { 19017, 28, 35, 28, 0, -35 }, // U+00B6
  { 19140, 15, 20, 15, 0, -20 }, // U+00B7
  { 19178, 16, 13, 16, 0, -1 }, // U+00B8
  { 19204, 14, 39, 14, 0, -39 }, // U+00B9
  { 19273, 22, 35, 22, 0, -35 }, // U+00BA
  { 19370, 29, 25, 29, 0, -25 }, // U+00BB
  { 19461, 41, 35, 41, 0, -35 }, // U+00BC
  { 19641, 42, 35, 42, 0, -35 }, // U+00BD
  { 19825, 45, 35, 45, 0, -35 }, // U+00BE
  { 20022, 25, 37, 25, 0, -27 }, // U+00BF
  { 20138, 34, 46, 34, 0, -46 }, // U+00C0
  { 20334, 34, 46, 34, 0, -46 }, // U+00C1
  { 20530, 34, 46, 34, 0, -46 }, // U+00C2
  { 20726, 34, 45, 34, 0, -45 }, // U+00C3
  { 20918, 34, 46, 34, 0, -46 }, // U+00C4
  { 21114, 34, 48, 34, 0, -48 }, // U+00C5
  { 21318, 48, 35, 48, 0, -35 }, // U+00C6
  { 21528, 35, 48, 35, 0, -36 }, // U+00C7
  { 21738, 28, 46, 28, 0, -46 }, // U+00C8
  { 21899, 28, 46, 28, 0, -46 }, // U+00C9
  { 22060, 28, 46, 28, 0, -46 }, // U+00CA
  { 22221, 28, 46, 28, 0, -46 }, // U+00CB
  { 22382, 14, 46, 12, -2, -46 }, // U+00CC
  { 22463, 14, 46, 12, 0, -46 }, // U+00CD
  { 22544, 20, 46, 12, -4, -46 }, // U+00CE
  { 22659, 18, 46, 12, -3, -46 }, // U+00CF
  { 22763, 36, 35, 33, -3, -35 }, // U+00D0
  { 22921, 34, 45, 34, 0, -45 }, // U+00D1
  { 23113, 36, 47, 36, 0, -46 }, // U+00D2
  { 23325, 36, 47, 36, 0, -46 }, // U+00D3
  { 23537, 36, 47, 36, 0, -46 }, // U+00D4
  { 23749, 36, 46, 36, 0, -45 }, // U+00D5
  { 23956, 36, 47, 36, 0, -46 }, // U+00D6
  { 24168, 31, 27, 31, 0, -27 }, // U+00D7
  { 24273, 36, 39, 36, 0, -37 }, // U+00D8
  { 24449, 33, 47, 33, 0, -46 }, // U+00D9
  { 24643, 33, 47, 33, 0, -46 }, // U+00DA
  { 24837, 33, 47, 33, 0, -46 }, // U+00DB
  { 25031, 33, 47, 33, 0, -46 }, // U+00DC
  { 25225, 33, 46, 33, 0, -46 }, // U+00DD
  { 25415, 31, 35, 31, 0, -35 }, // U+00DE
  { 25551, 30, 36, 30, 0, -36 }, // U+00DF
  { 25686, 26, 38, 26, 0, -37 }, // U+00E0
  { 25810, 26, 38, 26, 0, -37 }, // U+00E1
  { 25934, 26, 39, 26, 0, -38 }, // U+00E2
  { 26061, 26, 37, 26, 0, -36 }, // U+00E3
  { 26182, 26, 38, 26, 0, -37 }, // U+00E4
  { 26306, 26, 42, 26, 0, -41 }, // U+00E5
  { 26443, 42, 28, 42, 0, -27 }, // U+00E6
  { 26590, 27, 39, 27, 0, -27 }, // U+00E7
  { 26722, 27, 38, 27, 0, -37 }, // U+00E8
  { 26851, 27, 38, 27, 0, -37 }, // U+00E9
  { 26980, 27, 39, 27, 0, -38 }, // U+00EA
  { 27112, 27, 38, 27, 0, -37 }, // U+00EB
  { 27241, 14, 37, 12, -2, -37 }, // U+00EC
  { 27306, 13, 37, 12, 0, -37 }, // U+00ED
  { 27367, 20, 38, 12, -4, -38 }, // U+00EE
  { 27462, 19, 37, 12, -4, -37 }, // U+00EF
  { 27550, 27, 38, 27, 0, -37 }, // U+00F0
  { 27679, 28, 36, 28, 0, -36 }, // U+00F1
  { 27805, 28, 38, 28, 0, -37 }, // U+00F2
  { 27938, 28, 38, 28, 0, -37 }, // U+00F3
  { 28071, 28, 39, 28, 0, -38 }, // U+00F4
  { 28208, 28, 37, 28, 0, -36 }, // U+00F5
  { 28338, 28, 38, 28, 0, -37 }, // U+00F6
  { 28471, 31, 28, 31, 0, -28 }, // U+00F7
  { 28580, 28, 30, 28, 0, -28 }, // U+00F8
  { 28685, 28, 38, 28, 0, -37 }, // U+00F9
  { 28818, 28, 38, 28, 0, -37 }, // U+00FA
  { 28951, 28, 39, 28, 0, -38 }, // U+00FB
  { 29088, 28, 38, 28, 0, -37 }, // U+00FC
  { 29221, 27, 47, 27, 0, -37 }, // U+00FD
  { 29380, 29, 45, 29, 0, -35 }, // U+00FE
  { 29544, 27, 47, 27, 0, -37 }, // U+00FF
  { 29703, 34, 44, 34, 0, -44 }, // U+0100
  { 29890, 26, 36, 26, 0, -35 }, // U+0101
  { 30007, 34, 46, 34, 0, -46 }, // U+0102
  { 30203, 26, 38, 26, 0, -37 }, // U+0103
  { 30327, 35, 45, 34, 0, -35 }, // U+0104
  { 30524, 26, 37, 26, 0, -27 }, // U+0105
  { 30645, 35, 47, 35, 0, -46 }, // U+0106
  { 30851, 27, 38, 27, 0, -37 }, // U+0107
  { 30980, 35, 47, 35, 0, -46 }, // U+0108
  { 31186, 27, 39, 27, 0, -38 }, // U+0109
  { 31318, 35, 47, 35, 0, -46 }, // U+010A
  { 31524, 27, 38, 27, 0, -37 }, // U+010B
  { 31653, 35, 48, 35, 0, -47 }, // U+010C
  { 31863, 27, 39, 27, 0, -38 }, // U+010D
  { 31995, 33, 47, 33, 0, -47 }, // U+010E
  { 32189, 36, 38, 34, 0, -37 }, // U+010F
  { 32360, 36, 35, 33, -3, -35 }, // U+0110
  { 32518, 30, 36, 29, 0, -35 }, // U+0111
  { 32653, 28, 44, 28, 0, -44 }, // U+0112
  { 32807, 27, 36, 27, 0, -35 }, // U+0113
  { 32929, 28, 46, 28, 0, -46 }, // U+0114
  { 33090, 27, 38, 27, 0, -37 }, // U+0115
  { 33219, 28, 46, 28, 0, -46 }, // U+0116
  { 33380, 27, 38, 27, 0, -37 }, // U+0117
  { 33509, 28, 45, 28, 0, -35 }, // U+0118
  { 33667, 27, 36, 27, 0, -27 }, // U+0119
  { 33789, 28, 47, 28, 0, -47 }, // U+011A
  { 33954, 27, 39, 27, 0, -38 }, // U+011B
  { 34086, 35, 47, 35, 0, -46 }, // U+011C
  { 34292, 29, 49, 29, 0, -38 }, // U+011D
  { 34470, 35, 47, 35, 0, -46 }, // U+011E
  { 34676, 29, 48, 29, 0, -37 }, // U+011F
  { 34850, 35, 47, 35, 0, -46 }, // U+0120
  { 35056, 29, 48, 29, 0, -37 }, // U+0121
  { 35230, 35, 48, 35, 0, -36 }, // U+0122
  { 35440, 29, 52, 29, 0, -41 }, // U+0123
  { 35629, 34, 46, 34, 0, -46 }, // U+0124
  { 35825, 33, 46, 28, -4, -46 }, // U+0125
  { 36015, 37, 35, 37, 0, -35 }, // U+0126
  { 36177, 32, 35, 28, -3, -35 }, // U+0127
  { 36317, 18, 45, 12, -3, -45 }, // U+0128
  { 36419, 18, 36, 12, -3, -36 }, // U+0129
  { 36500, 18, 44, 12, -3, -44 }, // U+012A
  { 36599, 18, 35, 12, -3, -35 }, // U+012B
  { 36678, 18, 46, 12, -3, -46 }, // U+012C
  { 36782, 18, 37, 12, -3, -37 }, // U+012D
  { 36866, 12, 45, 12, 0, -35 }, // U+012E
  { 36934, 14, 47, 12, -2, -37 }, // U+012F
  { 37017, 12, 46, 12, 0, -46 }, // U+0130
  { 37086, 12, 27, 12, 0, -27 }, // U+0131
  { 37127, 38, 36, 38, 0, -35 }, // U+0132
  { 37298, 23, 47, 23, 0, -37 }, // U+0133
  { 37434, 30, 47, 26, 0, -46 }, // U+0134
  { 37611, 20, 48, 12, -4, -38 }, // U+0135
  { 37731, 32, 47, 32, 0, -35 }, // U+0136
  { 37919, 27, 47, 26, 0, -35 }, // U+0137
  { 38078, 30, 27, 30, 0, -27 }, // U+0138
  { 38180, 26, 46, 26, 0, -46 }, // U+0139
  { 38330, 13, 46, 12, 0, -46 }, // U+013A
  { 38405, 26, 47, 26, 0, -35 }, // U+013B
  { 38558, 12, 47, 12, 0, -35 }, // U+013C
  { 38629, 26, 37, 26, 0, -37 }, // U+013D
  { 38750, 18, 37, 16, 0, -37 }, // U+013E
  { 38834, 26, 35, 26, 0, -35 }, // U+013F
  { 38948, 20, 35, 18, 0, -35 }, // U+0140
  { 39036, 28, 35, 27, -1, -35 }, // U+0141
  { 39159, 15, 35, 12, -2, -35 }, // U+0142
  { 39225, 34, 46, 34, 0, -46 }, // U+0143
  { 39421, 28, 37, 28, 0, -37 }, // U+0144
  { 39551, 34, 47, 34, 0, -35 }, // U+0145
  { 39751, 28, 39, 28, 0, -27 }, // U+0146
  { 39888, 34, 47, 34, 0, -47 }, // U+0147
  { 40088, 28, 38, 28, 0, -38 }, // U+0148
  { 40221, 24, 59, 24, 0, -47 }, // U+0149
  { 40398, 34, 46, 34, 0, -35 }, // U+014A
  { 40594, 28, 37, 28, 0, -27 }, // U+014B
  { 40724, 36, 45, 36, 0, -44 }, // U+014C
  { 40927, 28, 36, 28, 0, -35 }, // U+014D
  { 41053, 36, 47, 36, 0, -46 }, // U+014E
  { 41265, 28, 38, 28, 0, -37 }, // U+014F
  { 41398, 36, 46, 36, 0, -45 }, // U+0150
  { 41605, 28, 37, 28, 0, -36 }, // U+0151
  { 41735, 48, 35, 48, 0, -35 }, // U+0152
  { 41945, 46, 28, 46, 0, -27 }, // U+0153
  { 42106, 30, 46, 30, 0, -46 }, // U+0154
  { 42279, 18, 37, 18, 0, -37 }, // U+0155
  { 42363, 30, 47, 30, 0, -35 }, // U+0156
  { 42540, 18, 39, 18, 0, -27 }, // U+0157
  { 42628, 30, 47, 30, 0, -47 }, // U+0158
  { 42805, 20, 38, 18, 0, -38 }, // U+0159
  { 42900, 30, 47, 30, 0, -46 }, // U+015A
  { 43077, 25, 38, 25, 0, -37 }, // U+015B
  { 43196, 30, 47, 30, 0, -46 }, // U+015C
  { 43373, 25, 39, 25, 0, -38 }, // U+015D
  { 43495, 30, 48, 30, 0, -36 }, // U+015E
  { 43675, 25, 39, 25, 0, -27 }, // U+015F
  { 43797, 30, 48, 30, 0, -47 }, // U+0160
  { 43977, 25, 39, 25, 0, -38 }, // U+0161
  { 44099, 31, 47, 31, 0, -35 }, // U+0162
  { 44282, 18, 45, 17, 0, -33 }, // U+0163
  { 44384, 31, 47, 31, 0, -47 }, // U+0164
  { 44567, 20, 40, 19, 0, -39 }, // U+0165
  { 44667, 31, 35, 31, 0, -35 }, // U+0166
  { 44803, 17, 34, 17, 0, -33 }, // U+0167
  { 44876, 33, 46, 33, 0, -45 }, // U+0168
  { 45066, 28, 37, 28, 0, -36 }, // U+0169
  { 45196, 33, 45, 33, 0, -44 }, // U+016A
  { 45382, 28, 36, 28, 0, -35 }, // U+016B
  { 45508, 33, 47, 33, 0, -46 }, // U+016C
  { 45702, 28, 38, 28, 0, -37 }, // U+016D
  { 45835, 33, 49, 33, 0, -48 }, // U+016E
  { 46038, 28, 42, 28, 0, -41 }, // U+016F
  { 46185, 33, 46, 33, 0, -45 }, // U+0170
  { 46375, 28, 37, 28, 0, -36 }, // U+0171
  { 46505, 33, 45, 33, 0, -35 }, // U+0172
  { 46691, 28, 37, 28, 0, -27 }, // U+0173
  { 46821, 49, 46, 48, 0, -46 }, // U+0174
  { 47103, 40, 38, 39, 0, -38 }, // U+0175
  { 47293, 33, 46, 33, 0, -46 }, // U+0176
  { 47483, 27, 48, 27, 0, -38 }, // U+0177
  { 47645, 33, 46, 33, 0, -46 }, // U+0178
  { 47835, 30, 46, 30, 0, -46 }, // U+0179
  { 48008, 26, 37, 26, 0, -37 }, // U+017A
  { 48129, 30, 46, 30, 0, -46 }, // U+017B
  { 48302, 26, 37, 26, 0, -37 }, // U+017C
  { 48423, 30, 47, 30, 0, -47 }, // U+017D
  { 48600, 26, 38, 26, 0, -38 }, // U+017E
  { 48724, 14, 37, 12, -1, -37 }, // U+017F
};

const GFXfont InterTightBold48 PROGMEM = {
  (uint8_t *)InterTightBold48Bitmaps,
  (GFXglyph *)InterTightBold48Glyphs,
  0x0020, 0x017F, 59
};
