#pragma once

// Generated from Inter Tight under the SIL Open Font License 1.1.
const uint8_t InterTightBold36Bitmaps[] PROGMEM = {
  0x1F, 0x83, 0xF0, 0x7E, 0x0F, 0x81, 0xF0, 0x3E, 0x07, 0xC0, 0xF8, 0x1F, 0x03, 0xE0, 0x7C, 0x0F,
  0x81, 0xF0, 0x3E, 0x07, 0xC0, 0xF8, 0x1F, 0x03, 0xE0, 0x00, 0x00, 0x00, 0xE0, 0x3E, 0x07, 0xE1,
  0xFC, 0x1F, 0x83, 0xE0, 0x00, 0x00, 0x00, 0x1F, 0x1F, 0x03, 0xE3, 0xE0, 0x7C, 0x7C, 0x0F, 0x8F,
  0x81, 0xF1, 0xF0, 0x3E, 0x3E, 0x07, 0xC7, 0xC0, 0xF8, 0xF8, 0x1F, 0x1F, 0x03, 0xE3, 0xE0, 0x7C,
  0x7C, 0x00, 0x00, 0x00, 0x00, 0x00, 0x00, 0x00, 0x00, 0x00, 0x00, 0x00, 0x00, 0x00, 0x00, 0x00,
  0x00, 0x00, 0x00, 0x00, 0x00, 0x00, 0x00, 0x00, 0x00, 0x00, 0x00, 0x00, 0x00, 0x00, 0x00, 0x00,
  0x00, 0x00, 0x00, 0x00, 0x00, 0x00, 0x00, 0x00, 0x03, 0xE0, 0xF0, 0x03, 0xC0, 0xF0, 0x03, 0xC1,
  0xE0, 0x03, 0xC1, 0xE0, 0x03, 0xC1, 0xE0, 0x03, 0xC1, 0xE0, 0x3F, 0xFF, 0xFC, 0x3F, 0xFF, 0xFC,
  0x3F, 0xFF, 0xFC, 0x7F, 0xFF, 0xFC, 0x07, 0x83, 0xC0, 0x07, 0x83, 0xC0, 0x0F, 0x83, 0xC0, 0x0F,
  0x03, 0xC0, 0x0F, 0x07, 0xC0, 0xFF, 0xFF, 0xF8, 0xFF, 0xFF, 0xF8, 0xFF, 0xFF, 0xF8, 0xFF, 0xFF,
  0xF0, 0xFF, 0xFF, 0xF0, 0x1E, 0x0F, 0x80, 0x1E, 0x0F, 0x00, 0x1E, 0x0F, 0x00, 0x1E, 0x0F, 0x00,
  0x1E, 0x0F, 0x00, 0x3E, 0x1F, 0x00, 0x00, 0x00, 0x00, 0x00, 0x30, 0x00, 0x00, 0xC0, 0x00, 0x03,
  0x00, 0x00, 0xFF, 0xE0, 0x07, 0xFF, 0xC0, 0x7F, 0xFF, 0x81, 0xFF, 0xFF, 0x0F, 0xEC, 0xFE, 0x3F,
  0x31, 0xF8, 0xF8, 0xC3, 0xE3, 0xE3, 0x00, 0x0F, 0xCC, 0x00, 0x3F, 0xB0, 0x00, 0xFF, 0xC0, 0x01,
  0xFF, 0xF0, 0x03, 0xFF, 0xF0, 0x03, 0xFF, 0xE0, 0x03, 0xFF, 0xC0, 0x03, 0xFF, 0x80, 0x0C, 0x7E,
  0x00, 0x30, 0xF9, 0xF0, 0xC3, 0xF7, 0xE3, 0x0F, 0x9F, 0x8C, 0x7E, 0x3F, 0xF7, 0xF8, 0xFF, 0xFF,
  0xC1, 0xFF, 0xFF, 0x03, 0xFF, 0xF8, 0x03, 0xFF, 0x80, 0x00, 0xC0, 0x00, 0x03, 0x00, 0x00, 0x0C,
  0x00, 0x00, 0x00, 0x00, 0x00, 0x00, 0x00, 0x07, 0xE0, 0x00, 0x00, 0x3F, 0xC0, 0x0E, 0x01, 0xFF,
  0x80, 0x70, 0x07, 0x9F, 0x03, 0xC0, 0x1C, 0x3C, 0x0E, 0x00, 0xF0, 0xF0, 0x70, 0x03, 0xC3, 0xC3,
  0xC0, 0x0F, 0x0F, 0x1E, 0x00, 0x1C, 0x3C, 0x70, 0x00, 0x79, 0xF3, 0xC0, 0x01, 0xFF, 0x9E, 0x00,
  0x03, 0xFC, 0x70, 0x00, 0x03, 0xC3, 0x80, 0x00, 0x00, 0x1E, 0x00, 0x00, 0x00, 0x70, 0x00, 0x00,
  0x03, 0x87, 0xC0, 0x00, 0x1E, 0x7F, 0xC0, 0x00, 0x71, 0xFF, 0x80, 0x03, 0x8F, 0x1E, 0x00, 0x1E,
  0x3C, 0x78, 0x00, 0x70, 0xF0, 0xE0, 0x03, 0x83, 0xC3, 0x80, 0x1E, 0x0F, 0x0E, 0x00, 0xF0, 0x3C,
  0x78, 0x03, 0x80, 0xFB, 0xE0, 0x1E, 0x01, 0xFF, 0x00, 0xF0, 0x03, 0xFC, 0x00, 0x00, 0x07, 0xC0,
  0x00, 0x00, 0x00, 0x00, 0x00, 0x20, 0x00, 0x03, 0xFC, 0x00, 0x07, 0xFE, 0x00, 0x0F, 0xFF, 0x00,
  0x0F, 0xFF, 0x80, 0x1F, 0x8F, 0x80, 0x1F, 0x07, 0x80, 0x1F, 0x07, 0x80, 0x1F, 0x0F, 0x80, 0x1F,
  0x9F, 0x00, 0x0F, 0xBF, 0x00, 0x0F, 0xFE, 0x00, 0x07, 0xFC, 0x00, 0x07, 0xF0, 0x00, 0x0F, 0xF8,
  0x7C, 0x1F, 0xFC, 0x7C, 0x3F, 0xFC, 0x7C, 0x7E, 0x7E, 0x7C, 0x7C, 0x3F, 0xF8, 0x7C, 0x1F, 0xF8,
  0x7C, 0x0F, 0xF8, 0x7E, 0x07, 0xF0, 0x7F, 0x0F, 0xF0, 0x3F, 0xFF, 0xF0, 0x3F, 0xFF, 0xF8, 0x1F,
  0xFF, 0xFC, 0x07, 0xFC, 0x7F, 0x00, 0x00, 0x00, 0x1F, 0x03, 0xE0, 0x7C, 0x0F, 0x81, 0xF0, 0x3E,
  0x07, 0xC0, 0xF8, 0x1F, 0x03, 0xE0, 0x7C, 0x00, 0x00, 0x00, 0x00, 0x00, 0x00, 0x00, 0x00, 0x00,
  0x00, 0x00, 0x00, 0x00, 0x00, 0x00, 0x00, 0x00, 0x00, 0x00, 0x00, 0x00, 0x00, 0x00, 0x01, 0xF0,
  0x3E, 0x03, 0xE0, 0x7C, 0x07, 0xC0, 0xFC, 0x0F, 0xC0, 0xF8, 0x1F, 0x81, 0xF8, 0x1F, 0x81, 0xF0,
  0x1F, 0x03, 0xF0, 0x3F, 0x03, 0xF0, 0x3F, 0x03, 0xF0, 0x3F, 0x03, 0xF0, 0x3F, 0x01, 0xF0, 0x1F,
  0x01, 0xF8, 0x1F, 0x81, 0xF8, 0x0F, 0x80, 0xFC, 0x07, 0xC0, 0x7C, 0x07, 0xE0, 0x3E, 0x01, 0xF0,
  0x7C, 0x07, 0xC0, 0x7E, 0x03, 0xE0, 0x3F, 0x01, 0xF0, 0x1F, 0x01, 0xF8, 0x1F, 0x80, 0xF8, 0x0F,
  0x80, 0xFC, 0x0F, 0xC0, 0xFC, 0x0F, 0xC0, 0xFC, 0x07, 0xC0, 0x7C, 0x0F, 0xC0, 0xFC, 0x0F, 0xC0,
  0xFC, 0x0F, 0xC0, 0xF8, 0x0F, 0x81, 0xF8, 0x1F, 0x81, 0xF0, 0x3F, 0x03, 0xE0, 0x3E, 0x07, 0xC0,
  0x7C, 0x00, 0x00, 0xE0, 0x00, 0x1C, 0x00, 0x23, 0x88, 0x0E, 0x73, 0x83, 0xFF, 0xF8, 0x3F, 0xFE,
  0x01, 0xFF, 0x00, 0x1F, 0xC0, 0x0F, 0xFE, 0x07, 0xFF, 0xF0, 0x7B, 0xBC, 0x04, 0x71, 0x80, 0x0E,
  0x00, 0x01, 0xC0, 0x00, 0x38, 0x00, 0x00, 0x00, 0x00, 0x00, 0x00, 0x00, 0x00, 0x00, 0x00, 0x00,
  0x00, 0x00, 0x00, 0x00, 0x00, 0x00, 0x00, 0x00, 0x00, 0x00, 0x00, 0x00, 0x00, 0x00, 0x00, 0x00,
  0x00, 0x00, 0x00, 0x00, 0x7C, 0x00, 0x00, 0xF8, 0x00, 0x01, 0xF0, 0x00, 0x03, 0xE0, 0x00, 0x07,
  0xC0, 0x00, 0x0F, 0x80, 0x00, 0x1F, 0x00, 0x0F, 0xFF, 0xFC, 0x1F, 0xFF, 0xF8, 0x3F, 0xFF, 0xF0,
  0x7F, 0xFF, 0xE0, 0xFF, 0xFF, 0xC0, 0x07, 0xC0, 0x00, 0x0F, 0x80, 0x00, 0x1F, 0x00, 0x00, 0x3E,
  0x00, 0x00, 0x7C, 0x00, 0x00, 0xF8, 0x00, 0x01, 0xF0, 0x00, 0x00, 0x00, 0x00, 0x1F, 0x01, 0xF0,
  0x1F, 0x01, 0xE0, 0x3E, 0x03, 0xE0, 0x3C, 0x03, 0xC0, 0x3C, 0x03, 0xC0, 0x78, 0x00, 0x00, 0x3F,
  0xFC, 0x3F, 0xFC, 0x3F, 0xFC, 0x3F, 0xFC, 0x00, 0x00, 0x00, 0x00, 0x00, 0x00, 0x00, 0x00, 0x00,
  0x00, 0x00, 0x00, 0x00, 0x00, 0x00, 0x00, 0x00, 0x00, 0x0E, 0x03, 0xE0, 0xFC, 0x1F, 0xC1, 0xF0,
  0x3E, 0x00, 0x00, 0x00, 0xF8, 0x03, 0xC0, 0x0F, 0x00, 0x7C, 0x01, 0xF0, 0x07, 0x80, 0x3E, 0x00,
  0xF8, 0x03, 0xE0, 0x0F, 0x00, 0x7C, 0x01, 0xF0, 0x07, 0xC0, 0x1E, 0x00, 0xF8, 0x03, 0xE0, 0x0F,
  0x00, 0x7C, 0x01, 0xF0, 0x07, 0xC0, 0x1E, 0x00, 0xF8, 0x03, 0xE0, 0x0F, 0x80, 0x3C, 0x01, 0xF0,
  0x07, 0xC0, 0x1E, 0x00, 0x78, 0x03, 0xE0, 0x0F, 0x80, 0x00, 0x00, 0x00, 0x10, 0x00, 0x01, 0xFF,
  0x80, 0x03, 0xFF, 0xC0, 0x0F, 0xFF, 0xE0, 0x0F, 0xFF, 0xF0, 0x1F, 0xC3, 0xF8, 0x1F, 0x81, 0xF8,
  0x3F, 0x00, 0xF8, 0x3F, 0x00, 0xFC, 0x3E, 0x00, 0xFC, 0x7E, 0x00, 0xFC, 0x7E, 0x00, 0x7C, 0x7E,
  0x00, 0x7C, 0x7E, 0x00, 0x7C, 0x7E, 0x00, 0x7C, 0x7E, 0x00, 0x7C, 0x7E, 0x00, 0x7C, 0x7E, 0x00,
  0xFC, 0x3E, 0x00, 0xFC, 0x3F, 0x00, 0xFC, 0x3F, 0x01, 0xF8, 0x1F, 0x81, 0xF8, 0x1F, 0xC7, 0xF0,
  0x0F, 0xFF, 0xF0, 0x07, 0xFF, 0xE0, 0x03, 0xFF, 0xC0, 0x01, 0xFF, 0x00, 0x00, 0x00, 0x00, 0x03,
  0xF8, 0x1F, 0xE1, 0xFF, 0x8F, 0xFE, 0x7F, 0xF9, 0xF7, 0xE7, 0x9F, 0x98, 0x7E, 0x41, 0xF8, 0x07,
  0xE0, 0x1F, 0x80, 0x7E, 0x01, 0xF8, 0x07, 0xE0, 0x1F, 0x80, 0x7E, 0x01, 0xF8, 0x07, 0xE0, 0x1F,
  0x80, 0x7E, 0x01, 0xF8, 0x07, 0xE0, 0x1F, 0x80, 0x7E, 0x01, 0xF8, 0x07, 0xE0, 0x00, 0x00, 0x00,
  0x20, 0x00, 0x0F, 0xFC, 0x00, 0xFF, 0xF8, 0x07, 0xFF, 0xF0, 0x3F, 0xFF, 0xE0, 0xFC, 0x1F, 0x83,
  0xE0, 0x3F, 0x1F, 0x80, 0xFC, 0x7E, 0x03, 0xF0, 0x00, 0x0F, 0xC0, 0x00, 0x3E, 0x00, 0x01, 0xF8,
  0x00, 0x07, 0xE0, 0x00, 0x3F, 0x00, 0x01, 0xF8, 0x00, 0x0F, 0xC0, 0x00, 0x7E, 0x00, 0x07, 0xF0,
  0x00, 0x3F, 0x80, 0x01, 0xFC, 0x00, 0x0F, 0xE0, 0x00, 0x7F, 0x00, 0x03, 0xFF, 0xFF, 0x0F, 0xFF,
  0xFC, 0x3F, 0xFF, 0xF0, 0xFF, 0xFF, 0xC3, 0xFF, 0xFF, 0x00, 0x00, 0x18, 0x00, 0x07, 0xFE, 0x00,
  0x1F, 0xFF, 0x00, 0x7F, 0xFF, 0x01, 0xFF, 0xFE, 0x07, 0xF0, 0x7E, 0x0F, 0xC0, 0x7C, 0x1F, 0x00,
  0xF8, 0x00, 0x01, 0xF0, 0x00, 0x03, 0xE0, 0x00, 0x0F, 0xC0, 0x00, 0xFF, 0x00, 0x0F, 0xFC, 0x00,
  0x1F, 0xC0, 0x00, 0x3F, 0xF0, 0x00, 0x7F, 0xF8, 0x00, 0x03, 0xF0, 0x00, 0x03, 0xF0, 0x00, 0x07,
  0xE0, 0x00, 0x0F, 0xC7, 0xE0, 0x1F, 0x87, 0xE0, 0x3F, 0x0F, 0xF1, 0xFE, 0x1F, 0xFF, 0xF8, 0x1F,
  0xFF, 0xE0, 0x1F, 0xFF, 0x80, 0x0F, 0xFC, 0x00, 0x00, 0x00, 0x00, 0x00, 0x0F, 0xE0, 0x00, 0x3F,
  0xC0, 0x00, 0xFF, 0x80, 0x01, 0xFF, 0x00, 0x07, 0xFE, 0x00, 0x1F, 0xFC, 0x00, 0x3E, 0xF8, 0x00,
  0xFD, 0xF0, 0x01, 0xF3, 0xE0, 0x07, 0xC7, 0xC0, 0x1F, 0x8F, 0x80, 0x3E, 0x1F, 0x00, 0xF8, 0x3E,
  0x03, 0xF0, 0x7C, 0x07, 0xC0, 0xF8, 0x1F, 0x81, 0xF0, 0x7E, 0x03, 0xE0, 0xFF, 0xFF, 0xF9, 0xFF,
  0xFF, 0xF3, 0xFF, 0xFF, 0xE7, 0xFF, 0xFF, 0xC0, 0x00, 0x7C, 0x00, 0x00, 0xF8, 0x00, 0x01, 0xF0,
  0x00, 0x03, 0xE0, 0x00, 0x07, 0xC0, 0x00, 0x00, 0x00, 0x1F, 0xFF, 0xE0, 0x7F, 0xFF, 0x81, 0xFF,
  0xFE, 0x07, 0xFF, 0xF8, 0x1F, 0x00, 0x00, 0x7C, 0x00, 0x01, 0xF0, 0x00, 0x07, 0xC0, 0x00, 0x1F,
  0x00, 0x00, 0x79, 0xFC, 0x03, 0xEF, 0xFC, 0x0F, 0xFF, 0xF8, 0x3F, 0xFF, 0xF0, 0xFC, 0x0F, 0xC0,
  0x10, 0x1F, 0x80, 0x00, 0x7E, 0x00, 0x01, 0xF8, 0x00, 0x07, 0xE0, 0x00, 0x1F, 0x8F, 0x80, 0x7E,
  0x3F, 0x03, 0xF0, 0xFE, 0x1F, 0xC1, 0xFF, 0xFE, 0x03, 0xFF, 0xF0, 0x07, 0xFF, 0x80, 0x07, 0xFC,
  0x00, 0x00, 0x00, 0x00, 0x00, 0x00, 0x00, 0x10, 0x00, 0x03, 0xFF, 0x00, 0x0F, 0xFF, 0x00, 0x3F,
  0xFF, 0x00, 0xFF, 0xFF, 0x03, 0xF8, 0xFE, 0x07, 0xE0, 0x7E, 0x1F, 0x80, 0xFC, 0x3E, 0x00, 0x00,
  0x7C, 0x00, 0x01, 0xF8, 0xFE, 0x03, 0xF7, 0xFE, 0x07, 0xFF, 0xFE, 0x0F, 0xFF, 0xFE, 0x1F, 0xE0,
  0xFE, 0x3F, 0x80, 0xFC, 0x7F, 0x00, 0xF8, 0xFC, 0x01, 0xF0, 0xF8, 0x03, 0xE1, 0xF0, 0x07, 0xC3,
  0xF0, 0x0F, 0x87, 0xE0, 0x3F, 0x07, 0xF0, 0xFC, 0x07, 0xFF, 0xF8, 0x0F, 0xFF, 0xE0, 0x07, 0xFF,
  0x80, 0x07, 0xFC, 0x00, 0x00, 0x00, 0x00, 0x7F, 0xFF, 0xE7, 0xFF, 0xFE, 0x7F, 0xFF, 0xE7, 0xFF,
  0xFE, 0x00, 0x07, 0xE0, 0x00, 0x7E, 0x00, 0x0F, 0xC0, 0x00, 0xFC, 0x00, 0x1F, 0x80, 0x01, 0xF8,
  0x00, 0x3F, 0x00, 0x03, 0xF0, 0x00, 0x7E, 0x00, 0x07, 0xE0, 0x00, 0xFC, 0x00, 0x0F, 0xC0, 0x01,
  0xF8, 0x00, 0x1F, 0x80, 0x03, 0xF0, 0x00, 0x3F, 0x00, 0x07, 0xE0, 0x00, 0x7E, 0x00, 0x0F, 0xC0,
  0x00, 0xFC, 0x00, 0x1F, 0x80, 0x01, 0xF8, 0x00, 0x00, 0x00, 0x00, 0x00, 0x38, 0x00, 0x07, 0xFE,
  0x00, 0x1F, 0xFF, 0x00, 0x7F, 0xFF, 0x01, 0xFF, 0xFF, 0x07, 0xF0, 0x7E, 0x0F, 0xC0, 0x7C, 0x1F,
  0x80, 0xFC, 0x3F, 0x01, 0xF0, 0x7E, 0x03, 0xE0, 0x7E, 0x0F, 0xC0, 0x7F, 0x7F, 0x00, 0x7F, 0xFC,
  0x00, 0x3F, 0xE0, 0x03, 0xFF, 0xF0, 0x0F, 0xFF, 0xF8, 0x3F, 0x03, 0xF0, 0x7E, 0x03, 0xF1, 0xF8,
  0x03, 0xE3, 0xF0, 0x07, 0xE7, 0xE0, 0x0F, 0x8F, 0xE0, 0x3F, 0x0F, 0xE0, 0xFE, 0x1F, 0xFF, 0xF8,
  0x1F, 0xFF, 0xF0, 0x1F, 0xFF, 0x80, 0x0F, 0xFC, 0x00, 0x00, 0x00, 0x00, 0x00, 0x30, 0x00, 0x07,
  0xFE, 0x00, 0x3F, 0xFE, 0x00, 0xFF, 0xFE, 0x01, 0xFF, 0xFE, 0x07, 0xF0, 0xFE, 0x0F, 0xC0, 0x7C,
  0x3F, 0x00, 0xFC, 0x7E, 0x01, 0xF8, 0xFC, 0x03, 0xF1, 0xF8, 0x07, 0xE3, 0xF0, 0x0F, 0xC3, 0xF0,
  0x3F, 0x87, 0xF0, 0xFF, 0x07, 0xFF, 0xFE, 0x0F, 0xFF, 0x7C, 0x0F, 0xFC, 0xF8, 0x07, 0xE1, 0xF0,
  0x00, 0x07, 0xE2, 0x00, 0x0F, 0xC3, 0xE0, 0x1F, 0x07, 0xE0, 0x7E, 0x0F, 0xF3, 0xF8, 0x0F, 0xFF,
  0xF0, 0x0F, 0xFF, 0xC0, 0x0F, 0xFF, 0x00, 0x07, 0xF8, 0x00, 0x00, 0x00, 0x00, 0x0E, 0x03, 0xE0,
  0xFC, 0x1F, 0xC1, 0xF0, 0x3E, 0x00, 0x00, 0x00, 0x00, 0x00, 0x00, 0x00, 0x00, 0x00, 0x00, 0x1C,
  0x07, 0xC1, 0xF8, 0x3F, 0x83, 0xE0, 0x7C, 0x00, 0x00, 0x0E, 0x03, 0xE0, 0x7E, 0x0F, 0xC1, 0xF8,
  0x1E, 0x00, 0x00, 0x00, 0x00, 0x00, 0x00, 0x00, 0x00, 0x00, 0x00, 0x00, 0x00, 0x00, 0xF8, 0x1F,
  0x03, 0xE0, 0x78, 0x1F, 0x03, 0xE0, 0x78, 0x0F, 0x01, 0xE0, 0x3C, 0x0F, 0x00, 0x00, 0x00, 0x08,
  0x00, 0x00, 0x70, 0x00, 0x03, 0xE0, 0x00, 0x3F, 0xC0, 0x01, 0xFF, 0x80, 0x0F, 0xFF, 0x00, 0x7F,
  0xF0, 0x07, 0xFF, 0x80, 0x1F, 0xF8, 0x00, 0x3F, 0xC0, 0x00, 0x7C, 0x00, 0x00, 0xFF, 0x00, 0x01,
  0xFF, 0x80, 0x01, 0xFF, 0xE0, 0x00, 0x7F, 0xF0, 0x00, 0x3F, 0xFC, 0x00, 0x1F, 0xF8, 0x00, 0x0F,
  0xF0, 0x00, 0x03, 0xE0, 0x00, 0x01, 0xC0, 0x00, 0x00, 0x80, 0x1F, 0xFF, 0xF0, 0x3F, 0xFF, 0xE0,
  0x7F, 0xFF, 0xC0, 0xFF, 0xFF, 0x81, 0xFF, 0xFF, 0x00, 0x00, 0x00, 0x00, 0x00, 0x00, 0x00, 0x00,
  0x00, 0x1F, 0xFF, 0xF0, 0x3F, 0xFF, 0xE0, 0x7F, 0xFF, 0xC0, 0xFF, 0xFF, 0x81, 0xFF, 0xFF, 0x00,
  0x00, 0x00, 0x00, 0x00, 0x00, 0x00, 0x00, 0x00, 0x00, 0x00, 0x00, 0x10, 0x00, 0x00, 0x30, 0x00,
  0x00, 0x7C, 0x00, 0x00, 0xFE, 0x00, 0x01, 0xFF, 0x00, 0x03, 0xFF, 0x80, 0x01, 0xFF, 0xE0, 0x00,
  0xFF, 0xF0, 0x00, 0x3F, 0xF8, 0x00, 0x1F, 0xF0, 0x00, 0x07, 0xE0, 0x00, 0x3F, 0xC0, 0x03, 0xFF,
  0x80, 0x1F, 0xFC, 0x01, 0xFF, 0xE0, 0x0F, 0xFE, 0x00, 0x1F, 0xF0, 0x00, 0x3F, 0x80, 0x00, 0x7C,
  0x00, 0x00, 0xC0, 0x00, 0x01, 0x00, 0x00, 0x00, 0x00, 0xE0, 0x00, 0xFF, 0x80, 0x7F, 0xFC, 0x1F,
  0xFF, 0xC3, 0xFF, 0xF8, 0xFC, 0x3F, 0x9F, 0x03, 0xF3, 0xE0, 0x7E, 0x00, 0x0F, 0xC0, 0x01, 0xF8,
  0x00, 0x7E, 0x00, 0x1F, 0xC0, 0x0F, 0xF0, 0x03, 0xFC, 0x00, 0x7E, 0x00, 0x0F, 0x80, 0x03, 0xE0,
  0x00, 0x7C, 0x00, 0x0F, 0x80, 0x00, 0x00, 0x00, 0x00, 0x00, 0x03, 0x80, 0x00, 0xF8, 0x00, 0x1F,
  0x80, 0x03, 0xF0, 0x00, 0x7E, 0x00, 0x0F, 0x80, 0x00, 0x00, 0x00, 0x00, 0x07, 0xFF, 0x00, 0x00,
  0x03, 0xFF, 0xFC, 0x00, 0x00, 0xFF, 0xFF, 0xF0, 0x00, 0x1F, 0xFF, 0xFF, 0xC0, 0x03, 0xFE, 0x03,
  0xFE, 0x00, 0x7F, 0x00, 0x07, 0xF0, 0x0F, 0xC0, 0x00, 0x1F, 0x00, 0xF8, 0x00, 0x00, 0xF8, 0x1F,
  0x07, 0xFB, 0xC7, 0x81, 0xF0, 0xFF, 0xFC, 0x7C, 0x3E, 0x1F, 0xFF, 0xC3, 0xC3, 0xE3, 0xFF, 0xFC,
  0x3C, 0x3C, 0x3E, 0x0F, 0xC3, 0xC7, 0xC7, 0xC0, 0x7C, 0x3E, 0x7C, 0x7C, 0x03, 0xC3, 0xE7, 0xC7,
  0x80, 0x3C, 0x3E, 0x7C, 0x78, 0x03, 0xC3, 0xE7, 0xC7, 0x80, 0x3C, 0x3E, 0x7C, 0x78, 0x03, 0xC3,
  0xC7, 0xC7, 0xC0, 0x3C, 0x3C, 0x7C, 0x7C, 0x07, 0xC3, 0xC3, 0xC3, 0xF0, 0xFC, 0x7C, 0x3E, 0x3F,
  0xFF, 0xFF, 0x83, 0xE1, 0xFF, 0xFF, 0xF8, 0x1F, 0x0F, 0xFD, 0xFF, 0x01, 0xF0, 0x7F, 0x0F, 0xC0,
  0x0F, 0x80, 0x00, 0x00, 0x00, 0xFE, 0x00, 0x00, 0x00, 0x07, 0xF8, 0x00, 0x40, 0x00, 0x3F, 0xFF,
  0xFC, 0x00, 0x01, 0xFF, 0xFF, 0xE0, 0x00, 0x07, 0xFF, 0xFE, 0x00, 0x00, 0x1F, 0xFF, 0x80, 0x00,
  0x00, 0x0A, 0x00, 0x00, 0x00, 0x00, 0x00, 0x00, 0x00, 0x00, 0x7F, 0x80, 0x00, 0x1F, 0xE0, 0x00,
  0x0F, 0xF8, 0x00, 0x03, 0xFF, 0x00, 0x00, 0xFF, 0xC0, 0x00, 0x7F, 0xF0, 0x00, 0x1F, 0xFE, 0x00,
  0x07, 0xCF, 0x80, 0x03, 0xF3, 0xE0, 0x00, 0xFC, 0xFC, 0x00, 0x3E, 0x3F, 0x00, 0x1F, 0x87, 0xC0,
  0x07, 0xE1, 0xF8, 0x01, 0xF0, 0x7E, 0x00, 0xFC, 0x0F, 0x80, 0x3F, 0x03, 0xF0, 0x0F, 0xFF, 0xFC,
  0x07, 0xFF, 0xFF, 0x81, 0xFF, 0xFF, 0xE0, 0xFF, 0xFF, 0xF8, 0x3F, 0x00, 0x3F, 0x0F, 0xC0, 0x0F,
  0xC7, 0xE0, 0x03, 0xF1, 0xF8, 0x00, 0x7E, 0x7E, 0x00, 0x1F, 0xBF, 0x00, 0x07, 0xE0, 0x00, 0x00,
  0x00, 0x3F, 0xFF, 0x80, 0x7F, 0xFF, 0x80, 0xFF, 0xFF, 0x81, 0xFF, 0xFF, 0x83, 0xE0, 0x7F, 0x87,
  0xC0, 0x3F, 0x0F, 0x80, 0x7E, 0x1F, 0x00, 0xFC, 0x3E, 0x01, 0xF8, 0x7C, 0x03, 0xE0, 0xF8, 0x1F,
  0x81, 0xFF, 0xFE, 0x03, 0xFF, 0xF8, 0x07, 0xFF, 0xFC, 0x0F, 0xFF, 0xFC, 0x1F, 0x00, 0xFC, 0x3E,
  0x00, 0xFC, 0x7C, 0x01, 0xF8, 0xF8, 0x03, 0xF1, 0xF0, 0x07, 0xE3, 0xE0, 0x1F, 0xC7, 0xFF, 0xFF,
  0x0F, 0xFF, 0xFE, 0x1F, 0xFF, 0xF8, 0x3F, 0xFF, 0xE0, 0x7F, 0xFF, 0x00, 0x00, 0x00, 0x00, 0x00,
  0x0C, 0x00, 0x00, 0x3F, 0xF8, 0x00, 0x3F, 0xFF, 0x00, 0x1F, 0xFF, 0xF0, 0x0F, 0xFF, 0xFE, 0x07,
  0xFC, 0x7F, 0x81, 0xFC, 0x07, 0xF0, 0xFE, 0x00, 0xFC, 0x3F, 0x00, 0x1F, 0x0F, 0xC0, 0x07, 0xE7,
  0xE0, 0x00, 0x01, 0xF8, 0x00, 0x00, 0x7E, 0x00, 0x00, 0x1F, 0x80, 0x00, 0x07, 0xE0, 0x00, 0x01,
  0xF8, 0x00, 0x00, 0x7E, 0x00, 0x00, 0x0F, 0x80, 0x00, 0x03, 0xF0, 0x01, 0xF8, 0xFC, 0x00, 0x7C,
  0x3F, 0x80, 0x3F, 0x07, 0xF0, 0x1F, 0xC0, 0xFF, 0xFF, 0xE0, 0x3F, 0xFF, 0xF0, 0x07, 0xFF, 0xF8,
  0x00, 0x7F, 0xFC, 0x00, 0x07, 0xFC, 0x00, 0x00, 0x00, 0x00, 0x3F, 0xFF, 0x00, 0x1F, 0xFF, 0xE0,
  0x0F, 0xFF, 0xFC, 0x07, 0xFF, 0xFF, 0x03, 0xFF, 0xFF, 0x81, 0xF0, 0x0F, 0xE0, 0xF8, 0x03, 0xF8,
  0x7C, 0x00, 0xFC, 0x3E, 0x00, 0x3E, 0x1F, 0x00, 0x1F, 0x0F, 0x80, 0x0F, 0xC7, 0xC0, 0x07, 0xE3,
  0xE0, 0x03, 0xF1, 0xF0, 0x01, 0xF8, 0xF8, 0x00, 0xFC, 0x7C, 0x00, 0x7E, 0x3E, 0x00, 0x3E, 0x1F,
  0x00, 0x3F, 0x0F, 0x80, 0x1F, 0x87, 0xC0, 0x1F, 0x83, 0xE0, 0x1F, 0xC1, 0xFF, 0xFF, 0xC0, 0xFF,
  0xFF, 0xC0, 0x7F, 0xFF, 0xC0, 0x3F, 0xFF, 0xC0, 0x1F, 0xFF, 0x00, 0x00, 0x00, 0x00, 0x00, 0x3F,
  0xFF, 0xE1, 0xFF, 0xFF, 0x0F, 0xFF, 0xF8, 0x7F, 0xFF, 0xC3, 0xE0, 0x00, 0x1F, 0x00, 0x00, 0xF8,
  0x00, 0x07, 0xC0, 0x00, 0x3E, 0x00, 0x01, 0xF0, 0x00, 0x0F, 0x80, 0x00, 0x7F, 0xFF, 0x83, 0xFF,
  0xFC, 0x1F, 0xFF, 0xE0, 0xFF, 0xFF, 0x07, 0xC0, 0x00, 0x3E, 0x00, 0x01, 0xF0, 0x00, 0x0F, 0x80,
  0x00, 0x7C, 0x00, 0x03, 0xE0, 0x00, 0x1F, 0xFF, 0xF0, 0xFF, 0xFF, 0x87, 0xFF, 0xFC, 0x3F, 0xFF,
  0xE1, 0xFF, 0xFF, 0x00, 0x00, 0x00, 0x3F, 0xFF, 0xE3, 0xFF, 0xFE, 0x3F, 0xFF, 0xE3, 0xFF, 0xFE,
  0x3E, 0x00, 0x03, 0xE0, 0x00, 0x3E, 0x00, 0x03, 0xE0, 0x00, 0x3E, 0x00, 0x03, 0xE0, 0x00, 0x3E,
  0x00, 0x03, 0xE0, 0x00, 0x3F, 0xFF, 0xC3, 0xFF, 0xFC, 0x3F, 0xFF, 0xC3, 0xFF, 0xFC, 0x3E, 0x00,
  0x03, 0xE0, 0x00, 0x3E, 0x00, 0x03, 0xE0, 0x00, 0x3E, 0x00, 0x03, 0xE0, 0x00, 0x3E, 0x00, 0x03,
  0xE0, 0x00, 0x3E, 0x00, 0x03, 0xE0, 0x00, 0x00, 0x00, 0x00, 0x00, 0x0C, 0x00, 0x00, 0x3F, 0xF8,
  0x00, 0x1F, 0xFF, 0x00, 0x1F, 0xFF, 0xF0, 0x0F, 0xFF, 0xFE, 0x03, 0xFC, 0x7F, 0x81, 0xFC, 0x07,
  0xF0, 0xFE, 0x00, 0xFC, 0x3F, 0x00, 0x1F, 0x8F, 0xC0, 0x00, 0x07, 0xE0, 0x00, 0x01, 0xF8, 0x00,
  0x00, 0x7E, 0x00, 0x00, 0x1F, 0x80, 0xFF, 0xE7, 0xE0, 0x3F, 0xF9, 0xF8, 0x0F, 0xFE, 0x7E, 0x03,
  0xFF, 0x8F, 0x80, 0x03, 0xE3, 0xF0, 0x01, 0xF8, 0xFC, 0x00, 0x7E, 0x3F, 0x80, 0x3F, 0x07, 0xF0,
  0x1F, 0xC0, 0xFF, 0xFF, 0xE0, 0x3F, 0xFF, 0xF8, 0x07, 0xFF, 0xFC, 0x00, 0x7F, 0xFC, 0x00, 0x07,
  0xFC, 0x00, 0x00, 0x00, 0x00, 0x3E, 0x00, 0x3F, 0x0F, 0x80, 0x0F, 0xC3, 0xE0, 0x03, 0xF0, 0xF8,
  0x00, 0xFC, 0x3E, 0x00, 0x3F, 0x0F, 0x80, 0x0F, 0xC3, 0xE0, 0x03, 0xF0, 0xF8, 0x00, 0xFC, 0x3E,
  0x00, 0x3F, 0x0F, 0x80, 0x0F, 0xC3, 0xE0, 0x03, 0xF0, 0xFF, 0xFF, 0xFC, 0x3F, 0xFF, 0xFF, 0x0F,
  0xFF, 0xFF, 0xC3, 0xFF, 0xFF, 0xF0, 0xF8, 0x00, 0xFC, 0x3E, 0x00, 0x3F, 0x0F, 0x80, 0x0F, 0xC3,
  0xE0, 0x03, 0xF0, 0xF8, 0x00, 0xFC, 0x3E, 0x00, 0x3F, 0x0F, 0x80, 0x0F, 0xC3, 0xE0, 0x03, 0xF0,
  0xF8, 0x00, 0xFC, 0x3E, 0x00, 0x3F, 0x0F, 0x80, 0x0F, 0xC0, 0x00, 0x00, 0x00, 0x3E, 0x1F, 0x0F,
  0x87, 0xC3, 0xE1, 0xF0, 0xF8, 0x7C, 0x3E, 0x1F, 0x0F, 0x87, 0xC3, 0xE1, 0xF0, 0xF8, 0x7C, 0x3E,
  0x1F, 0x0F, 0x87, 0xC3, 0xE1, 0xF0, 0xF8, 0x7C, 0x3E, 0x1F, 0x00, 0x00, 0x00, 0x0F, 0xC0, 0x01,
  0xF8, 0x00, 0x3F, 0x00, 0x07, 0xE0, 0x00, 0xFC, 0x00, 0x1F, 0x80, 0x03, 0xF0, 0x00, 0x7E, 0x00,
  0x0F, 0xC0, 0x01, 0xF8, 0x00, 0x3F, 0x00, 0x07, 0xE0, 0x00, 0xFC, 0x00, 0x1F, 0x80, 0x03, 0xF0,
  0x00, 0x7E, 0x00, 0x0F, 0xC0, 0x01, 0xFB, 0xF0, 0x3F, 0x7E, 0x07, 0xEF, 0xC0, 0xF8, 0xFC, 0x3F,
  0x1F, 0xFF, 0xE1, 0xFF, 0xF8, 0x1F, 0xFE, 0x00, 0xFF, 0x00, 0x00, 0x00, 0x00, 0x00, 0x00, 0x3E,
  0x00, 0xFF, 0x3E, 0x00, 0xFC, 0x3E, 0x01, 0xF8, 0x3E, 0x03, 0xF8, 0x3E, 0x07, 0xF0, 0x3E, 0x0F,
  0xE0, 0x3E, 0x0F, 0xC0, 0x3E, 0x1F, 0x80, 0x3E, 0x3F, 0x00, 0x3E, 0x7F, 0x00, 0x3E, 0xFE, 0x00,
  0x3F, 0xFC, 0x00, 0x3F, 0xFE, 0x00, 0x3F, 0xFE, 0x00, 0x3F, 0xFF, 0x00, 0x3F, 0xFF, 0x80, 0x3F,
  0x9F, 0x80, 0x3F, 0x1F, 0xC0, 0x3E, 0x0F, 0xE0, 0x3E, 0x07, 0xE0, 0x3E, 0x07, 0xF0, 0x3E, 0x03,
  0xF8, 0x3E, 0x01, 0xF8, 0x3E, 0x01, 0xFC, 0x3E, 0x00, 0xFE, 0x3E, 0x00, 0x7F, 0x00, 0x00, 0x00,
  0x3E, 0x00, 0x07, 0xC0, 0x00, 0xF8, 0x00, 0x1F, 0x00, 0x03, 0xE0, 0x00, 0x7C, 0x00, 0x0F, 0x80,
  0x01, 0xF0, 0x00, 0x3E, 0x00, 0x07, 0xC0, 0x00, 0xF8, 0x00, 0x1F, 0x00, 0x03, 0xE0, 0x00, 0x7C,
  0x00, 0x0F, 0x80, 0x01, 0xF0, 0x00, 0x3E, 0x00, 0x07, 0xC0, 0x00, 0xF8, 0x00, 0x1F, 0x00, 0x03,
  0xE0, 0x00, 0x7F, 0xFF, 0x8F, 0xFF, 0xF1, 0xFF, 0xFE, 0x3F, 0xFF, 0xC7, 0xFF, 0xF8, 0x00, 0x00,
  0x00, 0x3F, 0x80, 0x01, 0xFC, 0x3F, 0x80, 0x01, 0xFC, 0x3F, 0xC0, 0x03, 0xFC, 0x3F, 0xC0, 0x03,
  0xFC, 0x3F, 0xC0, 0x07, 0xFC, 0x3F, 0xE0, 0x07, 0xFC, 0x3F, 0xE0, 0x0F, 0xFC, 0x3F, 0xF0, 0x0F,
  0xFC, 0x3F, 0xF0, 0x0F, 0xFC, 0x3E, 0xF0, 0x1F, 0x7C, 0x3E, 0xF8, 0x1F, 0x7C, 0x3E, 0xF8, 0x3E,
  0x7C, 0x3E, 0x7C, 0x3E, 0x7C, 0x3E, 0x7C, 0x3E, 0x7C, 0x3E, 0x7E, 0x7C, 0x7C, 0x3E, 0x3E, 0x7C,
  0x7C, 0x3E, 0x3E, 0xF8, 0x7C, 0x3E, 0x1F, 0xF8, 0x7C, 0x3E, 0x1F, 0xF8, 0x7C, 0x3E, 0x1F, 0xF0,
  0x7C, 0x3E, 0x0F, 0xF0, 0x7C, 0x3E, 0x0F, 0xE0, 0x7C, 0x3E, 0x07, 0xE0, 0x7C, 0x3E, 0x07, 0xE0,
  0x7C, 0x3E, 0x07, 0xC0, 0x7C, 0x3E, 0x03, 0xC0, 0x7C, 0x00, 0x00, 0x00, 0x00, 0x3E, 0x00, 0x3F,
  0x1F, 0x80, 0x1F, 0x8F, 0xC0, 0x0F, 0xC7, 0xF0, 0x07, 0xE3, 0xFC, 0x03, 0xF1, 0xFE, 0x01, 0xF8,
  0xFF, 0x80, 0xFC, 0x7F, 0xE0, 0x7E, 0x3F, 0xF8, 0x3F, 0x1F, 0xFC, 0x1F, 0x8F, 0xBF, 0x0F, 0xC7,
  0xCF, 0xC7, 0xE3, 0xE7, 0xE3, 0xF1, 0xF1, 0xF9, 0xF8, 0xF8, 0x7E, 0xFC, 0x7C, 0x1F, 0x7E, 0x3E,
  0x0F, 0xFF, 0x1F, 0x03, 0xFF, 0x8F, 0x80, 0xFF, 0xC7, 0xC0, 0x7F, 0xE3, 0xE0, 0x1F, 0xF1, 0xF0,
  0x07, 0xF8, 0xF8, 0x03, 0xFC, 0x7C, 0x00, 0xFE, 0x3E, 0x00, 0x3F, 0x1F, 0x00, 0x1F, 0x80, 0x00,
  0x00, 0x00, 0x00, 0x0E, 0x00, 0x00, 0x1F, 0xFC, 0x00, 0x0F, 0xFF, 0xC0, 0x03, 0xFF, 0xFE, 0x00,
  0xFF, 0xFF, 0xE0, 0x3F, 0xE3, 0xFC, 0x07, 0xF0, 0x1F, 0xC1, 0xFC, 0x01, 0xFC, 0x3F, 0x00, 0x1F,
  0x87, 0xE0, 0x03, 0xF1, 0xF8, 0x00, 0x3E, 0x3F, 0x00, 0x07, 0xE7, 0xE0, 0x00, 0xFC, 0xFC, 0x00,
  0x1F, 0x9F, 0x80, 0x03, 0xF3, 0xF0, 0x00, 0x7E, 0x7E, 0x00, 0x0F, 0xC7, 0xC0, 0x01, 0xF0, 0xFC,
  0x00, 0x7E, 0x1F, 0x80, 0x0F, 0xC3, 0xF8, 0x03, 0xF0, 0x3F, 0x80, 0xFE, 0x03, 0xFF, 0xFF, 0x80,
  0x7F, 0xFF, 0xF0, 0x07, 0xFF, 0xFC, 0x00, 0x3F, 0xFE, 0x00, 0x01, 0xFF, 0x00, 0x00, 0x00, 0x00,
  0x00, 0x3F, 0xFF, 0x00, 0xFF, 0xFF, 0x03, 0xFF, 0xFE, 0x0F, 0xFF, 0xFC, 0x3E, 0x0F, 0xF0, 0xF8,
  0x0F, 0xE3, 0xE0, 0x1F, 0x8F, 0x80, 0x3E, 0x3E, 0x00, 0xF8, 0xF8, 0x03, 0xE3, 0xE0, 0x1F, 0x8F,
  0x80, 0x7E, 0x3E, 0x03, 0xF8, 0xFF, 0xFF, 0xC3, 0xFF, 0xFE, 0x0F, 0xFF, 0xF0, 0x3F, 0xFF, 0x80,
  0xFF, 0xE0, 0x03, 0xE0, 0x00, 0x0F, 0x80, 0x00, 0x3E, 0x00, 0x00, 0xF8, 0x00, 0x03, 0xE0, 0x00,
  0x0F, 0x80, 0x00, 0x3E, 0x00, 0x00, 0xF8, 0x00, 0x00, 0x00, 0x00, 0x00, 0x00, 0x0E, 0x00, 0x00,
  0x1F, 0xFC, 0x00, 0x0F, 0xFF, 0xC0, 0x03, 0xFF, 0xFE, 0x00, 0xFF, 0xFF, 0xE0, 0x3F, 0xE3, 0xFC,
  0x07, 0xF0, 0x1F, 0xC1, 0xFC, 0x01, 0xFC, 0x3F, 0x00, 0x1F, 0x87, 0xE0, 0x03, 0xF1, 0xF8, 0x00,
  0x3E, 0x3F, 0x00, 0x07, 0xE7, 0xE0, 0x00, 0xFC, 0xFC, 0x00, 0x1F, 0x9F, 0x80, 0x03, 0xF3, 0xF0,
  0x00, 0x7E, 0x7E, 0x00, 0x0F, 0xC7, 0xC0, 0x01, 0xF0, 0xFC, 0x3E, 0x7E, 0x1F, 0x83, 0xEF, 0xC3,
  0xF8, 0x3F, 0xF0, 0x3F, 0x87, 0xFE, 0x03, 0xFF, 0xFF, 0x80, 0x7F, 0xFF, 0xF0, 0x07, 0xFF, 0xFC,
  0x00, 0x3F, 0xFF, 0x80, 0x01, 0xFF, 0xF8, 0x00, 0x00, 0x0F, 0x80, 0x00, 0x00, 0xF8, 0x00, 0x00,
  0x00, 0x00, 0x3F, 0xFF, 0x00, 0x7F, 0xFF, 0x80, 0xFF, 0xFF, 0x81, 0xFF, 0xFF, 0x83, 0xE0, 0xFF,
  0x87, 0xC0, 0x3F, 0x0F, 0x80, 0x7E, 0x1F, 0x00, 0x7C, 0x3E, 0x00, 0xF8, 0x7C, 0x01, 0xF0, 0xF8,
  0x07, 0xE1, 0xF0, 0x1F, 0xC3, 0xFF, 0xFF, 0x07, 0xFF, 0xFE, 0x0F, 0xFF, 0xF8, 0x1F, 0xFF, 0xE0,
  0x3F, 0xFF, 0x80, 0x7C, 0x1F, 0x80, 0xF8, 0x3F, 0x01, 0xF0, 0x3F, 0x03, 0xE0, 0x7E, 0x07, 0xC0,
  0x7E, 0x0F, 0x80, 0xFC, 0x1F, 0x00, 0xFC, 0x3E, 0x01, 0xFC, 0x7C, 0x01, 0xF8, 0x00, 0x00, 0x00,
  0x00, 0x30, 0x00, 0x0F, 0xFE, 0x00, 0x7F, 0xFC, 0x07, 0xFF, 0xF8, 0x1F, 0xFF, 0xF0, 0xFE, 0x0F,
  0xE3, 0xF0, 0x1F, 0x8F, 0x80, 0x3E, 0x3E, 0x00, 0x00, 0xFC, 0x00, 0x03, 0xF8, 0x00, 0x0F, 0xFC,
  0x00, 0x1F, 0xFF, 0x00, 0x3F, 0xFF, 0x00, 0x3F, 0xFE, 0x00, 0x3F, 0xFC, 0x00, 0x0F, 0xF8, 0x00,
  0x07, 0xE0, 0x00, 0x0F, 0x9F, 0x00, 0x3F, 0x7E, 0x00, 0xF9, 0xF8, 0x07, 0xE3, 0xFC, 0x7F, 0x8F,
  0xFF, 0xFC, 0x1F, 0xFF, 0xF0, 0x3F, 0xFF, 0x80, 0x3F, 0xF8, 0x00, 0x00, 0x00, 0x7F, 0xFF, 0xFC,
  0xFF, 0xFF, 0xF9, 0xFF, 0xFF, 0xF3, 0xFF, 0xFF, 0xE0, 0x07, 0xC0, 0x00, 0x0F, 0x80, 0x00, 0x1F,
  0x00, 0x00, 0x3E, 0x00, 0x00, 0x7C, 0x00, 0x00, 0xF8, 0x00, 0x01, 0xF0, 0x00, 0x03, 0xE0, 0x00,
  0x07, 0xC0, 0x00, 0x0F, 0x80, 0x00, 0x1F, 0x00, 0x00, 0x3E, 0x00, 0x00, 0x7C, 0x00, 0x00, 0xF8,
  0x00, 0x01, 0xF0, 0x00, 0x03, 0xE0, 0x00, 0x07, 0xC0, 0x00, 0x0F, 0x80, 0x00, 0x1F, 0x00, 0x00,
  0x3E, 0x00, 0x00, 0x7C, 0x00, 0x00, 0xF8, 0x00, 0x00, 0x00, 0x00, 0x3E, 0x00, 0x3E, 0x1F, 0x00,
  0x1F, 0x0F, 0x80, 0x0F, 0x87, 0xC0, 0x07, 0xC3, 0xE0, 0x03, 0xE1, 0xF0, 0x01, 0xF0, 0xF8, 0x00,
  0xF8, 0x7C, 0x00, 0x7C, 0x3E, 0x00, 0x3E, 0x1F, 0x00, 0x1F, 0x0F, 0x80, 0x0F, 0x87, 0xC0, 0x07,
  0xC3, 0xE0, 0x03, 0xE1, 0xF0, 0x01, 0xF0, 0xF8, 0x00, 0xF8, 0x7C, 0x00, 0x7C, 0x3E, 0x00, 0x3E,
  0x1F, 0x00, 0x1F, 0x0F, 0xC0, 0x1F, 0x87, 0xE0, 0x0F, 0xC3, 0xF8, 0x0F, 0xE0, 0xFF, 0xFF, 0xE0,
  0x7F, 0xFF, 0xF0, 0x1F, 0xFF, 0xF0, 0x03, 0xFF, 0xE0, 0x00, 0x7F, 0xC0, 0x00, 0x00, 0x00, 0x00,
  0x00, 0x00, 0x00, 0xFE, 0x00, 0x1F, 0x9F, 0x80, 0x07, 0xE7, 0xE0, 0x03, 0xF8, 0xFC, 0x00, 0xFC,
  0x3F, 0x00, 0x3F, 0x0F, 0xC0, 0x0F, 0xC1, 0xF8, 0x07, 0xE0, 0x7E, 0x01, 0xF8, 0x1F, 0x80, 0x7C,
  0x03, 0xF0, 0x3F, 0x00, 0xFC, 0x0F, 0xC0, 0x3F, 0x03, 0xE0, 0x07, 0xC1, 0xF8, 0x01, 0xF8, 0x7E,
  0x00, 0x7E, 0x1F, 0x00, 0x0F, 0x8F, 0xC0, 0x03, 0xF3, 0xF0, 0x00, 0xFC, 0xF8, 0x00, 0x1F, 0x7E,
  0x00, 0x07, 0xFF, 0x80, 0x01, 0xFF, 0xC0, 0x00, 0x3F, 0xF0, 0x00, 0x0F, 0xFC, 0x00, 0x03, 0xFE,
  0x00, 0x00, 0x7F, 0x80, 0x00, 0x1F, 0xE0, 0x00, 0x00, 0x00, 0x00, 0xFC, 0x01, 0xF8, 0x03, 0xF3,
  0xF0, 0x0F, 0xC0, 0x1F, 0x9F, 0x80, 0x7E, 0x01, 0xF8, 0xFC, 0x07, 0xF8, 0x0F, 0xC7, 0xE0, 0x3F,
  0xC0, 0x7E, 0x1F, 0x81, 0xFE, 0x03, 0xE0, 0xFC, 0x0F, 0xF0, 0x3F, 0x07, 0xE0, 0xFF, 0xC1, 0xF8,
  0x1F, 0x07, 0xFE, 0x0F, 0xC0, 0xF8, 0x3F, 0xF0, 0x7C, 0x07, 0xE1, 0xF7, 0x87, 0xE0, 0x3F, 0x1F,
  0x3E, 0x3F, 0x00, 0xF8, 0xF9, 0xF1, 0xF0, 0x07, 0xC7, 0xC7, 0x8F, 0x80, 0x3F, 0x3C, 0x3C, 0xFC,
  0x00, 0xFB, 0xE1, 0xF7, 0xE0, 0x07, 0xDF, 0x0F, 0xBE, 0x00, 0x3E, 0xF0, 0x3D, 0xF0, 0x01, 0xFF,
  0x81, 0xFF, 0x80, 0x07, 0xFC, 0x0F, 0xF8, 0x00, 0x3F, 0xE0, 0x3F, 0xC0, 0x01, 0xFE, 0x01, 0xFE,
  0x00, 0x07, 0xF0, 0x0F, 0xF0, 0x00, 0x3F, 0x80, 0x7F, 0x00, 0x01, 0xF8, 0x01, 0xF8, 0x00, 0x0F,
  0xC0, 0x0F, 0xC0, 0x00, 0x00, 0x00, 0x00, 0x00, 0x7E, 0x00, 0x7F, 0x1F, 0x80, 0x3F, 0x0F, 0xC0,
  0x3F, 0x03, 0xF0, 0x3F, 0x81, 0xFC, 0x1F, 0x80, 0x7E, 0x1F, 0x80, 0x1F, 0x8F, 0xC0, 0x0F, 0xCF,
  0xC0, 0x03, 0xF7, 0xE0, 0x00, 0xFF, 0xE0, 0x00, 0x7F, 0xE0, 0x00, 0x1F, 0xF0, 0x00, 0x0F, 0xF0,
  0x00, 0x07, 0xF8, 0x00, 0x03, 0xFE, 0x00, 0x03, 0xFF, 0x80, 0x03, 0xFF, 0xC0, 0x01, 0xFB, 0xF0,
  0x01, 0xF9, 0xF8, 0x00, 0xFC, 0x7E, 0x00, 0xFC, 0x3F, 0x80, 0xFE, 0x0F, 0xC0, 0x7E, 0x03, 0xF0,
  0x7E, 0x01, 0xFC, 0x7F, 0x00, 0x7E, 0x7F, 0x00, 0x3F, 0x80, 0x00, 0x00, 0x00, 0xFE, 0x00, 0x3F,
  0xBF, 0x00, 0x1F, 0x8F, 0xC0, 0x1F, 0x87, 0xE0, 0x0F, 0xC1, 0xF8, 0x0F, 0xC0, 0xFC, 0x07, 0xE0,
  0x3F, 0x07, 0xE0, 0x1F, 0x87, 0xE0, 0x07, 0xE3, 0xF0, 0x01, 0xF3, 0xF0, 0x00, 0xFD, 0xF8, 0x00,
  0x3F, 0xF8, 0x00, 0x1F, 0xFC, 0x00, 0x07, 0xFC, 0x00, 0x03, 0xFC, 0x00, 0x00, 0xFE, 0x00, 0x00,
  0x3E, 0x00, 0x00, 0x1F, 0x00, 0x00, 0x0F, 0x80, 0x00, 0x07, 0xC0, 0x00, 0x03, 0xE0, 0x00, 0x01,
  0xF0, 0x00, 0x00, 0xF8, 0x00, 0x00, 0x7C, 0x00, 0x00, 0x3E, 0x00, 0x00, 0x1F, 0x00, 0x00, 0x00,
  0x00, 0x00, 0x7F, 0xFF, 0xF8, 0xFF, 0xFF, 0xF1, 0xFF, 0xFF, 0xE3, 0xFF, 0xFF, 0xC0, 0x00, 0x3F,
  0x00, 0x00, 0x7E, 0x00, 0x01, 0xF8, 0x00, 0x07, 0xE0, 0x00, 0x0F, 0xC0, 0x00, 0x3F, 0x00, 0x00,
  0xFC, 0x00, 0x03, 0xF0, 0x00, 0x07, 0xE0, 0x00, 0x1F, 0x80, 0x00, 0x7E, 0x00, 0x00, 0xFC, 0x00,
  0x03, 0xF0, 0x00, 0x0F, 0xC0, 0x00, 0x3F, 0x00, 0x00, 0x7E, 0x00, 0x01, 0xF8, 0x00, 0x07, 0xFF,
  0xFF, 0x0F, 0xFF, 0xFE, 0x3F, 0xFF, 0xFC, 0x7F, 0xFF, 0xF8, 0xFF, 0xFF, 0xF0, 0x00, 0x00, 0x00,
  0x1F, 0xE1, 0xFE, 0x1F, 0xE1, 0xFE, 0x1F, 0x01, 0xF0, 0x1F, 0x01, 0xF0, 0x1F, 0x01, 0xF0, 0x1F,
  0x01, 0xF0, 0x1F, 0x01, 0xF0, 0x1F, 0x01, 0xF0, 0x1F, 0x01, 0xF0, 0x1F, 0x01, 0xF0, 0x1F, 0x01,
  0xF0, 0x1F, 0x01, 0xF0, 0x1F, 0x01, 0xF0, 0x1F, 0x01, 0xF0, 0x1F, 0x01, 0xFE, 0x1F, 0xE1, 0xFE,
  0x1F, 0xE0, 0xF8, 0x03, 0xE0, 0x07, 0x80, 0x1F, 0x00, 0x7C, 0x01, 0xF0, 0x03, 0xC0, 0x0F, 0x80,
  0x3E, 0x00, 0x78, 0x01, 0xE0, 0x07, 0xC0, 0x1F, 0x00, 0x3C, 0x00, 0xF8, 0x03, 0xE0, 0x0F, 0x80,
  0x1E, 0x00, 0x7C, 0x01, 0xF0, 0x07, 0xC0, 0x0F, 0x00, 0x3E, 0x00, 0xF8, 0x01, 0xE0, 0x07, 0xC0,
  0x1F, 0x00, 0x7C, 0x00, 0xF0, 0x03, 0xE0, 0x0F, 0x80, 0x00, 0x7F, 0xC7, 0xFC, 0x7F, 0xC7, 0xFC,
  0x07, 0xC0, 0x7C, 0x07, 0xC0, 0x7C, 0x07, 0xC0, 0x7C, 0x07, 0xC0, 0x7C, 0x07, 0xC0, 0x7C, 0x07,
  0xC0, 0x7C, 0x07, 0xC0, 0x7C, 0x07, 0xC0, 0x7C, 0x07, 0xC0, 0x7C, 0x07, 0xC0, 0x7C, 0x07, 0xC0,
  0x7C, 0x07, 0xC0, 0x7C, 0x07, 0xC7, 0xFC, 0x7F, 0xC7, 0xFC, 0x7F, 0xC0, 0x03, 0xC0, 0x07, 0xE0,
  0x07, 0xE0, 0x07, 0xF0, 0x0F, 0xF0, 0x0E, 0x78, 0x1E, 0x78, 0x1E, 0x3C, 0x3C, 0x3C, 0x3C, 0x1E,
  0x78, 0x1E, 0x78, 0x0F, 0x00, 0x00, 0x00, 0x00, 0x00, 0x00, 0x00, 0x00, 0x00, 0x00, 0x00, 0x00,
  0x00, 0x00, 0x00, 0x00, 0x00, 0x00, 0x00, 0x00, 0x00, 0x00, 0x00, 0x00, 0x00, 0x00, 0x00, 0x00,
  0xFF, 0xFF, 0xFF, 0xFF, 0xFF, 0xFF, 0xFF, 0xFF, 0xFF, 0x00, 0x00, 0x00, 0x0F, 0xC0, 0x07, 0xC0,
  0x03, 0xC0, 0x01, 0xE0, 0x01, 0xF0, 0x00, 0x00, 0x00, 0x00, 0x00, 0x00, 0x00, 0x00, 0x00, 0x00,
  0x00, 0x00, 0x00, 0x00, 0x00, 0x00, 0x00, 0x00, 0x00, 0x00, 0x00, 0x00, 0x00, 0x00, 0x00, 0x00,
  0x00, 0x00, 0x00, 0x00, 0x00, 0x00, 0x00, 0x00, 0x00, 0x00, 0x00, 0x00, 0x00, 0x00, 0x00, 0x00,
  0x00, 0x00, 0x00, 0x00, 0x01, 0xF8, 0x00, 0xFF, 0xE0, 0x1F, 0xFF, 0x83, 0xFF, 0xF8, 0x3F, 0x0F,
  0xC7, 0xE0, 0x7C, 0x00, 0x07, 0xC0, 0x00, 0xFC, 0x00, 0xFF, 0xC0, 0xFF, 0xFC, 0x3F, 0xFF, 0xC7,
  0xFE, 0x7C, 0x7E, 0x07, 0xC7, 0xC0, 0x7C, 0x7C, 0x0F, 0xC7, 0xC0, 0xFC, 0x7F, 0x7F, 0xC7, 0xFF,
  0xFC, 0x3F, 0xF7, 0xC1, 0xFE, 0x7C, 0x00, 0x00, 0x00, 0x3E, 0x00, 0x00, 0xF8, 0x00, 0x03, 0xE0,
  0x00, 0x0F, 0x80, 0x00, 0x3E, 0x00, 0x00, 0xF8, 0x00, 0x03, 0xE3, 0xE0, 0x0F, 0x9F, 0xE0, 0x3E,
  0xFF, 0xC0, 0xFF, 0xFF, 0x83, 0xFE, 0xFF, 0x0F, 0xC0, 0xFC, 0x3F, 0x03, 0xF0, 0xF8, 0x07, 0xC3,
  0xE0, 0x1F, 0x8F, 0x80, 0x7E, 0x3E, 0x01, 0xF8, 0xF8, 0x07, 0xE3, 0xE0, 0x1F, 0x8F, 0xC0, 0x7C,
  0x3F, 0x03, 0xF0, 0xFE, 0x1F, 0xC3, 0xFF, 0xFE, 0x0F, 0xBF, 0xF8, 0x3E, 0xFF, 0xC0, 0xF8, 0xFC,
  0x00, 0x00, 0x00, 0x00, 0x00, 0x00, 0x01, 0xFC, 0x00, 0x7F, 0xF0, 0x0F, 0xFF, 0x81, 0xFF, 0xFC,
  0x3F, 0x9F, 0xC3, 0xF0, 0x7E, 0x7E, 0x03, 0xE7, 0xE0, 0x3E, 0x7C, 0x00, 0x07, 0xC0, 0x00, 0x7C,
  0x00, 0x07, 0xC0, 0x00, 0x7E, 0x00, 0x07, 0xE0, 0x3E, 0x7E, 0x07, 0xE3, 0xF0, 0x7E, 0x1F, 0xFF,
  0xC1, 0xFF, 0xF8, 0x0F, 0xFF, 0x00, 0x3F, 0xE0, 0x00, 0x00, 0x00, 0x00, 0x03, 0xF0, 0x00, 0x0F,
  0xC0, 0x00, 0x3F, 0x00, 0x00, 0xFC, 0x00, 0x03, 0xF0, 0x00, 0x0F, 0xC0, 0x3E, 0x3F, 0x03, 0xFE,
  0xFC, 0x1F, 0xFF, 0xF0, 0xFF, 0xFF, 0xC3, 0xFD, 0xFF, 0x1F, 0xC1, 0xFC, 0x7E, 0x03, 0xF1, 0xF8,
  0x0F, 0xC7, 0xC0, 0x3F, 0x1F, 0x00, 0xFC, 0x7C, 0x01, 0xF1, 0xF0, 0x07, 0xC7, 0xE0, 0x3F, 0x1F,
  0x80, 0xFC, 0x7F, 0x07, 0xF0, 0xFE, 0x3F, 0xC3, 0xFF, 0xFF, 0x07, 0xFF, 0x7C, 0x0F, 0xF9, 0xF0,
  0x1F, 0xC7, 0xC0, 0x00, 0x00, 0x00, 0x00, 0x00, 0x01, 0xF8, 0x00, 0x7F, 0xF0, 0x0F, 0xFF, 0x81,
  0xFF, 0xFC, 0x3F, 0x8F, 0xC3, 0xE0, 0x7E, 0x7E, 0x03, 0xE7, 0xC0, 0x3E, 0x7F, 0xFF, 0xE7, 0xFF,
  0xFF, 0x7F, 0xFF, 0xF7, 0xFF, 0xFF, 0x7C, 0x00, 0x07, 0xE0, 0x00, 0x7E, 0x03, 0xE3, 0xF0, 0x7E,
  0x3F, 0xFF, 0xE1, 0xFF, 0xFC, 0x0F, 0xFF, 0x80, 0x3F, 0xE0, 0x00, 0x00, 0x00, 0x03, 0xF8, 0x3F,
  0xE0, 0xFF, 0x87, 0xFC, 0x1F, 0x80, 0x7C, 0x01, 0xF0, 0x3F, 0xFC, 0xFF, 0xF3, 0xFF, 0xCF, 0xFF,
  0x07, 0xC0, 0x1F, 0x00, 0x7C, 0x01, 0xF0, 0x07, 0xC0, 0x1F, 0x00, 0x7C, 0x01, 0xF0, 0x07, 0xC0,
  0x1F, 0x00, 0x7C, 0x01, 0xF0, 0x07, 0xC0, 0x1F, 0x00, 0x7C, 0x01, 0xF0, 0x00, 0x00, 0x03, 0xE1,
  0xF0, 0x3F, 0xE7, 0xC1, 0xFF, 0xDF, 0x0F, 0xFF, 0x7C, 0x3F, 0xDF, 0xF1, 0xFC, 0x1F, 0xC7, 0xE0,
  0x3F, 0x1F, 0x80, 0xFC, 0x7C, 0x03, 0xF1, 0xF0, 0x07, 0xC7, 0xC0, 0x1F, 0x1F, 0x00, 0x7C, 0x7E,
  0x03, 0xF1, 0xF8, 0x0F, 0xC7, 0xF0, 0x7F, 0x0F, 0xF7, 0xFC, 0x3F, 0xFF, 0xF0, 0x7F, 0xF7, 0xC0,
  0xFF, 0x9F, 0x00, 0x70, 0x7C, 0x00, 0x01, 0xF0, 0x00, 0x0F, 0xC7, 0xE0, 0x3F, 0x0F, 0xC3, 0xF8,
  0x3F, 0xFF, 0xE0, 0x7F, 0xFF, 0x00, 0x7F, 0xF0, 0x00, 0x3E, 0x00, 0x3E, 0x00, 0x01, 0xF0, 0x00,
  0x0F, 0x80, 0x00, 0x7C, 0x00, 0x03, 0xE0, 0x00, 0x1F, 0x00, 0x00, 0xF8, 0xF8, 0x07, 0xCF, 0xF0,
  0x3E, 0xFF, 0xC1, 0xFF, 0xFF, 0x0F, 0xFF, 0xF8, 0x7E, 0x0F, 0xE3, 0xF0, 0x3F, 0x1F, 0x01, 0xF8,
  0xF8, 0x0F, 0xC7, 0xC0, 0x7E, 0x3E, 0x03, 0xF1, 0xF0, 0x1F, 0x8F, 0x80, 0xFC, 0x7C, 0x07, 0xE3,
  0xE0, 0x3F, 0x1F, 0x01, 0xF8, 0xF8, 0x0F, 0xC7, 0xC0, 0x7E, 0x3E, 0x03, 0xF1, 0xF0, 0x1F, 0x80,
  0x00, 0x00, 0x18, 0x1F, 0x1F, 0x8F, 0xC3, 0xE0, 0xE0, 0x00, 0x00, 0x3E, 0x1F, 0x0F, 0x87, 0xC3,
  0xE1, 0xF0, 0xF8, 0x7C, 0x3E, 0x1F, 0x0F, 0x87, 0xC3, 0xE1, 0xF0, 0xF8, 0x7C, 0x3E, 0x1F, 0x0F,
  0x87, 0xC0, 0x06, 0x01, 0xF0, 0x7E, 0x0F, 0xC0, 0xF8, 0x0E, 0x00, 0x00, 0x00, 0x0F, 0x81, 0xF0,
  0x3E, 0x07, 0xC0, 0xF8, 0x1F, 0x03, 0xE0, 0x7C, 0x0F, 0x81, 0xF0, 0x3E, 0x07, 0xC0, 0xF8, 0x1F,
  0x03, 0xE0, 0x7C, 0x0F, 0x81, 0xF0, 0x3E, 0x07, 0xC0, 0xF8, 0x1F, 0x07, 0xE7, 0xFC, 0xFF, 0x1F,
  0xC3, 0xF0, 0x00, 0x00, 0x3E, 0x00, 0x01, 0xF0, 0x00, 0x0F, 0x80, 0x00, 0x7C, 0x00, 0x03, 0xE0,
  0x00, 0x1F, 0x00, 0x00, 0xF8, 0x1F, 0xC7, 0xC0, 0xFC, 0x3E, 0x0F, 0xC1, 0xF0, 0xFC, 0x0F, 0x8F,
  0xC0, 0x7C, 0xFC, 0x03, 0xEF, 0xE0, 0x1F, 0x7E, 0x00, 0xFF, 0xE0, 0x07, 0xFF, 0x00, 0x3F, 0xFC,
  0x01, 0xFF, 0xE0, 0x0F, 0xDF, 0x80, 0x7C, 0xFE, 0x03, 0xE3, 0xF0, 0x1F, 0x0F, 0xC0, 0xF8, 0x7F,
  0x07, 0xC1, 0xFC, 0x3E, 0x07, 0xE1, 0xF0, 0x1F, 0x80, 0x00, 0x00, 0x3E, 0x1F, 0x0F, 0x87, 0xC3,
  0xE1, 0xF0, 0xF8, 0x7C, 0x3E, 0x1F, 0x0F, 0x87, 0xC3, 0xE1, 0xF0, 0xF8, 0x7C, 0x3E, 0x1F, 0x0F,
  0x87, 0xC3, 0xE1, 0xF0, 0xF8, 0x7C, 0x3E, 0x1F, 0x00, 0x00, 0x3E, 0x3E, 0x07, 0xC0, 0x3E, 0x7F,
  0x0F, 0xF0, 0x3E, 0xFF, 0x9F, 0xF8, 0x3F, 0xFF, 0xFF, 0xFC, 0x3F, 0xFF, 0xFF, 0xFC, 0x3F, 0x0F,
  0xE0, 0xFC, 0x3E, 0x07, 0xE0, 0xFC, 0x3E, 0x07, 0xE0, 0x7C, 0x3E, 0x07, 0xE0, 0x7C, 0x3E, 0x07,
  0xE0, 0x7C, 0x3E, 0x07, 0xE0, 0x7C, 0x3E, 0x07, 0xE0, 0x7C, 0x3E, 0x07, 0xE0, 0x7C, 0x3E, 0x07,
  0xE0, 0x7C, 0x3E, 0x07, 0xE0, 0x7C, 0x3E, 0x07, 0xE0, 0x7C, 0x3E, 0x07, 0xE0, 0x7C, 0x3E, 0x07,
  0xE0, 0x7C, 0x3E, 0x07, 0xE0, 0x7C, 0x3E, 0x07, 0xE0, 0x7C, 0x3E, 0x3E, 0x01, 0xF3, 0xFC, 0x0F,
  0xBF, 0xF0, 0x7F, 0xFF, 0xC3, 0xFF, 0xFE, 0x1F, 0x83, 0xF0, 0xFC, 0x0F, 0xC7, 0xC0, 0x7E, 0x3E,
  0x03, 0xF1, 0xF0, 0x1F, 0x8F, 0x80, 0xFC, 0x7C, 0x07, 0xE3, 0xE0, 0x3F, 0x1F, 0x01, 0xF8, 0xF8,
  0x0F, 0xC7, 0xC0, 0x7E, 0x3E, 0x03, 0xF1, 0xF0, 0x1F, 0x8F, 0x80, 0xFC, 0x7C, 0x07, 0xE0, 0x01,
  0xFC, 0x00, 0x3F, 0xF8, 0x03, 0xFF, 0xE0, 0x3F, 0xFF, 0x83, 0xFD, 0xFE, 0x1F, 0x83, 0xF1, 0xF8,
  0x0F, 0xCF, 0xC0, 0x7E, 0x7C, 0x03, 0xF3, 0xE0, 0x0F, 0x9F, 0x00, 0x7C, 0xF8, 0x07, 0xE7, 0xE0,
  0x3F, 0x3F, 0x01, 0xF9, 0xF8, 0x1F, 0x87, 0xE0, 0xFC, 0x3F, 0xFF, 0xC0, 0xFF, 0xFE, 0x03, 0xFF,
  0xE0, 0x07, 0xFC, 0x00, 0x00, 0x00, 0x00, 0x3E, 0x3E, 0x00, 0xF9, 0xFE, 0x03, 0xEF, 0xFC, 0x0F,
  0xFF, 0xF8, 0x3F, 0xEF, 0xF0, 0xFC, 0x0F, 0xC3, 0xF0, 0x3F, 0x0F, 0x80, 0x7C, 0x3E, 0x01, 0xF8,
  0xF8, 0x07, 0xE3, 0xE0, 0x1F, 0x8F, 0x80, 0x7E, 0x3E, 0x01, 0xF8, 0xFC, 0x07, 0xC3, 0xF0, 0x3F,
  0x0F, 0xE1, 0xFC, 0x3F, 0xFF, 0xE0, 0xFB, 0xFF, 0x83, 0xEF, 0xFC, 0x0F, 0x8F, 0xC0, 0x3E, 0x00,
  0x00, 0xF8, 0x00, 0x03, 0xE0, 0x00, 0x0F, 0x80, 0x00, 0x3E, 0x00, 0x00, 0xF8, 0x00, 0x03, 0xE0,
  0x00, 0x00, 0x00, 0x00, 0x03, 0xE1, 0xF0, 0x3F, 0xE7, 0xC1, 0xFF, 0xDF, 0x0F, 0xFF, 0x7C, 0x3F,
  0xDF, 0xF1, 0xFC, 0x1F, 0xC7, 0xE0, 0x3F, 0x1F, 0x80, 0xFC, 0x7C, 0x03, 0xF1, 0xF0, 0x0F, 0xC7,
  0xC0, 0x1F, 0x1F, 0x00, 0x7C, 0x7E, 0x03, 0xF1, 0xF8, 0x0F, 0xC7, 0xF0, 0x7F, 0x0F, 0xE3, 0xFC,
  0x3F, 0xFF, 0xF0, 0x7F, 0xFF, 0xC0, 0xFF, 0xBF, 0x01, 0xFC, 0xFC, 0x00, 0x03, 0xF0, 0x00, 0x0F,
  0xC0, 0x00, 0x3F, 0x00, 0x00, 0xFC, 0x00, 0x03, 0xF0, 0x00, 0x0F, 0xC0, 0x00, 0x3F, 0x00, 0x00,
  0x00, 0x3E, 0x3C, 0xFB, 0xF3, 0xEF, 0xCF, 0xFF, 0x3F, 0xFC, 0xFE, 0x03, 0xF0, 0x0F, 0x80, 0x3E,
  0x00, 0xF8, 0x03, 0xE0, 0x0F, 0x80, 0x3E, 0x00, 0xF8, 0x03, 0xE0, 0x0F, 0x80, 0x3E, 0x00, 0xF8,
  0x03, 0xE0, 0x0F, 0x80, 0x03, 0xF8, 0x01, 0xFF, 0xC0, 0x7F, 0xFC, 0x1F, 0xFF, 0xC7, 0xF0, 0xFC,
  0xFC, 0x0F, 0x9F, 0x80, 0x03, 0xF8, 0x00, 0x3F, 0xF0, 0x07, 0xFF, 0xE0, 0x7F, 0xFE, 0x01, 0xFF,
  0xE0, 0x03, 0xFC, 0x00, 0x1F, 0x9F, 0x01, 0xF3, 0xF0, 0x7E, 0x7F, 0xFF, 0xC7, 0xFF, 0xF0, 0x7F,
  0xFC, 0x03, 0xFE, 0x00, 0x00, 0x00, 0x1F, 0x00, 0xF8, 0x07, 0xC0, 0x3E, 0x0F, 0xFF, 0x7F, 0xFB,
  0xFF, 0xDF, 0xFE, 0x1F, 0x00, 0xF8, 0x07, 0xC0, 0x3E, 0x01, 0xF0, 0x0F, 0x80, 0x7C, 0x03, 0xE0,
  0x1F, 0x00, 0xF8, 0x07, 0xC0, 0x3F, 0x01, 0xFF, 0x0F, 0xF8, 0x3F, 0xC0, 0xFE, 0x00, 0x00, 0x00,
  0x00, 0x3E, 0x03, 0xF1, 0xF0, 0x1F, 0x8F, 0x80, 0xFC, 0x7C, 0x07, 0xE3, 0xE0, 0x3F, 0x1F, 0x01,
  0xF8, 0xF8, 0x0F, 0xC7, 0xC0, 0x7E, 0x3E, 0x03, 0xF1, 0xF0, 0x1F, 0x8F, 0x80, 0xFC, 0x7C, 0x07,
  0xE3, 0xE0, 0x3F, 0x1F, 0x01, 0xF8, 0xFC, 0x1F, 0xC7, 0xF3, 0xFE, 0x3F, 0xFF, 0xF0, 0xFF, 0xFF,
  0x83, 0xFE, 0xFC, 0x0F, 0xE7, 0xE0, 0x00, 0x00, 0x00, 0xFC, 0x03, 0xFF, 0xC0, 0x3E, 0x7C, 0x03,
  0xE7, 0xE0, 0x7E, 0x7E, 0x07, 0xC3, 0xE0, 0x7C, 0x3F, 0x0F, 0xC1, 0xF0, 0xF8, 0x1F, 0x0F, 0x81,
  0xF0, 0xF8, 0x0F, 0x9F, 0x00, 0xF9, 0xF0, 0x0F, 0x9F, 0x00, 0x7F, 0xE0, 0x07, 0xFE, 0x00, 0x7F,
  0xE0, 0x03, 0xFC, 0x00, 0x3F, 0xC0, 0x03, 0xFC, 0x00, 0x1F, 0x80, 0xFC, 0x0F, 0x80, 0xFB, 0xF0,
  0x3F, 0x03, 0xE7, 0xC1, 0xFC, 0x1F, 0x9F, 0x07, 0xF0, 0x7C, 0x7E, 0x1F, 0xC1, 0xF0, 0xF8, 0x7F,
  0x87, 0xC3, 0xE1, 0xFE, 0x3F, 0x0F, 0x8F, 0xF8, 0xF8, 0x3F, 0x3D, 0xE3, 0xE0, 0x7C, 0xF7, 0xCF,
  0x81, 0xF3, 0xCF, 0x7E, 0x07, 0xDF, 0x3D, 0xF0, 0x1F, 0x78, 0xF7, 0xC0, 0x3F, 0xE3, 0xFF, 0x00,
  0xFF, 0x87, 0xF8, 0x03, 0xFC, 0x1F, 0xE0, 0x0F, 0xF0, 0x7F, 0x80, 0x1F, 0xC0, 0xFE, 0x00, 0x7F,
  0x03, 0xF0, 0x01, 0xF8, 0x0F, 0xC0, 0x7C, 0x07, 0xE7, 0xE0, 0x7C, 0x3E, 0x0F, 0xC3, 0xF0, 0xF8,
  0x1F, 0x1F, 0x81, 0xF9, 0xF0, 0x0F, 0xBE, 0x00, 0x7F, 0xE0, 0x07, 0xFC, 0x00, 0x3F, 0xC0, 0x03,
  0xFC, 0x00, 0x7F, 0xC0, 0x07, 0xFE, 0x00, 0xFF, 0xE0, 0x0F, 0xBF, 0x01, 0xF1, 0xF8, 0x3F, 0x0F,
  0x83, 0xE0, 0xFC, 0x7E, 0x07, 0xCF, 0xC0, 0x7E, 0xFC, 0x03, 0xFF, 0xC0, 0x3E, 0x7C, 0x03, 0xE7,
  0xE0, 0x7E, 0x7E, 0x07, 0xC3, 0xE0, 0x7C, 0x3E, 0x0F, 0xC1, 0xF0, 0xF8, 0x1F, 0x0F, 0x81, 0xF0,
  0xF8, 0x0F, 0x9F, 0x00, 0xF9, 0xF0, 0x0F, 0x9F, 0x00, 0x7B, 0xE0, 0x07, 0xFE, 0x00, 0x7F, 0xE0,
  0x03, 0xFC, 0x00, 0x3F, 0xC0, 0x03, 0xFC, 0x00, 0x1F, 0x80, 0x01, 0xF8, 0x00, 0x1F, 0x00, 0x03,
  0xF0, 0x01, 0xFF, 0x00, 0x3F, 0xE0, 0x03, 0xFC, 0x00, 0x3F, 0x80, 0x00, 0x00, 0x00, 0x3F, 0xFF,
  0xC7, 0xFF, 0xF8, 0xFF, 0xFF, 0x1F, 0xFF, 0xE3, 0xFF, 0xF8, 0x00, 0x3E, 0x00, 0x0F, 0xC0, 0x03,
  0xF0, 0x00, 0xFC, 0x00, 0x3F, 0x00, 0x07, 0xE0, 0x01, 0xF8, 0x00, 0x7E, 0x00, 0x1F, 0x80, 0x07,
  0xE0, 0x01, 0xFC, 0x00, 0x3F, 0xFF, 0xCF, 0xFF, 0xF9, 0xFF, 0xFF, 0x3F, 0xFF, 0xE0, 0x00, 0x1E,
  0x00, 0xFE, 0x01, 0xFE, 0x03, 0xFE, 0x03, 0xF8, 0x03, 0xE0, 0x03, 0xE0, 0x03, 0xE0, 0x03, 0xE0,
  0x03, 0xE0, 0x03, 0xE0, 0x03, 0xE0, 0x07, 0xE0, 0x07, 0xE0, 0x3F, 0xC0, 0x3F, 0x80, 0x3E, 0x00,
  0x3F, 0x80, 0x3F, 0xC0, 0x0F, 0xC0, 0x07, 0xE0, 0x03, 0xE0, 0x03, 0xE0, 0x03, 0xE0, 0x03, 0xE0,
  0x03, 0xE0, 0x03, 0xE0, 0x03, 0xE0, 0x03, 0xF8, 0x03, 0xFE, 0x01, 0xFE, 0x00, 0xFE, 0x00, 0x3E,
  0x0F, 0x80, 0xF8, 0x0F, 0x80, 0xF8, 0x0F, 0x80, 0xF8, 0x0F, 0x80, 0xF8, 0x0F, 0x80, 0xF8, 0x0F,
  0x80, 0xF8, 0x0F, 0x80, 0xF8, 0x0F, 0x80, 0xF8, 0x0F, 0x80, 0xF8, 0x0F, 0x80, 0xF8, 0x0F, 0x80,
  0xF8, 0x0F, 0x80, 0xF8, 0x0F, 0x80, 0xF8, 0x0F, 0x80, 0xF8, 0x0F, 0x80, 0xF8, 0x0F, 0x80, 0xF8,
  0x0F, 0x80, 0xF8, 0x0F, 0x80, 0xF8, 0x0F, 0x80, 0xF8, 0x0F, 0x80, 0xF8, 0x0F, 0x80, 0xF8, 0x0F,
  0x80, 0x00, 0x78, 0x00, 0x7F, 0x00, 0x7F, 0x80, 0x7F, 0x80, 0x1F, 0xC0, 0x0F, 0xC0, 0x07, 0xC0,
  0x07, 0xC0, 0x07, 0xC0, 0x07, 0xC0, 0x07, 0xC0, 0x07, 0xC0, 0x07, 0xC0, 0x07, 0xE0, 0x03, 0xFC,
  0x01, 0xFC, 0x00, 0x7C, 0x01, 0xFC, 0x03, 0xFC, 0x07, 0xE0, 0x07, 0xC0, 0x07, 0xC0, 0x07, 0xC0,
  0x07, 0xC0, 0x07, 0xC0, 0x07, 0xC0, 0x07, 0xC0, 0x0F, 0xC0, 0x1F, 0xC0, 0x7F, 0x80, 0x7F, 0x80,
  0x7F, 0x00, 0x78, 0x00, 0x01, 0x00, 0x00, 0x1F, 0xC0, 0xF0, 0x7F, 0xC1, 0xE0, 0xFF, 0xE7, 0xC3,
  0xFF, 0xFF, 0x87, 0xC7, 0xFE, 0x0F, 0x07, 0xFC, 0x1E, 0x07, 0xF0, 0x00, 0x01, 0x00, 0x00, 0x00,
  0x00, 0x00, 0x00, 0x00, 0x00, 0x00, 0x00, 0x00, 0x00, 0x00, 0x00, 0x00, 0x00, 0x00, 0x00, 0x00,
  0x3F, 0xFF, 0x0F, 0xFF, 0xC3, 0x00, 0x30, 0xC0, 0x0C, 0x30, 0x03, 0x0C, 0x00, 0xC3, 0x00, 0x30,
  0xC0, 0x0C, 0x30, 0x03, 0x0C, 0x00, 0xC3, 0x00, 0x30, 0xC0, 0x0C, 0x30, 0x03, 0x0C, 0x00, 0xC3,
  0x00, 0x30, 0xC0, 0x0C, 0x30, 0x03, 0x0C, 0x00, 0xC3, 0x00, 0x30, 0xC0, 0x0C, 0x30, 0x03, 0x0C,
  0x00, 0xC3, 0x00, 0x30, 0xC0, 0x0C, 0x30, 0x03, 0x0C, 0x00, 0xC3, 0x00, 0x30, 0xC0, 0x0C, 0x30,
  0x03, 0x0C, 0x00, 0xC3, 0x00, 0x30, 0xC0, 0x0C, 0x30, 0x03, 0x0C, 0x00, 0xC3, 0x00, 0x30, 0xC0,
  0x0C, 0x30, 0x03, 0x0C, 0x00, 0xC3, 0x00, 0x30, 0xC0, 0x0C, 0x30, 0x03, 0x0C, 0x00, 0xC3, 0xFF,
  0xF0, 0xFF, 0xFC, 0x3F, 0xFF, 0x0F, 0xFF, 0xC3, 0x00, 0x30, 0xC0, 0x0C, 0x30, 0x03, 0x0C, 0x00,
  0xC3, 0x00, 0x30, 0xC0, 0x0C, 0x30, 0x03, 0x0C, 0x00, 0xC3, 0x00, 0x30, 0xC0, 0x0C, 0x30, 0x03,
  0x0C, 0x00, 0xC3, 0x00, 0x30, 0xC0, 0x0C, 0x30, 0x03, 0x0C, 0x00, 0xC3, 0x00, 0x30, 0xC0, 0x0C,
  0x30, 0x03, 0x0C, 0x00, 0xC3, 0x00, 0x30, 0xC0, 0x0C, 0x30, 0x03, 0x0C, 0x00, 0xC3, 0x00, 0x30,
  0xC0, 0x0C, 0x30, 0x03, 0x0C, 0x00, 0xC3, 0x00, 0x30, 0xC0, 0x0C, 0x30, 0x03, 0x0C, 0x00, 0xC3,
  0x00, 0x30, 0xC0, 0x0C, 0x30, 0x03, 0x0C, 0x00, 0xC3, 0x00, 0x30, 0xC0, 0x0C, 0x30, 0x03, 0x0C,
  0x00, 0xC3, 0xFF, 0xF0, 0xFF, 0xFC, 0x3F, 0xFF, 0x0F, 0xFF, 0xC3, 0x00, 0x30, 0xC0, 0x0C, 0x30,
  0x03, 0x0C, 0x00, 0xC3, 0x00, 0x30, 0xC0, 0x0C, 0x30, 0x03, 0x0C, 0x00, 0xC3, 0x00, 0x30, 0xC0,
  0x0C, 0x30, 0x03, 0x0C, 0x00, 0xC3, 0x00, 0x30, 0xC0, 0x0C, 0x30, 0x03, 0x0C, 0x00, 0xC3, 0x00,
  0x30, 0xC0, 0x0C, 0x30, 0x03, 0x0C, 0x00, 0xC3, 0x00, 0x30, 0xC0, 0x0C, 0x30, 0x03, 0x0C, 0x00,
  0xC3, 0x00, 0x30, 0xC0, 0x0C, 0x30, 0x03, 0x0C, 0x00, 0xC3, 0x00, 0x30, 0xC0, 0x0C, 0x30, 0x03,
  0x0C, 0x00, 0xC3, 0x00, 0x30, 0xC0, 0x0C, 0x30, 0x03, 0x0C, 0x00, 0xC3, 0x00, 0x30, 0xC0, 0x0C,
  0x30, 0x03, 0x0C, 0x00, 0xC3, 0xFF, 0xF0, 0xFF, 0xFC, 0x3F, 0xFF, 0x0F, 0xFF, 0xC3, 0x00, 0x30,
  0xC0, 0x0C, 0x30, 0x03, 0x0C, 0x00, 0xC3, 0x00, 0x30, 0xC0, 0x0C, 0x30, 0x03, 0x0C, 0x00, 0xC3,
  0x00, 0x30, 0xC0, 0x0C, 0x30, 0x03, 0x0C, 0x00, 0xC3, 0x00, 0x30, 0xC0, 0x0C, 0x30, 0x03, 0x0C,
  0x00, 0xC3, 0x00, 0x30, 0xC0, 0x0C, 0x30, 0x03, 0x0C, 0x00, 0xC3, 0x00, 0x30, 0xC0, 0x0C, 0x30,
  0x03, 0x0C, 0x00, 0xC3, 0x00, 0x30, 0xC0, 0x0C, 0x30, 0x03, 0x0C, 0x00, 0xC3, 0x00, 0x30, 0xC0,
  0x0C, 0x30, 0x03, 0x0C, 0x00, 0xC3, 0x00, 0x30, 0xC0, 0x0C, 0x30, 0x03, 0x0C, 0x00, 0xC3, 0x00,
  0x30, 0xC0, 0x0C, 0x30, 0x03, 0x0C, 0x00, 0xC3, 0xFF, 0xF0, 0xFF, 0xFC, 0x3F, 0xFF, 0x0F, 0xFF,
  0xC3, 0x00, 0x30, 0xC0, 0x0C, 0x30, 0x03, 0x0C, 0x00, 0xC3, 0x00, 0x30, 0xC0, 0x0C, 0x30, 0x03,
  0x0C, 0x00, 0xC3, 0x00, 0x30, 0xC0, 0x0C, 0x30, 0x03, 0x0C, 0x00, 0xC3, 0x00, 0x30, 0xC0, 0x0C,
  0x30, 0x03, 0x0C, 0x00, 0xC3, 0x00, 0x30, 0xC0, 0x0C, 0x30, 0x03, 0x0C, 0x00, 0xC3, 0x00, 0x30,
  0xC0, 0x0C, 0x30, 0x03, 0x0C, 0x00, 0xC3, 0x00, 0x30, 0xC0, 0x0C, 0x30, 0x03, 0x0C, 0x00, 0xC3,
  0x00, 0x30, 0xC0, 0x0C, 0x30, 0x03, 0x0C, 0x00, 0xC3, 0x00, 0x30, 0xC0, 0x0C, 0x30, 0x03, 0x0C,
  0x00, 0xC3, 0x00, 0x30, 0xC0, 0x0C, 0x30, 0x03, 0x0C, 0x00, 0xC3, 0xFF, 0xF0, 0xFF, 0xFC, 0x3F,
  0xFF, 0x0F, 0xFF, 0xC3, 0x00, 0x30, 0xC0, 0x0C, 0x30, 0x03, 0x0C, 0x00, 0xC3, 0x00, 0x30, 0xC0,
  0x0C, 0x30, 0x03, 0x0C, 0x00, 0xC3, 0x00, 0x30, 0xC0, 0x0C, 0x30, 0x03, 0x0C, 0x00, 0xC3, 0x00,
  0x30, 0xC0, 0x0C, 0x30, 0x03, 0x0C, 0x00, 0xC3, 0x00, 0x30, 0xC0, 0x0C, 0x30, 0x03, 0x0C, 0x00,
  0xC3, 0x00, 0x30, 0xC0, 0x0C, 0x30, 0x03, 0x0C, 0x00, 0xC3, 0x00, 0x30, 0xC0, 0x0C, 0x30, 0x03,
  0x0C, 0x00, 0xC3, 0x00, 0x30, 0xC0, 0x0C, 0x30, 0x03, 0x0C, 0x00, 0xC3, 0x00, 0x30, 0xC0, 0x0C,
  0x30, 0x03, 0x0C, 0x00, 0xC3, 0x00, 0x30, 0xC0, 0x0C, 0x30, 0x03, 0x0C, 0x00, 0xC3, 0xFF, 0xF0,
  0xFF, 0xFC, 0x3F, 0xFF, 0x0F, 0xFF, 0xC3, 0x00, 0x30, 0xC0, 0x0C, 0x30, 0x03, 0x0C, 0x00, 0xC3,
  0x00, 0x30, 0xC0, 0x0C, 0x30, 0x03, 0x0C, 0x00, 0xC3, 0x00, 0x30, 0xC0, 0x0C, 0x30, 0x03, 0x0C,
  0x00, 0xC3, 0x00, 0x30, 0xC0, 0x0C, 0x30, 0x03, 0x0C, 0x00, 0xC3, 0x00, 0x30, 0xC0, 0x0C, 0x30,
  0x03, 0x0C, 0x00, 0xC3, 0x00, 0x30, 0xC0, 0x0C, 0x30, 0x03, 0x0C, 0x00, 0xC3, 0x00, 0x30, 0xC0,
  0x0C, 0x30, 0x03, 0x0C, 0x00, 0xC3, 0x00, 0x30, 0xC0, 0x0C, 0x30, 0x03, 0x0C, 0x00, 0xC3, 0x00,
  0x30, 0xC0, 0x0C, 0x30, 0x03, 0x0C, 0x00, 0xC3, 0x00, 0x30, 0xC0, 0x0C, 0x30, 0x03, 0x0C, 0x00,
  0xC3, 0xFF, 0xF0, 0xFF, 0xFC, 0x3F, 0xFF, 0x0F, 0xFF, 0xC3, 0x00, 0x30, 0xC0, 0x0C, 0x30, 0x03,
  0x0C, 0x00, 0xC3, 0x00, 0x30, 0xC0, 0x0C, 0x30, 0x03, 0x0C, 0x00, 0xC3, 0x00, 0x30, 0xC0, 0x0C,
  0x30, 0x03, 0x0C, 0x00, 0xC3, 0x00, 0x30, 0xC0, 0x0C, 0x30, 0x03, 0x0C, 0x00, 0xC3, 0x00, 0x30,
  0xC0, 0x0C, 0x30, 0x03, 0x0C, 0x00, 0xC3, 0x00, 0x30, 0xC0, 0x0C, 0x30, 0x03, 0x0C, 0x00, 0xC3,
  0x00, 0x30, 0xC0, 0x0C, 0x30, 0x03, 0x0C, 0x00, 0xC3, 0x00, 0x30, 0xC0, 0x0C, 0x30, 0x03, 0x0C,
  0x00, 0xC3, 0x00, 0x30, 0xC0, 0x0C, 0x30, 0x03, 0x0C, 0x00, 0xC3, 0x00, 0x30, 0xC0, 0x0C, 0x30,
  0x03, 0x0C, 0x00, 0xC3, 0xFF, 0xF0, 0xFF, 0xFC, 0x3F, 0xFF, 0x0F, 0xFF, 0xC3, 0x00, 0x30, 0xC0,
  0x0C, 0x30, 0x03, 0x0C, 0x00, 0xC3, 0x00, 0x30, 0xC0, 0x0C, 0x30, 0x03, 0x0C, 0x00, 0xC3, 0x00,
  0x30, 0xC0, 0x0C, 0x30, 0x03, 0x0C, 0x00, 0xC3, 0x00, 0x30, 0xC0, 0x0C, 0x30, 0x03, 0x0C, 0x00,
  0xC3, 0x00, 0x30, 0xC0, 0x0C, 0x30, 0x03, 0x0C, 0x00, 0xC3, 0x00, 0x30, 0xC0, 0x0C, 0x30, 0x03,
  0x0C, 0x00, 0xC3, 0x00, 0x30, 0xC0, 0x0C, 0x30, 0x03, 0x0C, 0x00, 0xC3, 0x00, 0x30, 0xC0, 0x0C,
  0x30, 0x03, 0x0C, 0x00, 0xC3, 0x00, 0x30, 0xC0, 0x0C, 0x30, 0x03, 0x0C, 0x00, 0xC3, 0x00, 0x30,
  0xC0, 0x0C, 0x30, 0x03, 0x0C, 0x00, 0xC3, 0xFF, 0xF0, 0xFF, 0xFC, 0x3F, 0xFF, 0x0F, 0xFF, 0xC3,
  0x00, 0x30, 0xC0, 0x0C, 0x30, 0x03, 0x0C, 0x00, 0xC3, 0x00, 0x30, 0xC0, 0x0C, 0x30, 0x03, 0x0C,
  0x00, 0xC3, 0x00, 0x30, 0xC0, 0x0C, 0x30, 0x03, 0x0C, 0x00, 0xC3, 0x00, 0x30, 0xC0, 0x0C, 0x30,
  0x03, 0x0C, 0x00, 0xC3, 0x00, 0x30, 0xC0, 0x0C, 0x30, 0x03, 0x0C, 0x00, 0xC3, 0x00, 0x30, 0xC0,
  0x0C, 0x30, 0x03, 0x0C, 0x00, 0xC3, 0x00, 0x30, 0xC0, 0x0C, 0x30, 0x03, 0x0C, 0x00, 0xC3, 0x00,
  0x30, 0xC0, 0x0C, 0x30, 0x03, 0x0C, 0x00, 0xC3, 0x00, 0x30, 0xC0, 0x0C, 0x30, 0x03, 0x0C, 0x00,
  0xC3, 0x00, 0x30, 0xC0, 0x0C, 0x30, 0x03, 0x0C, 0x00, 0xC3, 0xFF, 0xF0, 0xFF, 0xFC, 0x3F, 0xFF,
  0x0F, 0xFF, 0xC3, 0x00, 0x30, 0xC0, 0x0C, 0x30, 0x03, 0x0C, 0x00, 0xC3, 0x00, 0x30, 0xC0, 0x0C,
  0x30, 0x03, 0x0C, 0x00, 0xC3, 0x00, 0x30, 0xC0, 0x0C, 0x30, 0x03, 0x0C, 0x00, 0xC3, 0x00, 0x30,
  0xC0, 0x0C, 0x30, 0x03, 0x0C, 0x00, 0xC3, 0x00, 0x30, 0xC0, 0x0C, 0x30, 0x03, 0x0C, 0x00, 0xC3,
  0x00, 0x30, 0xC0, 0x0C, 0x30, 0x03, 0x0C, 0x00, 0xC3, 0x00, 0x30, 0xC0, 0x0C, 0x30, 0x03, 0x0C,
  0x00, 0xC3, 0x00, 0x30, 0xC0, 0x0C, 0x30, 0x03, 0x0C, 0x00, 0xC3, 0x00, 0x30, 0xC0, 0x0C, 0x30,
  0x03, 0x0C, 0x00, 0xC3, 0x00, 0x30, 0xC0, 0x0C, 0x30, 0x03, 0x0C, 0x00, 0xC3, 0xFF, 0xF0, 0xFF,
  0xFC, 0x3F, 0xFF, 0x0F, 0xFF, 0xC3, 0x00, 0x30, 0xC0, 0x0C, 0x30, 0x03, 0x0C, 0x00, 0xC3, 0x00,
  0x30, 0xC0, 0x0C, 0x30, 0x03, 0x0C, 0x00, 0xC3, 0x00, 0x30, 0xC0, 0x0C, 0x30, 0x03, 0x0C, 0x00,
  0xC3, 0x00, 0x30, 0xC0, 0x0C, 0x30, 0x03, 0x0C, 0x00, 0xC3, 0x00, 0x30, 0xC0, 0x0C, 0x30, 0x03,
  0x0C, 0x00, 0xC3, 0x00, 0x30, 0xC0, 0x0C, 0x30, 0x03, 0x0C, 0x00, 0xC3, 0x00, 0x30, 0xC0, 0x0C,
  0x30, 0x03, 0x0C, 0x00, 0xC3, 0x00, 0x30, 0xC0, 0x0C, 0x30, 0x03, 0x0C, 0x00, 0xC3, 0x00, 0x30,
  0xC0, 0x0C, 0x30, 0x03, 0x0C, 0x00, 0xC3, 0x00, 0x30, 0xC0, 0x0C, 0x30, 0x03, 0x0C, 0x00, 0xC3,
  0xFF, 0xF0, 0xFF, 0xFC, 0x3F, 0xFF, 0x0F, 0xFF, 0xC3, 0x00, 0x30, 0xC0, 0x0C, 0x30, 0x03, 0x0C,
  0x00, 0xC3, 0x00, 0x30, 0xC0, 0x0C, 0x30, 0x03, 0x0C, 0x00, 0xC3, 0x00, 0x30, 0xC0, 0x0C, 0x30,
  0x03, 0x0C, 0x00, 0xC3, 0x00, 0x30, 0xC0, 0x0C, 0x30, 0x03, 0x0C, 0x00, 0xC3, 0x00, 0x30, 0xC0,
  0x0C, 0x30, 0x03, 0x0C, 0x00, 0xC3, 0x00, 0x30, 0xC0, 0x0C, 0x30, 0x03, 0x0C, 0x00, 0xC3, 0x00,
  0x30, 0xC0, 0x0C, 0x30, 0x03, 0x0C, 0x00, 0xC3, 0x00, 0x30, 0xC0, 0x0C, 0x30, 0x03, 0x0C, 0x00,
  0xC3, 0x00, 0x30, 0xC0, 0x0C, 0x30, 0x03, 0x0C, 0x00, 0xC3, 0x00, 0x30, 0xC0, 0x0C, 0x30, 0x03,
  0x0C, 0x00, 0xC3, 0xFF, 0xF0, 0xFF, 0xFC, 0x3F, 0xFF, 0x0F, 0xFF, 0xC3, 0x00, 0x30, 0xC0, 0x0C,
  0x30, 0x03, 0x0C, 0x00, 0xC3, 0x00, 0x30, 0xC0, 0x0C, 0x30, 0x03, 0x0C, 0x00, 0xC3, 0x00, 0x30,
  0xC0, 0x0C, 0x30, 0x03, 0x0C, 0x00, 0xC3, 0x00, 0x30, 0xC0, 0x0C, 0x30, 0x03, 0x0C, 0x00, 0xC3,
  0x00, 0x30, 0xC0, 0x0C, 0x30, 0x03, 0x0C, 0x00, 0xC3, 0x00, 0x30, 0xC0, 0x0C, 0x30, 0x03, 0x0C,
  0x00, 0xC3, 0x00, 0x30, 0xC0, 0x0C, 0x30, 0x03, 0x0C, 0x00, 0xC3, 0x00, 0x30, 0xC0, 0x0C, 0x30,
  0x03, 0x0C, 0x00, 0xC3, 0x00, 0x30, 0xC0, 0x0C, 0x30, 0x03, 0x0C, 0x00, 0xC3, 0x00, 0x30, 0xC0,
  0x0C, 0x30, 0x03, 0x0C, 0x00, 0xC3, 0xFF, 0xF0, 0xFF, 0xFC, 0x3F, 0xFF, 0x0F, 0xFF, 0xC3, 0x00,
  0x30, 0xC0, 0x0C, 0x30, 0x03, 0x0C, 0x00, 0xC3, 0x00, 0x30, 0xC0, 0x0C, 0x30, 0x03, 0x0C, 0x00,
  0xC3, 0x00, 0x30, 0xC0, 0x0C, 0x30, 0x03, 0x0C, 0x00, 0xC3, 0x00, 0x30, 0xC0, 0x0C, 0x30, 0x03,
  0x0C, 0x00, 0xC3, 0x00, 0x30, 0xC0, 0x0C, 0x30, 0x03, 0x0C, 0x00, 0xC3, 0x00, 0x30, 0xC0, 0x0C,
  0x30, 0x03, 0x0C, 0x00, 0xC3, 0x00, 0x30, 0xC0, 0x0C, 0x30, 0x03, 0x0C, 0x00, 0xC3, 0x00, 0x30,
  0xC0, 0x0C, 0x30, 0x03, 0x0C, 0x00, 0xC3, 0x00, 0x30, 0xC0, 0x0C, 0x30, 0x03, 0x0C, 0x00, 0xC3,
  0x00, 0x30, 0xC0, 0x0C, 0x30, 0x03, 0x0C, 0x00, 0xC3, 0xFF, 0xF0, 0xFF, 0xFC, 0x3F, 0xFF, 0x0F,
  0xFF, 0xC3, 0x00, 0x30, 0xC0, 0x0C, 0x30, 0x03, 0x0C, 0x00, 0xC3, 0x00, 0x30, 0xC0, 0x0C, 0x30,
  0x03, 0x0C, 0x00, 0xC3, 0x00, 0x30, 0xC0, 0x0C, 0x30, 0x03, 0x0C, 0x00, 0xC3, 0x00, 0x30, 0xC0,
  0x0C, 0x30, 0x03, 0x0C, 0x00, 0xC3, 0x00, 0x30, 0xC0, 0x0C, 0x30, 0x03, 0x0C, 0x00, 0xC3, 0x00,
  0x30, 0xC0, 0x0C, 0x30, 0x03, 0x0C, 0x00, 0xC3, 0x00, 0x30, 0xC0, 0x0C, 0x30, 0x03, 0x0C, 0x00,
  0xC3, 0x00, 0x30, 0xC0, 0x0C, 0x30, 0x03, 0x0C, 0x00, 0xC3, 0x00, 0x30, 0xC0, 0x0C, 0x30, 0x03,
  0x0C, 0x00, 0xC3, 0x00, 0x30, 0xC0, 0x0C, 0x30, 0x03, 0x0C, 0x00, 0xC3, 0xFF, 0xF0, 0xFF, 0xFC,
  0x3F, 0xFF, 0x0F, 0xFF, 0xC3, 0x00, 0x30, 0xC0, 0x0C, 0x30, 0x03, 0x0C, 0x00, 0xC3, 0x00, 0x30,
  0xC0, 0x0C, 0x30, 0x03, 0x0C, 0x00, 0xC3, 0x00, 0x30, 0xC0, 0x0C, 0x30, 0x03, 0x0C, 0x00, 0xC3,
  0x00, 0x30, 0xC0, 0x0C, 0x30, 0x03, 0x0C, 0x00, 0xC3, 0x00, 0x30, 0xC0, 0x0C, 0x30, 0x03, 0x0C,
  0x00, 0xC3, 0x00, 0x30, 0xC0, 0x0C, 0x30, 0x03, 0x0C, 0x00, 0xC3, 0x00, 0x30, 0xC0, 0x0C, 0x30,
  0x03, 0x0C, 0x00, 0xC3, 0x00, 0x30, 0xC0, 0x0C, 0x30, 0x03, 0x0C, 0x00, 0xC3, 0x00, 0x30, 0xC0,
  0x0C, 0x30, 0x03, 0x0C, 0x00, 0xC3, 0x00, 0x30, 0xC0, 0x0C, 0x30, 0x03, 0x0C, 0x00, 0xC3, 0xFF,
  0xF0, 0xFF, 0xFC, 0x3F, 0xFF, 0x0F, 0xFF, 0xC3, 0x00, 0x30, 0xC0, 0x0C, 0x30, 0x03, 0x0C, 0x00,
  0xC3, 0x00, 0x30, 0xC0, 0x0C, 0x30, 0x03, 0x0C, 0x00, 0xC3, 0x00, 0x30, 0xC0, 0x0C, 0x30, 0x03,
  0x0C, 0x00, 0xC3, 0x00, 0x30, 0xC0, 0x0C, 0x30, 0x03, 0x0C, 0x00, 0xC3, 0x00, 0x30, 0xC0, 0x0C,
  0x30, 0x03, 0x0C, 0x00, 0xC3, 0x00, 0x30, 0xC0, 0x0C, 0x30, 0x03, 0x0C, 0x00, 0xC3, 0x00, 0x30,
  0xC0, 0x0C, 0x30, 0x03, 0x0C, 0x00, 0xC3, 0x00, 0x30, 0xC0, 0x0C, 0x30, 0x03, 0x0C, 0x00, 0xC3,
  0x00, 0x30, 0xC0, 0x0C, 0x30, 0x03, 0x0C, 0x00, 0xC3, 0x00, 0x30, 0xC0, 0x0C, 0x30, 0x03, 0x0C,
  0x00, 0xC3, 0xFF, 0xF0, 0xFF, 0xFC, 0x3F, 0xFF, 0x0F, 0xFF, 0xC3, 0x00, 0x30, 0xC0, 0x0C, 0x30,
  0x03, 0x0C, 0x00, 0xC3, 0x00, 0x30, 0xC0, 0x0C, 0x30, 0x03, 0x0C, 0x00, 0xC3, 0x00, 0x30, 0xC0,
  0x0C, 0x30, 0x03, 0x0C, 0x00, 0xC3, 0x00, 0x30, 0xC0, 0x0C, 0x30, 0x03, 0x0C, 0x00, 0xC3, 0x00,
  0x30, 0xC0, 0x0C, 0x30, 0x03, 0x0C, 0x00, 0xC3, 0x00, 0x30, 0xC0, 0x0C, 0x30, 0x03, 0x0C, 0x00,
  0xC3, 0x00, 0x30, 0xC0, 0x0C, 0x30, 0x03, 0x0C, 0x00, 0xC3, 0x00, 0x30, 0xC0, 0x0C, 0x30, 0x03,
  0x0C, 0x00, 0xC3, 0x00, 0x30, 0xC0, 0x0C, 0x30, 0x03, 0x0C, 0x00, 0xC3, 0x00, 0x30, 0xC0, 0x0C,
  0x30, 0x03, 0x0C, 0x00, 0xC3, 0xFF, 0xF0, 0xFF, 0xFC, 0x3F, 0xFF, 0x0F, 0xFF, 0xC3, 0x00, 0x30,
  0xC0, 0x0C, 0x30, 0x03, 0x0C, 0x00, 0xC3, 0x00, 0x30, 0xC0, 0x0C, 0x30, 0x03, 0x0C, 0x00, 0xC3,
  0x00, 0x30, 0xC0, 0x0C, 0x30, 0x03, 0x0C, 0x00, 0xC3, 0x00, 0x30, 0xC0, 0x0C, 0x30, 0x03, 0x0C,
  0x00, 0xC3, 0x00, 0x30, 0xC0, 0x0C, 0x30, 0x03, 0x0C, 0x00, 0xC3, 0x00, 0x30, 0xC0, 0x0C, 0x30,
  0x03, 0x0C, 0x00, 0xC3, 0x00, 0x30, 0xC0, 0x0C, 0x30, 0x03, 0x0C, 0x00, 0xC3, 0x00, 0x30, 0xC0,
  0x0C, 0x30, 0x03, 0x0C, 0x00, 0xC3, 0x00, 0x30, 0xC0, 0x0C, 0x30, 0x03, 0x0C, 0x00, 0xC3, 0x00,
  0x30, 0xC0, 0x0C, 0x30, 0x03, 0x0C, 0x00, 0xC3, 0xFF, 0xF0, 0xFF, 0xFC, 0x3F, 0xFF, 0x0F, 0xFF,
  0xC3, 0x00, 0x30, 0xC0, 0x0C, 0x30, 0x03, 0x0C, 0x00, 0xC3, 0x00, 0x30, 0xC0, 0x0C, 0x30, 0x03,
  0x0C, 0x00, 0xC3, 0x00, 0x30, 0xC0, 0x0C, 0x30, 0x03, 0x0C, 0x00, 0xC3, 0x00, 0x30, 0xC0, 0x0C,
  0x30, 0x03, 0x0C, 0x00, 0xC3, 0x00, 0x30, 0xC0, 0x0C, 0x30, 0x03, 0x0C, 0x00, 0xC3, 0x00, 0x30,
  0xC0, 0x0C, 0x30, 0x03, 0x0C, 0x00, 0xC3, 0x00, 0x30, 0xC0, 0x0C, 0x30, 0x03, 0x0C, 0x00, 0xC3,
  0x00, 0x30, 0xC0, 0x0C, 0x30, 0x03, 0x0C, 0x00, 0xC3, 0x00, 0x30, 0xC0, 0x0C, 0x30, 0x03, 0x0C,
  0x00, 0xC3, 0x00, 0x30, 0xC0, 0x0C, 0x30, 0x03, 0x0C, 0x00, 0xC3, 0xFF, 0xF0, 0xFF, 0xFC, 0x3F,
  0xFF, 0x0F, 0xFF, 0xC3, 0x00, 0x30, 0xC0, 0x0C, 0x30, 0x03, 0x0C, 0x00, 0xC3, 0x00, 0x30, 0xC0,
  0x0C, 0x30, 0x03, 0x0C, 0x00, 0xC3, 0x00, 0x30, 0xC0, 0x0C, 0x30, 0x03, 0x0C, 0x00, 0xC3, 0x00,
  0x30, 0xC0, 0x0C, 0x30, 0x03, 0x0C, 0x00, 0xC3, 0x00, 0x30, 0xC0, 0x0C, 0x30, 0x03, 0x0C, 0x00,
  0xC3, 0x00, 0x30, 0xC0, 0x0C, 0x30, 0x03, 0x0C, 0x00, 0xC3, 0x00, 0x30, 0xC0, 0x0C, 0x30, 0x03,
  0x0C, 0x00, 0xC3, 0x00, 0x30, 0xC0, 0x0C, 0x30, 0x03, 0x0C, 0x00, 0xC3, 0x00, 0x30, 0xC0, 0x0C,
  0x30, 0x03, 0x0C, 0x00, 0xC3, 0x00, 0x30, 0xC0, 0x0C, 0x30, 0x03, 0x0C, 0x00, 0xC3, 0xFF, 0xF0,
  0xFF, 0xFC, 0x3F, 0xFF, 0x0F, 0xFF, 0xC3, 0x00, 0x30, 0xC0, 0x0C, 0x30, 0x03, 0x0C, 0x00, 0xC3,
  0x00, 0x30, 0xC0, 0x0C, 0x30, 0x03, 0x0C, 0x00, 0xC3, 0x00, 0x30, 0xC0, 0x0C, 0x30, 0x03, 0x0C,
  0x00, 0xC3, 0x00, 0x30, 0xC0, 0x0C, 0x30, 0x03, 0x0C, 0x00, 0xC3, 0x00, 0x30, 0xC0, 0x0C, 0x30,
  0x03, 0x0C, 0x00, 0xC3, 0x00, 0x30, 0xC0, 0x0C, 0x30, 0x03, 0x0C, 0x00, 0xC3, 0x00, 0x30, 0xC0,
  0x0C, 0x30, 0x03, 0x0C, 0x00, 0xC3, 0x00, 0x30, 0xC0, 0x0C, 0x30, 0x03, 0x0C, 0x00, 0xC3, 0x00,
  0x30, 0xC0, 0x0C, 0x30, 0x03, 0x0C, 0x00, 0xC3, 0x00, 0x30, 0xC0, 0x0C, 0x30, 0x03, 0x0C, 0x00,
  0xC3, 0xFF, 0xF0, 0xFF, 0xFC, 0x3F, 0xFF, 0x0F, 0xFF, 0xC3, 0x00, 0x30, 0xC0, 0x0C, 0x30, 0x03,
  0x0C, 0x00, 0xC3, 0x00, 0x30, 0xC0, 0x0C, 0x30, 0x03, 0x0C, 0x00, 0xC3, 0x00, 0x30, 0xC0, 0x0C,
  0x30, 0x03, 0x0C, 0x00, 0xC3, 0x00, 0x30, 0xC0, 0x0C, 0x30, 0x03, 0x0C, 0x00, 0xC3, 0x00, 0x30,
  0xC0, 0x0C, 0x30, 0x03, 0x0C, 0x00, 0xC3, 0x00, 0x30, 0xC0, 0x0C, 0x30, 0x03, 0x0C, 0x00, 0xC3,
  0x00, 0x30, 0xC0, 0x0C, 0x30, 0x03, 0x0C, 0x00, 0xC3, 0x00, 0x30, 0xC0, 0x0C, 0x30, 0x03, 0x0C,
  0x00, 0xC3, 0x00, 0x30, 0xC0, 0x0C, 0x30, 0x03, 0x0C, 0x00, 0xC3, 0x00, 0x30, 0xC0, 0x0C, 0x30,
  0x03, 0x0C, 0x00, 0xC3, 0xFF, 0xF0, 0xFF, 0xFC, 0x3F, 0xFF, 0x0F, 0xFF, 0xC3, 0x00, 0x30, 0xC0,
  0x0C, 0x30, 0x03, 0x0C, 0x00, 0xC3, 0x00, 0x30, 0xC0, 0x0C, 0x30, 0x03, 0x0C, 0x00, 0xC3, 0x00,
  0x30, 0xC0, 0x0C, 0x30, 0x03, 0x0C, 0x00, 0xC3, 0x00, 0x30, 0xC0, 0x0C, 0x30, 0x03, 0x0C, 0x00,
  0xC3, 0x00, 0x30, 0xC0, 0x0C, 0x30, 0x03, 0x0C, 0x00, 0xC3, 0x00, 0x30, 0xC0, 0x0C, 0x30, 0x03,
  0x0C, 0x00, 0xC3, 0x00, 0x30, 0xC0, 0x0C, 0x30, 0x03, 0x0C, 0x00, 0xC3, 0x00, 0x30, 0xC0, 0x0C,
  0x30, 0x03, 0x0C, 0x00, 0xC3, 0x00, 0x30, 0xC0, 0x0C, 0x30, 0x03, 0x0C, 0x00, 0xC3, 0x00, 0x30,
  0xC0, 0x0C, 0x30, 0x03, 0x0C, 0x00, 0xC3, 0xFF, 0xF0, 0xFF, 0xFC, 0x3F, 0xFF, 0x0F, 0xFF, 0xC3,
  0x00, 0x30, 0xC0, 0x0C, 0x30, 0x03, 0x0C, 0x00, 0xC3, 0x00, 0x30, 0xC0, 0x0C, 0x30, 0x03, 0x0C,
  0x00, 0xC3, 0x00, 0x30, 0xC0, 0x0C, 0x30, 0x03, 0x0C, 0x00, 0xC3, 0x00, 0x30, 0xC0, 0x0C, 0x30,
  0x03, 0x0C, 0x00, 0xC3, 0x00, 0x30, 0xC0, 0x0C, 0x30, 0x03, 0x0C, 0x00, 0xC3, 0x00, 0x30, 0xC0,
  0x0C, 0x30, 0x03, 0x0C, 0x00, 0xC3, 0x00, 0x30, 0xC0, 0x0C, 0x30, 0x03, 0x0C, 0x00, 0xC3, 0x00,
  0x30, 0xC0, 0x0C, 0x30, 0x03, 0x0C, 0x00, 0xC3, 0x00, 0x30, 0xC0, 0x0C, 0x30, 0x03, 0x0C, 0x00,
  0xC3, 0x00, 0x30, 0xC0, 0x0C, 0x30, 0x03, 0x0C, 0x00, 0xC3, 0xFF, 0xF0, 0xFF, 0xFC, 0x3F, 0xFF,
  0x0F, 0xFF, 0xC3, 0x00, 0x30, 0xC0, 0x0C, 0x30, 0x03, 0x0C, 0x00, 0xC3, 0x00, 0x30, 0xC0, 0x0C,
  0x30, 0x03, 0x0C, 0x00, 0xC3, 0x00, 0x30, 0xC0, 0x0C, 0x30, 0x03, 0x0C, 0x00, 0xC3, 0x00, 0x30,
  0xC0, 0x0C, 0x30, 0x03, 0x0C, 0x00, 0xC3, 0x00, 0x30, 0xC0, 0x0C, 0x30, 0x03, 0x0C, 0x00, 0xC3,
  0x00, 0x30, 0xC0, 0x0C, 0x30, 0x03, 0x0C, 0x00, 0xC3, 0x00, 0x30, 0xC0, 0x0C, 0x30, 0x03, 0x0C,
  0x00, 0xC3, 0x00, 0x30, 0xC0, 0x0C, 0x30, 0x03, 0x0C, 0x00, 0xC3, 0x00, 0x30, 0xC0, 0x0C, 0x30,
  0x03, 0x0C, 0x00, 0xC3, 0x00, 0x30, 0xC0, 0x0C, 0x30, 0x03, 0x0C, 0x00, 0xC3, 0xFF, 0xF0, 0xFF,
  0xFC, 0x3F, 0xFF, 0x0F, 0xFF, 0xC3, 0x00, 0x30, 0xC0, 0x0C, 0x30, 0x03, 0x0C, 0x00, 0xC3, 0x00,
  0x30, 0xC0, 0x0C, 0x30, 0x03, 0x0C, 0x00, 0xC3, 0x00, 0x30, 0xC0, 0x0C, 0x30, 0x03, 0x0C, 0x00,
  0xC3, 0x00, 0x30, 0xC0, 0x0C, 0x30, 0x03, 0x0C, 0x00, 0xC3, 0x00, 0x30, 0xC0, 0x0C, 0x30, 0x03,
  0x0C, 0x00, 0xC3, 0x00, 0x30, 0xC0, 0x0C, 0x30, 0x03, 0x0C, 0x00, 0xC3, 0x00, 0x30, 0xC0, 0x0C,
  0x30, 0x03, 0x0C, 0x00, 0xC3, 0x00, 0x30, 0xC0, 0x0C, 0x30, 0x03, 0x0C, 0x00, 0xC3, 0x00, 0x30,
  0xC0, 0x0C, 0x30, 0x03, 0x0C, 0x00, 0xC3, 0x00, 0x30, 0xC0, 0x0C, 0x30, 0x03, 0x0C, 0x00, 0xC3,
  0xFF, 0xF0, 0xFF, 0xFC, 0x3F, 0xFF, 0x0F, 0xFF, 0xC3, 0x00, 0x30, 0xC0, 0x0C, 0x30, 0x03, 0x0C,
  0x00, 0xC3, 0x00, 0x30, 0xC0, 0x0C, 0x30, 0x03, 0x0C, 0x00, 0xC3, 0x00, 0x30, 0xC0, 0x0C, 0x30,
  0x03, 0x0C, 0x00, 0xC3, 0x00, 0x30, 0xC0, 0x0C, 0x30, 0x03, 0x0C, 0x00, 0xC3, 0x00, 0x30, 0xC0,
  0x0C, 0x30, 0x03, 0x0C, 0x00, 0xC3, 0x00, 0x30, 0xC0, 0x0C, 0x30, 0x03, 0x0C, 0x00, 0xC3, 0x00,
  0x30, 0xC0, 0x0C, 0x30, 0x03, 0x0C, 0x00, 0xC3, 0x00, 0x30, 0xC0, 0x0C, 0x30, 0x03, 0x0C, 0x00,
  0xC3, 0x00, 0x30, 0xC0, 0x0C, 0x30, 0x03, 0x0C, 0x00, 0xC3, 0x00, 0x30, 0xC0, 0x0C, 0x30, 0x03,
  0x0C, 0x00, 0xC3, 0xFF, 0xF0, 0xFF, 0xFC, 0x3F, 0xFF, 0x0F, 0xFF, 0xC3, 0x00, 0x30, 0xC0, 0x0C,
  0x30, 0x03, 0x0C, 0x00, 0xC3, 0x00, 0x30, 0xC0, 0x0C, 0x30, 0x03, 0x0C, 0x00, 0xC3, 0x00, 0x30,
  0xC0, 0x0C, 0x30, 0x03, 0x0C, 0x00, 0xC3, 0x00, 0x30, 0xC0, 0x0C, 0x30, 0x03, 0x0C, 0x00, 0xC3,
  0x00, 0x30, 0xC0, 0x0C, 0x30, 0x03, 0x0C, 0x00, 0xC3, 0x00, 0x30, 0xC0, 0x0C, 0x30, 0x03, 0x0C,
  0x00, 0xC3, 0x00, 0x30, 0xC0, 0x0C, 0x30, 0x03, 0x0C, 0x00, 0xC3, 0x00, 0x30, 0xC0, 0x0C, 0x30,
  0x03, 0x0C, 0x00, 0xC3, 0x00, 0x30, 0xC0, 0x0C, 0x30, 0x03, 0x0C, 0x00, 0xC3, 0x00, 0x30, 0xC0,
  0x0C, 0x30, 0x03, 0x0C, 0x00, 0xC3, 0xFF, 0xF0, 0xFF, 0xFC, 0x3F, 0xFF, 0x0F, 0xFF, 0xC3, 0x00,
  0x30, 0xC0, 0x0C, 0x30, 0x03, 0x0C, 0x00, 0xC3, 0x00, 0x30, 0xC0, 0x0C, 0x30, 0x03, 0x0C, 0x00,
  0xC3, 0x00, 0x30, 0xC0, 0x0C, 0x30, 0x03, 0x0C, 0x00, 0xC3, 0x00, 0x30, 0xC0, 0x0C, 0x30, 0x03,
  0x0C, 0x00, 0xC3, 0x00, 0x30, 0xC0, 0x0C, 0x30, 0x03, 0x0C, 0x00, 0xC3, 0x00, 0x30, 0xC0, 0x0C,
  0x30, 0x03, 0x0C, 0x00, 0xC3, 0x00, 0x30, 0xC0, 0x0C, 0x30, 0x03, 0x0C, 0x00, 0xC3, 0x00, 0x30,
  0xC0, 0x0C, 0x30, 0x03, 0x0C, 0x00, 0xC3, 0x00, 0x30, 0xC0, 0x0C, 0x30, 0x03, 0x0C, 0x00, 0xC3,
  0x00, 0x30, 0xC0, 0x0C, 0x30, 0x03, 0x0C, 0x00, 0xC3, 0xFF, 0xF0, 0xFF, 0xFC, 0x3F, 0xFF, 0x0F,
  0xFF, 0xC3, 0x00, 0x30, 0xC0, 0x0C, 0x30, 0x03, 0x0C, 0x00, 0xC3, 0x00, 0x30, 0xC0, 0x0C, 0x30,
  0x03, 0x0C, 0x00, 0xC3, 0x00, 0x30, 0xC0, 0x0C, 0x30, 0x03, 0x0C, 0x00, 0xC3, 0x00, 0x30, 0xC0,
  0x0C, 0x30, 0x03, 0x0C, 0x00, 0xC3, 0x00, 0x30, 0xC0, 0x0C, 0x30, 0x03, 0x0C, 0x00, 0xC3, 0x00,
  0x30, 0xC0, 0x0C, 0x30, 0x03, 0x0C, 0x00, 0xC3, 0x00, 0x30, 0xC0, 0x0C, 0x30, 0x03, 0x0C, 0x00,
  0xC3, 0x00, 0x30, 0xC0, 0x0C, 0x30, 0x03, 0x0C, 0x00, 0xC3, 0x00, 0x30, 0xC0, 0x0C, 0x30, 0x03,
  0x0C, 0x00, 0xC3, 0x00, 0x30, 0xC0, 0x0C, 0x30, 0x03, 0x0C, 0x00, 0xC3, 0xFF, 0xF0, 0xFF, 0xFC,
  0x3F, 0xFF, 0x0F, 0xFF, 0xC3, 0x00, 0x30, 0xC0, 0x0C, 0x30, 0x03, 0x0C, 0x00, 0xC3, 0x00, 0x30,
  0xC0, 0x0C, 0x30, 0x03, 0x0C, 0x00, 0xC3, 0x00, 0x30, 0xC0, 0x0C, 0x30, 0x03, 0x0C, 0x00, 0xC3,
  0x00, 0x30, 0xC0, 0x0C, 0x30, 0x03, 0x0C, 0x00, 0xC3, 0x00, 0x30, 0xC0, 0x0C, 0x30, 0x03, 0x0C,
  0x00, 0xC3, 0x00, 0x30, 0xC0, 0x0C, 0x30, 0x03, 0x0C, 0x00, 0xC3, 0x00, 0x30, 0xC0, 0x0C, 0x30,
  0x03, 0x0C, 0x00, 0xC3, 0x00, 0x30, 0xC0, 0x0C, 0x30, 0x03, 0x0C, 0x00, 0xC3, 0x00, 0x30, 0xC0,
  0x0C, 0x30, 0x03, 0x0C, 0x00, 0xC3, 0x00, 0x30, 0xC0, 0x0C, 0x30, 0x03, 0x0C, 0x00, 0xC3, 0xFF,
  0xF0, 0xFF, 0xFC, 0x0E, 0x03, 0xE0, 0xFE, 0x1F, 0xC1, 0xF0, 0x1C, 0x00, 0x00, 0x00, 0x1F, 0x03,
  0xE0, 0x7C, 0x0F, 0x81, 0xF0, 0x3E, 0x07, 0xC0, 0xF8, 0x1F, 0x03, 0xE0, 0x7C, 0x0F, 0x81, 0xF0,
  0x3E, 0x07, 0xC0, 0xF8, 0x1F, 0x03, 0xE0, 0x7C, 0x00, 0x00, 0x60, 0x00, 0x06, 0x00, 0x00, 0x60,
  0x00, 0x3F, 0xE0, 0x07, 0xFF, 0x01, 0xFF, 0xF8, 0x1F, 0xFF, 0xC3, 0xFE, 0xFE, 0x3F, 0x67, 0xE7,
  0xE6, 0x3E, 0x7E, 0x60, 0x07, 0xC6, 0x00, 0x7C, 0x60, 0x07, 0xC6, 0x00, 0x7C, 0x60, 0x07, 0xE6,
  0x3E, 0x7E, 0x63, 0xE3, 0xF6, 0x7E, 0x3F, 0xEF, 0xE1, 0xFF, 0xFC, 0x0F, 0xFF, 0x80, 0x7F, 0xF0,
  0x01, 0xFC, 0x00, 0x06, 0x00, 0x00, 0x60, 0x00, 0x06, 0x00, 0x00, 0x00, 0x00, 0x00, 0x08, 0x00,
  0x01, 0xFF, 0x00, 0x07, 0xFF, 0x80, 0x1F, 0xFF, 0x80, 0x7F, 0xFF, 0x00, 0xFC, 0x3F, 0x01, 0xF0,
  0x3E, 0x03, 0xE0, 0x7C, 0x07, 0xC0, 0x00, 0x0F, 0x80, 0x00, 0x1F, 0x00, 0x00, 0x3E, 0x00, 0x03,
  0xFF, 0xF0, 0x07, 0xFF, 0xE0, 0x0F, 0xFF, 0xC0, 0x1F, 0xFF, 0x80, 0x3F, 0xFF, 0x00, 0x0F, 0x80,
  0x00, 0x1F, 0x00, 0x00, 0x3E, 0x00, 0x00, 0x7C, 0x00, 0x00, 0xF8, 0x00, 0x0F, 0xFF, 0xFE, 0x1F,
  0xFF, 0xFC, 0x3F, 0xFF, 0xF8, 0x7F, 0xFF, 0xF0, 0xFF, 0xFF, 0xE0, 0x08, 0x1E, 0x06, 0x07, 0x3F,
  0xF3, 0xC3, 0xFF, 0xFF, 0xF8, 0x7F, 0xFF, 0xF8, 0x0F, 0xC0, 0x7C, 0x03, 0xC0, 0x0F, 0x01, 0xE0,
  0x01, 0xE0, 0x78, 0x00, 0x38, 0x1C, 0x00, 0x0F, 0x07, 0x00, 0x03, 0xC3, 0xC0, 0x00, 0x70, 0xF0,
  0x00, 0x1C, 0x3C, 0x00, 0x07, 0x07, 0x00, 0x03, 0xC1, 0xC0, 0x00, 0xE0, 0x78, 0x00, 0x78, 0x0F,
  0x00, 0x1E, 0x03, 0xE0, 0x0F, 0x01, 0xFC, 0x0F, 0xE0, 0xFF, 0xFF, 0xFE, 0x3D, 0xFF, 0xEF, 0x06,
  0x1F, 0xE1, 0x80, 0x00, 0x00, 0x00, 0x00, 0x00, 0x00, 0xFC, 0x03, 0xF3, 0xE0, 0x3F, 0x1F, 0x81,
  0xF0, 0x7C, 0x1F, 0x83, 0xF0, 0xF8, 0x0F, 0x8F, 0xC0, 0x7C, 0x7C, 0x03, 0xF3, 0xE0, 0x0F, 0xBF,
  0x00, 0x7F, 0xF0, 0x01, 0xFF, 0x80, 0x0F, 0xF8, 0x07, 0xFF, 0xFC, 0x3F, 0xFF, 0xE1, 0xFF, 0xFF,
  0x0F, 0xFF, 0xF8, 0x01, 0xF0, 0x00, 0x0F, 0x80, 0x1F, 0xFF, 0xF0, 0xFF, 0xFF, 0x87, 0xFF, 0xFC,
  0x00, 0xF8, 0x00, 0x07, 0xC0, 0x00, 0x3E, 0x00, 0x01, 0xF0, 0x00, 0x0F, 0x80, 0x00, 0x00, 0x00,
  0x1F, 0x03, 0xE0, 0x7C, 0x0F, 0x81, 0xF0, 0x3E, 0x07, 0xC0, 0xF8, 0x1F, 0x03, 0xE0, 0x7C, 0x0F,
  0x80, 0x00, 0x00, 0x00, 0x00, 0x00, 0x00, 0x00, 0x00, 0x00, 0x0F, 0x81, 0xF0, 0x3E, 0x07, 0xC0,
  0xF8, 0x1F, 0x03, 0xE0, 0x7C, 0x0F, 0x81, 0xF0, 0x3E, 0x07, 0xC0, 0x00, 0x00, 0x40, 0x00, 0x3F,
  0xC0, 0x0F, 0xFE, 0x01, 0xFF, 0xF0, 0x1F, 0xFF, 0x81, 0xF0, 0xF8, 0x1E, 0x0F, 0x81, 0xE0, 0x00,
  0x1F, 0x00, 0x01, 0xFC, 0x00, 0x0F, 0xF0, 0x00, 0x7F, 0xC0, 0x1F, 0xFF, 0x03, 0xEF, 0xF8, 0x3C,
  0x3F, 0xC7, 0xC0, 0xFE, 0x7E, 0x03, 0xE3, 0xF8, 0x3E, 0x3F, 0xE3, 0xE1, 0xFF, 0xFC, 0x0F, 0xFF,
  0x80, 0x3F, 0xF0, 0x00, 0x7F, 0x80, 0x01, 0xF8, 0x00, 0x0F, 0x83, 0xE0, 0x7C, 0x3E, 0x07, 0xC3,
  0xF9, 0xF8, 0x1F, 0xFF, 0x81, 0xFF, 0xF8, 0x0F, 0xFF, 0x00, 0x3F, 0xC0, 0x00, 0x00, 0x00, 0x04,
  0x08, 0x07, 0x87, 0x81, 0xF3, 0xF0, 0xFC, 0xFC, 0x1E, 0x1E, 0x03, 0x03, 0x00, 0x00, 0x00, 0x00,
  0x00, 0x00, 0x00, 0x00, 0x00, 0x00, 0x00, 0x00, 0x00, 0x00, 0x00, 0x00, 0x00, 0x00, 0x00, 0x00,
  0x00, 0x00, 0x00, 0x00, 0x00, 0x00, 0x00, 0x00, 0x00, 0x00, 0x00, 0x00, 0x00, 0x00, 0x00, 0x00,
  0x00, 0x00, 0x00, 0x00, 0x00, 0x00, 0x00, 0x00, 0x00, 0x00, 0x00, 0x00, 0x00, 0x00, 0x00, 0x03,
  0x80, 0x00, 0x00, 0x1F, 0xF8, 0x00, 0x00, 0x7F, 0xFE, 0x00, 0x01, 0xFF, 0xFF, 0x00, 0x03, 0xFF,
  0xFF, 0xC0, 0x07, 0xF0, 0x0F, 0xC0, 0x07, 0xC0, 0x07, 0xE0, 0x0F, 0x87, 0xE1, 0xF0, 0x1F, 0x1F,
  0xF9, 0xF0, 0x1F, 0x3F, 0xFC, 0xF8, 0x1E, 0x3E, 0x7C, 0xF8, 0x1E, 0x78, 0x3E, 0x78, 0x3E, 0x78,
  0x1E, 0x78, 0x3E, 0x70, 0x00, 0x78, 0x3E, 0x70, 0x00, 0x78, 0x3E, 0x78, 0x1E, 0x78, 0x1E, 0x7C,
  0x3C, 0x78, 0x1E, 0x3F, 0xFC, 0xF8, 0x1F, 0x3F, 0xF8, 0xF8, 0x0F, 0x1F, 0xF1, 0xF0, 0x0F, 0x87,
  0xE3, 0xF0, 0x07, 0xE0, 0x07, 0xE0, 0x07, 0xF0, 0x1F, 0xC0, 0x03, 0xFF, 0xFF, 0x80, 0x01, 0xFF,
  0xFF, 0x00, 0x00, 0x7F, 0xFE, 0x00, 0x00, 0x1F, 0xF8, 0x00, 0x00, 0x00, 0x00, 0x00, 0x07, 0xE0,
  0x0F, 0xF0, 0x1F, 0xF8, 0x1C, 0x38, 0x00, 0x38, 0x00, 0x3C, 0x0F, 0xFC, 0x1F, 0xFC, 0x1C, 0x3C,
  0x3C, 0x3C, 0x3C, 0x3C, 0x1F, 0xFC, 0x1F, 0xDC, 0x07, 0x9C, 0x00, 0x00, 0x00, 0x00, 0x00, 0x00,
  0x00, 0x00, 0x00, 0x00, 0x00, 0x00, 0x00, 0x00, 0x00, 0x00, 0x00, 0x00, 0x00, 0x00, 0x00, 0x00,
  0x00, 0x00, 0x01, 0xF0, 0xF0, 0x0F, 0x87, 0xC0, 0x7C, 0x3E, 0x01, 0xF0, 0xF8, 0x0F, 0x87, 0xC0,
  0x7E, 0x3E, 0x01, 0xF1, 0xF8, 0x0F, 0x87, 0xC0, 0x3E, 0x3F, 0x00, 0xF8, 0x7C, 0x01, 0xF0, 0xF8,
  0x03, 0xE3, 0xF0, 0x0F, 0x87, 0xC0, 0x1F, 0x0F, 0x80, 0x3E, 0x3E, 0x00, 0xFC, 0x7C, 0x00, 0x00,
  0x00, 0x00, 0x00, 0x00, 0x00, 0x00, 0x00, 0x3F, 0xFF, 0x83, 0xFF, 0xF8, 0x3F, 0xFF, 0x80, 0x00,
  0x38, 0x00, 0x03, 0x80, 0x00, 0x38, 0x00, 0x03, 0x80, 0x00, 0x00, 0x00, 0x00, 0x00, 0x00, 0x00,
  0x00, 0x00, 0x00, 0x00, 0x00, 0x00, 0x00, 0x00, 0x00, 0x00, 0x00, 0x00, 0x00, 0x00, 0x10, 0x00,
  0x03, 0xFE, 0x00, 0x1F, 0xFE, 0x00, 0x7C, 0x1F, 0x01, 0xE0, 0x0E, 0x03, 0x80, 0x0E, 0x0E, 0x3F,
  0x0E, 0x1C, 0x7F, 0x1C, 0x70, 0xC7, 0x18, 0xE1, 0x8E, 0x31, 0xC3, 0xF8, 0x73, 0x87, 0xE0, 0xE7,
  0x0C, 0xC1, 0x8E, 0x19, 0xC7, 0x0E, 0x31, 0xCE, 0x1E, 0x00, 0x38, 0x1E, 0x00, 0xF0, 0x1E, 0x03,
  0xC0, 0x1F, 0xFF, 0x00, 0x1F, 0xFC, 0x00, 0x0F, 0xC0, 0x00, 0x00, 0x00, 0x00, 0x00, 0x00, 0x00,
  0x00, 0x00, 0x00, 0x00, 0x00, 0x00, 0x00, 0x00, 0x00, 0x00, 0x00, 0x1F, 0xFF, 0x03, 0xFF, 0xE0,
  0x7F, 0xFC, 0x00, 0x00, 0x00, 0x00, 0x00, 0x00, 0x00, 0x00, 0x00, 0x00, 0x00, 0x00, 0x00, 0x00,
  0x00, 0x00, 0x00, 0x00, 0x00, 0x00, 0x00, 0x00, 0x00, 0x00, 0x00, 0x00, 0x00, 0x00, 0x00, 0x00,
  0x00, 0x00, 0x00, 0x00, 0x00, 0x00, 0x00, 0x00, 0x00, 0x00, 0x00, 0x00, 0x00, 0x00, 0x00, 0x00,
  0x00, 0x00, 0x00, 0x00, 0x00, 0x00, 0x00, 0x00, 0x00, 0x00, 0x00, 0x00, 0x0F, 0xE0, 0x3F, 0xE0,
  0xFF, 0xE1, 0xF3, 0xC3, 0x83, 0xCF, 0x07, 0x9E, 0x0F, 0x1E, 0x1E, 0x3E, 0xF8, 0x7F, 0xF0, 0x7F,
  0xC0, 0x3F, 0x00, 0x00, 0x00, 0x00, 0x00, 0x00, 0x00, 0x00, 0x00, 0x00, 0x00, 0x00, 0x00, 0x00,
  0x00, 0x00, 0x00, 0x00, 0x00, 0x00, 0x00, 0x00, 0x00, 0x00, 0x00, 0x00, 0x00, 0x00, 0x00, 0x00,
  0x7C, 0x00, 0x00, 0xF8, 0x00, 0x01, 0xF0, 0x00, 0x03, 0xE0, 0x01, 0xFF, 0xFF, 0x83, 0xFF, 0xFF,
  0x07, 0xFF, 0xFE, 0x0F, 0xFF, 0xFC, 0x00, 0x7C, 0x00, 0x00, 0xF8, 0x00, 0x01, 0xF0, 0x00, 0x03,
  0xE0, 0x00, 0x07, 0xC0, 0x00, 0x00, 0x00, 0x00, 0x00, 0x00, 0x0F, 0xFF, 0xFC, 0x1F, 0xFF, 0xF8,
  0x3F, 0xFF, 0xF0, 0x7F, 0xFF, 0xE0, 0x00, 0x00, 0x00, 0x00, 0x00, 0x00, 0x0F, 0xC0, 0xFF, 0xC7,
  0xFF, 0x9E, 0x1E, 0x78, 0x78, 0x01, 0xE0, 0x07, 0x80, 0x3E, 0x01, 0xF0, 0x1F, 0x80, 0xF8, 0x07,
  0xC0, 0x3E, 0x01, 0xFF, 0xE7, 0xFF, 0x9F, 0xFE, 0x00, 0x00, 0x00, 0x00, 0x00, 0x00, 0x00, 0x00,
  0x00, 0x00, 0x00, 0x00, 0x00, 0x00, 0x00, 0x00, 0x00, 0x00, 0x00, 0x00, 0x00, 0x00, 0x00, 0x0F,
  0xC0, 0x3F, 0xE0, 0xFF, 0xE3, 0xE3, 0xC7, 0x83, 0x80, 0x0F, 0x01, 0xFE, 0x03, 0xF0, 0x07, 0xF0,
  0x01, 0xF8, 0x00, 0xF3, 0xC1, 0xE7, 0xC7, 0xCF, 0xFF, 0x8F, 0xFE, 0x07, 0xF0, 0x00, 0x00, 0x00,
  0x00, 0x00, 0x00, 0x00, 0x00, 0x00, 0x00, 0x00, 0x00, 0x00, 0x00, 0x00, 0x00, 0x00, 0x00, 0x00,
  0x00, 0x00, 0x00, 0x00, 0x00, 0x00, 0x03, 0xE0, 0x03, 0xC0, 0x07, 0x80, 0x07, 0x80, 0x0F, 0x00,
  0x00, 0x00, 0x00, 0x00, 0x00, 0x00, 0x00, 0x00, 0x00, 0x00, 0x00, 0x00, 0x00, 0x00, 0x00, 0x00,
  0x00, 0x00, 0x00, 0x00, 0x00, 0x00, 0x00, 0x00, 0x00, 0x00, 0x00, 0x00, 0x00, 0x00, 0x00, 0x00,
  0x00, 0x00, 0x00, 0x00, 0x00, 0x00, 0x00, 0x00, 0x00, 0x00, 0x00, 0x00, 0x00, 0x00, 0x3E, 0x00,
  0xF8, 0x7C, 0x01, 0xF0, 0xF8, 0x03, 0xE1, 0xF0, 0x07, 0xC3, 0xE0, 0x0F, 0x87, 0xC0, 0x1F, 0x0F,
  0x80, 0x3E, 0x1F, 0x00, 0x7C, 0x3E, 0x00, 0xF8, 0x7C, 0x01, 0xF0, 0xF8, 0x03, 0xE1, 0xF0, 0x07,
  0xC3, 0xE0, 0x0F, 0x87, 0xC0, 0x3F, 0x0F, 0xC0, 0x7E, 0x1F, 0xE3, 0xFC, 0x3F, 0xFF, 0xF8, 0x7F,
  0xFF, 0xF0, 0xFB, 0xFB, 0xE1, 0xF3, 0xC7, 0xC3, 0xE0, 0x00, 0x07, 0xC0, 0x00, 0x0F, 0x80, 0x00,
  0x1F, 0x00, 0x00, 0x3E, 0x00, 0x00, 0x7C, 0x00, 0x00, 0xF8, 0x00, 0x00, 0x00, 0x00, 0x00, 0x03,
  0xFF, 0xE0, 0x7F, 0xFF, 0x07, 0xFF, 0xF8, 0x7F, 0xFF, 0xC3, 0xFF, 0x1E, 0x3F, 0xF8, 0xF1, 0xFF,
  0xC7, 0x8F, 0xFE, 0x3C, 0x7F, 0xF1, 0xE3, 0xFF, 0x8F, 0x1F, 0xFC, 0x78, 0x7F, 0xE3, 0xC3, 0xFF,
  0x1E, 0x0F, 0xF8, 0xF0, 0x3F, 0xC7, 0x80, 0x7E, 0x3C, 0x00, 0x01, 0xE0, 0x00, 0x0F, 0x00, 0x00,
  0x78, 0x00, 0x03, 0xC0, 0x00, 0x1E, 0x00, 0x00, 0xF0, 0x00, 0x07, 0x80, 0x00, 0x3C, 0x00, 0x01,
  0xE0, 0x00, 0x0F, 0x00, 0x00, 0x00, 0x0E, 0x03, 0xE0, 0xFC, 0x1F, 0xC1, 0xF0, 0x3E, 0x00, 0x00,
  0x00, 0x00, 0x00, 0x00, 0x00, 0x00, 0x00, 0x00, 0x00, 0x00, 0x00, 0x06, 0x00, 0x78, 0x0F, 0xC0,
  0x1C, 0x01, 0xC0, 0x3C, 0x1F, 0x81, 0xF0, 0x00, 0x00, 0x00, 0x0F, 0x07, 0xC7, 0xF1, 0xFC, 0x67,
  0x11, 0xC0, 0x70, 0x1C, 0x07, 0x01, 0xC0, 0x70, 0x1C, 0x07, 0x01, 0xC0, 0x70, 0x1C, 0x00, 0x00,
  0x00, 0x00, 0x00, 0x00, 0x00, 0x00, 0x00, 0x00, 0x00, 0x00, 0x00, 0x00, 0x00, 0x00, 0x00, 0x07,
  0xE0, 0x0F, 0xF0, 0x1F, 0xF8, 0x3C, 0x3C, 0x38, 0x1C, 0x38, 0x1C, 0x38, 0x1C, 0x38, 0x1C, 0x38,
  0x1C, 0x38, 0x1C, 0x3C, 0x3C, 0x1F, 0xF8, 0x0F, 0xF0, 0x03, 0xE0, 0x00, 0x00, 0x00, 0x00, 0x00,
  0x00, 0x00, 0x00, 0x00, 0x00, 0x00, 0x00, 0x00, 0x00, 0x00, 0x00, 0x00, 0x00, 0x00, 0x00, 0x00,
  0x00, 0x00, 0x00, 0x7C, 0x3E, 0x00, 0xF8, 0x7C, 0x03, 0xF1, 0xF0, 0x07, 0xC3, 0xE0, 0x0F, 0x87,
  0xC0, 0x3F, 0x1F, 0x00, 0x7C, 0x3E, 0x00, 0xF8, 0xFC, 0x03, 0xE1, 0xF0, 0x1F, 0x8F, 0xC0, 0x7C,
  0x3E, 0x03, 0xE1, 0xF0, 0x0F, 0x8F, 0xC0, 0x7C, 0x3E, 0x03, 0xE1, 0xF0, 0x1F, 0x8F, 0xC0, 0x00,
  0x00, 0x00, 0x00, 0x00, 0x00, 0x00, 0x00, 0x00, 0x1E, 0x00, 0x07, 0x80, 0x7C, 0x00, 0x0E, 0x03,
  0xF8, 0x00, 0x38, 0x07, 0xF0, 0x00, 0xF0, 0x0C, 0xE0, 0x03, 0xC0, 0x11, 0xC0, 0x07, 0x00, 0x03,
  0x80, 0x1E, 0x00, 0x07, 0x00, 0x78, 0x00, 0x0E, 0x00, 0xE0, 0x00, 0x1C, 0x03, 0x80, 0x00, 0x38,
  0x0F, 0x00, 0x00, 0x70, 0x1C, 0x00, 0x00, 0xE0, 0x70, 0x1F, 0x01, 0xC1, 0xE0, 0x3E, 0x00, 0x03,
  0x80, 0xFC, 0x00, 0x0E, 0x03, 0xF8, 0x00, 0x3C, 0x0F, 0x70, 0x00, 0x70, 0x1C, 0xE0, 0x01, 0xC0,
  0x79, 0xC0, 0x07, 0x81, 0xE3, 0x80, 0x1E, 0x07, 0x87, 0x00, 0x38, 0x0F, 0xFF, 0x80, 0xF0, 0x1F,
  0xFF, 0x03, 0xC0, 0x3F, 0xFE, 0x07, 0x00, 0x00, 0x70, 0x1C, 0x00, 0x00, 0xE0, 0x00, 0x00, 0x00,
  0x00, 0x1E, 0x00, 0x07, 0x80, 0x3E, 0x00, 0x07, 0x00, 0xFE, 0x00, 0x0E, 0x00, 0xFE, 0x00, 0x1E,
  0x00, 0xCE, 0x00, 0x3C, 0x00, 0x8E, 0x00, 0x38, 0x00, 0x0E, 0x00, 0x78, 0x00, 0x0E, 0x00, 0xF0,
  0x00, 0x0E, 0x00, 0xE0, 0x00, 0x0E, 0x01, 0xC0, 0x00, 0x0E, 0x03, 0xC0, 0x00, 0x0E, 0x03, 0x80,
  0x00, 0x0E, 0x07, 0x01, 0xF8, 0x0E, 0x0F, 0x07, 0xFC, 0x00, 0x0E, 0x0F, 0xFE, 0x00, 0x1C, 0x0E,
  0x1E, 0x00, 0x3C, 0x0E, 0x0E, 0x00, 0x38, 0x00, 0x1E, 0x00, 0x70, 0x00, 0x3E, 0x00, 0xF0, 0x00,
  0x7C, 0x01, 0xE0, 0x00, 0xF8, 0x01, 0xC0, 0x01, 0xE0, 0x03, 0xC0, 0x07, 0xC0, 0x07, 0x80, 0x0F,
  0xFE, 0x07, 0x00, 0x0F, 0xFE, 0x0E, 0x00, 0x0F, 0xFE, 0x00, 0x00, 0x00, 0x00, 0x0F, 0xC0, 0x00,
  0xF0, 0x0F, 0xF8, 0x00, 0x38, 0x07, 0xFF, 0x00, 0x1C, 0x01, 0xC3, 0xC0, 0x0F, 0x00, 0x00, 0x70,
  0x03, 0x80, 0x00, 0x7C, 0x01, 0xC0, 0x00, 0x7C, 0x00, 0xF0, 0x00, 0x1F, 0x80, 0x38, 0x00, 0x01,
  0xF0, 0x1C, 0x00, 0x00, 0x1E, 0x0F, 0x00, 0x0F, 0x07, 0x87, 0x80, 0x01, 0xFF, 0xC1, 0xC0, 0x00,
  0x3F, 0xF0, 0xE0, 0x3E, 0x07, 0xF0, 0x78, 0x0F, 0x80, 0x00, 0x1C, 0x07, 0xE0, 0x00, 0x0E, 0x03,
  0xF8, 0x00, 0x07, 0x81, 0xEE, 0x00, 0x01, 0xC0, 0x73, 0x80, 0x00, 0xE0, 0x3C, 0xE0, 0x00, 0x78,
  0x1E, 0x38, 0x00, 0x1C, 0x07, 0x0E, 0x00, 0x0E, 0x03, 0xFF, 0xE0, 0x07, 0x80, 0xFF, 0xF8, 0x01,
  0xC0, 0x3F, 0xFE, 0x00, 0xE0, 0x00, 0x0E, 0x00, 0x78, 0x00, 0x03, 0x80, 0x00, 0x00, 0x00, 0x00,
  0x00, 0x70, 0x00, 0x1F, 0x00, 0x07, 0xE0, 0x00, 0xFE, 0x00, 0x1F, 0x80, 0x01, 0xF0, 0x00, 0x00,
  0x00, 0x00, 0x00, 0x00, 0x00, 0x00, 0x1F, 0x00, 0x03, 0xE0, 0x00, 0xFC, 0x00, 0x1F, 0x00, 0x0F,
  0xE0, 0x03, 0xF8, 0x00, 0xFE, 0x00, 0x3F, 0x80, 0x07, 0xE0, 0x01, 0xF8, 0x00, 0x3F, 0x00, 0x07,
  0xE0, 0x7C, 0xFC, 0x1F, 0x9F, 0xC7, 0xF1, 0xFF, 0xFC, 0x1F, 0xFF, 0x81, 0xFF, 0xE0, 0x0F, 0xF0,
  0x00, 0x00, 0x00, 0x01, 0xF8, 0x00, 0x00, 0x1E, 0x00, 0x00, 0x07, 0xC0, 0x00, 0x00, 0xF0, 0x00,
  0x00, 0x1E, 0x00, 0x00, 0x00, 0x00, 0x00, 0x00, 0x00, 0x00, 0x00, 0x00, 0x00, 0x00, 0x7F, 0x80,
  0x00, 0x1F, 0xE0, 0x00, 0x0F, 0xF8, 0x00, 0x03, 0xFF, 0x00, 0x00, 0xFF, 0xC0, 0x00, 0x7F, 0xF0,
  0x00, 0x1F, 0xFE, 0x00, 0x07, 0xCF, 0x80, 0x03, 0xF3, 0xE0, 0x00, 0xFC, 0xFC, 0x00, 0x3E, 0x3F,
  0x00, 0x1F, 0x87, 0xC0, 0x07, 0xE1, 0xF8, 0x01, 0xF0, 0x7E, 0x00, 0xFC, 0x0F, 0x80, 0x3F, 0x03,
  0xF0, 0x0F, 0xFF, 0xFC, 0x07, 0xFF, 0xFF, 0x81, 0xFF, 0xFF, 0xE0, 0xFF, 0xFF, 0xF8, 0x3F, 0x00,
  0x3F, 0x0F, 0xC0, 0x0F, 0xC7, 0xE0, 0x03, 0xF1, 0xF8, 0x00, 0x7E, 0x7E, 0x00, 0x1F, 0xBF, 0x00,
  0x07, 0xE0, 0x00, 0x00, 0x00, 0x00, 0x07, 0xC0, 0x00, 0x03, 0xE0, 0x00, 0x00, 0xF0, 0x00, 0x00,
  0x7C, 0x00, 0x00, 0x1E, 0x00, 0x00, 0x00, 0x00, 0x00, 0x00, 0x00, 0x00, 0x00, 0x00, 0x00, 0x00,
  0x7F, 0x80, 0x00, 0x1F, 0xE0, 0x00, 0x0F, 0xF8, 0x00, 0x03, 0xFF, 0x00, 0x00, 0xFF, 0xC0, 0x00,
  0x7F, 0xF0, 0x00, 0x1F, 0xFE, 0x00, 0x07, 0xCF, 0x80, 0x03, 0xF3, 0xE0, 0x00, 0xFC, 0xFC, 0x00,
  0x3E, 0x3F, 0x00, 0x1F, 0x87, 0xC0, 0x07, 0xE1, 0xF8, 0x01, 0xF0, 0x7E, 0x00, 0xFC, 0x0F, 0x80,
  0x3F, 0x03, 0xF0, 0x0F, 0xFF, 0xFC, 0x07, 0xFF, 0xFF, 0x81, 0xFF, 0xFF, 0xE0, 0xFF, 0xFF, 0xF8,
  0x3F, 0x00, 0x3F, 0x0F, 0xC0, 0x0F, 0xC7, 0xE0, 0x03, 0xF1, 0xF8, 0x00, 0x7E, 0x7E, 0x00, 0x1F,
  0xBF, 0x00, 0x07, 0xE0, 0x00, 0x00, 0x00, 0x00, 0x3F, 0x00, 0x00, 0x1F, 0xE0, 0x00, 0x0F, 0xFC,
  0x00, 0x07, 0xCF, 0x00, 0x03, 0xE1, 0xE0, 0x00, 0x00, 0x04, 0x00, 0x00, 0x00, 0x00, 0x00, 0x00,
  0x00, 0x00, 0x7F, 0x80, 0x00, 0x1F, 0xE0, 0x00, 0x0F, 0xF8, 0x00, 0x03, 0xFF, 0x00, 0x00, 0xFF,
  0xC0, 0x00, 0x7F, 0xF0, 0x00, 0x1F, 0xFE, 0x00, 0x07, 0xCF, 0x80, 0x03, 0xF3, 0xE0, 0x00, 0xFC,
  0xFC, 0x00, 0x3E, 0x3F, 0x00, 0x1F, 0x87, 0xC0, 0x07, 0xE1, 0xF8, 0x01, 0xF0, 0x7E, 0x00, 0xFC,
  0x0F, 0x80, 0x3F, 0x03, 0xF0, 0x0F, 0xFF, 0xFC, 0x07, 0xFF, 0xFF, 0x81, 0xFF, 0xFF, 0xE0, 0xFF,
  0xFF, 0xF8, 0x3F, 0x00, 0x3F, 0x0F, 0xC0, 0x0F, 0xC7, 0xE0, 0x03, 0xF1, 0xF8, 0x00, 0x7E, 0x7E,
  0x00, 0x1F, 0xBF, 0x00, 0x07, 0xE0, 0x00, 0x00, 0x00, 0x00, 0x70, 0xE0, 0x00, 0x3F, 0x38, 0x00,
  0x1F, 0xFE, 0x00, 0x07, 0x3F, 0x00, 0x01, 0xC3, 0x80, 0x00, 0x00, 0x00, 0x00, 0x00, 0x00, 0x00,
  0x00, 0x00, 0x00, 0x00, 0x7F, 0x80, 0x00, 0x1F, 0xE0, 0x00, 0x0F, 0xF8, 0x00, 0x03, 0xFF, 0x00,
  0x00, 0xFF, 0xC0, 0x00, 0x7F, 0xF0, 0x00, 0x1F, 0xFE, 0x00, 0x07, 0xCF, 0x80, 0x03, 0xF3, 0xE0,
  0x00, 0xFC, 0xFC, 0x00, 0x3E, 0x3F, 0x00, 0x1F, 0x87, 0xC0, 0x07, 0xE1, 0xF8, 0x01, 0xF0, 0x7E,
  0x00, 0xFC, 0x0F, 0x80, 0x3F, 0x03, 0xF0, 0x0F, 0xFF, 0xFC, 0x07, 0xFF, 0xFF, 0x81, 0xFF, 0xFF,
  0xE0, 0xFF, 0xFF, 0xF8, 0x3F, 0x00, 0x3F, 0x0F, 0xC0, 0x0F, 0xC7, 0xE0, 0x03, 0xF1, 0xF8, 0x00,
  0x7E, 0x7E, 0x00, 0x1F, 0xBF, 0x00, 0x07, 0xE0, 0x00, 0x80, 0x80, 0x00, 0x78, 0x78, 0x00, 0x3F,
  0x3E, 0x00, 0x0F, 0xCF, 0x80, 0x01, 0xE1, 0xE0, 0x00, 0x30, 0x30, 0x00, 0x00, 0x00, 0x00, 0x00,
  0x00, 0x00, 0x00, 0x00, 0x00, 0x00, 0x1F, 0xE0, 0x00, 0x07, 0xF8, 0x00, 0x03, 0xFE, 0x00, 0x00,
  0xFF, 0xC0, 0x00, 0x3F, 0xF0, 0x00, 0x1F, 0xFC, 0x00, 0x07, 0xFF, 0x80, 0x01, 0xF3, 0xE0, 0x00,
  0xFC, 0xF8, 0x00, 0x3F, 0x3F, 0x00, 0x0F, 0x8F, 0xC0, 0x07, 0xE1, 0xF0, 0x01, 0xF8, 0x7E, 0x00,
  0x7C, 0x1F, 0x80, 0x3F, 0x03, 0xE0, 0x0F, 0xC0, 0xFC, 0x03, 0xFF, 0xFF, 0x01, 0xFF, 0xFF, 0xE0,
  0x7F, 0xFF, 0xF8, 0x3F, 0xFF, 0xFE, 0x0F, 0xC0, 0x0F, 0xC3, 0xF0, 0x03, 0xF1, 0xF8, 0x00, 0xFC,
  0x7E, 0x00, 0x1F, 0x9F, 0x80, 0x07, 0xEF, 0xC0, 0x01, 0xF8, 0x00, 0x3E, 0x00, 0x00, 0x1F, 0xC0,
  0x00, 0x06, 0x38, 0x00, 0x01, 0x86, 0x00, 0x00, 0x73, 0x80, 0x00, 0x0F, 0xC0, 0x00, 0x03, 0xE0,
  0x00, 0x00, 0x00, 0x00, 0x00, 0x00, 0x00, 0x00, 0x1F, 0xE0, 0x00, 0x07, 0xF8, 0x00, 0x03, 0xFE,
  0x00, 0x00, 0xFF, 0xC0, 0x00, 0x3F, 0xF0, 0x00, 0x1F, 0xFC, 0x00, 0x07, 0xFF, 0x80, 0x01, 0xF3,
  0xE0, 0x00, 0xFC, 0xF8, 0x00, 0x3F, 0x3F, 0x00, 0x0F, 0x8F, 0xC0, 0x07, 0xE1, 0xF0, 0x01, 0xF8,
  0x7E, 0x00, 0x7C, 0x1F, 0x80, 0x3F, 0x03, 0xE0, 0x0F, 0xC0, 0xFC, 0x03, 0xFF, 0xFF, 0x01, 0xFF,
  0xFF, 0xE0, 0x7F, 0xFF, 0xF8, 0x3F, 0xFF, 0xFE, 0x0F, 0xC0, 0x0F, 0xC3, 0xF0, 0x03, 0xF1, 0xF8,
  0x00, 0xFC, 0x7E, 0x00, 0x1F, 0x9F, 0x80, 0x07, 0xEF, 0xC0, 0x01, 0xF8, 0x00, 0x00, 0x00, 0x00,
  0x1F, 0xFF, 0xFF, 0xC0, 0x01, 0xFF, 0xFF, 0xFC, 0x00, 0x3F, 0xFF, 0xFF, 0xC0, 0x03, 0xFF, 0xFF,
  0xFC, 0x00, 0x7F, 0xFC, 0x00, 0x00, 0x07, 0xE7, 0xC0, 0x00, 0x00, 0x7C, 0x7C, 0x00, 0x00, 0x0F,
  0xC7, 0xC0, 0x00, 0x00, 0xFC, 0x7C, 0x00, 0x00, 0x1F, 0x87, 0xC0, 0x00, 0x01, 0xF8, 0x7C, 0x00,
  0x00, 0x3F, 0x07, 0xFF, 0xF8, 0x03, 0xF0, 0x7F, 0xFF, 0x80, 0x3F, 0x07, 0xFF, 0xF8, 0x07, 0xE0,
  0x7F, 0xFF, 0x80, 0x7E, 0x07, 0xC0, 0x00, 0x0F, 0xFF, 0xFC, 0x00, 0x00, 0xFF, 0xFF, 0xC0, 0x00,
  0x1F, 0xFF, 0xFC, 0x00, 0x01, 0xFF, 0xFF, 0xC0, 0x00, 0x1F, 0x80, 0x7C, 0x00, 0x03, 0xF0, 0x07,
  0xFF, 0xFC, 0x3F, 0x00, 0x7F, 0xFF, 0xC7, 0xE0, 0x07, 0xFF, 0xFC, 0x7E, 0x00, 0x7F, 0xFF, 0xCF,
  0xE0, 0x07, 0xFF, 0xFC, 0x00, 0x00, 0x00, 0x00, 0x00, 0x00, 0x0C, 0x00, 0x00, 0x3F, 0xF8, 0x00,
  0x3F, 0xFF, 0x00, 0x1F, 0xFF, 0xF0, 0x0F, 0xFF, 0xFE, 0x07, 0xFC, 0x7F, 0x81, 0xFC, 0x07, 0xF0,
  0xFE, 0x00, 0xFC, 0x3F, 0x00, 0x1F, 0x0F, 0xC0, 0x07, 0xE7, 0xE0, 0x00, 0x01, 0xF8, 0x00, 0x00,
  0x7E, 0x00, 0x00, 0x1F, 0x80, 0x00, 0x07, 0xE0, 0x00, 0x01, 0xF8, 0x00, 0x00, 0x7E, 0x00, 0x00,
  0x0F, 0x80, 0x00, 0x03, 0xF0, 0x01, 0xF8, 0xFC, 0x00, 0x7C, 0x3F, 0x80, 0x3F, 0x07, 0xF0, 0x1F,
  0xC0, 0xFF, 0xFF, 0xE0, 0x3F, 0xFF, 0xF0, 0x07, 0xFF, 0xF8, 0x00, 0x7F, 0xFC, 0x00, 0x07, 0xFC,
  0x00, 0x00, 0x30, 0x00, 0x00, 0x0F, 0x00, 0x00, 0x07, 0xE0, 0x00, 0x00, 0x38, 0x00, 0x00, 0x0E,
  0x00, 0x00, 0x07, 0x80, 0x00, 0x07, 0xC0, 0x00, 0x01, 0xE0, 0x00, 0x00, 0x00, 0x00, 0x07, 0xE0,
  0x00, 0x1F, 0x00, 0x00, 0x78, 0x00, 0x01, 0xE0, 0x00, 0x0F, 0x80, 0x00, 0x00, 0x00, 0x00, 0x00,
  0x00, 0x00, 0x00, 0x3F, 0xFF, 0xE1, 0xFF, 0xFF, 0x0F, 0xFF, 0xF8, 0x7F, 0xFF, 0xC3, 0xE0, 0x00,
  0x1F, 0x00, 0x00, 0xF8, 0x00, 0x07, 0xC0, 0x00, 0x3E, 0x00, 0x01, 0xF0, 0x00, 0x0F, 0x80, 0x00,
  0x7F, 0xFF, 0x83, 0xFF, 0xFC, 0x1F, 0xFF, 0xE0, 0xFF, 0xFF, 0x07, 0xC0, 0x00, 0x3E, 0x00, 0x01,
  0xF0, 0x00, 0x0F, 0x80, 0x00, 0x7C, 0x00, 0x03, 0xE0, 0x00, 0x1F, 0xFF, 0xF0, 0xFF, 0xFF, 0x87,
  0xFF, 0xFC, 0x3F, 0xFF, 0xE1, 0xFF, 0xFF, 0x00, 0x00, 0x00, 0x00, 0x1F, 0x00, 0x01, 0xF0, 0x00,
  0x0F, 0x00, 0x00, 0xF0, 0x00, 0x07, 0x80, 0x00, 0x00, 0x00, 0x00, 0x00, 0x00, 0x00, 0x00, 0x3F,
  0xFF, 0xE1, 0xFF, 0xFF, 0x0F, 0xFF, 0xF8, 0x7F, 0xFF, 0xC3, 0xE0, 0x00, 0x1F, 0x00, 0x00, 0xF8,
  0x00, 0x07, 0xC0, 0x00, 0x3E, 0x00, 0x01, 0xF0, 0x00, 0x0F, 0x80, 0x00, 0x7F, 0xFF, 0x83, 0xFF,
  0xFC, 0x1F, 0xFF, 0xE0, 0xFF, 0xFF, 0x07, 0xC0, 0x00, 0x3E, 0x00, 0x01, 0xF0, 0x00, 0x0F, 0x80,
  0x00, 0x7C, 0x00, 0x03, 0xE0, 0x00, 0x1F, 0xFF, 0xF0, 0xFF, 0xFF, 0x87, 0xFF, 0xFC, 0x3F, 0xFF,
  0xE1, 0xFF, 0xFF, 0x00, 0x00, 0x00, 0x00, 0xF8, 0x00, 0x0F, 0xE0, 0x00, 0xF7, 0x80, 0x0F, 0xBE,
  0x00, 0xF8, 0xF8, 0x08, 0x00, 0x20, 0x00, 0x00, 0x00, 0x00, 0x00, 0x3F, 0xFF, 0xE1, 0xFF, 0xFF,
  0x0F, 0xFF, 0xF8, 0x7F, 0xFF, 0xC3, 0xE0, 0x00, 0x1F, 0x00, 0x00, 0xF8, 0x00, 0x07, 0xC0, 0x00,
  0x3E, 0x00, 0x01, 0xF0, 0x00, 0x0F, 0x80, 0x00, 0x7F, 0xFF, 0x83, 0xFF, 0xFC, 0x1F, 0xFF, 0xE0,
  0xFF, 0xFF, 0x07, 0xC0, 0x00, 0x3E, 0x00, 0x01, 0xF0, 0x00, 0x0F, 0x80, 0x00, 0x7C, 0x00, 0x03,
  0xE0, 0x00, 0x1F, 0xFF, 0xF0, 0xFF, 0xFF, 0x87, 0xFF, 0xFC, 0x3F, 0xFF, 0xE1, 0xFF, 0xFF, 0x00,
  0x00, 0x00, 0x02, 0x02, 0x00, 0x7C, 0x7C, 0x03, 0xE3, 0xE0, 0x1F, 0x1F, 0x00, 0xF8, 0xF8, 0x01,
  0x81, 0x00, 0x00, 0x00, 0x00, 0x00, 0x00, 0x00, 0x00, 0x01, 0xFF, 0xFF, 0x0F, 0xFF, 0xF8, 0x7F,
  0xFF, 0xC3, 0xFF, 0xFE, 0x1F, 0x00, 0x00, 0xF8, 0x00, 0x07, 0xC0, 0x00, 0x3E, 0x00, 0x01, 0xF0,
  0x00, 0x0F, 0x80, 0x00, 0x7C, 0x00, 0x03, 0xFF, 0xFC, 0x1F, 0xFF, 0xE0, 0xFF, 0xFF, 0x07, 0xFF,
  0xF8, 0x3E, 0x00, 0x01, 0xF0, 0x00, 0x0F, 0x80, 0x00, 0x7C, 0x00, 0x03, 0xE0, 0x00, 0x1F, 0x00,
  0x00, 0xFF, 0xFF, 0x87, 0xFF, 0xFC, 0x3F, 0xFF, 0xE1, 0xFF, 0xFF, 0x0F, 0xFF, 0xF8, 0xF8, 0x1F,
  0x03, 0xC0, 0x78, 0x1E, 0x00, 0x00, 0x00, 0x00, 0x1F, 0x07, 0xC1, 0xF0, 0x7C, 0x1F, 0x07, 0xC1,
  0xF0, 0x7C, 0x1F, 0x07, 0xC1, 0xF0, 0x7C, 0x1F, 0x07, 0xC1, 0xF0, 0x7C, 0x1F, 0x07, 0xC1, 0xF0,
  0x7C, 0x1F, 0x07, 0xC1, 0xF0, 0x7C, 0x1F, 0x07, 0xC0, 0x00, 0x0F, 0xC3, 0xE0, 0xF0, 0x78, 0x3E,
  0x00, 0x00, 0x00, 0x00, 0x3E, 0x0F, 0x83, 0xE0, 0xF8, 0x3E, 0x0F, 0x83, 0xE0, 0xF8, 0x3E, 0x0F,
  0x83, 0xE0, 0xF8, 0x3E, 0x0F, 0x83, 0xE0, 0xF8, 0x3E, 0x0F, 0x83, 0xE0, 0xF8, 0x3E, 0x0F, 0x83,
  0xE0, 0xF8, 0x3E, 0x0F, 0x80, 0x00, 0x07, 0xC0, 0x1F, 0xC0, 0x7B, 0xC1, 0xF7, 0xC7, 0xC7, 0xD0,
  0x00, 0x40, 0x00, 0x00, 0x00, 0x07, 0xC0, 0x0F, 0x80, 0x1F, 0x00, 0x3E, 0x00, 0x7C, 0x00, 0xF8,
  0x01, 0xF0, 0x03, 0xE0, 0x07, 0xC0, 0x0F, 0x80, 0x1F, 0x00, 0x3E, 0x00, 0x7C, 0x00, 0xF8, 0x01,
  0xF0, 0x03, 0xE0, 0x07, 0xC0, 0x0F, 0x80, 0x1F, 0x00, 0x3E, 0x00, 0x7C, 0x00, 0xF8, 0x01, 0xF0,
  0x03, 0xE0, 0x07, 0xC0, 0x0F, 0x80, 0x00, 0x00, 0x20, 0x21, 0xF1, 0xE3, 0xE3, 0xE7, 0xC7, 0xCF,
  0x8F, 0x86, 0x0C, 0x00, 0x00, 0x00, 0x00, 0x00, 0x00, 0x1F, 0x00, 0x3E, 0x00, 0x7C, 0x00, 0xF8,
  0x01, 0xF0, 0x03, 0xE0, 0x07, 0xC0, 0x0F, 0x80, 0x1F, 0x00, 0x3E, 0x00, 0x7C, 0x00, 0xF8, 0x01,
  0xF0, 0x03, 0xE0, 0x07, 0xC0, 0x0F, 0x80, 0x1F, 0x00, 0x3E, 0x00, 0x7C, 0x00, 0xF8, 0x01, 0xF0,
  0x03, 0xE0, 0x07, 0xC0, 0x0F, 0x80, 0x1F, 0x00, 0x3E, 0x00, 0x0F, 0xFF, 0xC0, 0x01, 0xFF, 0xFE,
  0x00, 0x3F, 0xFF, 0xF0, 0x07, 0xFF, 0xFF, 0x00, 0xFF, 0xFF, 0xE0, 0x1F, 0x00, 0xFE, 0x03, 0xE0,
  0x0F, 0xE0, 0x7C, 0x00, 0xFC, 0x0F, 0x80, 0x0F, 0x81, 0xF0, 0x01, 0xF0, 0x3E, 0x00, 0x3F, 0x7F,
  0xFC, 0x07, 0xEF, 0xFF, 0x80, 0xFD, 0xFF, 0xF0, 0x1F, 0x83, 0xE0, 0x03, 0xF0, 0x7C, 0x00, 0x7E,
  0x0F, 0x80, 0x0F, 0x81, 0xF0, 0x03, 0xF0, 0x3E, 0x00, 0x7E, 0x07, 0xC0, 0x1F, 0x80, 0xF8, 0x07,
  0xF0, 0x1F, 0xFF, 0xFC, 0x03, 0xFF, 0xFF, 0x00, 0x7F, 0xFF, 0xC0, 0x0F, 0xFF, 0xF0, 0x01, 0xFF,
  0xF0, 0x00, 0x00, 0x00, 0x00, 0x00, 0x00, 0xF0, 0xE0, 0x00, 0xFE, 0xF0, 0x00, 0x7F, 0xF0, 0x00,
  0x39, 0xF8, 0x00, 0x38, 0x78, 0x00, 0x00, 0x00, 0x00, 0x00, 0x00, 0x00, 0x00, 0x00, 0x00, 0x3E,
  0x00, 0x3F, 0x1F, 0x80, 0x1F, 0x8F, 0xC0, 0x0F, 0xC7, 0xF0, 0x07, 0xE3, 0xFC, 0x03, 0xF1, 0xFE,
  0x01, 0xF8, 0xFF, 0x80, 0xFC, 0x7F, 0xE0, 0x7E, 0x3F, 0xF8, 0x3F, 0x1F, 0xFC, 0x1F, 0x8F, 0xBF,
  0x0F, 0xC7, 0xCF, 0xC7, 0xE3, 0xE7, 0xE3, 0xF1, 0xF1, 0xF9, 0xF8, 0xF8, 0x7E, 0xFC, 0x7C, 0x1F,
  0x7E, 0x3E, 0x0F, 0xFF, 0x1F, 0x03, 0xFF, 0x8F, 0x80, 0xFF, 0xC7, 0xC0, 0x7F, 0xE3, 0xE0, 0x1F,
  0xF1, 0xF0, 0x07, 0xF8, 0xF8, 0x03, 0xFC, 0x7C, 0x00, 0xFE, 0x3E, 0x00, 0x3F, 0x1F, 0x00, 0x1F,
  0x80, 0x00, 0xF8, 0x00, 0x00, 0x0F, 0x80, 0x00, 0x00, 0xF0, 0x00, 0x00, 0x0F, 0x00, 0x00, 0x01,
  0xE0, 0x00, 0x00, 0x00, 0x00, 0x00, 0x00, 0x00, 0x00, 0x00, 0x70, 0x00, 0x00, 0xFF, 0xE0, 0x00,
  0x7F, 0xFE, 0x00, 0x1F, 0xFF, 0xF0, 0x07, 0xFF, 0xFF, 0x01, 0xFF, 0x1F, 0xE0, 0x3F, 0x80, 0xFE,
  0x0F, 0xE0, 0x0F, 0xE1, 0xF8, 0x00, 0xFC, 0x3F, 0x00, 0x1F, 0x8F, 0xC0, 0x01, 0xF1, 0xF8, 0x00,
  0x3F, 0x3F, 0x00, 0x07, 0xE7, 0xE0, 0x00, 0xFC, 0xFC, 0x00, 0x1F, 0x9F, 0x80, 0x03, 0xF3, 0xF0,
  0x00, 0x7E, 0x3E, 0x00, 0x0F, 0x87, 0xE0, 0x03, 0xF0, 0xFC, 0x00, 0x7E, 0x1F, 0xC0, 0x1F, 0x81,
  0xFC, 0x07, 0xF0, 0x1F, 0xFF, 0xFC, 0x03, 0xFF, 0xFF, 0x80, 0x3F, 0xFF, 0xE0, 0x01, 0xFF, 0xF0,
  0x00, 0x0F, 0xF8, 0x00, 0x00, 0x00, 0x00, 0x00, 0x00, 0x00, 0x00, 0x00, 0x07, 0xE0, 0x00, 0x00,
  0xF8, 0x00, 0x00, 0x1E, 0x00, 0x00, 0x07, 0x80, 0x00, 0x01, 0xF0, 0x00, 0x00, 0x00, 0x00, 0x00,
  0x00, 0x00, 0x00, 0x00, 0x70, 0x00, 0x00, 0xFF, 0xE0, 0x00, 0x7F, 0xFE, 0x00, 0x1F, 0xFF, 0xF0,
  0x07, 0xFF, 0xFF, 0x01, 0xFF, 0x1F, 0xE0, 0x3F, 0x80, 0xFE, 0x0F, 0xE0, 0x0F, 0xE1, 0xF8, 0x00,
  0xFC, 0x3F, 0x00, 0x1F, 0x8F, 0xC0, 0x01, 0xF1, 0xF8, 0x00, 0x3F, 0x3F, 0x00, 0x07, 0xE7, 0xE0,
  0x00, 0xFC, 0xFC, 0x00, 0x1F, 0x9F, 0x80, 0x03, 0xF3, 0xF0, 0x00, 0x7E, 0x3E, 0x00, 0x0F, 0x87,
  0xE0, 0x03, 0xF0, 0xFC, 0x00, 0x7E, 0x1F, 0xC0, 0x1F, 0x81, 0xFC, 0x07, 0xF0, 0x1F, 0xFF, 0xFC,
  0x03, 0xFF, 0xFF, 0x80, 0x3F, 0xFF, 0xE0, 0x01, 0xFF, 0xF0, 0x00, 0x0F, 0xF8, 0x00, 0x00, 0x00,
  0x00, 0x00, 0x00, 0x00, 0x00, 0x00, 0x1F, 0x00, 0x00, 0x07, 0xF0, 0x00, 0x01, 0xEF, 0x00, 0x00,
  0x7D, 0xF0, 0x00, 0x1F, 0x1F, 0x00, 0x04, 0x00, 0x10, 0x00, 0x00, 0x00, 0x00, 0x00, 0x70, 0x00,
  0x00, 0xFF, 0xE0, 0x00, 0x7F, 0xFE, 0x00, 0x1F, 0xFF, 0xF0, 0x07, 0xFF, 0xFF, 0x01, 0xFF, 0x1F,
  0xE0, 0x3F, 0x80, 0xFE, 0x0F, 0xE0, 0x0F, 0xE1, 0xF8, 0x00, 0xFC, 0x3F, 0x00, 0x1F, 0x8F, 0xC0,
  0x01, 0xF1, 0xF8, 0x00, 0x3F, 0x3F, 0x00, 0x07, 0xE7, 0xE0, 0x00, 0xFC, 0xFC, 0x00, 0x1F, 0x9F,
  0x80, 0x03, 0xF3, 0xF0, 0x00, 0x7E, 0x3E, 0x00, 0x0F, 0x87, 0xE0, 0x03, 0xF0, 0xFC, 0x00, 0x7E,
  0x1F, 0xC0, 0x1F, 0x81, 0xFC, 0x07, 0xF0, 0x1F, 0xFF, 0xFC, 0x03, 0xFF, 0xFF, 0x80, 0x3F, 0xFF,
  0xE0, 0x01, 0xFF, 0xF0, 0x00, 0x0F, 0xF8, 0x00, 0x00, 0x00, 0x00, 0x00, 0x00, 0x00, 0x00, 0x00,
  0x78, 0x70, 0x00, 0x1F, 0xDE, 0x00, 0x03, 0xFF, 0x80, 0x00, 0xF3, 0xF0, 0x00, 0x1C, 0x3C, 0x00,
  0x00, 0x00, 0x00, 0x00, 0x00, 0x00, 0x00, 0x00, 0x70, 0x00, 0x00, 0xFF, 0xE0, 0x00, 0x7F, 0xFE,
  0x00, 0x1F, 0xFF, 0xF0, 0x07, 0xFF, 0xFF, 0x01, 0xFF, 0x1F, 0xE0, 0x3F, 0x80, 0xFE, 0x0F, 0xE0,
  0x0F, 0xE1, 0xF8, 0x00, 0xFC, 0x3F, 0x00, 0x1F, 0x8F, 0xC0, 0x01, 0xF1, 0xF8, 0x00, 0x3F, 0x3F,
  0x00, 0x07, 0xE7, 0xE0, 0x00, 0xFC, 0xFC, 0x00, 0x1F, 0x9F, 0x80, 0x03, 0xF3, 0xF0, 0x00, 0x7E,
  0x3E, 0x00, 0x0F, 0x87, 0xE0, 0x03, 0xF0, 0xFC, 0x00, 0x7E, 0x1F, 0xC0, 0x1F, 0x81, 0xFC, 0x07,
  0xF0, 0x1F, 0xFF, 0xFC, 0x03, 0xFF, 0xFF, 0x80, 0x3F, 0xFF, 0xE0, 0x01, 0xFF, 0xF0, 0x00, 0x0F,
  0xF8, 0x00, 0x00, 0x00, 0x00, 0x00, 0x00, 0x40, 0x40, 0x00, 0x3E, 0x3C, 0x00, 0x07, 0xC7, 0xC0,
  0x00, 0xF8, 0xF8, 0x00, 0x1F, 0x1F, 0x00, 0x00, 0x81, 0x80, 0x00, 0x00, 0x00, 0x00, 0x00, 0x00,
  0x00, 0x00, 0x0E, 0x00, 0x00, 0x1F, 0xFC, 0x00, 0x0F, 0xFF, 0xC0, 0x03, 0xFF, 0xFE, 0x00, 0xFF,
  0xFF, 0xE0, 0x3F, 0xE3, 0xFC, 0x07, 0xF0, 0x1F, 0xC1, 0xFC, 0x01, 0xFC, 0x3F, 0x00, 0x1F, 0x87,
  0xE0, 0x03, 0xF1, 0xF8, 0x00, 0x3E, 0x3F, 0x00, 0x07, 0xE7, 0xE0, 0x00, 0xFC, 0xFC, 0x00, 0x1F,
  0x9F, 0x80, 0x03, 0xF3, 0xF0, 0x00, 0x7E, 0x7E, 0x00, 0x0F, 0xC7, 0xC0, 0x01, 0xF0, 0xFC, 0x00,
  0x7E, 0x1F, 0x80, 0x0F, 0xC3, 0xF8, 0x03, 0xF0, 0x3F, 0x80, 0xFE, 0x03, 0xFF, 0xFF, 0x80, 0x7F,
  0xFF, 0xF0, 0x07, 0xFF, 0xFC, 0x00, 0x3F, 0xFE, 0x00, 0x01, 0xFF, 0x00, 0x00, 0x00, 0x00, 0x00,
  0x04, 0x00, 0x40, 0x1C, 0x01, 0xC0, 0x7C, 0x07, 0xC1, 0xFC, 0x1F, 0xC1, 0xFC, 0x7F, 0x01, 0xFD,
  0xFC, 0x01, 0xFF, 0xF0, 0x01, 0xFF, 0xC0, 0x01, 0xFF, 0x00, 0x01, 0xFC, 0x00, 0x07, 0xFC, 0x00,
  0x1F, 0xFC, 0x00, 0x7F, 0xFC, 0x01, 0xFD, 0xFC, 0x07, 0xF1, 0xFC, 0x1F, 0xC1, 0xFC, 0x1F, 0x01,
  0xF0, 0x1C, 0x01, 0xC0, 0x10, 0x01, 0x00, 0x00, 0x00, 0x00, 0x00, 0x0E, 0x06, 0x00, 0x1F, 0xFD,
  0xE0, 0x0F, 0xFF, 0xF8, 0x03, 0xFF, 0xFF, 0x00, 0xFF, 0xFF, 0xE0, 0x3F, 0xE3, 0xFC, 0x07, 0xF0,
  0x1F, 0xC1, 0xFC, 0x07, 0xFC, 0x3F, 0x01, 0xFF, 0x87, 0xE0, 0x3B, 0xF1, 0xF8, 0x0F, 0x3E, 0x3F,
  0x03, 0xC7, 0xE7, 0xE0, 0x70, 0xFC, 0xFC, 0x1E, 0x1F, 0x9F, 0x87, 0x83, 0xF3, 0xF0, 0xE0, 0x7E,
  0x7E, 0x3C, 0x0F, 0xC7, 0xCF, 0x01, 0xF0, 0xFF, 0xC0, 0x7E, 0x1F, 0xF0, 0x0F, 0xC3, 0xFE, 0x03,
  0xF0, 0x3F, 0x80, 0xFE, 0x03, 0xFF, 0xFF, 0x80, 0x7F, 0xFF, 0xF0, 0x0F, 0xFF, 0xFC, 0x01, 0xFF,
  0xFE, 0x00, 0x79, 0xFF, 0x00, 0x06, 0x00, 0x00, 0x00, 0x00, 0x00, 0x00, 0x00, 0x00, 0x00, 0x00,
  0x01, 0xF8, 0x00, 0x00, 0x7C, 0x00, 0x00, 0x1E, 0x00, 0x00, 0x07, 0x80, 0x00, 0x03, 0xE0, 0x00,
  0x00, 0x00, 0x00, 0x00, 0x00, 0x00, 0x00, 0x00, 0x00, 0x3E, 0x00, 0x3E, 0x1F, 0x00, 0x1F, 0x0F,
  0x80, 0x0F, 0x87, 0xC0, 0x07, 0xC3, 0xE0, 0x03, 0xE1, 0xF0, 0x01, 0xF0, 0xF8, 0x00, 0xF8, 0x7C,
  0x00, 0x7C, 0x3E, 0x00, 0x3E, 0x1F, 0x00, 0x1F, 0x0F, 0x80, 0x0F, 0x87, 0xC0, 0x07, 0xC3, 0xE0,
  0x03, 0xE1, 0xF0, 0x01, 0xF0, 0xF8, 0x00, 0xF8, 0x7C, 0x00, 0x7C, 0x3E, 0x00, 0x3E, 0x1F, 0x00,
  0x1F, 0x0F, 0xC0, 0x1F, 0x87, 0xE0, 0x0F, 0xC3, 0xF8, 0x0F, 0xE0, 0xFF, 0xFF, 0xE0, 0x7F, 0xFF,
  0xF0, 0x1F, 0xFF, 0xF0, 0x03, 0xFF, 0xE0, 0x00, 0x7F, 0xC0, 0x00, 0x00, 0x00, 0x00, 0x00, 0x00,
  0x00, 0x00, 0x07, 0xC0, 0x00, 0x07, 0xC0, 0x00, 0x03, 0xC0, 0x00, 0x03, 0xC0, 0x00, 0x01, 0xE0,
  0x00, 0x00, 0x00, 0x00, 0x00, 0x00, 0x00, 0x00, 0x00, 0x00, 0x3E, 0x00, 0x3E, 0x1F, 0x00, 0x1F,
  0x0F, 0x80, 0x0F, 0x87, 0xC0, 0x07, 0xC3, 0xE0, 0x03, 0xE1, 0xF0, 0x01, 0xF0, 0xF8, 0x00, 0xF8,
  0x7C, 0x00, 0x7C, 0x3E, 0x00, 0x3E, 0x1F, 0x00, 0x1F, 0x0F, 0x80, 0x0F, 0x87, 0xC0, 0x07, 0xC3,
  0xE0, 0x03, 0xE1, 0xF0, 0x01, 0xF0, 0xF8, 0x00, 0xF8, 0x7C, 0x00, 0x7C, 0x3E, 0x00, 0x3E, 0x1F,
  0x00, 0x1F, 0x0F, 0xC0, 0x1F, 0x87, 0xE0, 0x0F, 0xC3, 0xF8, 0x0F, 0xE0, 0xFF, 0xFF, 0xE0, 0x7F,
  0xFF, 0xF0, 0x1F, 0xFF, 0xF0, 0x03, 0xFF, 0xE0, 0x00, 0x7F, 0xC0, 0x00, 0x00, 0x00, 0x00, 0x00,
  0x00, 0x00, 0x00, 0x3E, 0x00, 0x00, 0x3F, 0x80, 0x00, 0x3D, 0xE0, 0x00, 0x3E, 0xF8, 0x00, 0x3E,
  0x3E, 0x00, 0x20, 0x00, 0x80, 0x00, 0x00, 0x00, 0x00, 0x00, 0x00, 0x3E, 0x00, 0x3E, 0x1F, 0x00,
  0x1F, 0x0F, 0x80, 0x0F, 0x87, 0xC0, 0x07, 0xC3, 0xE0, 0x03, 0xE1, 0xF0, 0x01, 0xF0, 0xF8, 0x00,
  0xF8, 0x7C, 0x00, 0x7C, 0x3E, 0x00, 0x3E, 0x1F, 0x00, 0x1F, 0x0F, 0x80, 0x0F, 0x87, 0xC0, 0x07,
  0xC3, 0xE0, 0x03, 0xE1, 0xF0, 0x01, 0xF0, 0xF8, 0x00, 0xF8, 0x7C, 0x00, 0x7C, 0x3E, 0x00, 0x3E,
  0x1F, 0x00, 0x1F, 0x0F, 0xC0, 0x1F, 0x87, 0xE0, 0x0F, 0xC3, 0xF8, 0x0F, 0xE0, 0xFF, 0xFF, 0xE0,
  0x7F, 0xFF, 0xF0, 0x1F, 0xFF, 0xF0, 0x03, 0xFF, 0xE0, 0x00, 0x7F, 0xC0, 0x00, 0x00, 0x00, 0x00,
  0x00, 0x00, 0x00, 0x00, 0x80, 0x80, 0x01, 0xF1, 0xF0, 0x00, 0xF8, 0xF8, 0x00, 0x7C, 0x7C, 0x00,
  0x3E, 0x3E, 0x00, 0x06, 0x0C, 0x00, 0x00, 0x00, 0x00, 0x00, 0x00, 0x00, 0x00, 0x00, 0x00, 0x1F,
  0x00, 0x1F, 0x0F, 0x80, 0x0F, 0x87, 0xC0, 0x07, 0xC3, 0xE0, 0x03, 0xE1, 0xF0, 0x01, 0xF0, 0xF8,
  0x00, 0xF8, 0x7C, 0x00, 0x7C, 0x3E, 0x00, 0x3E, 0x1F, 0x00, 0x1F, 0x0F, 0x80, 0x0F, 0x87, 0xC0,
  0x07, 0xC3, 0xE0, 0x03, 0xE1, 0xF0, 0x01, 0xF0, 0xF8, 0x00, 0xF8, 0x7C, 0x00, 0x7C, 0x3E, 0x00,
  0x3E, 0x1F, 0x00, 0x1F, 0x0F, 0x80, 0x0F, 0x87, 0xE0, 0x0F, 0xC3, 0xF0, 0x07, 0xE1, 0xFC, 0x07,
  0xF0, 0x7F, 0xFF, 0xF0, 0x3F, 0xFF, 0xF8, 0x0F, 0xFF, 0xF8, 0x01, 0xFF, 0xF0, 0x00, 0x3F, 0xE0,
  0x00, 0x00, 0x00, 0x00, 0x00, 0x0F, 0xC0, 0x00, 0x07, 0xC0, 0x00, 0x03, 0xC0, 0x00, 0x03, 0xC0,
  0x00, 0x03, 0xC0, 0x00, 0x00, 0x00, 0x00, 0x00, 0x00, 0x00, 0x00, 0x00, 0x00, 0xFE, 0x00, 0x3F,
  0xBF, 0x00, 0x1F, 0x8F, 0xC0, 0x1F, 0x87, 0xE0, 0x0F, 0xC1, 0xF8, 0x0F, 0xC0, 0xFC, 0x07, 0xE0,
  0x3F, 0x07, 0xE0, 0x1F, 0x87, 0xE0, 0x07, 0xE3, 0xF0, 0x01, 0xF3, 0xF0, 0x00, 0xFD, 0xF8, 0x00,
  0x3F, 0xF8, 0x00, 0x1F, 0xFC, 0x00, 0x07, 0xFC, 0x00, 0x03, 0xFC, 0x00, 0x00, 0xFE, 0x00, 0x00,
  0x3E, 0x00, 0x00, 0x1F, 0x00, 0x00, 0x0F, 0x80, 0x00, 0x07, 0xC0, 0x00, 0x03, 0xE0, 0x00, 0x01,
  0xF0, 0x00, 0x00, 0xF8, 0x00, 0x00, 0x7C, 0x00, 0x00, 0x3E, 0x00, 0x00, 0x1F, 0x00, 0x00, 0x00,
  0x00, 0x00, 0x3E, 0x00, 0x00, 0x7C, 0x00, 0x00, 0xF8, 0x00, 0x01, 0xF0, 0x00, 0x03, 0xE0, 0x00,
  0x07, 0xFF, 0xE0, 0x0F, 0xFF, 0xF0, 0x1F, 0xFF, 0xF0, 0x3F, 0xFF, 0xF0, 0x7C, 0x07, 0xE0, 0xF8,
  0x07, 0xE1, 0xF0, 0x0F, 0xC3, 0xE0, 0x1F, 0x87, 0xC0, 0x3F, 0x0F, 0x80, 0x7E, 0x1F, 0x01, 0xF8,
  0x3F, 0xFF, 0xF0, 0x7F, 0xFF, 0xC0, 0xFF, 0xFF, 0x01, 0xFF, 0xFC, 0x03, 0xFF, 0x00, 0x07, 0xC0,
  0x00, 0x0F, 0x80, 0x00, 0x1F, 0x00, 0x00, 0x3E, 0x00, 0x00, 0x7C, 0x00, 0x00, 0x00, 0x00, 0x00,
  0x00, 0x20, 0x00, 0x07, 0xFE, 0x00, 0x3F, 0xFF, 0x00, 0xFF, 0xFF, 0x03, 0xFF, 0xFE, 0x07, 0xF0,
  0xFE, 0x0F, 0xC0, 0xFC, 0x1F, 0x01, 0xF8, 0x3E, 0x03, 0xF0, 0x7C, 0x07, 0xE0, 0xF8, 0x0F, 0x81,
  0xF0, 0x7F, 0x03, 0xE3, 0xF8, 0x07, 0xC7, 0xF8, 0x0F, 0x8F, 0xFC, 0x1F, 0x1F, 0xFC, 0x3E, 0x01,
  0xF8, 0x7C, 0x01, 0xF8, 0xF8, 0x03, 0xF1, 0xF0, 0x07, 0xE3, 0xE0, 0x0F, 0xC7, 0xC0, 0x3F, 0x8F,
  0x81, 0xFE, 0x1F, 0x1F, 0xFC, 0x3E, 0x3F, 0xF0, 0x7C, 0x7F, 0xC0, 0xF8, 0xFE, 0x00, 0x07, 0xC0,
  0x00, 0x3E, 0x00, 0x01, 0xE0, 0x00, 0x1E, 0x00, 0x00, 0xF0, 0x00, 0x00, 0x00, 0x00, 0x00, 0x00,
  0x1F, 0x80, 0x0F, 0xFE, 0x01, 0xFF, 0xF8, 0x3F, 0xFF, 0x83, 0xF0, 0xFC, 0x7E, 0x07, 0xC0, 0x00,
  0x7C, 0x00, 0x0F, 0xC0, 0x0F, 0xFC, 0x0F, 0xFF, 0xC3, 0xFF, 0xFC, 0x7F, 0xE7, 0xC7, 0xE0, 0x7C,
  0x7C, 0x07, 0xC7, 0xC0, 0xFC, 0x7C, 0x0F, 0xC7, 0xF7, 0xFC, 0x7F, 0xFF, 0xC3, 0xFF, 0x7C, 0x1F,
  0xE7, 0xC0, 0x00, 0x00, 0x00, 0x00, 0x00, 0x00, 0x3F, 0x00, 0x03, 0xC0, 0x00, 0x7C, 0x00, 0x07,
  0x80, 0x00, 0xF0, 0x00, 0x00, 0x00, 0x00, 0x00, 0x00, 0x1F, 0x80, 0x0F, 0xFE, 0x01, 0xFF, 0xF8,
  0x3F, 0xFF, 0x83, 0xF0, 0xFC, 0x7E, 0x07, 0xC0, 0x00, 0x7C, 0x00, 0x0F, 0xC0, 0x0F, 0xFC, 0x0F,
  0xFF, 0xC3, 0xFF, 0xFC, 0x7F, 0xE7, 0xC7, 0xE0, 0x7C, 0x7C, 0x07, 0xC7, 0xC0, 0xFC, 0x7C, 0x0F,
  0xC7, 0xF7, 0xFC, 0x7F, 0xFF, 0xC3, 0xFF, 0x7C, 0x1F, 0xE7, 0xC0, 0x00, 0x00, 0x00, 0x00, 0x00,
  0x00, 0xF0, 0x00, 0x1F, 0x80, 0x03, 0xFC, 0x00, 0x7D, 0xE0, 0x0F, 0x9F, 0x01, 0xF0, 0xF8, 0x00,
  0x00, 0x00, 0x00, 0x00, 0x01, 0xF8, 0x00, 0xFF, 0xE0, 0x1F, 0xFF, 0x83, 0xFF, 0xF8, 0x3F, 0x0F,
  0xC7, 0xE0, 0x7C, 0x00, 0x07, 0xC0, 0x00, 0xFC, 0x00, 0xFF, 0xC0, 0xFF, 0xFC, 0x3F, 0xFF, 0xC7,
  0xFE, 0x7C, 0x7E, 0x07, 0xC7, 0xC0, 0x7C, 0x7C, 0x0F, 0xC7, 0xC0, 0xFC, 0x7F, 0x7F, 0xC7, 0xFF,
  0xFC, 0x3F, 0xF7, 0xC1, 0xFE, 0x7C, 0x00, 0x00, 0x00, 0x03, 0xC7, 0x00, 0x7E, 0x70, 0x0F, 0xFF,
  0x00, 0xE7, 0xE0, 0x0E, 0x1C, 0x00, 0x00, 0x00, 0x00, 0x00, 0x00, 0x1F, 0x80, 0x0F, 0xFE, 0x01,
  0xFF, 0xF8, 0x3F, 0xFF, 0x83, 0xF0, 0xFC, 0x7E, 0x07, 0xC0, 0x00, 0x7C, 0x00, 0x0F, 0xC0, 0x0F,
  0xFC, 0x0F, 0xFF, 0xC3, 0xFF, 0xFC, 0x7F, 0xE7, 0xC7, 0xE0, 0x7C, 0x7C, 0x07, 0xC7, 0xC0, 0xFC,
  0x7C, 0x0F, 0xC7, 0xF7, 0xFC, 0x7F, 0xFF, 0xC3, 0xFF, 0x7C, 0x1F, 0xE7, 0xC0, 0x00, 0x00, 0x02,
  0x02, 0x00, 0xF0, 0xF0, 0x0F, 0x9F, 0x80, 0xF9, 0xF8, 0x0F, 0x0F, 0x00, 0x60, 0x60, 0x00, 0x00,
  0x00, 0x00, 0x00, 0x01, 0xF8, 0x00, 0xFF, 0xE0, 0x1F, 0xFF, 0x83, 0xFF, 0xF8, 0x3F, 0x0F, 0xC7,
  0xE0, 0x7C, 0x00, 0x07, 0xC0, 0x00, 0xFC, 0x00, 0xFF, 0xC0, 0xFF, 0xFC, 0x3F, 0xFF, 0xC7, 0xFE,
  0x7C, 0x7E, 0x07, 0xC7, 0xC0, 0x7C, 0x7C, 0x0F, 0xC7, 0xC0, 0xFC, 0x7F, 0x7F, 0xC7, 0xFF, 0xFC,
  0x3F, 0xF7, 0xC1, 0xFE, 0x7C, 0x00, 0x00, 0x00, 0x00, 0xF8, 0x00, 0x1F, 0xC0, 0x03, 0x9C, 0x00,
  0x30, 0xC0, 0x03, 0x0C, 0x00, 0x39, 0xC0, 0x01, 0xFC, 0x00, 0x0F, 0x80, 0x00, 0x00, 0x00, 0x00,
  0x00, 0x01, 0xF8, 0x00, 0xFF, 0xE0, 0x1F, 0xFF, 0x83, 0xFF, 0xF8, 0x3F, 0x0F, 0xC7, 0xE0, 0x7C,
  0x00, 0x07, 0xC0, 0x00, 0xFC, 0x00, 0xFF, 0xC0, 0xFF, 0xFC, 0x3F, 0xFF, 0xC7, 0xFE, 0x7C, 0x7E,
  0x07, 0xC7, 0xC0, 0x7C, 0x7C, 0x0F, 0xC7, 0xC0, 0xFC, 0x7F, 0x7F, 0xC7, 0xFF, 0xFC, 0x3F, 0xF7,
  0xC1, 0xFE, 0x7C, 0x00, 0x00, 0x00, 0x00, 0x00, 0x01, 0xF8, 0x1F, 0x00, 0x0F, 0xFE, 0x7F, 0xE0,
  0x1F, 0xFE, 0xFF, 0xF0, 0x3F, 0xFF, 0xFF, 0xF8, 0x3F, 0x0F, 0xF1, 0xFC, 0x7E, 0x07, 0xE0, 0x7C,
  0x00, 0x07, 0xC0, 0x7C, 0x00, 0x0F, 0xC0, 0x3E, 0x00, 0xFF, 0xFF, 0xFE, 0x0F, 0xFF, 0xFF, 0xFE,
  0x3F, 0xFF, 0xFF, 0xFE, 0x7F, 0xE7, 0xFF, 0xFE, 0x7E, 0x07, 0xC0, 0x00, 0x7C, 0x07, 0xC0, 0x00,
  0x7C, 0x0F, 0xC0, 0x3E, 0x7C, 0x0F, 0xE0, 0x7C, 0x7F, 0x7F, 0xFF, 0xFC, 0x7F, 0xFE, 0xFF, 0xF8,
  0x3F, 0xFC, 0xFF, 0xF0, 0x0F, 0xF0, 0x3F, 0xE0, 0x00, 0x00, 0x00, 0x00, 0x01, 0xFC, 0x00, 0x7F,
  0xF0, 0x0F, 0xFF, 0x81, 0xFF, 0xFC, 0x3F, 0x9F, 0xC3, 0xF0, 0x7E, 0x7E, 0x03, 0xE7, 0xE0, 0x3E,
  0x7C, 0x00, 0x07, 0xC0, 0x00, 0x7C, 0x00, 0x07, 0xC0, 0x00, 0x7E, 0x00, 0x07, 0xE0, 0x3E, 0x7E,
  0x07, 0xE3, 0xF0, 0x7E, 0x1F, 0xFF, 0xC1, 0xFF, 0xF8, 0x0F, 0xFF, 0x00, 0x3F, 0xE0, 0x00, 0x70,
  0x00, 0x07, 0x80, 0x00, 0x7C, 0x00, 0x01, 0xC0, 0x00, 0x1C, 0x00, 0x03, 0xC0, 0x00, 0xFC, 0x00,
  0x0F, 0x00, 0x00, 0x00, 0x00, 0x07, 0xC0, 0x00, 0x3E, 0x00, 0x01, 0xE0, 0x00, 0x1F, 0x00, 0x00,
  0xF0, 0x00, 0x00, 0x00, 0x00, 0x00, 0x00, 0x1F, 0x80, 0x07, 0xFF, 0x00, 0xFF, 0xF8, 0x1F, 0xFF,
  0xC3, 0xF8, 0xFC, 0x3E, 0x07, 0xE7, 0xE0, 0x3E, 0x7C, 0x03, 0xE7, 0xFF, 0xFE, 0x7F, 0xFF, 0xF7,
  0xFF, 0xFF, 0x7F, 0xFF, 0xF7, 0xC0, 0x00, 0x7E, 0x00, 0x07, 0xE0, 0x3E, 0x3F, 0x07, 0xE3, 0xFF,
  0xFE, 0x1F, 0xFF, 0xC0, 0xFF, 0xF8, 0x03, 0xFE, 0x00, 0x00, 0x00, 0x00, 0x00, 0x00, 0x00, 0x3F,
  0x00, 0x03, 0xC0, 0x00, 0x7C, 0x00, 0x07, 0x80, 0x00, 0xF0, 0x00, 0x00, 0x00, 0x00, 0x00, 0x00,
  0x1F, 0x80, 0x07, 0xFF, 0x00, 0xFF, 0xF8, 0x1F, 0xFF, 0xC3, 0xF8, 0xFC, 0x3E, 0x07, 0xE7, 0xE0,
  0x3E, 0x7C, 0x03, 0xE7, 0xFF, 0xFE, 0x7F, 0xFF, 0xF7, 0xFF, 0xFF, 0x7F, 0xFF, 0xF7, 0xC0, 0x00,
  0x7E, 0x00, 0x07, 0xE0, 0x3E, 0x3F, 0x07, 0xE3, 0xFF, 0xFE, 0x1F, 0xFF, 0xC0, 0xFF, 0xF8, 0x03,
  0xFE, 0x00, 0x00, 0x00, 0x00, 0x00, 0x00, 0x00, 0xF8, 0x00, 0x1F, 0x80, 0x03, 0xFC, 0x00, 0x7D,
  0xE0, 0x0F, 0x9F, 0x01, 0xF0, 0xF8, 0x00, 0x00, 0x00, 0x00, 0x00, 0x01, 0xF8, 0x00, 0x7F, 0xF0,
  0x0F, 0xFF, 0x81, 0xFF, 0xFC, 0x3F, 0x8F, 0xC3, 0xE0, 0x7E, 0x7E, 0x03, 0xE7, 0xC0, 0x3E, 0x7F,
  0xFF, 0xE7, 0xFF, 0xFF, 0x7F, 0xFF, 0xF7, 0xFF, 0xFF, 0x7C, 0x00, 0x07, 0xE0, 0x00, 0x7E, 0x03,
  0xE3, 0xF0, 0x7E, 0x3F, 0xFF, 0xE1, 0xFF, 0xFC, 0x0F, 0xFF, 0x80, 0x3F, 0xE0, 0x00, 0x00, 0x00,
  0x02, 0x02, 0x00, 0xF0, 0xF0, 0x0F, 0x9F, 0x80, 0xF9, 0xF8, 0x0F, 0x8F, 0x00, 0x60, 0x60, 0x00,
  0x00, 0x00, 0x00, 0x00, 0x01, 0xF8, 0x00, 0x7F, 0xF0, 0x0F, 0xFF, 0x81, 0xFF, 0xFC, 0x3F, 0x8F,
  0xC3, 0xE0, 0x7E, 0x7E, 0x03, 0xE7, 0xC0, 0x3E, 0x7F, 0xFF, 0xE7, 0xFF, 0xFF, 0x7F, 0xFF, 0xF7,
  0xFF, 0xFF, 0x7C, 0x00, 0x07, 0xE0, 0x00, 0x7E, 0x03, 0xE3, 0xF0, 0x7E, 0x3F, 0xFF, 0xE1, 0xFF,
  0xFC, 0x0F, 0xFF, 0x80, 0x3F, 0xE0, 0x00, 0x00, 0x00, 0xF8, 0x0F, 0x80, 0xF0, 0x0F, 0x01, 0xE0,
  0x00, 0x00, 0x00, 0xF8, 0x1F, 0x03, 0xE0, 0x7C, 0x0F, 0x81, 0xF0, 0x3E, 0x07, 0xC0, 0xF8, 0x1F,
  0x03, 0xE0, 0x7C, 0x0F, 0x81, 0xF0, 0x3E, 0x07, 0xC0, 0xF8, 0x1F, 0x03, 0xE0, 0x7C, 0x00, 0x00,
  0x0F, 0xC3, 0xC1, 0xF0, 0x78, 0x3C, 0x00, 0x00, 0x00, 0xF8, 0x3E, 0x0F, 0x83, 0xE0, 0xF8, 0x3E,
  0x0F, 0x83, 0xE0, 0xF8, 0x3E, 0x0F, 0x83, 0xE0, 0xF8, 0x3E, 0x0F, 0x83, 0xE0, 0xF8, 0x3E, 0x0F,
  0x83, 0xE0, 0x00, 0x07, 0xC0, 0x1F, 0xC0, 0x7F, 0x81, 0xF7, 0x87, 0xC7, 0x9F, 0x0F, 0xC0, 0x00,
  0x00, 0x00, 0x07, 0xC0, 0x0F, 0x80, 0x1F, 0x00, 0x3E, 0x00, 0x7C, 0x00, 0xF8, 0x01, 0xF0, 0x03,
  0xE0, 0x07, 0xC0, 0x0F, 0x80, 0x1F, 0x00, 0x3E, 0x00, 0x7C, 0x00, 0xF8, 0x01, 0xF0, 0x03, 0xE0,
  0x07, 0xC0, 0x0F, 0x80, 0x1F, 0x00, 0x3E, 0x00, 0x20, 0x23, 0xE3, 0xCF, 0x8F, 0xBE, 0x3E, 0xF8,
  0xF1, 0x81, 0x80, 0x00, 0x00, 0x00, 0x0F, 0x80, 0x3E, 0x00, 0xF8, 0x03, 0xE0, 0x0F, 0x80, 0x3E,
  0x00, 0xF8, 0x03, 0xE0, 0x0F, 0x80, 0x3E, 0x00, 0xF8, 0x03, 0xE0, 0x0F, 0x80, 0x3E, 0x00, 0xF8,
  0x03, 0xE0, 0x0F, 0x80, 0x3E, 0x00, 0xF8, 0x03, 0xE0, 0x08, 0x00, 0x00, 0xF0, 0x10, 0x0F, 0xC7,
  0x00, 0xFF, 0xF0, 0x03, 0xFC, 0x00, 0x1F, 0xC0, 0x07, 0xFE, 0x00, 0xF1, 0xF0, 0x0C, 0x0F, 0x80,
  0x00, 0xF8, 0x03, 0xF7, 0xC0, 0xFF, 0xBC, 0x1F, 0xFF, 0xE3, 0xF8, 0xFE, 0x3E, 0x07, 0xE7, 0xE0,
  0x3E, 0x7C, 0x03, 0xF7, 0xC0, 0x3F, 0x7C, 0x01, 0xF7, 0xC0, 0x1F, 0x7C, 0x03, 0xE7, 0xC0, 0x3E,
  0x7E, 0x03, 0xE3, 0xF0, 0x7C, 0x3F, 0xFF, 0xC1, 0xFF, 0xF8, 0x0F, 0xFF, 0x00, 0x3F, 0xC0, 0x00,
  0x00, 0x00, 0x03, 0xC3, 0x80, 0x3F, 0xBC, 0x01, 0xFF, 0xC0, 0x0E, 0x7E, 0x00, 0xE1, 0xE0, 0x00,
  0x00, 0x00, 0x00, 0x00, 0x07, 0xC7, 0xC0, 0x3E, 0x7F, 0x81, 0xF7, 0xFE, 0x0F, 0xFF, 0xF8, 0x7F,
  0xFF, 0xC3, 0xF0, 0x7E, 0x1F, 0x81, 0xF8, 0xF8, 0x0F, 0xC7, 0xC0, 0x7E, 0x3E, 0x03, 0xF1, 0xF0,
  0x1F, 0x8F, 0x80, 0xFC, 0x7C, 0x07, 0xE3, 0xE0, 0x3F, 0x1F, 0x01, 0xF8, 0xF8, 0x0F, 0xC7, 0xC0,
  0x7E, 0x3E, 0x03, 0xF1, 0xF0, 0x1F, 0x8F, 0x80, 0xFC, 0x07, 0xC0, 0x00, 0x1F, 0x00, 0x00, 0x78,
  0x00, 0x01, 0xE0, 0x00, 0x0F, 0x00, 0x00, 0x00, 0x00, 0x00, 0x00, 0x00, 0x3F, 0x80, 0x07, 0xFF,
  0x00, 0x7F, 0xFC, 0x07, 0xFF, 0xF0, 0x7F, 0xBF, 0xC3, 0xF0, 0x7E, 0x3F, 0x01, 0xF9, 0xF8, 0x0F,
  0xCF, 0x80, 0x7E, 0x7C, 0x01, 0xF3, 0xE0, 0x0F, 0x9F, 0x00, 0xFC, 0xFC, 0x07, 0xE7, 0xE0, 0x3F,
  0x3F, 0x03, 0xF0, 0xFC, 0x1F, 0x87, 0xFF, 0xF8, 0x1F, 0xFF, 0xC0, 0x7F, 0xFC, 0x00, 0xFF, 0x80,
  0x00, 0x00, 0x00, 0x00, 0x00, 0x00, 0x00, 0x3F, 0x00, 0x01, 0xF0, 0x00, 0x0F, 0x00, 0x00, 0xF0,
  0x00, 0x0F, 0x80, 0x00, 0x00, 0x00, 0x00, 0x00, 0x00, 0x3F, 0x80, 0x07, 0xFF, 0x00, 0x7F, 0xFC,
  0x07, 0xFF, 0xF0, 0x7F, 0xBF, 0xC3, 0xF0, 0x7E, 0x3F, 0x01, 0xF9, 0xF8, 0x0F, 0xCF, 0x80, 0x7E,
  0x7C, 0x01, 0xF3, 0xE0, 0x0F, 0x9F, 0x00, 0xFC, 0xFC, 0x07, 0xE7, 0xE0, 0x3F, 0x3F, 0x03, 0xF0,
  0xFC, 0x1F, 0x87, 0xFF, 0xF8, 0x1F, 0xFF, 0xC0, 0x7F, 0xFC, 0x00, 0xFF, 0x80, 0x00, 0x00, 0x00,
  0x00, 0x00, 0x00, 0x00, 0xF8, 0x00, 0x0F, 0xE0, 0x00, 0xFF, 0x80, 0x0F, 0xBE, 0x00, 0xF8, 0xF0,
  0x0F, 0x83, 0xE0, 0x00, 0x00, 0x00, 0x00, 0x00, 0x01, 0xFC, 0x00, 0x3F, 0xF8, 0x03, 0xFF, 0xE0,
  0x3F, 0xFF, 0x83, 0xFD, 0xFE, 0x1F, 0x83, 0xF1, 0xF8, 0x0F, 0xCF, 0xC0, 0x7E, 0x7C, 0x03, 0xF3,
  0xE0, 0x0F, 0x9F, 0x00, 0x7C, 0xF8, 0x07, 0xE7, 0xE0, 0x3F, 0x3F, 0x01, 0xF9, 0xF8, 0x1F, 0x87,
  0xE0, 0xFC, 0x3F, 0xFF, 0xC0, 0xFF, 0xFE, 0x03, 0xFF, 0xE0, 0x07, 0xFC, 0x00, 0x00, 0x00, 0x00,
  0x03, 0xC3, 0x80, 0x3F, 0xBC, 0x01, 0xFF, 0xC0, 0x1E, 0x7E, 0x00, 0xE1, 0xC0, 0x00, 0x00, 0x00,
  0x00, 0x00, 0x00, 0x3F, 0x80, 0x07, 0xFF, 0x00, 0x7F, 0xFC, 0x07, 0xFF, 0xF0, 0x7F, 0xBF, 0xC3,
  0xF0, 0x7E, 0x3F, 0x01, 0xF9, 0xF8, 0x0F, 0xCF, 0x80, 0x7E, 0x7C, 0x01, 0xF3, 0xE0, 0x0F, 0x9F,
  0x00, 0xFC, 0xFC, 0x07, 0xE7, 0xE0, 0x3F, 0x3F, 0x03, 0xF0, 0xFC, 0x1F, 0x87, 0xFF, 0xF8, 0x1F,
  0xFF, 0xC0, 0x7F, 0xFC, 0x00, 0xFF, 0x80, 0x00, 0x00, 0x00, 0x02, 0x02, 0x00, 0x7C, 0x78, 0x03,
  0xE3, 0xE0, 0x1F, 0x1F, 0x00, 0xF8, 0xF8, 0x01, 0x83, 0x00, 0x00, 0x00, 0x00, 0x00, 0x00, 0x01,
  0xFC, 0x00, 0x3F, 0xF8, 0x03, 0xFF, 0xE0, 0x3F, 0xFF, 0x83, 0xFD, 0xFE, 0x1F, 0x83, 0xF1, 0xF8,
  0x0F, 0xCF, 0xC0, 0x7E, 0x7C, 0x03, 0xF3, 0xE0, 0x0F, 0x9F, 0x00, 0x7C, 0xF8, 0x07, 0xE7, 0xE0,
  0x3F, 0x3F, 0x01, 0xF9, 0xF8, 0x1F, 0x87, 0xE0, 0xFC, 0x3F, 0xFF, 0xC0, 0xFF, 0xFE, 0x03, 0xFF,
  0xE0, 0x07, 0xFC, 0x00, 0x00, 0x00, 0x00, 0x00, 0x10, 0x00, 0x00, 0xF8, 0x00, 0x01, 0xF8, 0x00,
  0x03, 0xF0, 0x00, 0x07, 0xC0, 0x00, 0x0F, 0x80, 0x00, 0x04, 0x00, 0x00, 0x00, 0x00, 0x1F, 0xFF,
  0xF8, 0x3F, 0xFF, 0xF0, 0x7F, 0xFF, 0xE0, 0xFF, 0xFF, 0xC1, 0xFF, 0xFF, 0x80, 0x00, 0x00, 0x00,
  0x00, 0x00, 0x00, 0x3E, 0x00, 0x00, 0x7C, 0x00, 0x00, 0xFC, 0x00, 0x01, 0xF8, 0x00, 0x03, 0xE0,
  0x00, 0x01, 0x80, 0x00, 0x00, 0x00, 0x80, 0x0F, 0xCE, 0x01, 0xFF, 0xF8, 0x1F, 0xFF, 0x81, 0xFF,
  0xFC, 0x1F, 0xEF, 0xF0, 0xFC, 0x3F, 0x8F, 0xC3, 0xFE, 0x7E, 0x1F, 0xF3, 0xE1, 0xFF, 0x9F, 0x1E,
  0x7C, 0xF9, 0xE3, 0xE7, 0xCE, 0x1F, 0x3F, 0xF1, 0xF9, 0xFF, 0x0F, 0xCF, 0xF0, 0x7C, 0x3F, 0x87,
  0xE1, 0xFF, 0xFE, 0x07, 0xFF, 0xF0, 0x3F, 0xFF, 0x03, 0xFF, 0xE0, 0x0C, 0x00, 0x00, 0x00, 0x00,
  0x00, 0x07, 0xE0, 0x00, 0x0F, 0x00, 0x00, 0x7C, 0x00, 0x01, 0xE0, 0x00, 0x07, 0x80, 0x00, 0x00,
  0x00, 0x00, 0x00, 0x07, 0xC0, 0x7E, 0x3E, 0x03, 0xF1, 0xF0, 0x1F, 0x8F, 0x80, 0xFC, 0x7C, 0x07,
  0xE3, 0xE0, 0x3F, 0x1F, 0x01, 0xF8, 0xF8, 0x0F, 0xC7, 0xC0, 0x7E, 0x3E, 0x03, 0xF1, 0xF0, 0x1F,
  0x8F, 0x80, 0xFC, 0x7C, 0x07, 0xE3, 0xE0, 0x3F, 0x1F, 0x83, 0xF8, 0xFE, 0x7F, 0xC7, 0xFF, 0xFE,
  0x1F, 0xFF, 0xF0, 0x7F, 0xDF, 0x81, 0xFC, 0xFC, 0x00, 0x00, 0x00, 0x00, 0x00, 0x00, 0x00, 0x1F,
  0x00, 0x01, 0xF0, 0x00, 0x0F, 0x00, 0x00, 0xF0, 0x00, 0x07, 0x80, 0x00, 0x00, 0x00, 0x00, 0x00,
  0x07, 0xC0, 0x7E, 0x3E, 0x03, 0xF1, 0xF0, 0x1F, 0x8F, 0x80, 0xFC, 0x7C, 0x07, 0xE3, 0xE0, 0x3F,
  0x1F, 0x01, 0xF8, 0xF8, 0x0F, 0xC7, 0xC0, 0x7E, 0x3E, 0x03, 0xF1, 0xF0, 0x1F, 0x8F, 0x80, 0xFC,
  0x7C, 0x07, 0xE3, 0xE0, 0x3F, 0x1F, 0x83, 0xF8, 0xFE, 0x7F, 0xC7, 0xFF, 0xFE, 0x1F, 0xFF, 0xF0,
  0x7F, 0xDF, 0x81, 0xFC, 0xFC, 0x00, 0x00, 0x00, 0x00, 0x00, 0x00, 0x00, 0xF8, 0x00, 0x0F, 0xE0,
  0x00, 0xFF, 0x80, 0x07, 0xBE, 0x00, 0x78, 0xF8, 0x0F, 0x83, 0xE0, 0x00, 0x00, 0x00, 0x00, 0x00,
  0x3E, 0x03, 0xF1, 0xF0, 0x1F, 0x8F, 0x80, 0xFC, 0x7C, 0x07, 0xE3, 0xE0, 0x3F, 0x1F, 0x01, 0xF8,
  0xF8, 0x0F, 0xC7, 0xC0, 0x7E, 0x3E, 0x03, 0xF1, 0xF0, 0x1F, 0x8F, 0x80, 0xFC, 0x7C, 0x07, 0xE3,
  0xE0, 0x3F, 0x1F, 0x01, 0xF8, 0xFC, 0x1F, 0xC7, 0xF3, 0xFE, 0x3F, 0xFF, 0xF0, 0xFF, 0xFF, 0x83,
  0xFE, 0xFC, 0x0F, 0xE7, 0xE0, 0x00, 0x00, 0x00, 0x02, 0x02, 0x00, 0x3C, 0x7C, 0x03, 0xE3, 0xE0,
  0x1F, 0x1F, 0x00, 0xF8, 0xF8, 0x01, 0x81, 0x80, 0x00, 0x00, 0x00, 0x00, 0x00, 0x3E, 0x03, 0xF1,
  0xF0, 0x1F, 0x8F, 0x80, 0xFC, 0x7C, 0x07, 0xE3, 0xE0, 0x3F, 0x1F, 0x01, 0xF8, 0xF8, 0x0F, 0xC7,
  0xC0, 0x7E, 0x3E, 0x03, 0xF1, 0xF0, 0x1F, 0x8F, 0x80, 0xFC, 0x7C, 0x07, 0xE3, 0xE0, 0x3F, 0x1F,
  0x01, 0xF8, 0xFC, 0x1F, 0xC7, 0xF3, 0xFE, 0x3F, 0xFF, 0xF0, 0xFF, 0xFF, 0x83, 0xFE, 0xFC, 0x0F,
  0xE7, 0xE0, 0x00, 0x00, 0x00, 0x00, 0x3E, 0x00, 0x07, 0xC0, 0x00, 0x78, 0x00, 0x07, 0x80, 0x00,
  0xF0, 0x00, 0x00, 0x00, 0x00, 0x00, 0x0F, 0xC0, 0x3F, 0xFC, 0x03, 0xE7, 0xC0, 0x3E, 0x7E, 0x07,
  0xE7, 0xE0, 0x7C, 0x3E, 0x07, 0xC3, 0xE0, 0xFC, 0x1F, 0x0F, 0x81, 0xF0, 0xF8, 0x1F, 0x0F, 0x80,
  0xF9, 0xF0, 0x0F, 0x9F, 0x00, 0xF9, 0xF0, 0x07, 0xBE, 0x00, 0x7F, 0xE0, 0x07, 0xFE, 0x00, 0x3F,
  0xC0, 0x03, 0xFC, 0x00, 0x3F, 0xC0, 0x01, 0xF8, 0x00, 0x1F, 0x80, 0x01, 0xF0, 0x00, 0x3F, 0x00,
  0x1F, 0xF0, 0x03, 0xFE, 0x00, 0x3F, 0xC0, 0x03, 0xF8, 0x00, 0x00, 0x00, 0x00, 0x00, 0x00, 0x3E,
  0x00, 0x00, 0xF8, 0x00, 0x03, 0xE0, 0x00, 0x0F, 0x80, 0x00, 0x3E, 0x00, 0x00, 0xF8, 0x00, 0x03,
  0xE3, 0xE0, 0x0F, 0x9F, 0xE0, 0x3E, 0xFF, 0xC0, 0xFF, 0xFF, 0x83, 0xFE, 0xFF, 0x0F, 0xC0, 0xFC,
  0x3F, 0x03, 0xF0, 0xF8, 0x07, 0xC3, 0xE0, 0x1F, 0x8F, 0x80, 0x7E, 0x3E, 0x01, 0xF8, 0xF8, 0x07,
  0xE3, 0xE0, 0x1F, 0x8F, 0xC0, 0x7C, 0x3F, 0x03, 0xF0, 0xFE, 0x1F, 0xC3, 0xFF, 0xFE, 0x0F, 0xBF,
  0xF8, 0x3E, 0xFF, 0xC0, 0xF8, 0xFC, 0x03, 0xE0, 0x00, 0x0F, 0x80, 0x00, 0x3E, 0x00, 0x00, 0xF8,
  0x00, 0x03, 0xE0, 0x00, 0x0F, 0x80, 0x00, 0x3E, 0x00, 0x00, 0x00, 0x00, 0x00, 0x00, 0x00, 0x00,
  0x02, 0x04, 0x00, 0xF0, 0xF0, 0x1F, 0x9F, 0x01, 0xF9, 0xF0, 0x0F, 0x0F, 0x00, 0x60, 0x60, 0x00,
  0x00, 0x00, 0x00, 0x00, 0xFC, 0x03, 0xFF, 0xC0, 0x3E, 0x7C, 0x03, 0xE7, 0xE0, 0x7E, 0x7E, 0x07,
  0xC3, 0xE0, 0x7C, 0x3E, 0x0F, 0xC1, 0xF0, 0xF8, 0x1F, 0x0F, 0x81, 0xF0, 0xF8, 0x0F, 0x9F, 0x00,
  0xF9, 0xF0, 0x0F, 0x9F, 0x00, 0x7B, 0xE0, 0x07, 0xFE, 0x00, 0x7F, 0xE0, 0x03, 0xFC, 0x00, 0x3F,
  0xC0, 0x03, 0xFC, 0x00, 0x1F, 0x80, 0x01, 0xF8, 0x00, 0x1F, 0x00, 0x03, 0xF0, 0x01, 0xFF, 0x00,
  0x3F, 0xE0, 0x03, 0xFC, 0x00, 0x3F, 0x80, 0x00, 0x00, 0x00, 0x01, 0xFF, 0xE0, 0x00, 0x7F, 0xF8,
  0x00, 0x1F, 0xFE, 0x00, 0x00, 0x00, 0x00, 0x00, 0x00, 0x00, 0x00, 0x00, 0x00, 0x00, 0x00, 0x00,
  0x00, 0x01, 0xFE, 0x00, 0x00, 0x7F, 0x80, 0x00, 0x3F, 0xE0, 0x00, 0x0F, 0xFC, 0x00, 0x03, 0xFF,
  0x00, 0x01, 0xFF, 0xC0, 0x00, 0x7F, 0xF8, 0x00, 0x1F, 0x3E, 0x00, 0x0F, 0xCF, 0x80, 0x03, 0xF3,
  0xF0, 0x00, 0xF8, 0xFC, 0x00, 0x7E, 0x1F, 0x00, 0x1F, 0x87, 0xE0, 0x07, 0xC1, 0xF8, 0x03, 0xF0,
  0x3E, 0x00, 0xFC, 0x0F, 0xC0, 0x3F, 0xFF, 0xF0, 0x1F, 0xFF, 0xFE, 0x07, 0xFF, 0xFF, 0x83, 0xFF,
  0xFF, 0xE0, 0xFC, 0x00, 0xFC, 0x3F, 0x00, 0x3F, 0x1F, 0x80, 0x0F, 0xC7, 0xE0, 0x01, 0xF9, 0xF8,
  0x00, 0x7E, 0xFC, 0x00, 0x1F, 0x80, 0x00, 0x00, 0x00, 0x0F, 0xFF, 0x00, 0xFF, 0xF0, 0x0F, 0xFF,
  0x00, 0x00, 0x00, 0x00, 0x00, 0x00, 0x00, 0x00, 0x01, 0xF8, 0x00, 0xFF, 0xE0, 0x1F, 0xFF, 0x83,
  0xFF, 0xF8, 0x3F, 0x0F, 0xC7, 0xE0, 0x7C, 0x00, 0x07, 0xC0, 0x00, 0xFC, 0x00, 0xFF, 0xC0, 0xFF,
  0xFC, 0x3F, 0xFF, 0xC7, 0xFE, 0x7C, 0x7E, 0x07, 0xC7, 0xC0, 0x7C, 0x7C, 0x0F, 0xC7, 0xC0, 0xFC,
  0x7F, 0x7F, 0xC7, 0xFF, 0xFC, 0x3F, 0xF7, 0xC1, 0xFE, 0x7C, 0x00, 0x00, 0x00, 0x00, 0x00, 0x01,
  0xC1, 0xE0, 0x00, 0x78, 0x78, 0x00, 0x1F, 0xFC, 0x00, 0x03, 0xFF, 0x00, 0x00, 0x7F, 0x00, 0x00,
  0x00, 0x00, 0x00, 0x00, 0x00, 0x00, 0x00, 0x00, 0x00, 0x00, 0x7F, 0x80, 0x00, 0x1F, 0xE0, 0x00,
  0x0F, 0xF8, 0x00, 0x03, 0xFF, 0x00, 0x00, 0xFF, 0xC0, 0x00, 0x7F, 0xF0, 0x00, 0x1F, 0xFE, 0x00,
  0x07, 0xCF, 0x80, 0x03, 0xF3, 0xE0, 0x00, 0xFC, 0xFC, 0x00, 0x3E, 0x3F, 0x00, 0x1F, 0x87, 0xC0,
  0x07, 0xE1, 0xF8, 0x01, 0xF0, 0x7E, 0x00, 0xFC, 0x0F, 0x80, 0x3F, 0x03, 0xF0, 0x0F, 0xFF, 0xFC,
  0x07, 0xFF, 0xFF, 0x81, 0xFF, 0xFF, 0xE0, 0xFF, 0xFF, 0xF8, 0x3F, 0x00, 0x3F, 0x0F, 0xC0, 0x0F,
  0xC7, 0xE0, 0x03, 0xF1, 0xF8, 0x00, 0x7E, 0x7E, 0x00, 0x1F, 0xBF, 0x00, 0x07, 0xE0, 0x00, 0x00,
  0x00, 0x0F, 0x07, 0x00, 0xF0, 0xF0, 0x0F, 0xFF, 0x00, 0x7F, 0xE0, 0x01, 0xF8, 0x00, 0x00, 0x00,
  0x00, 0x00, 0x00, 0x1F, 0x80, 0x0F, 0xFE, 0x01, 0xFF, 0xF8, 0x3F, 0xFF, 0x83, 0xF0, 0xFC, 0x7E,
  0x07, 0xC0, 0x00, 0x7C, 0x00, 0x0F, 0xC0, 0x0F, 0xFC, 0x0F, 0xFF, 0xC3, 0xFF, 0xFC, 0x7F, 0xE7,
  0xC7, 0xE0, 0x7C, 0x7C, 0x07, 0xC7, 0xC0, 0xFC, 0x7C, 0x0F, 0xC7, 0xF7, 0xFC, 0x7F, 0xFF, 0xC3,
  0xFF, 0x7C, 0x1F, 0xE7, 0xC0, 0x00, 0x00, 0x00, 0x00, 0x00, 0x00, 0x7F, 0x80, 0x00, 0x1F, 0xE0,
  0x00, 0x0F, 0xF8, 0x00, 0x03, 0xFF, 0x00, 0x00, 0xFF, 0xC0, 0x00, 0x7F, 0xF0, 0x00, 0x1F, 0xFE,
  0x00, 0x07, 0xCF, 0x80, 0x03, 0xF3, 0xE0, 0x00, 0xFC, 0xFC, 0x00, 0x3E, 0x3F, 0x00, 0x1F, 0x87,
  0xC0, 0x07, 0xE1, 0xF8, 0x01, 0xF0, 0x7E, 0x00, 0xFC, 0x0F, 0x80, 0x3F, 0x03, 0xF0, 0x0F, 0xFF,
  0xFC, 0x07, 0xFF, 0xFF, 0x81, 0xFF, 0xFF, 0xE0, 0xFF, 0xFF, 0xF8, 0x3F, 0x00, 0x3F, 0x0F, 0xC0,
  0x0F, 0xC7, 0xE0, 0x03, 0xF1, 0xF8, 0x00, 0x7E, 0x7E, 0x00, 0x1F, 0xBF, 0x00, 0x07, 0xE0, 0x00,
  0x01, 0xF8, 0x00, 0x00, 0x78, 0x00, 0x00, 0x1E, 0x00, 0x00, 0x07, 0x80, 0x00, 0x01, 0xF8, 0x00,
  0x00, 0x7F, 0x00, 0x00, 0x0F, 0xC0, 0x00, 0x00, 0x00, 0x00, 0x00, 0x00, 0x01, 0xF8, 0x00, 0xFF,
  0xE0, 0x1F, 0xFF, 0x83, 0xFF, 0xF8, 0x3F, 0x0F, 0xC7, 0xE0, 0x7C, 0x00, 0x07, 0xC0, 0x00, 0xFC,
  0x00, 0xFF, 0xC0, 0xFF, 0xFC, 0x3F, 0xFF, 0xC7, 0xFE, 0x7C, 0x7E, 0x07, 0xC7, 0xC0, 0x7C, 0x7C,
  0x0F, 0xC7, 0xC0, 0xFC, 0x7F, 0x7F, 0xC7, 0xFF, 0xFC, 0x3F, 0xF7, 0xC1, 0xFE, 0x7C, 0x00, 0x0F,
  0x80, 0x00, 0xF0, 0x00, 0x1F, 0x00, 0x01, 0xF0, 0x00, 0x0F, 0xC0, 0x00, 0xFC, 0x00, 0x07, 0xE0,
  0x00, 0x00, 0x00, 0x07, 0xE0, 0x00, 0x01, 0xF0, 0x00, 0x00, 0xF8, 0x00, 0x00, 0x3C, 0x00, 0x00,
  0x1E, 0x00, 0x00, 0x00, 0x00, 0x00, 0x00, 0x00, 0x00, 0x00, 0x30, 0x00, 0x00, 0xFF, 0xE0, 0x00,
  0xFF, 0xFC, 0x00, 0x7F, 0xFF, 0xC0, 0x3F, 0xFF, 0xF8, 0x1F, 0xF1, 0xFE, 0x07, 0xF0, 0x1F, 0xC3,
  0xF8, 0x03, 0xF0, 0xFC, 0x00, 0x7C, 0x3F, 0x00, 0x1F, 0x9F, 0x80, 0x00, 0x07, 0xE0, 0x00, 0x01,
  0xF8, 0x00, 0x00, 0x7E, 0x00, 0x00, 0x1F, 0x80, 0x00, 0x07, 0xE0, 0x00, 0x01, 0xF8, 0x00, 0x00,
  0x3E, 0x00, 0x00, 0x0F, 0xC0, 0x07, 0xE3, 0xF0, 0x01, 0xF0, 0xFE, 0x00, 0xFC, 0x1F, 0xC0, 0x7F,
  0x03, 0xFF, 0xFF, 0x80, 0xFF, 0xFF, 0xC0, 0x1F, 0xFF, 0xE0, 0x01, 0xFF, 0xF0, 0x00, 0x1F, 0xF0,
  0x00, 0x00, 0x00, 0x00, 0x00, 0x00, 0x00, 0x00, 0x3F, 0x00, 0x03, 0xE0, 0x00, 0x3C, 0x00, 0x07,
  0x80, 0x00, 0xF8, 0x00, 0x00, 0x00, 0x00, 0x00, 0x00, 0x1F, 0xC0, 0x07, 0xFF, 0x00, 0xFF, 0xF8,
  0x1F, 0xFF, 0xC3, 0xF9, 0xFC, 0x3F, 0x07, 0xE7, 0xE0, 0x3E, 0x7E, 0x03, 0xE7, 0xC0, 0x00, 0x7C,
  0x00, 0x07, 0xC0, 0x00, 0x7C, 0x00, 0x07, 0xE0, 0x00, 0x7E, 0x03, 0xE7, 0xE0, 0x7E, 0x3F, 0x07,
  0xE1, 0xFF, 0xFC, 0x1F, 0xFF, 0x80, 0xFF, 0xF0, 0x03, 0xFE, 0x00, 0x00, 0x00, 0x00, 0x00, 0x00,
  0x00, 0x1F, 0x00, 0x00, 0x0F, 0xE0, 0x00, 0x07, 0xFC, 0x00, 0x03, 0xCF, 0x80, 0x01, 0xF1, 0xF0,
  0x00, 0x80, 0x02, 0x00, 0x00, 0x00, 0x00, 0x00, 0x30, 0x00, 0x00, 0xFF, 0xE0, 0x00, 0xFF, 0xFC,
  0x00, 0x7F, 0xFF, 0xC0, 0x3F, 0xFF, 0xF8, 0x1F, 0xF1, 0xFE, 0x07, 0xF0, 0x1F, 0xC3, 0xF8, 0x03,
  0xF0, 0xFC, 0x00, 0x7C, 0x3F, 0x00, 0x1F, 0x9F, 0x80, 0x00, 0x07, 0xE0, 0x00, 0x01, 0xF8, 0x00,
  0x00, 0x7E, 0x00, 0x00, 0x1F, 0x80, 0x00, 0x07, 0xE0, 0x00, 0x01, 0xF8, 0x00, 0x00, 0x3E, 0x00,
  0x00, 0x0F, 0xC0, 0x07, 0xE3, 0xF0, 0x01, 0xF0, 0xFE, 0x00, 0xFC, 0x1F, 0xC0, 0x7F, 0x03, 0xFF,
  0xFF, 0x80, 0xFF, 0xFF, 0xC0, 0x1F, 0xFF, 0xE0, 0x01, 0xFF, 0xF0, 0x00, 0x1F, 0xF0, 0x00, 0x00,
  0x00, 0x00, 0x00, 0x00, 0x00, 0x00, 0xF8, 0x00, 0x1F, 0xC0, 0x03, 0xFE, 0x00, 0x7D, 0xF0, 0x0F,
  0x8F, 0x01, 0xF0, 0x7C, 0x00, 0x00, 0x00, 0x00, 0x00, 0x01, 0xFC, 0x00, 0x7F, 0xF0, 0x0F, 0xFF,
  0x81, 0xFF, 0xFC, 0x3F, 0x9F, 0xC3, 0xF0, 0x7E, 0x7E, 0x03, 0xE7, 0xE0, 0x3E, 0x7C, 0x00, 0x07,
  0xC0, 0x00, 0x7C, 0x00, 0x07, 0xC0, 0x00, 0x7E, 0x00, 0x07, 0xE0, 0x3E, 0x7E, 0x07, 0xE3, 0xF0,
  0x7E, 0x1F, 0xFF, 0xC1, 0xFF, 0xF8, 0x0F, 0xFF, 0x00, 0x3F, 0xE0, 0x00, 0x00, 0x00, 0x00, 0x0C,
  0x00, 0x00, 0x07, 0xC0, 0x00, 0x01, 0xF0, 0x00, 0x00, 0xFC, 0x00, 0x00, 0x1F, 0x00, 0x00, 0x03,
  0x80, 0x00, 0x00, 0x00, 0x00, 0x00, 0x00, 0x00, 0x00, 0x0C, 0x00, 0x00, 0x3F, 0xF8, 0x00, 0x3F,
  0xFF, 0x00, 0x1F, 0xFF, 0xF0, 0x0F, 0xFF, 0xFE, 0x07, 0xFC, 0x7F, 0x81, 0xFC, 0x07, 0xF0, 0xFE,
  0x00, 0xFC, 0x3F, 0x00, 0x1F, 0x0F, 0xC0, 0x07, 0xE7, 0xE0, 0x00, 0x01, 0xF8, 0x00, 0x00, 0x7E,
  0x00, 0x00, 0x1F, 0x80, 0x00, 0x07, 0xE0, 0x00, 0x01, 0xF8, 0x00, 0x00, 0x7E, 0x00, 0x00, 0x0F,
  0x80, 0x00, 0x03, 0xF0, 0x01, 0xF8, 0xFC, 0x00, 0x7C, 0x3F, 0x80, 0x3F, 0x07, 0xF0, 0x1F, 0xC0,
  0xFF, 0xFF, 0xE0, 0x3F, 0xFF, 0xF0, 0x07, 0xFF, 0xF8, 0x00, 0x7F, 0xFC, 0x00, 0x07, 0xFC, 0x00,
  0x00, 0x00, 0x00, 0x00, 0x70, 0x00, 0x0F, 0x80, 0x00, 0xF8, 0x00, 0x1F, 0x80, 0x00, 0xF8, 0x00,
  0x07, 0x00, 0x00, 0x00, 0x00, 0x00, 0x00, 0x01, 0xFC, 0x00, 0x7F, 0xF0, 0x0F, 0xFF, 0x81, 0xFF,
  0xFC, 0x3F, 0x9F, 0xC3, 0xF0, 0x7E, 0x7E, 0x03, 0xE7, 0xE0, 0x3E, 0x7C, 0x00, 0x07, 0xC0, 0x00,
  0x7C, 0x00, 0x07, 0xC0, 0x00, 0x7E, 0x00, 0x07, 0xE0, 0x3E, 0x7E, 0x07, 0xE3, 0xF0, 0x7E, 0x1F,
  0xFF, 0xC1, 0xFF, 0xF8, 0x0F, 0xFF, 0x00, 0x3F, 0xE0, 0x00, 0x00, 0x00, 0x03, 0xE0, 0xF8, 0x00,
  0x7C, 0x7C, 0x00, 0x0F, 0xBE, 0x00, 0x01, 0xFF, 0x00, 0x00, 0x3F, 0x80, 0x00, 0x07, 0xC0, 0x00,
  0x00, 0x00, 0x00, 0x00, 0x00, 0x00, 0x00, 0x0C, 0x00, 0x00, 0x3F, 0xF8, 0x00, 0x3F, 0xFF, 0x00,
  0x1F, 0xFF, 0xF0, 0x0F, 0xFF, 0xFE, 0x07, 0xFC, 0x7F, 0x81, 0xFC, 0x07, 0xF0, 0xFE, 0x00, 0xFC,
  0x3F, 0x00, 0x1F, 0x0F, 0xC0, 0x07, 0xE7, 0xE0, 0x00, 0x01, 0xF8, 0x00, 0x00, 0x7E, 0x00, 0x00,
  0x1F, 0x80, 0x00, 0x07, 0xE0, 0x00, 0x01, 0xF8, 0x00, 0x00, 0x7E, 0x00, 0x00, 0x0F, 0x80, 0x00,
  0x03, 0xF0, 0x01, 0xF8, 0xFC, 0x00, 0x7C, 0x3F, 0x80, 0x3F, 0x07, 0xF0, 0x1F, 0xC0, 0xFF, 0xFF,
  0xE0, 0x3F, 0xFF, 0xF0, 0x07, 0xFF, 0xF8, 0x00, 0x7F, 0xFC, 0x00, 0x07, 0xFC, 0x00, 0x00, 0x00,
  0x00, 0x1F, 0x07, 0xC0, 0xF8, 0xF8, 0x07, 0xDF, 0x00, 0x3F, 0xE0, 0x01, 0xFC, 0x00, 0x0F, 0x80,
  0x00, 0x00, 0x00, 0x00, 0x00, 0x01, 0xFC, 0x00, 0x7F, 0xF0, 0x0F, 0xFF, 0x81, 0xFF, 0xFC, 0x3F,
  0x9F, 0xC3, 0xF0, 0x7E, 0x7E, 0x03, 0xE7, 0xE0, 0x3E, 0x7C, 0x00, 0x07, 0xC0, 0x00, 0x7C, 0x00,
  0x07, 0xC0, 0x00, 0x7E, 0x00, 0x07, 0xE0, 0x3E, 0x7E, 0x07, 0xE3, 0xF0, 0x7E, 0x1F, 0xFF, 0xC1,
  0xFF, 0xF8, 0x0F, 0xFF, 0x00, 0x3F, 0xE0, 0x00, 0x00, 0x00, 0x1F, 0x0F, 0x80, 0x07, 0xCF, 0x80,
  0x01, 0xE7, 0x80, 0x00, 0x7F, 0x80, 0x00, 0x1F, 0x80, 0x00, 0x0F, 0xC0, 0x00, 0x00, 0x00, 0x00,
  0x00, 0x00, 0x00, 0x00, 0x00, 0x00, 0x1F, 0xFF, 0x80, 0x0F, 0xFF, 0xF0, 0x07, 0xFF, 0xFE, 0x03,
  0xFF, 0xFF, 0x81, 0xFF, 0xFF, 0xC0, 0xF8, 0x07, 0xF0, 0x7C, 0x01, 0xFC, 0x3E, 0x00, 0x7E, 0x1F,
  0x00, 0x1F, 0x0F, 0x80, 0x0F, 0x87, 0xC0, 0x07, 0xE3, 0xE0, 0x03, 0xF1, 0xF0, 0x01, 0xF8, 0xF8,
  0x00, 0xFC, 0x7C, 0x00, 0x7E, 0x3E, 0x00, 0x3F, 0x1F, 0x00, 0x1F, 0x0F, 0x80, 0x1F, 0x87, 0xC0,
  0x0F, 0xC3, 0xE0, 0x0F, 0xC1, 0xF0, 0x0F, 0xE0, 0xFF, 0xFF, 0xE0, 0x7F, 0xFF, 0xE0, 0x3F, 0xFF,
  0xE0, 0x1F, 0xFF, 0xE0, 0x0F, 0xFF, 0x80, 0x00, 0x00, 0x00, 0x03, 0xC0, 0x00, 0x00, 0x78, 0x00,
  0x0F, 0xCF, 0x00, 0x01, 0xF9, 0xE0, 0x00, 0x3F, 0x3C, 0x00, 0x07, 0xE7, 0x80, 0x00, 0xFC, 0xE0,
  0x00, 0x1F, 0x80, 0x03, 0xE3, 0xF0, 0x01, 0xFF, 0x7E, 0x00, 0x7F, 0xFF, 0xC0, 0x1F, 0xFF, 0xF8,
  0x03, 0xFD, 0xFF, 0x00, 0xFE, 0x0F, 0xE0, 0x1F, 0x80, 0xFC, 0x03, 0xF0, 0x1F, 0x80, 0x7C, 0x03,
  0xF0, 0x0F, 0x80, 0x7E, 0x01, 0xF0, 0x07, 0xC0, 0x3E, 0x00, 0xF8, 0x07, 0xE0, 0x3F, 0x00, 0xFC,
  0x07, 0xE0, 0x1F, 0xC1, 0xFC, 0x01, 0xFC, 0x7F, 0x80, 0x3F, 0xFF, 0xF0, 0x03, 0xFF, 0xBE, 0x00,
  0x3F, 0xE7, 0xC0, 0x03, 0xF8, 0xF8, 0x00, 0x00, 0x00, 0x00, 0x0F, 0xFF, 0xC0, 0x01, 0xFF, 0xFE,
  0x00, 0x3F, 0xFF, 0xF0, 0x07, 0xFF, 0xFF, 0x00, 0xFF, 0xFF, 0xE0, 0x1F, 0x00, 0xFE, 0x03, 0xE0,
  0x0F, 0xE0, 0x7C, 0x00, 0xFC, 0x0F, 0x80, 0x0F, 0x81, 0xF0, 0x01, 0xF0, 0x3E, 0x00, 0x3F, 0x7F,
  0xFC, 0x07, 0xEF, 0xFF, 0x80, 0xFD, 0xFF, 0xF0, 0x1F, 0x83, 0xE0, 0x03, 0xF0, 0x7C, 0x00, 0x7E,
  0x0F, 0x80, 0x0F, 0x81, 0xF0, 0x03, 0xF0, 0x3E, 0x00, 0x7E, 0x07, 0xC0, 0x1F, 0x80, 0xF8, 0x07,
  0xF0, 0x1F, 0xFF, 0xFC, 0x03, 0xFF, 0xFF, 0x00, 0x7F, 0xFF, 0xC0, 0x0F, 0xFF, 0xF0, 0x01, 0xFF,
  0xF0, 0x00, 0x00, 0x00, 0x00, 0x00, 0x00, 0x03, 0xF0, 0x00, 0x07, 0xE0, 0x01, 0xFF, 0xF0, 0x03,
  0xFF, 0xE0, 0x07, 0xFF, 0xC0, 0x00, 0x7E, 0x00, 0xF8, 0xFC, 0x07, 0xFD, 0xF8, 0x1F, 0xFF, 0xF0,
  0x7F, 0xFF, 0xE0, 0xFF, 0x7F, 0xC3, 0xF8, 0x3F, 0x87, 0xE0, 0x3F, 0x0F, 0xC0, 0x7E, 0x1F, 0x00,
  0xFC, 0x3E, 0x01, 0xF8, 0x7C, 0x01, 0xF0, 0xF8, 0x03, 0xE1, 0xF8, 0x0F, 0xC3, 0xF0, 0x1F, 0x87,
  0xF0, 0x7F, 0x07, 0xF1, 0xFE, 0x0F, 0xFF, 0xFC, 0x0F, 0xFE, 0xF8, 0x0F, 0xF9, 0xF0, 0x0F, 0xE3,
  0xE0, 0x00, 0x00, 0x00, 0x00, 0x00, 0x00, 0x0F, 0xFF, 0x80, 0x7F, 0xFC, 0x03, 0xFF, 0xE0, 0x00,
  0x00, 0x00, 0x00, 0x00, 0x00, 0x00, 0x00, 0x00, 0x00, 0x07, 0xFF, 0xFC, 0x3F, 0xFF, 0xE1, 0xFF,
  0xFF, 0x0F, 0xFF, 0xF8, 0x7C, 0x00, 0x03, 0xE0, 0x00, 0x1F, 0x00, 0x00, 0xF8, 0x00, 0x07, 0xC0,
  0x00, 0x3E, 0x00, 0x01, 0xF0, 0x00, 0x0F, 0xFF, 0xF0, 0x7F, 0xFF, 0x83, 0xFF, 0xFC, 0x1F, 0xFF,
  0xE0, 0xF8, 0x00, 0x07, 0xC0, 0x00, 0x3E, 0x00, 0x01, 0xF0, 0x00, 0x0F, 0x80, 0x00, 0x7C, 0x00,
  0x03, 0xFF, 0xFE, 0x1F, 0xFF, 0xF0, 0xFF, 0xFF, 0x87, 0xFF, 0xFC, 0x3F, 0xFF, 0xE0, 0x00, 0x00,
  0x00, 0x0F, 0xFF, 0x00, 0xFF, 0xF0, 0x0F, 0xFF, 0x00, 0x00, 0x00, 0x00, 0x00, 0x00, 0x00, 0x00,
  0x01, 0xF8, 0x00, 0x7F, 0xF0, 0x0F, 0xFF, 0x81, 0xFF, 0xFC, 0x3F, 0x8F, 0xC3, 0xE0, 0x7E, 0x7E,
  0x03, 0xE7, 0xC0, 0x3E, 0x7F, 0xFF, 0xE7, 0xFF, 0xFF, 0x7F, 0xFF, 0xF7, 0xFF, 0xFF, 0x7C, 0x00,
  0x07, 0xE0, 0x00, 0x7E, 0x03, 0xE3, 0xF0, 0x7E, 0x3F, 0xFF, 0xE1, 0xFF, 0xFC, 0x0F, 0xFF, 0x80,
  0x3F, 0xE0, 0x00, 0x00, 0x00, 0x00, 0x00, 0x0F, 0x07, 0x80, 0x7C, 0x7C, 0x01, 0xFF, 0xC0, 0x07,
  0xFC, 0x00, 0x1F, 0xC0, 0x00, 0x00, 0x00, 0x00, 0x00, 0x00, 0x00, 0x00, 0x3F, 0xFF, 0xE1, 0xFF,
  0xFF, 0x0F, 0xFF, 0xF8, 0x7F, 0xFF, 0xC3, 0xE0, 0x00, 0x1F, 0x00, 0x00, 0xF8, 0x00, 0x07, 0xC0,
  0x00, 0x3E, 0x00, 0x01, 0xF0, 0x00, 0x0F, 0x80, 0x00, 0x7F, 0xFF, 0x83, 0xFF, 0xFC, 0x1F, 0xFF,
  0xE0, 0xFF, 0xFF, 0x07, 0xC0, 0x00, 0x3E, 0x00, 0x01, 0xF0, 0x00, 0x0F, 0x80, 0x00, 0x7C, 0x00,
  0x03, 0xE0, 0x00, 0x1F, 0xFF, 0xF0, 0xFF, 0xFF, 0x87, 0xFF, 0xFC, 0x3F, 0xFF, 0xE1, 0xFF, 0xFF,
  0x00, 0x00, 0x00, 0x0F, 0x07, 0x80, 0xF0, 0xF0, 0x07, 0xFF, 0x00, 0x7F, 0xE0, 0x01, 0xF8, 0x00,
  0x00, 0x00, 0x00, 0x00, 0x00, 0x1F, 0x80, 0x07, 0xFF, 0x00, 0xFF, 0xF8, 0x1F, 0xFF, 0xC3, 0xF8,
  0xFC, 0x3E, 0x07, 0xE7, 0xE0, 0x3E, 0x7C, 0x03, 0xE7, 0xFF, 0xFE, 0x7F, 0xFF, 0xF7, 0xFF, 0xFF,
  0x7F, 0xFF, 0xF7, 0xC0, 0x00, 0x7E, 0x00, 0x07, 0xE0, 0x3E, 0x3F, 0x07, 0xE3, 0xFF, 0xFE, 0x1F,
  0xFF, 0xC0, 0xFF, 0xF8, 0x03, 0xFE, 0x00, 0x00, 0x00, 0x00, 0x00, 0x00, 0x00, 0x30, 0x00, 0x07,
  0xC0, 0x00, 0x3E, 0x00, 0x01, 0xF8, 0x00, 0x0F, 0x80, 0x00, 0x38, 0x00, 0x00, 0x00, 0x00, 0x00,
  0x00, 0x00, 0x00, 0x01, 0xFF, 0xFF, 0x0F, 0xFF, 0xF8, 0x7F, 0xFF, 0xC3, 0xFF, 0xFE, 0x1F, 0x00,
  0x00, 0xF8, 0x00, 0x07, 0xC0, 0x00, 0x3E, 0x00, 0x01, 0xF0, 0x00, 0x0F, 0x80, 0x00, 0x7C, 0x00,
  0x03, 0xFF, 0xFC, 0x1F, 0xFF, 0xE0, 0xFF, 0xFF, 0x07, 0xFF, 0xF8, 0x3E, 0x00, 0x01, 0xF0, 0x00,
  0x0F, 0x80, 0x00, 0x7C, 0x00, 0x03, 0xE0, 0x00, 0x1F, 0x00, 0x00, 0xFF, 0xFF, 0x87, 0xFF, 0xFC,
  0x3F, 0xFF, 0xE1, 0xFF, 0xFF, 0x0F, 0xFF, 0xF8, 0x00, 0x60, 0x00, 0x0F, 0x80, 0x01, 0xF8, 0x00,
  0x1F, 0x80, 0x00, 0xF8, 0x00, 0x07, 0x00, 0x00, 0x00, 0x00, 0x00, 0x00, 0x01, 0xF8, 0x00, 0x7F,
  0xF0, 0x0F, 0xFF, 0x81, 0xFF, 0xFC, 0x3F, 0x8F, 0xC3, 0xE0, 0x7E, 0x7E, 0x03, 0xE7, 0xC0, 0x3E,
  0x7F, 0xFF, 0xE7, 0xFF, 0xFF, 0x7F, 0xFF, 0xF7, 0xFF, 0xFF, 0x7C, 0x00, 0x07, 0xE0, 0x00, 0x7E,
  0x03, 0xE3, 0xF0, 0x7E, 0x3F, 0xFF, 0xE1, 0xFF, 0xFC, 0x0F, 0xFF, 0x80, 0x3F, 0xE0, 0x00, 0x00,
  0x00, 0x3F, 0xFF, 0xE1, 0xFF, 0xFF, 0x0F, 0xFF, 0xF8, 0x7F, 0xFF, 0xC3, 0xE0, 0x00, 0x1F, 0x00,
  0x00, 0xF8, 0x00, 0x07, 0xC0, 0x00, 0x3E, 0x00, 0x01, 0xF0, 0x00, 0x0F, 0x80, 0x00, 0x7F, 0xFF,
  0x83, 0xFF, 0xFC, 0x1F, 0xFF, 0xE0, 0xFF, 0xFF, 0x07, 0xC0, 0x00, 0x3E, 0x00, 0x01, 0xF0, 0x00,
  0x0F, 0x80, 0x00, 0x7C, 0x00, 0x03, 0xE0, 0x00, 0x1F, 0xFF, 0xF0, 0xFF, 0xFF, 0x87, 0xFF, 0xFC,
  0x3F, 0xFF, 0xE1, 0xFF, 0xFF, 0x00, 0x01, 0xF0, 0x00, 0x0F, 0x00, 0x00, 0x78, 0x00, 0x03, 0xC0,
  0x00, 0x1F, 0x80, 0x00, 0xFE, 0x00, 0x03, 0xF0, 0x00, 0x00, 0x00, 0x00, 0x00, 0x01, 0xF8, 0x00,
  0x7F, 0xF0, 0x0F, 0xFF, 0x81, 0xFF, 0xFC, 0x3F, 0x8F, 0xC3, 0xE0, 0x7E, 0x7E, 0x03, 0xE7, 0xC0,
  0x3E, 0x7F, 0xFF, 0xE7, 0xFF, 0xFF, 0x7F, 0xFF, 0xF7, 0xFF, 0xFF, 0x7C, 0x00, 0x07, 0xE0, 0x00,
  0x7E, 0x03, 0xE3, 0xF0, 0x7E, 0x3F, 0xFF, 0xE1, 0xFF, 0xFC, 0x0F, 0xFF, 0x80, 0x3F, 0xE0, 0x00,
  0xF8, 0x00, 0x0F, 0x00, 0x00, 0xF0, 0x00, 0x0F, 0xE0, 0x00, 0x7E, 0x00, 0x03, 0xE0, 0x00, 0x00,
  0x00, 0x1F, 0x07, 0xC0, 0x7C, 0x7C, 0x01, 0xF7, 0xC0, 0x07, 0xFC, 0x00, 0x1F, 0xC0, 0x00, 0x7C,
  0x00, 0x00, 0x00, 0x00, 0x00, 0x00, 0x00, 0x00, 0x01, 0xFF, 0xFF, 0x0F, 0xFF, 0xF8, 0x7F, 0xFF,
  0xC3, 0xFF, 0xFE, 0x1F, 0x00, 0x00, 0xF8, 0x00, 0x07, 0xC0, 0x00, 0x3E, 0x00, 0x01, 0xF0, 0x00,
  0x0F, 0x80, 0x00, 0x7C, 0x00, 0x03, 0xFF, 0xFC, 0x1F, 0xFF, 0xE0, 0xFF, 0xFF, 0x07, 0xFF, 0xF8,
  0x3E, 0x00, 0x01, 0xF0, 0x00, 0x0F, 0x80, 0x00, 0x7C, 0x00, 0x03, 0xE0, 0x00, 0x1F, 0x00, 0x00,
  0xFF, 0xFF, 0x87, 0xFF, 0xFC, 0x3F, 0xFF, 0xE1, 0xFF, 0xFF, 0x0F, 0xFF, 0xF8, 0x1F, 0x0F, 0x80,
  0xF8, 0xF0, 0x07, 0xDE, 0x00, 0x3F, 0xE0, 0x01, 0xFC, 0x00, 0x0F, 0x80, 0x00, 0x00, 0x00, 0x00,
  0x00, 0x01, 0xF8, 0x00, 0x7F, 0xF0, 0x0F, 0xFF, 0x81, 0xFF, 0xFC, 0x3F, 0x8F, 0xC3, 0xE0, 0x7E,
  0x7E, 0x03, 0xE7, 0xC0, 0x3E, 0x7F, 0xFF, 0xE7, 0xFF, 0xFF, 0x7F, 0xFF, 0xF7, 0xFF, 0xFF, 0x7C,
  0x00, 0x07, 0xE0, 0x00, 0x7E, 0x03, 0xE3, 0xF0, 0x7E, 0x3F, 0xFF, 0xE1, 0xFF, 0xFC, 0x0F, 0xFF,
  0x80, 0x3F, 0xE0, 0x00, 0x00, 0x00, 0x00, 0x1F, 0x00, 0x00, 0x0F, 0xE0, 0x00, 0x07, 0xFC, 0x00,
  0x03, 0xCF, 0x80, 0x01, 0xF1, 0xF0, 0x00, 0x80, 0x02, 0x00, 0x00, 0x00, 0x00, 0x00, 0x30, 0x00,
  0x00, 0xFF, 0xE0, 0x00, 0x7F, 0xFC, 0x00, 0x7F, 0xFF, 0xC0, 0x3F, 0xFF, 0xF8, 0x0F, 0xF1, 0xFE,
  0x07, 0xF0, 0x1F, 0xC3, 0xF8, 0x03, 0xF0, 0xFC, 0x00, 0x7E, 0x3F, 0x00, 0x00, 0x1F, 0x80, 0x00,
  0x07, 0xE0, 0x00, 0x01, 0xF8, 0x00, 0x00, 0x7E, 0x03, 0xFF, 0x9F, 0x80, 0xFF, 0xE7, 0xE0, 0x3F,
  0xF9, 0xF8, 0x0F, 0xFE, 0x3E, 0x00, 0x0F, 0x8F, 0xC0, 0x07, 0xE3, 0xF0, 0x01, 0xF8, 0xFE, 0x00,
  0xFC, 0x1F, 0xC0, 0x7F, 0x03, 0xFF, 0xFF, 0x80, 0xFF, 0xFF, 0xE0, 0x1F, 0xFF, 0xF0, 0x01, 0xFF,
  0xF0, 0x00, 0x1F, 0xF0, 0x00, 0x00, 0x00, 0x00, 0x00, 0x00, 0x00, 0x00, 0x78, 0x00, 0x03, 0xF0,
  0x00, 0x1F, 0xE0, 0x00, 0xF7, 0xC0, 0x07, 0xCF, 0x80, 0x3E, 0x1F, 0x00, 0x00, 0x00, 0x00, 0x00,
  0x00, 0x03, 0xE1, 0xF0, 0x3F, 0xE7, 0xC1, 0xFF, 0xDF, 0x0F, 0xFF, 0x7C, 0x3F, 0xDF, 0xF1, 0xFC,
  0x1F, 0xC7, 0xE0, 0x3F, 0x1F, 0x80, 0xFC, 0x7C, 0x03, 0xF1, 0xF0, 0x07, 0xC7, 0xC0, 0x1F, 0x1F,
  0x00, 0x7C, 0x7E, 0x03, 0xF1, 0xF8, 0x0F, 0xC7, 0xF0, 0x7F, 0x0F, 0xF7, 0xFC, 0x3F, 0xFF, 0xF0,
  0x7F, 0xF7, 0xC0, 0xFF, 0x9F, 0x00, 0x70, 0x7C, 0x00, 0x01, 0xF0, 0x00, 0x0F, 0xC7, 0xE0, 0x3F,
  0x0F, 0xC3, 0xF8, 0x3F, 0xFF, 0xE0, 0x7F, 0xFF, 0x00, 0x7F, 0xF0, 0x00, 0x3E, 0x00, 0x01, 0xE0,
  0xF0, 0x00, 0x78, 0x78, 0x00, 0x0F, 0xFE, 0x00, 0x01, 0xFF, 0x00, 0x00, 0x3F, 0x80, 0x00, 0x00,
  0x00, 0x00, 0x00, 0x00, 0x00, 0x00, 0x30, 0x00, 0x00, 0xFF, 0xE0, 0x00, 0x7F, 0xFC, 0x00, 0x7F,
  0xFF, 0xC0, 0x3F, 0xFF, 0xF8, 0x0F, 0xF1, 0xFE, 0x07, 0xF0, 0x1F, 0xC3, 0xF8, 0x03, 0xF0, 0xFC,
  0x00, 0x7E, 0x3F, 0x00, 0x00, 0x1F, 0x80, 0x00, 0x07, 0xE0, 0x00, 0x01, 0xF8, 0x00, 0x00, 0x7E,
  0x03, 0xFF, 0x9F, 0x80, 0xFF, 0xE7, 0xE0, 0x3F, 0xF9, 0xF8, 0x0F, 0xFE, 0x3E, 0x00, 0x0F, 0x8F,
  0xC0, 0x07, 0xE3, 0xF0, 0x01, 0xF8, 0xFE, 0x00, 0xFC, 0x1F, 0xC0, 0x7F, 0x03, 0xFF, 0xFF, 0x80,
  0xFF, 0xFF, 0xE0, 0x1F, 0xFF, 0xF0, 0x01, 0xFF, 0xF0, 0x00, 0x1F, 0xF0, 0x00, 0x00, 0x00, 0x00,
  0x00, 0x00, 0x00, 0x07, 0x07, 0x80, 0x1E, 0x1E, 0x00, 0x7F, 0xF0, 0x00, 0xFF, 0xC0, 0x01, 0xFC,
  0x00, 0x00, 0x00, 0x00, 0x00, 0x00, 0x00, 0xF8, 0x7C, 0x0F, 0xF9, 0xF0, 0x7F, 0xF7, 0xC3, 0xFF,
  0xDF, 0x0F, 0xF7, 0xFC, 0x7F, 0x07, 0xF1, 0xF8, 0x0F, 0xC7, 0xE0, 0x3F, 0x1F, 0x00, 0xFC, 0x7C,
  0x01, 0xF1, 0xF0, 0x07, 0xC7, 0xC0, 0x1F, 0x1F, 0x80, 0xFC, 0x7E, 0x03, 0xF1, 0xFC, 0x1F, 0xC3,
  0xFD, 0xFF, 0x0F, 0xFF, 0xFC, 0x1F, 0xFD, 0xF0, 0x3F, 0xE7, 0xC0, 0x1C, 0x1F, 0x00, 0x00, 0x7C,
  0x00, 0x03, 0xF1, 0xF8, 0x0F, 0xC3, 0xF0, 0xFE, 0x0F, 0xFF, 0xF8, 0x1F, 0xFF, 0xC0, 0x1F, 0xFC,
  0x00, 0x0F, 0x80, 0x00, 0x00, 0x00, 0x00, 0x0C, 0x00, 0x00, 0x07, 0xC0, 0x00, 0x03, 0xF0, 0x00,
  0x00, 0xFC, 0x00, 0x00, 0x1F, 0x00, 0x00, 0x03, 0x80, 0x00, 0x00, 0x00, 0x00, 0x00, 0x00, 0x00,
  0x00, 0x0C, 0x00, 0x00, 0x3F, 0xF8, 0x00, 0x1F, 0xFF, 0x00, 0x1F, 0xFF, 0xF0, 0x0F, 0xFF, 0xFE,
  0x03, 0xFC, 0x7F, 0x81, 0xFC, 0x07, 0xF0, 0xFE, 0x00, 0xFC, 0x3F, 0x00, 0x1F, 0x8F, 0xC0, 0x00,
  0x07, 0xE0, 0x00, 0x01, 0xF8, 0x00, 0x00, 0x7E, 0x00, 0x00, 0x1F, 0x80, 0xFF, 0xE7, 0xE0, 0x3F,
  0xF9, 0xF8, 0x0F, 0xFE, 0x7E, 0x03, 0xFF, 0x8F, 0x80, 0x03, 0xE3, 0xF0, 0x01, 0xF8, 0xFC, 0x00,
  0x7E, 0x3F, 0x80, 0x3F, 0x07, 0xF0, 0x1F, 0xC0, 0xFF, 0xFF, 0xE0, 0x3F, 0xFF, 0xF8, 0x07, 0xFF,
  0xFC, 0x00, 0x7F, 0xFC, 0x00, 0x07, 0xFC, 0x00, 0x00, 0x00, 0x00, 0x00, 0x30, 0x00, 0x03, 0xE0,
  0x00, 0x0F, 0xC0, 0x00, 0x3F, 0x00, 0x00, 0xF8, 0x00, 0x01, 0xC0, 0x00, 0x00, 0x00, 0x00, 0x00,
  0x00, 0x03, 0xE1, 0xF0, 0x3F, 0xE7, 0xC1, 0xFF, 0xDF, 0x0F, 0xFF, 0x7C, 0x3F, 0xDF, 0xF1, 0xFC,
  0x1F, 0xC7, 0xE0, 0x3F, 0x1F, 0x80, 0xFC, 0x7C, 0x03, 0xF1, 0xF0, 0x07, 0xC7, 0xC0, 0x1F, 0x1F,
  0x00, 0x7C, 0x7E, 0x03, 0xF1, 0xF8, 0x0F, 0xC7, 0xF0, 0x7F, 0x0F, 0xF7, 0xFC, 0x3F, 0xFF, 0xF0,
  0x7F, 0xF7, 0xC0, 0xFF, 0x9F, 0x00, 0x70, 0x7C, 0x00, 0x01, 0xF0, 0x00, 0x0F, 0xC7, 0xE0, 0x3F,
  0x0F, 0xC3, 0xF8, 0x3F, 0xFF, 0xE0, 0x7F, 0xFF, 0x00, 0x7F, 0xF0, 0x00, 0x3E, 0x00, 0x00, 0x0C,
  0x00, 0x00, 0x3F, 0xF8, 0x00, 0x1F, 0xFF, 0x00, 0x1F, 0xFF, 0xF0, 0x0F, 0xFF, 0xFE, 0x03, 0xFC,
  0x7F, 0x81, 0xFC, 0x07, 0xF0, 0xFE, 0x00, 0xFC, 0x3F, 0x00, 0x1F, 0x8F, 0xC0, 0x00, 0x07, 0xE0,
  0x00, 0x01, 0xF8, 0x00, 0x00, 0x7E, 0x00, 0x00, 0x1F, 0x80, 0xFF, 0xE7, 0xE0, 0x3F, 0xF9, 0xF8,
  0x0F, 0xFE, 0x7E, 0x03, 0xFF, 0x8F, 0x80, 0x03, 0xE3, 0xF0, 0x01, 0xF8, 0xFC, 0x00, 0x7E, 0x3F,
  0x80, 0x3F, 0x07, 0xF0, 0x1F, 0xC0, 0xFF, 0xFF, 0xE0, 0x3F, 0xFF, 0xF8, 0x07, 0xFF, 0xFC, 0x00,
  0x7F, 0xFC, 0x00, 0x07, 0xFC, 0x00, 0x00, 0x00, 0x00, 0x00, 0x00, 0x00, 0x00, 0x07, 0xC0, 0x00,
  0x03, 0xE0, 0x00, 0x00, 0xF8, 0x00, 0x00, 0x3C, 0x00, 0x00, 0x0F, 0x00, 0x00, 0x07, 0x80, 0x00,
  0x00, 0x00, 0x00, 0x00, 0x38, 0x00, 0x00, 0xF0, 0x00, 0x07, 0x80, 0x00, 0x1E, 0x00, 0x00, 0x78,
  0x00, 0x01, 0xE0, 0x00, 0x07, 0x80, 0x00, 0x1E, 0x00, 0x00, 0x00, 0x00, 0x00, 0x00, 0x00, 0x3E,
  0x1F, 0x03, 0xFE, 0x7C, 0x1F, 0xFD, 0xF0, 0xFF, 0xF7, 0xC3, 0xFD, 0xFF, 0x1F, 0xC1, 0xFC, 0x7E,
  0x03, 0xF1, 0xF8, 0x0F, 0xC7, 0xC0, 0x3F, 0x1F, 0x00, 0x7C, 0x7C, 0x01, 0xF1, 0xF0, 0x07, 0xC7,
  0xE0, 0x3F, 0x1F, 0x80, 0xFC, 0x7F, 0x07, 0xF0, 0xFF, 0x7F, 0xC3, 0xFF, 0xFF, 0x07, 0xFF, 0x7C,
  0x0F, 0xF9, 0xF0, 0x07, 0x07, 0xC0, 0x00, 0x1F, 0x00, 0x00, 0xFC, 0x7E, 0x03, 0xF0, 0xFC, 0x3F,
  0x83, 0xFF, 0xFE, 0x07, 0xFF, 0xF0, 0x07, 0xFF, 0x00, 0x03, 0xE0, 0x00, 0x00, 0x00, 0x00, 0x00,
  0x3F, 0x00, 0x00, 0x1F, 0xE0, 0x00, 0x0F, 0xF8, 0x00, 0x07, 0xCF, 0x00, 0x03, 0xE1, 0xE0, 0x00,
  0x00, 0x04, 0x00, 0x00, 0x00, 0x00, 0x00, 0x00, 0x00, 0x3E, 0x00, 0x3F, 0x0F, 0x80, 0x0F, 0xC3,
  0xE0, 0x03, 0xF0, 0xF8, 0x00, 0xFC, 0x3E, 0x00, 0x3F, 0x0F, 0x80, 0x0F, 0xC3, 0xE0, 0x03, 0xF0,
  0xF8, 0x00, 0xFC, 0x3E, 0x00, 0x3F, 0x0F, 0x80, 0x0F, 0xC3, 0xE0, 0x03, 0xF0, 0xFF, 0xFF, 0xFC,
  0x3F, 0xFF, 0xFF, 0x0F, 0xFF, 0xFF, 0xC3, 0xFF, 0xFF, 0xF0, 0xF8, 0x00, 0xFC, 0x3E, 0x00, 0x3F,
  0x0F, 0x80, 0x0F, 0xC3, 0xE0, 0x03, 0xF0, 0xF8, 0x00, 0xFC, 0x3E, 0x00, 0x3F, 0x0F, 0x80, 0x0F,
  0xC3, 0xE0, 0x03, 0xF0, 0xF8, 0x00, 0xFC, 0x3E, 0x00, 0x3F, 0x0F, 0x80, 0x0F, 0xC0, 0x00, 0x00,
  0x00, 0x0F, 0xC0, 0x00, 0x0F, 0xE0, 0x00, 0x1F, 0xF0, 0x00, 0x3C, 0xF8, 0x00, 0x7C, 0x7C, 0x00,
  0x80, 0x00, 0x00, 0x00, 0x00, 0x00, 0x00, 0x00, 0x00, 0x07, 0xC0, 0x00, 0x07, 0xC0, 0x00, 0x07,
  0xC0, 0x00, 0x07, 0xC0, 0x00, 0x07, 0xC0, 0x00, 0x07, 0xC0, 0x00, 0x07, 0xC7, 0xC0, 0x07, 0xCF,
  0xF0, 0x07, 0xDF, 0xF8, 0x07, 0xFF, 0xFC, 0x07, 0xFF, 0xFC, 0x07, 0xE0, 0xFE, 0x07, 0xE0, 0x7E,
  0x07, 0xC0, 0x7E, 0x07, 0xC0, 0x7E, 0x07, 0xC0, 0x7E, 0x07, 0xC0, 0x7E, 0x07, 0xC0, 0x7E, 0x07,
  0xC0, 0x7E, 0x07, 0xC0, 0x7E, 0x07, 0xC0, 0x7E, 0x07, 0xC0, 0x7E, 0x07, 0xC0, 0x7E, 0x07, 0xC0,
  0x7E, 0x07, 0xC0, 0x7E, 0x07, 0xC0, 0x7E, 0x00, 0x00, 0x00, 0x1F, 0x00, 0x0F, 0x81, 0xF0, 0x00,
  0xF8, 0x1F, 0x00, 0x0F, 0x81, 0xF0, 0x00, 0xF8, 0x7F, 0xFF, 0xFF, 0xE7, 0xFF, 0xFF, 0xFE, 0x7F,
  0xFF, 0xFF, 0xE1, 0xF0, 0x00, 0xF8, 0x1F, 0x00, 0x0F, 0x81, 0xF0, 0x00, 0xF8, 0x1F, 0x00, 0x0F,
  0x81, 0xFF, 0xFF, 0xF8, 0x1F, 0xFF, 0xFF, 0x81, 0xFF, 0xFF, 0xF8, 0x1F, 0xFF, 0xFF, 0x81, 0xF0,
  0x00, 0xF8, 0x1F, 0x00, 0x0F, 0x81, 0xF0, 0x00, 0xF8, 0x1F, 0x00, 0x0F, 0x81, 0xF0, 0x00, 0xF8,
  0x1F, 0x00, 0x0F, 0x81, 0xF0, 0x00, 0xF8, 0x1F, 0x00, 0x0F, 0x81, 0xF0, 0x00, 0xF8, 0x1F, 0x00,
  0x0F, 0x81, 0xF0, 0x00, 0xF8, 0x00, 0x00, 0x00, 0x00, 0x0F, 0x80, 0x00, 0x0F, 0x80, 0x00, 0xFF,
  0xF8, 0x00, 0xFF, 0xF8, 0x00, 0xFF, 0xF8, 0x00, 0x0F, 0x80, 0x00, 0x0F, 0x8F, 0x80, 0x0F, 0x9F,
  0xE0, 0x0F, 0xBF, 0xF0, 0x0F, 0xFF, 0xF8, 0x0F, 0xFF, 0xF8, 0x0F, 0xC1, 0xFC, 0x0F, 0xC0, 0xFC,
  0x0F, 0x80, 0xFC, 0x0F, 0x80, 0xFC, 0x0F, 0x80, 0xFC, 0x0F, 0x80, 0xFC, 0x0F, 0x80, 0xFC, 0x0F,
  0x80, 0xFC, 0x0F, 0x80, 0xFC, 0x0F, 0x80, 0xFC, 0x0F, 0x80, 0xFC, 0x0F, 0x80, 0xFC, 0x0F, 0x80,
  0xFC, 0x0F, 0x80, 0xFC, 0x0F, 0x80, 0xFC, 0x00, 0x00, 0x00, 0x3C, 0x3B, 0xFB, 0xDF, 0xFD, 0xE7,
  0xEE, 0x1E, 0x00, 0x00, 0x00, 0x00, 0x00, 0x0F, 0x80, 0x7C, 0x03, 0xE0, 0x1F, 0x00, 0xF8, 0x07,
  0xC0, 0x3E, 0x01, 0xF0, 0x0F, 0x80, 0x7C, 0x03, 0xE0, 0x1F, 0x00, 0xF8, 0x07, 0xC0, 0x3E, 0x01,
  0xF0, 0x0F, 0x80, 0x7C, 0x03, 0xE0, 0x1F, 0x00, 0xF8, 0x07, 0xC0, 0x3E, 0x01, 0xF0, 0x0F, 0x80,
  0x7C, 0x00, 0x3C, 0x3B, 0xFB, 0xDF, 0xFC, 0xE7, 0xEE, 0x1E, 0x00, 0x00, 0x00, 0x01, 0xF0, 0x0F,
  0x80, 0x7C, 0x03, 0xE0, 0x1F, 0x00, 0xF8, 0x07, 0xC0, 0x3E, 0x01, 0xF0, 0x0F, 0x80, 0x7C, 0x03,
  0xE0, 0x1F, 0x00, 0xF8, 0x07, 0xC0, 0x3E, 0x01, 0xF0, 0x0F, 0x80, 0x7C, 0x03, 0xE0, 0xFF, 0xFF,
  0xFF, 0xFF, 0xFE, 0x00, 0x00, 0x00, 0x00, 0x00, 0x00, 0x01, 0xF0, 0x0F, 0x80, 0x7C, 0x03, 0xE0,
  0x1F, 0x00, 0xF8, 0x07, 0xC0, 0x3E, 0x01, 0xF0, 0x0F, 0x80, 0x7C, 0x03, 0xE0, 0x1F, 0x00, 0xF8,
  0x07, 0xC0, 0x3E, 0x01, 0xF0, 0x0F, 0x80, 0x7C, 0x03, 0xE0, 0x1F, 0x00, 0xF8, 0x07, 0xC0, 0x3E,
  0x01, 0xF0, 0x0F, 0x80, 0x00, 0x00, 0xFF, 0xFF, 0xFF, 0xFF, 0xFE, 0x00, 0x00, 0x00, 0x00, 0x00,
  0x3E, 0x01, 0xF0, 0x0F, 0x80, 0x7C, 0x03, 0xE0, 0x1F, 0x00, 0xF8, 0x07, 0xC0, 0x3E, 0x01, 0xF0,
  0x0F, 0x80, 0x7C, 0x03, 0xE0, 0x1F, 0x00, 0xF8, 0x07, 0xC0, 0x3E, 0x01, 0xF0, 0x0F, 0x80, 0x7C,
  0x00, 0x00, 0xF0, 0x7F, 0xC7, 0xDF, 0xFC, 0x7F, 0xC1, 0xFC, 0x00, 0x00, 0x00, 0x00, 0x00, 0x0F,
  0x80, 0x7C, 0x03, 0xE0, 0x1F, 0x00, 0xF8, 0x07, 0xC0, 0x3E, 0x01, 0xF0, 0x0F, 0x80, 0x7C, 0x03,
  0xE0, 0x1F, 0x00, 0xF8, 0x07, 0xC0, 0x3E, 0x01, 0xF0, 0x0F, 0x80, 0x7C, 0x03, 0xE0, 0x1F, 0x00,
  0xF8, 0x07, 0xC0, 0x3E, 0x01, 0xF0, 0x0F, 0x80, 0x7C, 0x00, 0x00, 0xF0, 0x7B, 0xC3, 0xC7, 0xFF,
  0x1F, 0xF8, 0x1F, 0xC0, 0x00, 0x00, 0x00, 0x03, 0xE0, 0x0F, 0x80, 0x3E, 0x00, 0xF8, 0x03, 0xE0,
  0x0F, 0x80, 0x3E, 0x00, 0xF8, 0x03, 0xE0, 0x0F, 0x80, 0x3E, 0x00, 0xF8, 0x03, 0xE0, 0x0F, 0x80,
  0x3E, 0x00, 0xF8, 0x03, 0xE0, 0x0F, 0x80, 0x3E, 0x00, 0xF8, 0x00, 0x00, 0x3E, 0x1F, 0x0F, 0x87,
  0xC3, 0xE1, 0xF0, 0xF8, 0x7C, 0x3E, 0x1F, 0x0F, 0x87, 0xC3, 0xE1, 0xF0, 0xF8, 0x7C, 0x3E, 0x1F,
  0x0F, 0x87, 0xC3, 0xE1, 0xF0, 0xF8, 0x7C, 0x3E, 0x1F, 0x1F, 0x0F, 0x0F, 0x87, 0xC1, 0xF8, 0xFC,
  0x3F, 0x00, 0x00, 0x00, 0x1C, 0x0F, 0x83, 0xE0, 0xF8, 0x3E, 0x07, 0x00, 0x00, 0x00, 0x3E, 0x0F,
  0x83, 0xE0, 0xF8, 0x3E, 0x0F, 0x83, 0xE0, 0xF8, 0x3E, 0x0F, 0x83, 0xE0, 0xF8, 0x3E, 0x0F, 0x83,
  0xE0, 0xF8, 0x3E, 0x0F, 0x83, 0xE0, 0xF8, 0x7C, 0x1E, 0x0F, 0x83, 0xE0, 0x7E, 0x1F, 0x83, 0xF0,
  0x00, 0x1C, 0x1F, 0x0F, 0x87, 0xC3, 0xE0, 0xE0, 0x00, 0x00, 0x00, 0x1F, 0x0F, 0x87, 0xC3, 0xE1,
  0xF0, 0xF8, 0x7C, 0x3E, 0x1F, 0x0F, 0x87, 0xC3, 0xE1, 0xF0, 0xF8, 0x7C, 0x3E, 0x1F, 0x0F, 0x87,
  0xC3, 0xE1, 0xF0, 0xF8, 0x7C, 0x3E, 0x1F, 0x0F, 0x80, 0x3E, 0x1F, 0x0F, 0x87, 0xC3, 0xE1, 0xF0,
  0xF8, 0x7C, 0x3E, 0x1F, 0x0F, 0x87, 0xC3, 0xE1, 0xF0, 0xF8, 0x7C, 0x3E, 0x1F, 0x0F, 0x87, 0xC0,
  0x3E, 0x00, 0x07, 0xE3, 0xE0, 0x00, 0x7E, 0x3E, 0x00, 0x07, 0xE3, 0xE0, 0x00, 0x7E, 0x3E, 0x00,
  0x07, 0xE3, 0xE0, 0x00, 0x7E, 0x3E, 0x00, 0x07, 0xE3, 0xE0, 0x00, 0x7E, 0x3E, 0x00, 0x07, 0xE3,
  0xE0, 0x00, 0x7E, 0x3E, 0x00, 0x07, 0xE3, 0xE0, 0x00, 0x7E, 0x3E, 0x00, 0x07, 0xE3, 0xE0, 0x00,
  0x7E, 0x3E, 0x00, 0x07, 0xE3, 0xE0, 0x00, 0x7E, 0x3E, 0x00, 0x07, 0xE3, 0xE0, 0x00, 0x7E, 0x3E,
  0x7E, 0x07, 0xE3, 0xE7, 0xE0, 0x7C, 0x3E, 0x7E, 0x07, 0xC3, 0xE3, 0xF0, 0xFC, 0x3E, 0x3F, 0xFF,
  0x83, 0xE1, 0xFF, 0xF8, 0x3E, 0x0F, 0xFF, 0x03, 0xE0, 0x7F, 0xC0, 0x00, 0x00, 0x00, 0x00, 0x00,
  0x00, 0x00, 0x18, 0x0C, 0x1F, 0x0F, 0x1F, 0x8F, 0xCF, 0xC7, 0xE3, 0xE3, 0xE0, 0xE0, 0xE0, 0x00,
  0x00, 0x00, 0x00, 0x3E, 0x3F, 0x1F, 0x1F, 0x8F, 0x8F, 0xC7, 0xC7, 0xE3, 0xE3, 0xF1, 0xF1, 0xF8,
  0xF8, 0xFC, 0x7C, 0x7E, 0x3E, 0x3F, 0x1F, 0x1F, 0x8F, 0x8F, 0xC7, 0xC7, 0xE3, 0xE3, 0xF1, 0xF1,
  0xF8, 0xF8, 0xFC, 0x7C, 0x7E, 0x3E, 0x3F, 0x1F, 0x1F, 0x8F, 0x8F, 0xC7, 0xC7, 0xE0, 0x03, 0xF0,
  0x01, 0xF8, 0x00, 0xFC, 0x03, 0xFC, 0x01, 0xFE, 0x00, 0xFE, 0x00, 0x7E, 0x00, 0x00, 0x00, 0x00,
  0x0F, 0xC0, 0x00, 0x3F, 0xC0, 0x00, 0xFF, 0xC0, 0x03, 0xE7, 0x80, 0x0F, 0x87, 0x80, 0x00, 0x00,
  0x80, 0x00, 0x00, 0x00, 0x00, 0x00, 0x00, 0x0F, 0xC0, 0x00, 0x1F, 0x80, 0x00, 0x3F, 0x00, 0x00,
  0x7E, 0x00, 0x00, 0xFC, 0x00, 0x01, 0xF8, 0x00, 0x03, 0xF0, 0x00, 0x07, 0xE0, 0x00, 0x0F, 0xC0,
  0x00, 0x1F, 0x80, 0x00, 0x3F, 0x00, 0x00, 0x7E, 0x00, 0x00, 0xFC, 0x00, 0x01, 0xF8, 0x00, 0x03,
  0xF0, 0x00, 0x07, 0xE0, 0x00, 0x0F, 0xC0, 0x00, 0x1F, 0x83, 0xF0, 0x3F, 0x07, 0xE0, 0x7E, 0x0F,
  0xC0, 0xF8, 0x0F, 0xC3, 0xF0, 0x1F, 0xFF, 0xE0, 0x1F, 0xFF, 0x80, 0x1F, 0xFE, 0x00, 0x0F, 0xF0,
  0x00, 0x00, 0x00, 0x00, 0x00, 0x00, 0x00, 0x07, 0xC0, 0x1F, 0xC0, 0x7F, 0x81, 0xF7, 0x87, 0xC7,
  0x9F, 0x0F, 0xC0, 0x00, 0x00, 0x00, 0x07, 0xC0, 0x0F, 0x80, 0x1F, 0x00, 0x3E, 0x00, 0x7C, 0x00,
  0xF8, 0x01, 0xF0, 0x03, 0xE0, 0x07, 0xC0, 0x0F, 0x80, 0x1F, 0x00, 0x3E, 0x00, 0x7C, 0x00, 0xF8,
  0x01, 0xF0, 0x03, 0xE0, 0x07, 0xC0, 0x0F, 0x80, 0x1F, 0x00, 0x3E, 0x00, 0x7C, 0x00, 0xF8, 0x03,
  0xF0, 0x3F, 0xE0, 0x7F, 0x80, 0xFE, 0x01, 0xF8, 0x00, 0x00, 0x00, 0x3E, 0x00, 0xFF, 0x3E, 0x00,
  0xFC, 0x3E, 0x01, 0xF8, 0x3E, 0x03, 0xF8, 0x3E, 0x07, 0xF0, 0x3E, 0x0F, 0xE0, 0x3E, 0x0F, 0xC0,
  0x3E, 0x1F, 0x80, 0x3E, 0x3F, 0x00, 0x3E, 0x7F, 0x00, 0x3E, 0xFE, 0x00, 0x3F, 0xFC, 0x00, 0x3F,
  0xFE, 0x00, 0x3F, 0xFE, 0x00, 0x3F, 0xFF, 0x00, 0x3F, 0xFF, 0x80, 0x3F, 0x9F, 0x80, 0x3F, 0x1F,
  0xC0, 0x3E, 0x0F, 0xE0, 0x3E, 0x07, 0xE0, 0x3E, 0x07, 0xF0, 0x3E, 0x03, 0xF8, 0x3E, 0x01, 0xF8,
  0x3E, 0x01, 0xFC, 0x3E, 0x00, 0xFE, 0x3E, 0x00, 0x7F, 0x00, 0x00, 0x00, 0x00, 0x00, 0x00, 0x00,
  0x7C, 0x00, 0x00, 0x7C, 0x00, 0x00, 0x78, 0x00, 0x00, 0xF8, 0x00, 0x00, 0xF0, 0x00, 0x00, 0xF0,
  0x00, 0x00, 0x00, 0x00, 0x00, 0x00, 0x00, 0x3E, 0x00, 0x01, 0xF0, 0x00, 0x0F, 0x80, 0x00, 0x7C,
  0x00, 0x03, 0xE0, 0x00, 0x1F, 0x00, 0x00, 0xF8, 0x1F, 0xC7, 0xC0, 0xFC, 0x3E, 0x0F, 0xC1, 0xF0,
  0xFC, 0x0F, 0x8F, 0xC0, 0x7C, 0xFC, 0x03, 0xEF, 0xE0, 0x1F, 0x7E, 0x00, 0xFF, 0xE0, 0x07, 0xFF,
  0x00, 0x3F, 0xFC, 0x01, 0xFF, 0xE0, 0x0F, 0xDF, 0x80, 0x7C, 0xFE, 0x03, 0xE3, 0xF0, 0x1F, 0x0F,
  0xC0, 0xF8, 0x7F, 0x07, 0xC1, 0xFC, 0x3E, 0x07, 0xE1, 0xF0, 0x1F, 0x80, 0x00, 0x00, 0x00, 0x00,
  0x00, 0x1F, 0x80, 0x00, 0xF8, 0x00, 0x07, 0xC0, 0x00, 0x3C, 0x00, 0x03, 0xE0, 0x00, 0x1E, 0x00,
  0x00, 0x00, 0x00, 0x00, 0x00, 0x00, 0x3E, 0x03, 0xF8, 0x7C, 0x07, 0xE0, 0xF8, 0x1F, 0xC1, 0xF0,
  0x7F, 0x03, 0xE1, 0xFC, 0x07, 0xC3, 0xF0, 0x0F, 0x8F, 0xE0, 0x1F, 0x3F, 0x80, 0x3F, 0xFE, 0x00,
  0x7F, 0xF8, 0x00, 0xFF, 0xF0, 0x01, 0xFF, 0xF0, 0x03, 0xFF, 0xF0, 0x07, 0xC7, 0xE0, 0x0F, 0x8F,
  0xE0, 0x1F, 0x0F, 0xE0, 0x3E, 0x0F, 0xC0, 0x7C, 0x1F, 0xC0, 0xF8, 0x1F, 0xC1, 0xF0, 0x1F, 0xC0,
  0x0F, 0xC0, 0x01, 0xF0, 0x00, 0x7C, 0x00, 0x0F, 0x00, 0x03, 0xC0, 0x00, 0x00, 0x00, 0x00, 0x00,
  0x00, 0x00, 0x00, 0x3E, 0x00, 0x07, 0xC0, 0x00, 0xF8, 0x00, 0x1F, 0x00, 0x03, 0xE0, 0x00, 0x7C,
  0x00, 0x0F, 0x80, 0x01, 0xF0, 0x00, 0x3E, 0x00, 0x07, 0xC0, 0x00, 0xF8, 0x00, 0x1F, 0x00, 0x03,
  0xE0, 0x00, 0x7C, 0x00, 0x0F, 0x80, 0x01, 0xF0, 0x00, 0x3E, 0x00, 0x07, 0xC0, 0x00, 0xF8, 0x00,
  0x1F, 0x00, 0x03, 0xE0, 0x00, 0x7F, 0xFF, 0x8F, 0xFF, 0xF1, 0xFF, 0xFE, 0x3F, 0xFF, 0xC7, 0xFF,
  0xF8, 0x00, 0x00, 0x00, 0x0F, 0xC3, 0xC1, 0xF0, 0x78, 0x3C, 0x00, 0x00, 0x00, 0x00, 0x3E, 0x0F,
  0x83, 0xE0, 0xF8, 0x3E, 0x0F, 0x83, 0xE0, 0xF8, 0x3E, 0x0F, 0x83, 0xE0, 0xF8, 0x3E, 0x0F, 0x83,
  0xE0, 0xF8, 0x3E, 0x0F, 0x83, 0xE0, 0xF8, 0x3E, 0x0F, 0x83, 0xE0, 0xF8, 0x3E, 0x0F, 0x80, 0x00,
  0x3E, 0x00, 0x07, 0xC0, 0x00, 0xF8, 0x00, 0x1F, 0x00, 0x03, 0xE0, 0x00, 0x7C, 0x00, 0x0F, 0x80,
  0x01, 0xF0, 0x00, 0x3E, 0x00, 0x07, 0xC0, 0x00, 0xF8, 0x00, 0x1F, 0x00, 0x03, 0xE0, 0x00, 0x7C,
  0x00, 0x0F, 0x80, 0x01, 0xF0, 0x00, 0x3E, 0x00, 0x07, 0xC0, 0x00, 0xF8, 0x00, 0x1F, 0x00, 0x03,
  0xE0, 0x00, 0x7F, 0xFF, 0x8F, 0xFF, 0xF1, 0xFF, 0xFE, 0x3F, 0xFF, 0xC7, 0xFF, 0xF8, 0x00, 0x00,
  0x00, 0x00, 0x00, 0x1F, 0x80, 0x03, 0xE0, 0x00, 0x7C, 0x00, 0x0F, 0x00, 0x03, 0xE0, 0x00, 0x78,
  0x00, 0x00, 0x00, 0x00, 0x00, 0x00, 0x3E, 0x1F, 0x0F, 0x87, 0xC3, 0xE1, 0xF0, 0xF8, 0x7C, 0x3E,
  0x1F, 0x0F, 0x87, 0xC3, 0xE1, 0xF0, 0xF8, 0x7C, 0x3E, 0x1F, 0x0F, 0x87, 0xC3, 0xE1, 0xF0, 0xF8,
  0x7C, 0x3E, 0x1F, 0x00, 0x00, 0x03, 0xE3, 0xE1, 0xF0, 0xF0, 0x78, 0x78, 0x00, 0x00, 0x00, 0x00,
  0x1E, 0x00, 0x03, 0xC0, 0xF8, 0x78, 0x1F, 0x0F, 0x03, 0xE1, 0xE0, 0x7C, 0x3C, 0x0F, 0x87, 0x01,
  0xF0, 0x00, 0x3E, 0x00, 0x07, 0xC0, 0x00, 0xF8, 0x00, 0x1F, 0x00, 0x03, 0xE0, 0x00, 0x7C, 0x00,
  0x0F, 0x80, 0x01, 0xF0, 0x00, 0x3E, 0x00, 0x07, 0xC0, 0x00, 0xF8, 0x00, 0x1F, 0x00, 0x03, 0xE0,
  0x00, 0x7C, 0x00, 0x0F, 0x80, 0x01, 0xFF, 0xFE, 0x3F, 0xFF, 0xC7, 0xFF, 0xF8, 0xFF, 0xFF, 0x1F,
  0xFF, 0xE0, 0x00, 0x78, 0x01, 0xE3, 0xE7, 0x8F, 0x9E, 0x3E, 0x78, 0xF9, 0xE3, 0xE7, 0x8F, 0x80,
  0x3E, 0x00, 0xF8, 0x03, 0xE0, 0x0F, 0x80, 0x3E, 0x00, 0xF8, 0x03, 0xE0, 0x0F, 0x80, 0x3E, 0x00,
  0xF8, 0x03, 0xE0, 0x0F, 0x80, 0x3E, 0x00, 0xF8, 0x03, 0xE0, 0x0F, 0x80, 0x3E, 0x00, 0xF8, 0x03,
  0xE0, 0x0F, 0x80, 0x3E, 0x00, 0x03, 0xE0, 0x00, 0x3E, 0x00, 0x03, 0xE0, 0x00, 0x3E, 0x00, 0x03,
  0xE0, 0x00, 0x3E, 0x00, 0x03, 0xE0, 0xC0, 0x3E, 0x3E, 0x03, 0xE3, 0xF0, 0x3E, 0x3F, 0x03, 0xE3,
  0xE0, 0x3E, 0x1C, 0x03, 0xE0, 0x00, 0x3E, 0x00, 0x03, 0xE0, 0x00, 0x3E, 0x00, 0x03, 0xE0, 0x00,
  0x3E, 0x00, 0x03, 0xE0, 0x00, 0x3E, 0x00, 0x03, 0xFF, 0xFE, 0x3F, 0xFF, 0xE3, 0xFF, 0xFE, 0x3F,
  0xFF, 0xE3, 0xFF, 0xFE, 0x00, 0x00, 0x00, 0x3E, 0x00, 0x7C, 0x00, 0xF8, 0x01, 0xF0, 0x03, 0xE0,
  0x07, 0xC0, 0x0F, 0x80, 0x1F, 0x00, 0x3E, 0x00, 0x7C, 0x30, 0xF9, 0xF1, 0xF3, 0xF3, 0xE7, 0xE7,
  0xCF, 0x8F, 0x8E, 0x1F, 0x00, 0x3E, 0x00, 0x7C, 0x00, 0xF8, 0x01, 0xF0, 0x03, 0xE0, 0x07, 0xC0,
  0x0F, 0x80, 0x1F, 0x00, 0x3E, 0x00, 0x7C, 0x00, 0x00, 0x00, 0x1F, 0x00, 0x00, 0xF8, 0x00, 0x07,
  0xC0, 0x00, 0x3E, 0x00, 0x01, 0xF0, 0x00, 0x0F, 0x80, 0x00, 0x7C, 0x00, 0x03, 0xE0, 0x00, 0x1F,
  0x00, 0x00, 0xF9, 0x80, 0x07, 0xFC, 0x00, 0x3F, 0xE0, 0x0F, 0xFC, 0x00, 0x7F, 0x80, 0x03, 0xFC,
  0x00, 0x03, 0xE0, 0x00, 0x1F, 0x00, 0x00, 0xF8, 0x00, 0x07, 0xC0, 0x00, 0x3E, 0x00, 0x01, 0xF0,
  0x00, 0x0F, 0xFF, 0xF8, 0x7F, 0xFF, 0xC3, 0xFF, 0xFE, 0x1F, 0xFF, 0xF0, 0xFF, 0xFF, 0x80, 0x00,
  0x00, 0x1F, 0x03, 0xE0, 0x7C, 0x0F, 0x81, 0xF0, 0x3E, 0x07, 0xC0, 0xF8, 0x1F, 0x03, 0xE8, 0x7F,
  0x0F, 0xEF, 0xF9, 0xFE, 0x3F, 0xC0, 0xF8, 0x1F, 0x03, 0xE0, 0x7C, 0x0F, 0x81, 0xF0, 0x3E, 0x07,
  0xC0, 0xF8, 0x1F, 0x03, 0xE0, 0x00, 0x00, 0x00, 0x07, 0xC0, 0x00, 0x07, 0xC0, 0x00, 0x03, 0xC0,
  0x00, 0x03, 0xC0, 0x00, 0x01, 0xE0, 0x00, 0x00, 0x00, 0x00, 0x00, 0x00, 0x00, 0x00, 0x00, 0x00,
  0x3E, 0x00, 0x3F, 0x1F, 0x80, 0x1F, 0x8F, 0xC0, 0x0F, 0xC7, 0xF0, 0x07, 0xE3, 0xFC, 0x03, 0xF1,
  0xFE, 0x01, 0xF8, 0xFF, 0x80, 0xFC, 0x7F, 0xE0, 0x7E, 0x3F, 0xF8, 0x3F, 0x1F, 0xFC, 0x1F, 0x8F,
  0xBF, 0x0F, 0xC7, 0xCF, 0xC7, 0xE3, 0xE7, 0xE3, 0xF1, 0xF1, 0xF9, 0xF8, 0xF8, 0x7E, 0xFC, 0x7C,
  0x1F, 0x7E, 0x3E, 0x0F, 0xFF, 0x1F, 0x03, 0xFF, 0x8F, 0x80, 0xFF, 0xC7, 0xC0, 0x7F, 0xE3, 0xE0,
  0x1F, 0xF1, 0xF0, 0x07, 0xF8, 0xF8, 0x03, 0xFC, 0x7C, 0x00, 0xFE, 0x3E, 0x00, 0x3F, 0x1F, 0x00,
  0x1F, 0x80, 0x00, 0x00, 0x00, 0x00, 0x1F, 0x00, 0x01, 0xF0, 0x00, 0x0F, 0x00, 0x00, 0xF0, 0x00,
  0x07, 0x80, 0x00, 0x00, 0x00, 0x00, 0x00, 0x07, 0xC7, 0xC0, 0x3E, 0x7F, 0x81, 0xF7, 0xFE, 0x0F,
  0xFF, 0xF8, 0x7F, 0xFF, 0xC3, 0xF0, 0x7E, 0x1F, 0x81, 0xF8, 0xF8, 0x0F, 0xC7, 0xC0, 0x7E, 0x3E,
  0x03, 0xF1, 0xF0, 0x1F, 0x8F, 0x80, 0xFC, 0x7C, 0x07, 0xE3, 0xE0, 0x3F, 0x1F, 0x01, 0xF8, 0xF8,
  0x0F, 0xC7, 0xC0, 0x7E, 0x3E, 0x03, 0xF1, 0xF0, 0x1F, 0x8F, 0x80, 0xFC, 0x00, 0x00, 0x00, 0x3E,
  0x00, 0x3F, 0x1F, 0x80, 0x1F, 0x8F, 0xC0, 0x0F, 0xC7, 0xF0, 0x07, 0xE3, 0xFC, 0x03, 0xF1, 0xFE,
  0x01, 0xF8, 0xFF, 0x80, 0xFC, 0x7F, 0xE0, 0x7E, 0x3F, 0xF8, 0x3F, 0x1F, 0xFC, 0x1F, 0x8F, 0xBF,
  0x0F, 0xC7, 0xCF, 0xC7, 0xE3, 0xE7, 0xE3, 0xF1, 0xF1, 0xF9, 0xF8, 0xF8, 0x7E, 0xFC, 0x7C, 0x1F,
  0x7E, 0x3E, 0x0F, 0xFF, 0x1F, 0x03, 0xFF, 0x8F, 0x80, 0xFF, 0xC7, 0xC0, 0x7F, 0xE3, 0xE0, 0x1F,
  0xF1, 0xF0, 0x07, 0xF8, 0xF8, 0x03, 0xFC, 0x7C, 0x00, 0xFE, 0x3E, 0x00, 0x3F, 0x1F, 0x00, 0x1F,
  0x80, 0x00, 0x00, 0x00, 0x00, 0x00, 0x00, 0x03, 0xE0, 0x00, 0x01, 0xF0, 0x00, 0x00, 0xF0, 0x00,
  0x00, 0xF8, 0x00, 0x00, 0x78, 0x00, 0x00, 0x3C, 0x00, 0x00, 0x00, 0x00, 0x00, 0x00, 0x00, 0x00,
  0x3E, 0x3E, 0x01, 0xF3, 0xFC, 0x0F, 0xBF, 0xF0, 0x7F, 0xFF, 0xC3, 0xFF, 0xFE, 0x1F, 0x83, 0xF0,
  0xFC, 0x0F, 0xC7, 0xC0, 0x7E, 0x3E, 0x03, 0xF1, 0xF0, 0x1F, 0x8F, 0x80, 0xFC, 0x7C, 0x07, 0xE3,
  0xE0, 0x3F, 0x1F, 0x01, 0xF8, 0xF8, 0x0F, 0xC7, 0xC0, 0x7E, 0x3E, 0x03, 0xF1, 0xF0, 0x1F, 0x8F,
  0x80, 0xFC, 0x7C, 0x07, 0xE0, 0x00, 0x00, 0x00, 0x00, 0x00, 0x03, 0xE0, 0x00, 0x1F, 0x00, 0x00,
  0xF0, 0x00, 0x0F, 0x80, 0x00, 0x78, 0x00, 0x03, 0xC0, 0x00, 0x00, 0x00, 0x00, 0x07, 0xC1, 0xF0,
  0x01, 0xF1, 0xF0, 0x00, 0x7D, 0xF0, 0x00, 0x1F, 0xF0, 0x00, 0x07, 0xF0, 0x00, 0x01, 0xF0, 0x00,
  0x00, 0x00, 0x00, 0x00, 0x00, 0x00, 0x00, 0x00, 0x00, 0x1F, 0x00, 0x1F, 0x8F, 0xC0, 0x0F, 0xC7,
  0xE0, 0x07, 0xE3, 0xF8, 0x03, 0xF1, 0xFE, 0x01, 0xF8, 0xFF, 0x00, 0xFC, 0x7F, 0xC0, 0x7E, 0x3F,
  0xF0, 0x3F, 0x1F, 0xFC, 0x1F, 0x8F, 0xFE, 0x0F, 0xC7, 0xDF, 0x87, 0xE3, 0xE7, 0xE3, 0xF1, 0xF3,
  0xF1, 0xF8, 0xF8, 0xFC, 0xFC, 0x7C, 0x3F, 0x7E, 0x3E, 0x0F, 0xBF, 0x1F, 0x07, 0xFF, 0x8F, 0x81,
  0xFF, 0xC7, 0xC0, 0x7F, 0xE3, 0xE0, 0x3F, 0xF1, 0xF0, 0x0F, 0xF8, 0xF8, 0x03, 0xFC, 0x7C, 0x01,
  0xFE, 0x3E, 0x00, 0x7F, 0x1F, 0x00, 0x1F, 0x8F, 0x80, 0x0F, 0xC0, 0x1F, 0x07, 0xC0, 0x7C, 0x7C,
  0x01, 0xF7, 0xC0, 0x07, 0xFC, 0x00, 0x1F, 0xC0, 0x00, 0x7C, 0x00, 0x00, 0x00, 0x00, 0x00, 0x00,
  0x3E, 0x3E, 0x01, 0xF3, 0xFC, 0x0F, 0xBF, 0xF0, 0x7F, 0xFF, 0xC3, 0xFF, 0xFE, 0x1F, 0x83, 0xF0,
  0xFC, 0x0F, 0xC7, 0xC0, 0x7E, 0x3E, 0x03, 0xF1, 0xF0, 0x1F, 0x8F, 0x80, 0xFC, 0x7C, 0x07, 0xE3,
  0xE0, 0x3F, 0x1F, 0x01, 0xF8, 0xF8, 0x0F, 0xC7, 0xC0, 0x7E, 0x3E, 0x03, 0xF1, 0xF0, 0x1F, 0x8F,
  0x80, 0xFC, 0x7C, 0x07, 0xE0, 0x3F, 0xFF, 0x0F, 0xFF, 0xC3, 0x00, 0x30, 0xC0, 0x0C, 0x30, 0x03,
  0x0C, 0x00, 0xC3, 0x00, 0x30, 0xC0, 0x0C, 0x30, 0x03, 0x0C, 0x00, 0xC3, 0x00, 0x30, 0xC0, 0x0C,
  0x30, 0x03, 0x0C, 0x00, 0xC3, 0x00, 0x30, 0xC0, 0x0C, 0x30, 0x03, 0x0C, 0x00, 0xC3, 0x00, 0x30,
  0xC0, 0x0C, 0x30, 0x03, 0x0C, 0x00, 0xC3, 0x00, 0x30, 0xC0, 0x0C, 0x30, 0x03, 0x0C, 0x00, 0xC3,
  0x00, 0x30, 0xC0, 0x0C, 0x30, 0x03, 0x0C, 0x00, 0xC3, 0x00, 0x30, 0xC0, 0x0C, 0x30, 0x03, 0x0C,
  0x00, 0xC3, 0x00, 0x30, 0xC0, 0x0C, 0x30, 0x03, 0x0C, 0x00, 0xC3, 0x00, 0x30, 0xC0, 0x0C, 0x30,
  0x03, 0x0C, 0x00, 0xC3, 0xFF, 0xF0, 0xFF, 0xFC, 0x3E, 0x00, 0x3F, 0x1F, 0x80, 0x1F, 0x8F, 0xC0,
  0x0F, 0xC7, 0xF0, 0x07, 0xE3, 0xFC, 0x03, 0xF1, 0xFE, 0x01, 0xF8, 0xFF, 0x80, 0xFC, 0x7F, 0xE0,
  0x7E, 0x3F, 0xF8, 0x3F, 0x1F, 0xFC, 0x1F, 0x8F, 0xBF, 0x0F, 0xC7, 0xCF, 0xC7, 0xE3, 0xE7, 0xE3,
  0xF1, 0xF1, 0xF9, 0xF8, 0xF8, 0x7E, 0xFC, 0x7C, 0x1F, 0x7E, 0x3E, 0x0F, 0xFF, 0x1F, 0x03, 0xFF,
  0x8F, 0x80, 0xFF, 0xC7, 0xC0, 0x7F, 0xE3, 0xE0, 0x1F, 0xF1, 0xF0, 0x07, 0xF8, 0xF8, 0x03, 0xFC,
  0x7C, 0x00, 0xFE, 0x3E, 0x00, 0x3F, 0x1F, 0x00, 0x1F, 0x80, 0x00, 0x07, 0xC0, 0x00, 0x03, 0xE0,
  0x00, 0x03, 0xE0, 0x00, 0x17, 0xF0, 0x00, 0x0F, 0xF8, 0x00, 0x07, 0xF8, 0x00, 0x03, 0xF8, 0x00,
  0x01, 0xE0, 0x00, 0x00, 0x00, 0x00, 0x3E, 0x3E, 0x01, 0xF3, 0xFC, 0x0F, 0xBF, 0xF0, 0x7F, 0xFF,
  0xC3, 0xFF, 0xFE, 0x1F, 0x83, 0xF0, 0xFC, 0x0F, 0xC7, 0xC0, 0x7E, 0x3E, 0x03, 0xF1, 0xF0, 0x1F,
  0x8F, 0x80, 0xFC, 0x7C, 0x07, 0xE3, 0xE0, 0x3F, 0x1F, 0x01, 0xF8, 0xF8, 0x0F, 0xC7, 0xC0, 0x7E,
  0x3E, 0x03, 0xF1, 0xF0, 0x1F, 0x8F, 0x80, 0xFC, 0x7C, 0x07, 0xE0, 0x00, 0x3F, 0x00, 0x01, 0xF8,
  0x00, 0x1F, 0xC0, 0x07, 0xFC, 0x00, 0x3F, 0xE0, 0x01, 0xFE, 0x00, 0x0F, 0xE0, 0x00, 0x00, 0x00,
  0x01, 0xFF, 0xF0, 0x00, 0x3F, 0xFE, 0x00, 0x07, 0xFF, 0xC0, 0x00, 0x00, 0x00, 0x00, 0x00, 0x00,
  0x00, 0x00, 0x00, 0x00, 0x00, 0x03, 0x80, 0x00, 0x07, 0xFF, 0x00, 0x03, 0xFF, 0xF0, 0x00, 0xFF,
  0xFF, 0x80, 0x3F, 0xFF, 0xF8, 0x0F, 0xF8, 0xFF, 0x01, 0xFC, 0x07, 0xF0, 0x7F, 0x00, 0x7F, 0x0F,
  0xC0, 0x07, 0xE1, 0xF8, 0x00, 0xFC, 0x7E, 0x00, 0x0F, 0x8F, 0xC0, 0x01, 0xF9, 0xF8, 0x00, 0x3F,
  0x3F, 0x00, 0x07, 0xE7, 0xE0, 0x00, 0xFC, 0xFC, 0x00, 0x1F, 0x9F, 0x80, 0x03, 0xF1, 0xF0, 0x00,
  0x7C, 0x3F, 0x00, 0x1F, 0x87, 0xE0, 0x03, 0xF0, 0xFE, 0x00, 0xFC, 0x0F, 0xE0, 0x3F, 0x80, 0xFF,
  0xFF, 0xE0, 0x1F, 0xFF, 0xFC, 0x01, 0xFF, 0xFF, 0x00, 0x0F, 0xFF, 0x80, 0x00, 0x7F, 0xC0, 0x00,
  0x00, 0x00, 0x00, 0x00, 0x00, 0x00, 0x00, 0x0F, 0xFF, 0x80, 0x7F, 0xFC, 0x03, 0xFF, 0xE0, 0x00,
  0x00, 0x00, 0x00, 0x00, 0x00, 0x00, 0x00, 0x07, 0xF0, 0x00, 0xFF, 0xE0, 0x0F, 0xFF, 0x80, 0xFF,
  0xFE, 0x0F, 0xF7, 0xF8, 0x7E, 0x0F, 0xC7, 0xE0, 0x3F, 0x3F, 0x01, 0xF9, 0xF0, 0x0F, 0xCF, 0x80,
  0x3E, 0x7C, 0x01, 0xF3, 0xE0, 0x1F, 0x9F, 0x80, 0xFC, 0xFC, 0x07, 0xE7, 0xE0, 0x7E, 0x1F, 0x83,
  0xF0, 0xFF, 0xFF, 0x03, 0xFF, 0xF8, 0x0F, 0xFF, 0x80, 0x1F, 0xF0, 0x00, 0x00, 0x00, 0x00, 0x00,
  0x00, 0x01, 0xE0, 0xF0, 0x00, 0x3E, 0x3E, 0x00, 0x03, 0xFF, 0x80, 0x00, 0x3F, 0xE0, 0x00, 0x03,
  0xF8, 0x00, 0x00, 0x00, 0x00, 0x00, 0x00, 0x00, 0x00, 0x00, 0x70, 0x00, 0x00, 0xFF, 0xE0, 0x00,
  0x7F, 0xFE, 0x00, 0x1F, 0xFF, 0xF0, 0x07, 0xFF, 0xFF, 0x01, 0xFF, 0x1F, 0xE0, 0x3F, 0x80, 0xFE,
  0x0F, 0xE0, 0x0F, 0xE1, 0xF8, 0x00, 0xFC, 0x3F, 0x00, 0x1F, 0x8F, 0xC0, 0x01, 0xF1, 0xF8, 0x00,
  0x3F, 0x3F, 0x00, 0x07, 0xE7, 0xE0, 0x00, 0xFC, 0xFC, 0x00, 0x1F, 0x9F, 0x80, 0x03, 0xF3, 0xF0,
  0x00, 0x7E, 0x3E, 0x00, 0x0F, 0x87, 0xE0, 0x03, 0xF0, 0xFC, 0x00, 0x7E, 0x1F, 0xC0, 0x1F, 0x81,
  0xFC, 0x07, 0xF0, 0x1F, 0xFF, 0xFC, 0x03, 0xFF, 0xFF, 0x80, 0x3F, 0xFF, 0xE0, 0x01, 0xFF, 0xF0,
  0x00, 0x0F, 0xF8, 0x00, 0x00, 0x00, 0x00, 0x00, 0x00, 0x00, 0x00, 0x0F, 0x07, 0x80, 0x7C, 0x7C,
  0x01, 0xFF, 0xC0, 0x07, 0xFC, 0x00, 0x1F, 0xC0, 0x00, 0x00, 0x00, 0x00, 0x00, 0x00, 0x3F, 0x80,
  0x07, 0xFF, 0x00, 0x7F, 0xFC, 0x07, 0xFF, 0xF0, 0x7F, 0xBF, 0xC3, 0xF0, 0x7E, 0x3F, 0x01, 0xF9,
  0xF8, 0x0F, 0xCF, 0x80, 0x7E, 0x7C, 0x01, 0xF3, 0xE0, 0x0F, 0x9F, 0x00, 0xFC, 0xFC, 0x07, 0xE7,
  0xE0, 0x3F, 0x3F, 0x03, 0xF0, 0xFC, 0x1F, 0x87, 0xFF, 0xF8, 0x1F, 0xFF, 0xC0, 0x7F, 0xFC, 0x00,
  0xFF, 0x80, 0x00, 0x00, 0x00, 0x00, 0x00, 0x00, 0x00, 0x1F, 0x3E, 0x00, 0x07, 0xCF, 0x80, 0x00,
  0xF1, 0xE0, 0x00, 0x3C, 0x78, 0x00, 0x0F, 0x1E, 0x00, 0x00, 0x04, 0x00, 0x00, 0x00, 0x00, 0x00,
  0x00, 0x70, 0x00, 0x00, 0xFF, 0xE0, 0x00, 0x7F, 0xFE, 0x00, 0x1F, 0xFF, 0xF0, 0x07, 0xFF, 0xFF,
  0x01, 0xFF, 0x1F, 0xE0, 0x3F, 0x80, 0xFE, 0x0F, 0xE0, 0x0F, 0xE1, 0xF8, 0x00, 0xFC, 0x3F, 0x00,
  0x1F, 0x8F, 0xC0, 0x01, 0xF1, 0xF8, 0x00, 0x3F, 0x3F, 0x00, 0x07, 0xE7, 0xE0, 0x00, 0xFC, 0xFC,
  0x00, 0x1F, 0x9F, 0x80, 0x03, 0xF3, 0xF0, 0x00, 0x7E, 0x3E, 0x00, 0x0F, 0x87, 0xE0, 0x03, 0xF0,
  0xFC, 0x00, 0x7E, 0x1F, 0xC0, 0x1F, 0x81, 0xFC, 0x07, 0xF0, 0x1F, 0xFF, 0xFC, 0x03, 0xFF, 0xFF,
  0x80, 0x3F, 0xFF, 0xE0, 0x01, 0xFF, 0xF0, 0x00, 0x0F, 0xF8, 0x00, 0x00, 0x00, 0x00, 0x00, 0x00,
  0xF9, 0xF0, 0x0F, 0x9F, 0x00, 0x78, 0xF0, 0x07, 0x8F, 0x00, 0x78, 0xF0, 0x00, 0x08, 0x00, 0x00,
  0x00, 0x00, 0x3F, 0x80, 0x07, 0xFF, 0x00, 0x7F, 0xFC, 0x07, 0xFF, 0xF0, 0x7F, 0xBF, 0xC3, 0xF0,
  0x7E, 0x3F, 0x01, 0xF9, 0xF8, 0x0F, 0xCF, 0x80, 0x7E, 0x7C, 0x01, 0xF3, 0xE0, 0x0F, 0x9F, 0x00,
  0xFC, 0xFC, 0x07, 0xE7, 0xE0, 0x3F, 0x3F, 0x03, 0xF0, 0xFC, 0x1F, 0x87, 0xFF, 0xF8, 0x1F, 0xFF,
  0xC0, 0x7F, 0xFC, 0x00, 0xFF, 0x80, 0x00, 0x00, 0x00, 0x00, 0x7F, 0xFF, 0xFF, 0xC0, 0x1F, 0xFF,
  0xFF, 0xFC, 0x03, 0xFF, 0xFF, 0xFF, 0xC0, 0xFF, 0xFF, 0xFF, 0xFC, 0x0F, 0xFF, 0xFC, 0x00, 0x01,
  0xFC, 0x07, 0xC0, 0x00, 0x3F, 0x80, 0x7C, 0x00, 0x03, 0xF0, 0x07, 0xC0, 0x00, 0x3E, 0x00, 0x7C,
  0x00, 0x03, 0xE0, 0x07, 0xC0, 0x00, 0x7E, 0x00, 0x7C, 0x00, 0x07, 0xE0, 0x07, 0xFF, 0xF8, 0x7E,
  0x00, 0x7F, 0xFF, 0x87, 0xE0, 0x07, 0xFF, 0xF8, 0x7E, 0x00, 0x7F, 0xFF, 0x87, 0xE0, 0x07, 0xC0,
  0x00, 0x3E, 0x00, 0x7C, 0x00, 0x03, 0xF0, 0x07, 0xC0, 0x00, 0x3F, 0x00, 0x7C, 0x00, 0x01, 0xF8,
  0x07, 0xC0, 0x00, 0x1F, 0xC0, 0x7C, 0x00, 0x00, 0xFF, 0xFF, 0xFF, 0xFC, 0x07, 0xFF, 0xFF, 0xFF,
  0xC0, 0x3F, 0xFF, 0xFF, 0xFC, 0x01, 0xFF, 0xFF, 0xFF, 0xC0, 0x03, 0xFF, 0xFF, 0xFC, 0x00, 0x00,
  0x00, 0x00, 0x00, 0x01, 0xFC, 0x07, 0xE0, 0x01, 0xFF, 0xC7, 0xFF, 0x00, 0xFF, 0xFB, 0xFF, 0xE0,
  0x7F, 0xFF, 0xFF, 0xFC, 0x3F, 0xDF, 0xFE, 0x3F, 0x0F, 0xC1, 0xFE, 0x03, 0xE7, 0xE0, 0x3F, 0x80,
  0xF9, 0xF8, 0x0F, 0xC0, 0x3E, 0x7C, 0x03, 0xFF, 0xFF, 0xDF, 0x00, 0x7F, 0xFF, 0xF7, 0xC0, 0x1F,
  0xFF, 0xFD, 0xF0, 0x0F, 0xFF, 0xFF, 0x7E, 0x03, 0xF0, 0x00, 0x1F, 0x80, 0xFE, 0x00, 0x07, 0xE0,
  0x7F, 0x80, 0xFC, 0xFC, 0x1F, 0xF0, 0x7E, 0x3F, 0xFF, 0xFF, 0xFF, 0x87, 0xFF, 0xFF, 0xFF, 0xC0,
  0xFF, 0xFB, 0xFF, 0xE0, 0x0F, 0xF8, 0x3F, 0xE0, 0x00, 0x00, 0x00, 0x00, 0x00, 0x00, 0x1F, 0x00,
  0x00, 0x3C, 0x00, 0x00, 0xF0, 0x00, 0x01, 0xE0, 0x00, 0x07, 0x80, 0x00, 0x00, 0x00, 0x00, 0x00,
  0x00, 0x00, 0x00, 0x00, 0x3F, 0xFF, 0x00, 0x7F, 0xFF, 0x80, 0xFF, 0xFF, 0x81, 0xFF, 0xFF, 0x83,
  0xE0, 0xFF, 0x87, 0xC0, 0x3F, 0x0F, 0x80, 0x7E, 0x1F, 0x00, 0x7C, 0x3E, 0x00, 0xF8, 0x7C, 0x01,
  0xF0, 0xF8, 0x07, 0xE1, 0xF0, 0x1F, 0xC3, 0xFF, 0xFF, 0x07, 0xFF, 0xFE, 0x0F, 0xFF, 0xF8, 0x1F,
  0xFF, 0xE0, 0x3F, 0xFF, 0x80, 0x7C, 0x1F, 0x80, 0xF8, 0x3F, 0x01, 0xF0, 0x3F, 0x03, 0xE0, 0x7E,
  0x07, 0xC0, 0x7E, 0x0F, 0x80, 0xFC, 0x1F, 0x00, 0xFC, 0x3E, 0x01, 0xFC, 0x7C, 0x01, 0xF8, 0x00,
  0x00, 0x00, 0x01, 0xF8, 0x07, 0xC0, 0x1E, 0x00, 0xF0, 0x07, 0xC0, 0x00, 0x00, 0x00, 0x0F, 0x8F,
  0x3E, 0xFC, 0xFB, 0xF3, 0xFF, 0xCF, 0xFF, 0x3F, 0x80, 0xFC, 0x03, 0xE0, 0x0F, 0x80, 0x3E, 0x00,
  0xF8, 0x03, 0xE0, 0x0F, 0x80, 0x3E, 0x00, 0xF8, 0x03, 0xE0, 0x0F, 0x80, 0x3E, 0x00, 0xF8, 0x03,
  0xE0, 0x00, 0x00, 0x3F, 0xFF, 0x00, 0x7F, 0xFF, 0x80, 0xFF, 0xFF, 0x81, 0xFF, 0xFF, 0x83, 0xE0,
  0xFF, 0x87, 0xC0, 0x3F, 0x0F, 0x80, 0x7E, 0x1F, 0x00, 0x7C, 0x3E, 0x00, 0xF8, 0x7C, 0x01, 0xF0,
  0xF8, 0x07, 0xE1, 0xF0, 0x1F, 0xC3, 0xFF, 0xFF, 0x07, 0xFF, 0xFE, 0x0F, 0xFF, 0xF8, 0x1F, 0xFF,
  0xE0, 0x3F, 0xFF, 0x80, 0x7C, 0x1F, 0x80, 0xF8, 0x3F, 0x01, 0xF0, 0x3F, 0x03, 0xE0, 0x7E, 0x07,
  0xC0, 0x7E, 0x0F, 0x80, 0xFC, 0x1F, 0x00, 0xFC, 0x3E, 0x01, 0xFC, 0x7C, 0x01, 0xF8, 0x00, 0x00,
  0x00, 0x00, 0x00, 0x00, 0x07, 0xC0, 0x00, 0x0F, 0x00, 0x00, 0x3E, 0x00, 0x00, 0x7C, 0x00, 0x00,
  0xF0, 0x00, 0x03, 0xE0, 0x00, 0x00, 0x00, 0x00, 0x00, 0x00, 0x00, 0x3E, 0x3C, 0xFB, 0xF3, 0xEF,
  0xCF, 0xFF, 0x3F, 0xFC, 0xFE, 0x03, 0xF0, 0x0F, 0x80, 0x3E, 0x00, 0xF8, 0x03, 0xE0, 0x0F, 0x80,
  0x3E, 0x00, 0xF8, 0x03, 0xE0, 0x0F, 0x80, 0x3E, 0x00, 0xF8, 0x03, 0xE0, 0x0F, 0x80, 0x00, 0x00,
  0x00, 0x03, 0xE0, 0x1F, 0x00, 0x7C, 0x01, 0xE0, 0x07, 0x80, 0x3C, 0x00, 0x00, 0x00, 0x0F, 0x87,
  0xC0, 0x0F, 0x8F, 0x00, 0x0F, 0x3C, 0x00, 0x0F, 0xF0, 0x00, 0x0F, 0xE0, 0x00, 0x0F, 0x80, 0x00,
  0x00, 0x00, 0x00, 0x00, 0x00, 0x00, 0x00, 0x00, 0x7F, 0xFE, 0x00, 0xFF, 0xFF, 0x01, 0xFF, 0xFF,
  0x03, 0xFF, 0xFF, 0x07, 0xC1, 0xFF, 0x0F, 0x80, 0x7E, 0x1F, 0x00, 0xFC, 0x3E, 0x00, 0xF8, 0x7C,
  0x01, 0xF0, 0xF8, 0x03, 0xE1, 0xF0, 0x0F, 0xC3, 0xE0, 0x3F, 0x87, 0xFF, 0xFE, 0x0F, 0xFF, 0xFC,
  0x1F, 0xFF, 0xF0, 0x3F, 0xFF, 0xC0, 0x7F, 0xFF, 0x00, 0xF8, 0x3F, 0x01, 0xF0, 0x7E, 0x03, 0xE0,
  0x7E, 0x07, 0xC0, 0xFC, 0x0F, 0x80, 0xFC, 0x1F, 0x01, 0xF8, 0x3E, 0x01, 0xF8, 0x7C, 0x03, 0xF8,
  0xF8, 0x03, 0xF0, 0xF8, 0x3E, 0xF8, 0xF8, 0xFB, 0xE0, 0xFF, 0x80, 0xFE, 0x00, 0xF8, 0x00, 0x00,
  0x00, 0x00, 0x3E, 0x3C, 0x7D, 0xF8, 0xFB, 0xF1, 0xFF, 0xE3, 0xFF, 0xC7, 0xF0, 0x0F, 0xC0, 0x1F,
  0x00, 0x3E, 0x00, 0x7C, 0x00, 0xF8, 0x01, 0xF0, 0x03, 0xE0, 0x07, 0xC0, 0x0F, 0x80, 0x1F, 0x00,
  0x3E, 0x00, 0x7C, 0x00, 0xF8, 0x01, 0xF0, 0x00, 0x00, 0x1F, 0x80, 0x00, 0x78, 0x00, 0x03, 0xE0,
  0x00, 0x0F, 0x00, 0x00, 0x78, 0x00, 0x00, 0x00, 0x00, 0x00, 0x00, 0x00, 0x0C, 0x00, 0x03, 0xFF,
  0x80, 0x1F, 0xFF, 0x01, 0xFF, 0xFE, 0x07, 0xFF, 0xFC, 0x3F, 0x83, 0xF8, 0xFC, 0x07, 0xE3, 0xE0,
  0x0F, 0x8F, 0x80, 0x00, 0x3F, 0x00, 0x00, 0xFE, 0x00, 0x03, 0xFF, 0x00, 0x07, 0xFF, 0xC0, 0x0F,
  0xFF, 0xC0, 0x0F, 0xFF, 0x80, 0x0F, 0xFF, 0x00, 0x03, 0xFE, 0x00, 0x01, 0xF8, 0x00, 0x03, 0xE7,
  0xC0, 0x0F, 0xDF, 0x80, 0x3E, 0x7E, 0x01, 0xF8, 0xFF, 0x1F, 0xE3, 0xFF, 0xFF, 0x07, 0xFF, 0xFC,
  0x0F, 0xFF, 0xE0, 0x0F, 0xFE, 0x00, 0x00, 0x00, 0x00, 0x00, 0x00, 0x00, 0x3E, 0x00, 0x0F, 0x80,
  0x01, 0xE0, 0x00, 0x78, 0x00, 0x0F, 0x00, 0x00, 0x00, 0x00, 0x00, 0x00, 0x1F, 0xC0, 0x0F, 0xFE,
  0x03, 0xFF, 0xE0, 0xFF, 0xFE, 0x3F, 0x87, 0xE7, 0xE0, 0x7C, 0xFC, 0x00, 0x1F, 0xC0, 0x01, 0xFF,
  0x80, 0x3F, 0xFF, 0x03, 0xFF, 0xF0, 0x0F, 0xFF, 0x00, 0x1F, 0xE0, 0x00, 0xFC, 0xF8, 0x0F, 0x9F,
  0x83, 0xF3, 0xFF, 0xFE, 0x3F, 0xFF, 0x83, 0xFF, 0xE0, 0x1F, 0xF0, 0x00, 0x00, 0x00, 0x00, 0x00,
  0x00, 0xFC, 0x00, 0x07, 0xF8, 0x00, 0x1F, 0xF0, 0x00, 0xF3, 0xE0, 0x07, 0x87, 0xC0, 0x20, 0x00,
  0x00, 0x00, 0x00, 0x00, 0x0C, 0x00, 0x03, 0xFF, 0x80, 0x1F, 0xFF, 0x01, 0xFF, 0xFE, 0x07, 0xFF,
  0xFC, 0x3F, 0x83, 0xF8, 0xFC, 0x07, 0xE3, 0xE0, 0x0F, 0x8F, 0x80, 0x00, 0x3F, 0x00, 0x00, 0xFE,
  0x00, 0x03, 0xFF, 0x00, 0x07, 0xFF, 0xC0, 0x0F, 0xFF, 0xC0, 0x0F, 0xFF, 0x80, 0x0F, 0xFF, 0x00,
  0x03, 0xFE, 0x00, 0x01, 0xF8, 0x00, 0x03, 0xE7, 0xC0, 0x0F, 0xDF, 0x80, 0x3E, 0x7E, 0x01, 0xF8,
  0xFF, 0x1F, 0xE3, 0xFF, 0xFF, 0x07, 0xFF, 0xFC, 0x0F, 0xFF, 0xE0, 0x0F, 0xFE, 0x00, 0x00, 0x00,
  0x00, 0x00, 0x00, 0x01, 0xF0, 0x00, 0x7F, 0x00, 0x1F, 0xF0, 0x03, 0xDF, 0x00, 0xF1, 0xF0, 0x7E,
  0x1F, 0x00, 0x00, 0x00, 0x00, 0x00, 0x03, 0xF8, 0x01, 0xFF, 0xC0, 0x7F, 0xFC, 0x1F, 0xFF, 0xC7,
  0xF0, 0xFC, 0xFC, 0x0F, 0x9F, 0x80, 0x03, 0xF8, 0x00, 0x3F, 0xF0, 0x07, 0xFF, 0xE0, 0x7F, 0xFE,
  0x01, 0xFF, 0xE0, 0x03, 0xFC, 0x00, 0x1F, 0x9F, 0x01, 0xF3, 0xF0, 0x7E, 0x7F, 0xFF, 0xC7, 0xFF,
  0xF0, 0x7F, 0xFC, 0x03, 0xFE, 0x00, 0x00, 0x00, 0x00, 0x30, 0x00, 0x0F, 0xFE, 0x00, 0x7F, 0xFC,
  0x07, 0xFF, 0xF8, 0x1F, 0xFF, 0xF0, 0xFE, 0x0F, 0xE3, 0xF0, 0x1F, 0x8F, 0x80, 0x3E, 0x3E, 0x00,
  0x00, 0xFC, 0x00, 0x03, 0xF8, 0x00, 0x0F, 0xFC, 0x00, 0x1F, 0xFF, 0x00, 0x3F, 0xFF, 0x00, 0x3F,
  0xFE, 0x00, 0x3F, 0xFC, 0x00, 0x0F, 0xF8, 0x00, 0x07, 0xE0, 0x00, 0x0F, 0x9F, 0x00, 0x3F, 0x7E,
  0x00, 0xF9, 0xF8, 0x07, 0xE3, 0xFC, 0x7F, 0x8F, 0xFF, 0xFC, 0x1F, 0xFF, 0xF0, 0x3F, 0xFF, 0x80,
  0x3F, 0xF8, 0x00, 0x0C, 0x00, 0x00, 0x3C, 0x00, 0x01, 0xF8, 0x00, 0x00, 0xE0, 0x00, 0x03, 0x80,
  0x00, 0x1E, 0x00, 0x03, 0xF0, 0x00, 0x07, 0x80, 0x00, 0x00, 0x00, 0x03, 0xF8, 0x01, 0xFF, 0xC0,
  0x7F, 0xFC, 0x1F, 0xFF, 0xC7, 0xF0, 0xFC, 0xFC, 0x0F, 0x9F, 0x80, 0x03, 0xF8, 0x00, 0x3F, 0xF0,
  0x07, 0xFF, 0xE0, 0x7F, 0xFE, 0x01, 0xFF, 0xE0, 0x03, 0xFC, 0x00, 0x1F, 0x9F, 0x01, 0xF3, 0xF0,
  0x7E, 0x7F, 0xFF, 0xC7, 0xFF, 0xF0, 0x7F, 0xFC, 0x03, 0xFE, 0x00, 0x0E, 0x00, 0x01, 0xE0, 0x00,
  0x3E, 0x00, 0x01, 0xE0, 0x00, 0x3C, 0x00, 0x0F, 0x00, 0x07, 0xE0, 0x00, 0xF0, 0x00, 0x00, 0x00,
  0x0F, 0x87, 0xC0, 0x1F, 0x1E, 0x00, 0x3E, 0xF0, 0x00, 0x7F, 0xC0, 0x00, 0xFE, 0x00, 0x01, 0xF0,
  0x00, 0x00, 0x00, 0x00, 0x00, 0x00, 0x00, 0x30, 0x00, 0x0F, 0xFE, 0x00, 0x7F, 0xFC, 0x07, 0xFF,
  0xF8, 0x1F, 0xFF, 0xF0, 0xFE, 0x0F, 0xE3, 0xF0, 0x1F, 0x8F, 0x80, 0x3E, 0x3E, 0x00, 0x00, 0xFC,
  0x00, 0x03, 0xF8, 0x00, 0x0F, 0xFC, 0x00, 0x1F, 0xFF, 0x00, 0x3F, 0xFF, 0x00, 0x3F, 0xFE, 0x00,
  0x3F, 0xFC, 0x00, 0x0F, 0xF8, 0x00, 0x07, 0xE0, 0x00, 0x0F, 0x9F, 0x00, 0x3F, 0x7E, 0x00, 0xF9,
  0xF8, 0x07, 0xE3, 0xFC, 0x7F, 0x8F, 0xFF, 0xFC, 0x1F, 0xFF, 0xF0, 0x3F, 0xFF, 0x80, 0x3F, 0xF8,
  0x00, 0x00, 0x00, 0x3E, 0x0F, 0x83, 0xE3, 0xE0, 0x3E, 0xF8, 0x03, 0xFE, 0x00, 0x3F, 0x80, 0x03,
  0xE0, 0x00, 0x00, 0x00, 0x00, 0x00, 0x03, 0xF8, 0x01, 0xFF, 0xC0, 0x7F, 0xFC, 0x1F, 0xFF, 0xC7,
  0xF0, 0xFC, 0xFC, 0x0F, 0x9F, 0x80, 0x03, 0xF8, 0x00, 0x3F, 0xF0, 0x07, 0xFF, 0xE0, 0x7F, 0xFE,
  0x01, 0xFF, 0xE0, 0x03, 0xFC, 0x00, 0x1F, 0x9F, 0x01, 0xF3, 0xF0, 0x7E, 0x7F, 0xFF, 0xC7, 0xFF,
  0xF0, 0x7F, 0xFC, 0x03, 0xFE, 0x00, 0x00, 0x00, 0x7F, 0xFF, 0xFC, 0xFF, 0xFF, 0xF9, 0xFF, 0xFF,
  0xF3, 0xFF, 0xFF, 0xE0, 0x07, 0xC0, 0x00, 0x0F, 0x80, 0x00, 0x1F, 0x00, 0x00, 0x3E, 0x00, 0x00,
  0x7C, 0x00, 0x00, 0xF8, 0x00, 0x01, 0xF0, 0x00, 0x03, 0xE0, 0x00, 0x07, 0xC0, 0x00, 0x0F, 0x80,
  0x00, 0x1F, 0x00, 0x00, 0x3E, 0x00, 0x00, 0x7C, 0x00, 0x00, 0xF8, 0x00, 0x01, 0xF0, 0x00, 0x03,
  0xE0, 0x00, 0x07, 0xC0, 0x00, 0x0F, 0x80, 0x00, 0x1F, 0x00, 0x00, 0x3E, 0x00, 0x00, 0x7C, 0x00,
  0x00, 0xF8, 0x00, 0x00, 0xE0, 0x00, 0x01, 0xE0, 0x00, 0x03, 0xE0, 0x00, 0x01, 0xE0, 0x00, 0x03,
  0xC0, 0x00, 0x0F, 0x00, 0x00, 0x7E, 0x00, 0x00, 0xF0, 0x00, 0x00, 0x00, 0x00, 0x00, 0x00, 0x00,
  0x1F, 0x00, 0xF8, 0x07, 0xC0, 0x3E, 0x0F, 0xFF, 0x7F, 0xFB, 0xFF, 0xDF, 0xFE, 0x1F, 0x00, 0xF8,
  0x07, 0xC0, 0x3E, 0x01, 0xF0, 0x0F, 0x80, 0x7C, 0x03, 0xE0, 0x1F, 0x00, 0xF8, 0x07, 0xC0, 0x3F,
  0x01, 0xFF, 0x0F, 0xF8, 0x3F, 0xC0, 0xFE, 0x00, 0xC0, 0x0F, 0x00, 0x7E, 0x00, 0xF0, 0x03, 0x80,
  0x7C, 0x0F, 0xC0, 0x7C, 0x00, 0x00, 0x00, 0x00, 0x0F, 0x83, 0xE0, 0x0F, 0x8F, 0x80, 0x0F, 0xBE,
  0x00, 0x0F, 0xF8, 0x00, 0x0F, 0xE0, 0x00, 0x0F, 0x80, 0x00, 0x00, 0x00, 0x00, 0x00, 0x00, 0x00,
  0x00, 0x00, 0xFF, 0xFF, 0xF9, 0xFF, 0xFF, 0xF3, 0xFF, 0xFF, 0xE7, 0xFF, 0xFF, 0xC0, 0x0F, 0x80,
  0x00, 0x1F, 0x00, 0x00, 0x3E, 0x00, 0x00, 0x7C, 0x00, 0x00, 0xF8, 0x00, 0x01, 0xF0, 0x00, 0x03,
  0xE0, 0x00, 0x07, 0xC0, 0x00, 0x0F, 0x80, 0x00, 0x1F, 0x00, 0x00, 0x3E, 0x00, 0x00, 0x7C, 0x00,
  0x00, 0xF8, 0x00, 0x01, 0xF0, 0x00, 0x03, 0xE0, 0x00, 0x07, 0xC0, 0x00, 0x0F, 0x80, 0x00, 0x1F,
  0x00, 0x00, 0x3E, 0x00, 0x00, 0x7C, 0x00, 0x00, 0xF8, 0x00, 0x01, 0xF0, 0x00, 0x00, 0x1E, 0x00,
  0x3C, 0x00, 0x70, 0x00, 0xE0, 0x01, 0xC3, 0xE3, 0x87, 0xC7, 0x0F, 0x80, 0x1F, 0x01, 0xFF, 0xE3,
  0xFF, 0xC7, 0xFF, 0x8F, 0xFF, 0x03, 0xE0, 0x07, 0xC0, 0x0F, 0x80, 0x1F, 0x00, 0x3E, 0x00, 0x7C,
  0x00, 0xF8, 0x01, 0xF0, 0x03, 0xE0, 0x07, 0xC0, 0x0F, 0x80, 0x1F, 0x80, 0x3F, 0xE0, 0x7F, 0xC0,
  0x7F, 0x80, 0x7F, 0x00, 0x00, 0x00, 0x7F, 0xFF, 0xFC, 0xFF, 0xFF, 0xF9, 0xFF, 0xFF, 0xF3, 0xFF,
  0xFF, 0xE0, 0x07, 0xC0, 0x00, 0x0F, 0x80, 0x00, 0x1F, 0x00, 0x00, 0x3E, 0x00, 0x00, 0x7C, 0x00,
  0x00, 0xF8, 0x00, 0x01, 0xF0, 0x00, 0x03, 0xE0, 0x00, 0x7F, 0xFC, 0x00, 0xFF, 0xF8, 0x01, 0xFF,
  0xF0, 0x00, 0x3E, 0x00, 0x00, 0x7C, 0x00, 0x00, 0xF8, 0x00, 0x01, 0xF0, 0x00, 0x03, 0xE0, 0x00,
  0x07, 0xC0, 0x00, 0x0F, 0x80, 0x00, 0x1F, 0x00, 0x00, 0x3E, 0x00, 0x00, 0x7C, 0x00, 0x00, 0xF8,
  0x00, 0x00, 0x00, 0x00, 0x1F, 0x00, 0xF8, 0x07, 0xC0, 0x3E, 0x0F, 0xFF, 0x7F, 0xFB, 0xFF, 0xDF,
  0xFE, 0x1F, 0x00, 0xF8, 0x07, 0xC0, 0x3E, 0x0F, 0xFF, 0x7F, 0xF8, 0x7C, 0x03, 0xE0, 0x1F, 0x00,
  0xF8, 0x07, 0xC0, 0x3F, 0x01, 0xFF, 0x0F, 0xF8, 0x3F, 0xC0, 0xFE, 0x00, 0x00, 0x00, 0x00, 0x00,
  0xF0, 0xE0, 0x00, 0xFE, 0xF0, 0x00, 0x7F, 0xF0, 0x00, 0x79, 0xF8, 0x00, 0x38, 0x78, 0x00, 0x00,
  0x00, 0x00, 0x00, 0x00, 0x00, 0x00, 0x00, 0x00, 0x3E, 0x00, 0x3E, 0x1F, 0x00, 0x1F, 0x0F, 0x80,
  0x0F, 0x87, 0xC0, 0x07, 0xC3, 0xE0, 0x03, 0xE1, 0xF0, 0x01, 0xF0, 0xF8, 0x00, 0xF8, 0x7C, 0x00,
  0x7C, 0x3E, 0x00, 0x3E, 0x1F, 0x00, 0x1F, 0x0F, 0x80, 0x0F, 0x87, 0xC0, 0x07, 0xC3, 0xE0, 0x03,
  0xE1, 0xF0, 0x01, 0xF0, 0xF8, 0x00, 0xF8, 0x7C, 0x00, 0x7C, 0x3E, 0x00, 0x3E, 0x1F, 0x00, 0x1F,
  0x0F, 0xC0, 0x1F, 0x87, 0xE0, 0x0F, 0xC3, 0xF8, 0x0F, 0xE0, 0xFF, 0xFF, 0xE0, 0x7F, 0xFF, 0xF0,
  0x1F, 0xFF, 0xF0, 0x03, 0xFF, 0xE0, 0x00, 0x7F, 0xC0, 0x00, 0x00, 0x00, 0x00, 0x03, 0xC3, 0x80,
  0x3F, 0xBC, 0x01, 0xFF, 0xC0, 0x0E, 0x7E, 0x00, 0xE1, 0xE0, 0x00, 0x00, 0x00, 0x00, 0x00, 0x07,
  0xC0, 0x7E, 0x3E, 0x03, 0xF1, 0xF0, 0x1F, 0x8F, 0x80, 0xFC, 0x7C, 0x07, 0xE3, 0xE0, 0x3F, 0x1F,
  0x01, 0xF8, 0xF8, 0x0F, 0xC7, 0xC0, 0x7E, 0x3E, 0x03, 0xF1, 0xF0, 0x1F, 0x8F, 0x80, 0xFC, 0x7C,
  0x07, 0xE3, 0xE0, 0x3F, 0x1F, 0x83, 0xF8, 0xFE, 0x7F, 0xC7, 0xFF, 0xFE, 0x1F, 0xFF, 0xF0, 0x7F,
  0xDF, 0x81, 0xFC, 0xFC, 0x00, 0x00, 0x00, 0x03, 0xFF, 0xE0, 0x01, 0xFF, 0xF0, 0x00, 0xFF, 0xF8,
  0x00, 0x00, 0x00, 0x00, 0x00, 0x00, 0x00, 0x00, 0x00, 0x00, 0x00, 0x00, 0x00, 0x7C, 0x00, 0x7C,
  0x3E, 0x00, 0x3E, 0x1F, 0x00, 0x1F, 0x0F, 0x80, 0x0F, 0x87, 0xC0, 0x07, 0xC3, 0xE0, 0x03, 0xE1,
  0xF0, 0x01, 0xF0, 0xF8, 0x00, 0xF8, 0x7C, 0x00, 0x7C, 0x3E, 0x00, 0x3E, 0x1F, 0x00, 0x1F, 0x0F,
  0x80, 0x0F, 0x87, 0xC0, 0x07, 0xC3, 0xE0, 0x03, 0xE1, 0xF0, 0x01, 0xF0, 0xF8, 0x00, 0xF8, 0x7C,
  0x00, 0x7C, 0x3E, 0x00, 0x3E, 0x1F, 0x80, 0x3F, 0x0F, 0xC0, 0x1F, 0x87, 0xF0, 0x1F, 0xC1, 0xFF,
  0xFF, 0xC0, 0xFF, 0xFF, 0xE0, 0x3F, 0xFF, 0xE0, 0x07, 0xFF, 0xC0, 0x00, 0xFF, 0x80, 0x00, 0x00,
  0x00, 0x00, 0x00, 0x00, 0x00, 0x0F, 0xFF, 0x80, 0x7F, 0xFC, 0x03, 0xFF, 0xE0, 0x00, 0x00, 0x00,
  0x00, 0x00, 0x00, 0x00, 0x00, 0xF8, 0x0F, 0xC7, 0xC0, 0x7E, 0x3E, 0x03, 0xF1, 0xF0, 0x1F, 0x8F,
  0x80, 0xFC, 0x7C, 0x07, 0xE3, 0xE0, 0x3F, 0x1F, 0x01, 0xF8, 0xF8, 0x0F, 0xC7, 0xC0, 0x7E, 0x3E,
  0x03, 0xF1, 0xF0, 0x1F, 0x8F, 0x80, 0xFC, 0x7C, 0x07, 0xE3, 0xF0, 0x7F, 0x1F, 0xCF, 0xF8, 0xFF,
  0xFF, 0xC3, 0xFF, 0xFE, 0x0F, 0xFB, 0xF0, 0x3F, 0x9F, 0x80, 0x00, 0x00, 0x00, 0x00, 0x00, 0x03,
  0xC1, 0xE0, 0x01, 0xF1, 0xF0, 0x00, 0x7F, 0xF0, 0x00, 0x1F, 0xF0, 0x00, 0x07, 0xF0, 0x00, 0x00,
  0x00, 0x00, 0x00, 0x00, 0x00, 0x00, 0x00, 0x00, 0x3E, 0x00, 0x3E, 0x1F, 0x00, 0x1F, 0x0F, 0x80,
  0x0F, 0x87, 0xC0, 0x07, 0xC3, 0xE0, 0x03, 0xE1, 0xF0, 0x01, 0xF0, 0xF8, 0x00, 0xF8, 0x7C, 0x00,
  0x7C, 0x3E, 0x00, 0x3E, 0x1F, 0x00, 0x1F, 0x0F, 0x80, 0x0F, 0x87, 0xC0, 0x07, 0xC3, 0xE0, 0x03,
  0xE1, 0xF0, 0x01, 0xF0, 0xF8, 0x00, 0xF8, 0x7C, 0x00, 0x7C, 0x3E, 0x00, 0x3E, 0x1F, 0x00, 0x1F,
  0x0F, 0xC0, 0x1F, 0x87, 0xE0, 0x0F, 0xC3, 0xF8, 0x0F, 0xE0, 0xFF, 0xFF, 0xE0, 0x7F, 0xFF, 0xF0,
  0x1F, 0xFF, 0xF0, 0x03, 0xFF, 0xE0, 0x00, 0x7F, 0xC0, 0x00, 0x00, 0x00, 0x00, 0x00, 0x00, 0x00,
  0x0F, 0x07, 0x80, 0x3C, 0x3C, 0x01, 0xFF, 0xC0, 0x07, 0xFC, 0x00, 0x1F, 0xC0, 0x00, 0x00, 0x00,
  0x00, 0x00, 0x07, 0xC0, 0x7E, 0x3E, 0x03, 0xF1, 0xF0, 0x1F, 0x8F, 0x80, 0xFC, 0x7C, 0x07, 0xE3,
  0xE0, 0x3F, 0x1F, 0x01, 0xF8, 0xF8, 0x0F, 0xC7, 0xC0, 0x7E, 0x3E, 0x03, 0xF1, 0xF0, 0x1F, 0x8F,
  0x80, 0xFC, 0x7C, 0x07, 0xE3, 0xE0, 0x3F, 0x1F, 0x83, 0xF8, 0xFE, 0x7F, 0xC7, 0xFF, 0xFE, 0x1F,
  0xFF, 0xF0, 0x7F, 0xDF, 0x81, 0xFC, 0xFC, 0x00, 0x00, 0x00, 0x00, 0x00, 0x00, 0x00, 0x3E, 0x00,
  0x00, 0x3F, 0x80, 0x00, 0x18, 0xC0, 0x00, 0x0C, 0x60, 0x00, 0x06, 0x30, 0x00, 0x03, 0xF8, 0x00,
  0x00, 0xF8, 0x00, 0x00, 0x00, 0x00, 0x00, 0x00, 0x00, 0x1F, 0x00, 0x1F, 0x0F, 0x80, 0x0F, 0x87,
  0xC0, 0x07, 0xC3, 0xE0, 0x03, 0xE1, 0xF0, 0x01, 0xF0, 0xF8, 0x00, 0xF8, 0x7C, 0x00, 0x7C, 0x3E,
  0x00, 0x3E, 0x1F, 0x00, 0x1F, 0x0F, 0x80, 0x0F, 0x87, 0xC0, 0x07, 0xC3, 0xE0, 0x03, 0xE1, 0xF0,
  0x01, 0xF0, 0xF8, 0x00, 0xF8, 0x7C, 0x00, 0x7C, 0x3E, 0x00, 0x3E, 0x1F, 0x00, 0x1F, 0x0F, 0x80,
  0x0F, 0x87, 0xE0, 0x0F, 0xC3, 0xF0, 0x07, 0xE1, 0xFC, 0x07, 0xF0, 0x7F, 0xFF, 0xF0, 0x3F, 0xFF,
  0xF8, 0x0F, 0xFF, 0xF8, 0x01, 0xFF, 0xF0, 0x00, 0x3F, 0xE0, 0x00, 0x00, 0x00, 0x00, 0x00, 0x00,
  0x00, 0x00, 0xF8, 0x00, 0x0F, 0xE0, 0x00, 0x73, 0x80, 0x07, 0x0C, 0x00, 0x38, 0x60, 0x01, 0xC7,
  0x00, 0x07, 0xF0, 0x00, 0x1F, 0x00, 0x00, 0x00, 0x00, 0x00, 0x00, 0x0F, 0x80, 0xFC, 0x7C, 0x07,
  0xE3, 0xE0, 0x3F, 0x1F, 0x01, 0xF8, 0xF8, 0x0F, 0xC7, 0xC0, 0x7E, 0x3E, 0x03, 0xF1, 0xF0, 0x1F,
  0x8F, 0x80, 0xFC, 0x7C, 0x07, 0xE3, 0xE0, 0x3F, 0x1F, 0x01, 0xF8, 0xF8, 0x0F, 0xC7, 0xC0, 0x7E,
  0x3F, 0x07, 0xF1, 0xFC, 0xFF, 0x8F, 0xFF, 0xFC, 0x3F, 0xFF, 0xE0, 0xFF, 0xBF, 0x03, 0xF9, 0xF8,
  0x00, 0x00, 0x00, 0x00, 0x00, 0x00, 0x3E, 0x7C, 0x00, 0x3E, 0x7C, 0x00, 0x1E, 0x3C, 0x00, 0x1E,
  0x3C, 0x00, 0x1E, 0x3C, 0x00, 0x00, 0x20, 0x00, 0x00, 0x00, 0x00, 0x00, 0x00, 0x00, 0x3E, 0x00,
  0x3E, 0x1F, 0x00, 0x1F, 0x0F, 0x80, 0x0F, 0x87, 0xC0, 0x07, 0xC3, 0xE0, 0x03, 0xE1, 0xF0, 0x01,
  0xF0, 0xF8, 0x00, 0xF8, 0x7C, 0x00, 0x7C, 0x3E, 0x00, 0x3E, 0x1F, 0x00, 0x1F, 0x0F, 0x80, 0x0F,
  0x87, 0xC0, 0x07, 0xC3, 0xE0, 0x03, 0xE1, 0xF0, 0x01, 0xF0, 0xF8, 0x00, 0xF8, 0x7C, 0x00, 0x7C,
  0x3E, 0x00, 0x3E, 0x1F, 0x00, 0x1F, 0x0F, 0xC0, 0x1F, 0x87, 0xE0, 0x0F, 0xC3, 0xF8, 0x0F, 0xE0,
  0xFF, 0xFF, 0xE0, 0x7F, 0xFF, 0xF0, 0x1F, 0xFF, 0xF0, 0x03, 0xFF, 0xE0, 0x00, 0x7F, 0xC0, 0x00,
  0x00, 0x00, 0x00, 0x00, 0xF9, 0xF0, 0x0F, 0x9F, 0x00, 0x78, 0xF0, 0x07, 0x8F, 0x00, 0x78, 0xF0,
  0x00, 0x00, 0x00, 0x00, 0x00, 0x07, 0xC0, 0x7E, 0x3E, 0x03, 0xF1, 0xF0, 0x1F, 0x8F, 0x80, 0xFC,
  0x7C, 0x07, 0xE3, 0xE0, 0x3F, 0x1F, 0x01, 0xF8, 0xF8, 0x0F, 0xC7, 0xC0, 0x7E, 0x3E, 0x03, 0xF1,
  0xF0, 0x1F, 0x8F, 0x80, 0xFC, 0x7C, 0x07, 0xE3, 0xE0, 0x3F, 0x1F, 0x83, 0xF8, 0xFE, 0x7F, 0xC7,
  0xFF, 0xFE, 0x1F, 0xFF, 0xF0, 0x7F, 0xDF, 0x81, 0xFC, 0xFC, 0x00, 0x00, 0x00, 0x3E, 0x00, 0x3E,
  0x1F, 0x00, 0x1F, 0x0F, 0x80, 0x0F, 0x87, 0xC0, 0x07, 0xC3, 0xE0, 0x03, 0xE1, 0xF0, 0x01, 0xF0,
  0xF8, 0x00, 0xF8, 0x7C, 0x00, 0x7C, 0x3E, 0x00, 0x3E, 0x1F, 0x00, 0x1F, 0x0F, 0x80, 0x0F, 0x87,
  0xC0, 0x07, 0xC3, 0xE0, 0x03, 0xE1, 0xF0, 0x01, 0xF0, 0xF8, 0x00, 0xF8, 0x7C, 0x00, 0x7C, 0x3E,
  0x00, 0x3E, 0x1F, 0x00, 0x1F, 0x0F, 0xC0, 0x1F, 0x87, 0xE0, 0x0F, 0xC3, 0xF8, 0x0F, 0xE0, 0xFF,
  0xFF, 0xE0, 0x7F, 0xFF, 0xF0, 0x1F, 0xFF, 0xF0, 0x03, 0xFF, 0xE0, 0x00, 0x7F, 0xC0, 0x00, 0x0F,
  0x80, 0x00, 0x0F, 0x80, 0x00, 0x07, 0x80, 0x00, 0x03, 0xC0, 0x00, 0x01, 0xFC, 0x00, 0x00, 0x7E,
  0x00, 0x00, 0x1F, 0x00, 0x00, 0x00, 0x00, 0x00, 0x00, 0x00, 0x00, 0x3E, 0x03, 0xF1, 0xF0, 0x1F,
  0x8F, 0x80, 0xFC, 0x7C, 0x07, 0xE3, 0xE0, 0x3F, 0x1F, 0x01, 0xF8, 0xF8, 0x0F, 0xC7, 0xC0, 0x7E,
  0x3E, 0x03, 0xF1, 0xF0, 0x1F, 0x8F, 0x80, 0xFC, 0x7C, 0x07, 0xE3, 0xE0, 0x3F, 0x1F, 0x01, 0xF8,
  0xFC, 0x1F, 0xC7, 0xF3, 0xFE, 0x3F, 0xFF, 0xF0, 0xFF, 0xFF, 0x83, 0xFE, 0xFC, 0x0F, 0xE7, 0xE0,
  0x00, 0x7E, 0x00, 0x03, 0xC0, 0x00, 0x1E, 0x00, 0x00, 0xF0, 0x00, 0x07, 0xF0, 0x00, 0x3F, 0x80,
  0x00, 0xFC, 0x00, 0x00, 0x00, 0x00, 0x01, 0xF8, 0x00, 0x00, 0x00, 0x1F, 0xE0, 0x00, 0x00, 0x01,
  0xFF, 0x80, 0x00, 0x00, 0x1F, 0x3E, 0x00, 0x00, 0x00, 0xF0, 0xF8, 0x00, 0x00, 0x08, 0x00, 0x00,
  0x00, 0x00, 0x00, 0x00, 0x00, 0x00, 0x00, 0x00, 0x00, 0x00, 0xFC, 0x01, 0xF8, 0x03, 0xF3, 0xF0,
  0x0F, 0xC0, 0x1F, 0x9F, 0x80, 0x7E, 0x01, 0xF8, 0xFC, 0x07, 0xF8, 0x0F, 0xC7, 0xE0, 0x3F, 0xC0,
  0x7E, 0x1F, 0x81, 0xFE, 0x03, 0xE0, 0xFC, 0x0F, 0xF0, 0x3F, 0x07, 0xE0, 0xFF, 0xC1, 0xF8, 0x1F,
  0x07, 0xFE, 0x0F, 0xC0, 0xF8, 0x3F, 0xF0, 0x7C, 0x07, 0xE1, 0xF7, 0x87, 0xE0, 0x3F, 0x1F, 0x3E,
  0x3F, 0x00, 0xF8, 0xF9, 0xF1, 0xF0, 0x07, 0xC7, 0xC7, 0x8F, 0x80, 0x3F, 0x3C, 0x3C, 0xFC, 0x00,
  0xFB, 0xE1, 0xF7, 0xE0, 0x07, 0xDF, 0x0F, 0xBE, 0x00, 0x3E, 0xF0, 0x3D, 0xF0, 0x01, 0xFF, 0x81,
  0xFF, 0x80, 0x07, 0xFC, 0x0F, 0xF8, 0x00, 0x3F, 0xE0, 0x3F, 0xC0, 0x01, 0xFE, 0x01, 0xFE, 0x00,
  0x07, 0xF0, 0x0F, 0xF0, 0x00, 0x3F, 0x80, 0x7F, 0x00, 0x01, 0xF8, 0x01, 0xF8, 0x00, 0x0F, 0xC0,
  0x0F, 0xC0, 0x00, 0x00, 0x00, 0x00, 0x00, 0x00, 0x0F, 0x80, 0x00, 0x00, 0x7F, 0x00, 0x00, 0x01,
  0xFE, 0x00, 0x00, 0x0F, 0x7C, 0x00, 0x00, 0x78, 0xF8, 0x00, 0x07, 0xE1, 0xF0, 0x00, 0x00, 0x00,
  0x00, 0x00, 0x00, 0x00, 0x00, 0xFC, 0x0F, 0x80, 0xFB, 0xF0, 0x3F, 0x03, 0xE7, 0xC1, 0xFC, 0x1F,
  0x9F, 0x07, 0xF0, 0x7C, 0x7E, 0x1F, 0xC1, 0xF0, 0xF8, 0x7F, 0x87, 0xC3, 0xE1, 0xFE, 0x3F, 0x0F,
  0x8F, 0xF8, 0xF8, 0x3F, 0x3D, 0xE3, 0xE0, 0x7C, 0xF7, 0xCF, 0x81, 0xF3, 0xCF, 0x7E, 0x07, 0xDF,
  0x3D, 0xF0, 0x1F, 0x78, 0xF7, 0xC0, 0x3F, 0xE3, 0xFF, 0x00, 0xFF, 0x87, 0xF8, 0x03, 0xFC, 0x1F,
  0xE0, 0x0F, 0xF0, 0x7F, 0x80, 0x1F, 0xC0, 0xFE, 0x00, 0x7F, 0x03, 0xF0, 0x01, 0xF8, 0x0F, 0xC0,
  0x00, 0x3E, 0x00, 0x00, 0x3F, 0x80, 0x00, 0x3D, 0xE0, 0x00, 0x3E, 0xF8, 0x00, 0x3E, 0x3E, 0x00,
  0x20, 0x00, 0x80, 0x00, 0x00, 0x00, 0x00, 0x00, 0x00, 0xFE, 0x00, 0x3F, 0xBF, 0x00, 0x1F, 0x8F,
  0xC0, 0x1F, 0x87, 0xE0, 0x0F, 0xC1, 0xF8, 0x0F, 0xC0, 0xFC, 0x07, 0xE0, 0x3F, 0x07, 0xE0, 0x1F,
  0x87, 0xE0, 0x07, 0xE3, 0xF0, 0x01, 0xF3, 0xF0, 0x00, 0xFD, 0xF8, 0x00, 0x3F, 0xF8, 0x00, 0x1F,
  0xFC, 0x00, 0x07, 0xFC, 0x00, 0x03, 0xFC, 0x00, 0x00, 0xFE, 0x00, 0x00, 0x3E, 0x00, 0x00, 0x1F,
  0x00, 0x00, 0x0F, 0x80, 0x00, 0x07, 0xC0, 0x00, 0x03, 0xE0, 0x00, 0x01, 0xF0, 0x00, 0x00, 0xF8,
  0x00, 0x00, 0x7C, 0x00, 0x00, 0x3E, 0x00, 0x00, 0x1F, 0x00, 0x00, 0x00, 0x00, 0x00, 0x00, 0xF0,
  0x00, 0x1F, 0x80, 0x03, 0xFC, 0x00, 0x7B, 0xE0, 0x0F, 0x9F, 0x01, 0xF0, 0xF8, 0x00, 0x00, 0x00,
  0x00, 0x00, 0xFC, 0x03, 0xFF, 0xC0, 0x3E, 0x7C, 0x03, 0xE7, 0xE0, 0x7E, 0x7E, 0x07, 0xC3, 0xE0,
  0x7C, 0x3E, 0x0F, 0xC1, 0xF0, 0xF8, 0x1F, 0x0F, 0x81, 0xF0, 0xF8, 0x0F, 0x9F, 0x00, 0xF9, 0xF0,
  0x0F, 0x9F, 0x00, 0x7B, 0xE0, 0x07, 0xFE, 0x00, 0x7F, 0xE0, 0x03, 0xFC, 0x00, 0x3F, 0xC0, 0x03,
  0xFC, 0x00, 0x1F, 0x80, 0x01, 0xF8, 0x00, 0x1F, 0x00, 0x03, 0xF0, 0x01, 0xFF, 0x00, 0x3F, 0xE0,
  0x03, 0xFC, 0x00, 0x3F, 0x80, 0x00, 0x00, 0x00, 0x00, 0x80, 0x80, 0x01, 0xF1, 0xE0, 0x00, 0xF8,
  0xF8, 0x00, 0x7C, 0x7C, 0x00, 0x3E, 0x3E, 0x00, 0x06, 0x0C, 0x00, 0x00, 0x00, 0x00, 0x00, 0x00,
  0x00, 0x00, 0x00, 0x00, 0x7F, 0x00, 0x1F, 0xDF, 0x80, 0x0F, 0xC7, 0xE0, 0x0F, 0xC3, 0xF0, 0x07,
  0xE0, 0xFC, 0x07, 0xE0, 0x7E, 0x03, 0xF0, 0x1F, 0x83, 0xF0, 0x0F, 0xC3, 0xF0, 0x03, 0xF1, 0xF8,
  0x00, 0xF9, 0xF8, 0x00, 0x7E, 0xFC, 0x00, 0x1F, 0xFC, 0x00, 0x0F, 0xFE, 0x00, 0x03, 0xFE, 0x00,
  0x01, 0xFE, 0x00, 0x00, 0x7F, 0x00, 0x00, 0x1F, 0x00, 0x00, 0x0F, 0x80, 0x00, 0x07, 0xC0, 0x00,
  0x03, 0xE0, 0x00, 0x01, 0xF0, 0x00, 0x00, 0xF8, 0x00, 0x00, 0x7C, 0x00, 0x00, 0x3E, 0x00, 0x00,
  0x1F, 0x00, 0x00, 0x0F, 0x80, 0x00, 0x00, 0x1F, 0x80, 0x00, 0x3E, 0x00, 0x00, 0x78, 0x00, 0x01,
  0xE0, 0x00, 0x07, 0xC0, 0x00, 0x00, 0x00, 0x00, 0x00, 0x00, 0x00, 0x00, 0x00, 0x7F, 0xFF, 0xF8,
  0xFF, 0xFF, 0xF1, 0xFF, 0xFF, 0xE3, 0xFF, 0xFF, 0xC0, 0x00, 0x3F, 0x00, 0x00, 0x7E, 0x00, 0x01,
  0xF8, 0x00, 0x07, 0xE0, 0x00, 0x0F, 0xC0, 0x00, 0x3F, 0x00, 0x00, 0xFC, 0x00, 0x03, 0xF0, 0x00,
  0x07, 0xE0, 0x00, 0x1F, 0x80, 0x00, 0x7E, 0x00, 0x00, 0xFC, 0x00, 0x03, 0xF0, 0x00, 0x0F, 0xC0,
  0x00, 0x3F, 0x00, 0x00, 0x7E, 0x00, 0x01, 0xF8, 0x00, 0x07, 0xFF, 0xFF, 0x0F, 0xFF, 0xFE, 0x3F,
  0xFF, 0xFC, 0x7F, 0xFF, 0xF8, 0xFF, 0xFF, 0xF0, 0x00, 0x00, 0x00, 0x00, 0x3E, 0x00, 0x0F, 0x80,
  0x01, 0xE0, 0x00, 0x78, 0x00, 0x0F, 0x00, 0x00, 0x00, 0x00, 0x00, 0x01, 0xFF, 0xFE, 0x3F, 0xFF,
  0xC7, 0xFF, 0xF8, 0xFF, 0xFF, 0x1F, 0xFF, 0xC0, 0x01, 0xF0, 0x00, 0x7E, 0x00, 0x1F, 0x80, 0x07,
  0xE0, 0x01, 0xF8, 0x00, 0x3F, 0x00, 0x0F, 0xC0, 0x03, 0xF0, 0x00, 0xFC, 0x00, 0x3F, 0x00, 0x0F,
  0xE0, 0x01, 0xFF, 0xFE, 0x7F, 0xFF, 0xCF, 0xFF, 0xF9, 0xFF, 0xFF, 0x00, 0x00, 0x00, 0x00, 0x38,
  0x00, 0x00, 0xF8, 0x00, 0x01, 0xF0, 0x00, 0x03, 0xE0, 0x00, 0x07, 0xC0, 0x00, 0x07, 0x00, 0x00,
  0x00, 0x00, 0x00, 0x00, 0x00, 0x00, 0x00, 0x00, 0xFF, 0xFF, 0xF1, 0xFF, 0xFF, 0xE3, 0xFF, 0xFF,
  0xC7, 0xFF, 0xFF, 0x80, 0x00, 0x7E, 0x00, 0x00, 0xFC, 0x00, 0x03, 0xF0, 0x00, 0x0F, 0xC0, 0x00,
  0x1F, 0x80, 0x00, 0x7E, 0x00, 0x01, 0xF8, 0x00, 0x07, 0xE0, 0x00, 0x0F, 0xC0, 0x00, 0x3F, 0x00,
  0x00, 0xFC, 0x00, 0x01, 0xF8, 0x00, 0x07, 0xE0, 0x00, 0x1F, 0x80, 0x00, 0x7E, 0x00, 0x00, 0xFC,
  0x00, 0x03, 0xF0, 0x00, 0x0F, 0xFF, 0xFE, 0x1F, 0xFF, 0xFC, 0x7F, 0xFF, 0xF8, 0xFF, 0xFF, 0xF1,
  0xFF, 0xFF, 0xE0, 0x00, 0x60, 0x00, 0x3E, 0x00, 0x07, 0xE0, 0x00, 0xFC, 0x00, 0x1F, 0x00, 0x01,
  0xC0, 0x00, 0x00, 0x00, 0x00, 0x00, 0x3F, 0xFF, 0xC7, 0xFF, 0xF8, 0xFF, 0xFF, 0x1F, 0xFF, 0xE3,
  0xFF, 0xF8, 0x00, 0x3E, 0x00, 0x0F, 0xC0, 0x03, 0xF0, 0x00, 0xFC, 0x00, 0x3F, 0x00, 0x07, 0xE0,
  0x01, 0xF8, 0x00, 0x7E, 0x00, 0x1F, 0x80, 0x07, 0xE0, 0x01, 0xFC, 0x00, 0x3F, 0xFF, 0xCF, 0xFF,
  0xF9, 0xFF, 0xFF, 0x3F, 0xFF, 0xE0, 0x0F, 0x83, 0xE0, 0x0F, 0x8F, 0x80, 0x0F, 0xBE, 0x00, 0x0F,
  0xF8, 0x00, 0x0F, 0xE0, 0x00, 0x0F, 0x80, 0x00, 0x00, 0x00, 0x00, 0x00, 0x00, 0x00, 0x00, 0x00,
  0xFF, 0xFF, 0xF1, 0xFF, 0xFF, 0xE3, 0xFF, 0xFF, 0xC7, 0xFF, 0xFF, 0x80, 0x00, 0x7E, 0x00, 0x00,
  0xFC, 0x00, 0x03, 0xF0, 0x00, 0x0F, 0xC0, 0x00, 0x1F, 0x80, 0x00, 0x7E, 0x00, 0x01, 0xF8, 0x00,
  0x07, 0xE0, 0x00, 0x0F, 0xC0, 0x00, 0x3F, 0x00, 0x00, 0xFC, 0x00, 0x01, 0xF8, 0x00, 0x07, 0xE0,
  0x00, 0x1F, 0x80, 0x00, 0x7E, 0x00, 0x00, 0xFC, 0x00, 0x03, 0xF0, 0x00, 0x0F, 0xFF, 0xFE, 0x1F,
  0xFF, 0xFC, 0x7F, 0xFF, 0xF8, 0xFF, 0xFF, 0xF1, 0xFF, 0xFF, 0xE0, 0x3E, 0x0F, 0x83, 0xE3, 0xE0,
  0x3E, 0xF8, 0x03, 0xFE, 0x00, 0x3F, 0x80, 0x03, 0xE0, 0x00, 0x00, 0x00, 0x00, 0x00, 0x3F, 0xFF,
  0xC7, 0xFF, 0xF8, 0xFF, 0xFF, 0x1F, 0xFF, 0xE3, 0xFF, 0xF8, 0x00, 0x3E, 0x00, 0x0F, 0xC0, 0x03,
  0xF0, 0x00, 0xFC, 0x00, 0x3F, 0x00, 0x07, 0xE0, 0x01, 0xF8, 0x00, 0x7E, 0x00, 0x1F, 0x80, 0x07,
  0xE0, 0x01, 0xFC, 0x00, 0x3F, 0xFF, 0xCF, 0xFF, 0xF9, 0xFF, 0xFF, 0x3F, 0xFF, 0xE0, 0x1F, 0xCF,
  0xFB, 0xFE, 0x7F, 0xCF, 0xC1, 0xF0, 0x3E, 0x07, 0xC0, 0xF8, 0x1F, 0x03, 0xE0, 0x7C, 0x0F, 0x81,
  0xF0, 0x3E, 0x07, 0xC0, 0xF8, 0x1F, 0x03, 0xE0, 0x7C, 0x0F, 0x81, 0xF0, 0x3E, 0x07, 0xC0, 0xF8,
  0x1F, 0x03, 0xE0, 0x00, 0x00,
};

const GFXglyph InterTightBold36Glyphs[] PROGMEM = {
  { 0, 7, 0, 7, 0, 0 }, // U+0020
  { 0, 11, 28, 11, 0, -27 }, // U+0021
  { 39, 19, 27, 19, 0, -27 }, // U+0022
  { 104, 24, 27, 22, -1, -27 }, // U+0023
  { 185, 22, 34, 22, 0, -30 }, // U+0024
  { 279, 30, 29, 30, 0, -28 }, // U+0025
  { 388, 24, 28, 23, 0, -27 }, // U+0026
  { 472, 11, 27, 11, 0, -27 }, // U+0027
  { 510, 12, 33, 12, 0, -28 }, // U+0028
  { 560, 12, 33, 12, 0, -28 }, // U+0029
  { 610, 19, 27, 19, 0, -27 }, // U+002A
  { 675, 23, 20, 23, 0, -20 }, // U+002B
  { 733, 12, 12, 12, 0, -5 }, // U+002C
  { 751, 16, 13, 16, 0, -13 }, // U+002D
  { 777, 11, 7, 11, 0, -6 }, // U+002E
  { 787, 14, 32, 13, -1, -28 }, // U+002F
  { 843, 24, 28, 24, 0, -27 }, // U+0030
  { 927, 14, 27, 14, 0, -27 }, // U+0031
  { 975, 22, 27, 22, 0, -27 }, // U+0032
  { 1050, 23, 28, 23, 0, -27 }, // U+0033
  { 1131, 23, 27, 23, 0, -27 }, // U+0034
  { 1209, 22, 28, 22, 0, -27 }, // U+0035
  { 1286, 23, 28, 23, 0, -27 }, // U+0036
  { 1367, 20, 27, 20, 0, -27 }, // U+0037
  { 1435, 23, 28, 23, 0, -27 }, // U+0038
  { 1516, 23, 28, 23, 0, -27 }, // U+0039
  { 1597, 11, 20, 11, 0, -19 }, // U+003A
  { 1625, 11, 26, 11, 0, -19 }, // U+003B
  { 1661, 23, 21, 23, 0, -21 }, // U+003C
  { 1722, 23, 17, 23, 0, -17 }, // U+003D
  { 1771, 23, 21, 23, 0, -21 }, // U+003E
  { 1832, 19, 28, 19, 0, -27 }, // U+003F
  { 1899, 36, 35, 36, 0, -27 }, // U+0040
  { 2057, 26, 27, 26, 0, -27 }, // U+0041
  { 2145, 23, 27, 23, 0, -27 }, // U+0042
  { 2223, 26, 28, 26, 0, -27 }, // U+0043
  { 2314, 25, 27, 25, 0, -27 }, // U+0044
  { 2399, 21, 27, 21, 0, -27 }, // U+0045
  { 2470, 20, 27, 20, 0, -27 }, // U+0046
  { 2538, 26, 28, 26, 0, -27 }, // U+0047
  { 2629, 26, 27, 26, 0, -27 }, // U+0048
  { 2717, 9, 27, 9, 0, -27 }, // U+0049
  { 2748, 19, 28, 19, 0, -27 }, // U+004A
  { 2815, 24, 27, 24, 0, -27 }, // U+004B
  { 2896, 19, 27, 19, 0, -27 }, // U+004C
  { 2961, 32, 27, 32, 0, -27 }, // U+004D
  { 3069, 25, 27, 25, 0, -27 }, // U+004E
  { 3154, 27, 28, 27, 0, -27 }, // U+004F
  { 3249, 22, 27, 22, 0, -27 }, // U+0050
  { 3324, 27, 30, 27, 0, -27 }, // U+0051
  { 3426, 23, 27, 22, 0, -27 }, // U+0052
  { 3504, 22, 28, 22, 0, -27 }, // U+0053
  { 3581, 23, 27, 23, 0, -27 }, // U+0054
  { 3659, 25, 28, 25, 0, -27 }, // U+0055
  { 3747, 26, 27, 26, 0, -27 }, // U+0056
  { 3835, 37, 27, 36, 0, -27 }, // U+0057
  { 3960, 25, 27, 25, 0, -27 }, // U+0058
  { 4045, 25, 27, 25, 0, -27 }, // U+0059
  { 4130, 23, 27, 23, 0, -27 }, // U+005A
  { 4208, 12, 33, 12, 0, -28 }, // U+005B
  { 4258, 14, 32, 13, -1, -28 }, // U+005C
  { 4314, 12, 33, 12, 0, -28 }, // U+005D
  { 4364, 16, 26, 16, 0, -26 }, // U+005E
  { 4416, 18, 5, 16, -1, 0 }, // U+005F
  { 4428, 16, 28, 16, 0, -28 }, // U+0060
  { 4484, 20, 21, 20, 0, -20 }, // U+0061
  { 4537, 22, 28, 22, 0, -27 }, // U+0062
  { 4614, 20, 21, 20, 0, -20 }, // U+0063
  { 4667, 22, 28, 22, 0, -27 }, // U+0064
  { 4744, 20, 21, 20, 0, -20 }, // U+0065
  { 4797, 14, 28, 13, 0, -28 }, // U+0066
  { 4846, 22, 28, 22, 0, -20 }, // U+0067
  { 4923, 21, 27, 21, 0, -27 }, // U+0068
  { 4994, 9, 28, 9, 0, -28 }, // U+0069
  { 5026, 11, 36, 9, -2, -28 }, // U+006A
  { 5076, 21, 27, 20, 0, -27 }, // U+006B
  { 5147, 9, 27, 9, 0, -27 }, // U+006C
  { 5178, 32, 20, 32, 0, -20 }, // U+006D
  { 5258, 21, 20, 21, 0, -20 }, // U+006E
  { 5311, 21, 21, 21, 0, -20 }, // U+006F
  { 5367, 22, 28, 22, 0, -20 }, // U+0070
  { 5444, 22, 28, 22, 0, -20 }, // U+0071
  { 5521, 14, 20, 14, 0, -20 }, // U+0072
  { 5556, 19, 21, 19, 0, -20 }, // U+0073
  { 5606, 13, 26, 13, 0, -25 }, // U+0074
  { 5649, 21, 21, 21, 0, -20 }, // U+0075
  { 5705, 20, 20, 20, 0, -20 }, // U+0076
  { 5755, 30, 20, 29, 0, -20 }, // U+0077
  { 5830, 20, 20, 19, 0, -20 }, // U+0078
  { 5880, 20, 28, 20, 0, -20 }, // U+0079
  { 5950, 19, 20, 19, 0, -20 }, // U+007A
  { 5998, 16, 33, 16, 0, -28 }, // U+007B
  { 6064, 12, 44, 12, 0, -35 }, // U+007C
  { 6130, 16, 33, 16, 0, -28 }, // U+007D
  { 6196, 23, 15, 23, 0, -15 }, // U+007E
  { 6240, 18, 44, 18, 0, -35 }, // U+007F
  { 6339, 18, 44, 18, 0, -35 }, // U+0080
  { 6438, 18, 44, 18, 0, -35 }, // U+0081
  { 6537, 18, 44, 18, 0, -35 }, // U+0082
  { 6636, 18, 44, 18, 0, -35 }, // U+0083
  { 6735, 18, 44, 18, 0, -35 }, // U+0084
  { 6834, 18, 44, 18, 0, -35 }, // U+0085
  { 6933, 18, 44, 18, 0, -35 }, // U+0086
  { 7032, 18, 44, 18, 0, -35 }, // U+0087
  { 7131, 18, 44, 18, 0, -35 }, // U+0088
  { 7230, 18, 44, 18, 0, -35 }, // U+0089
  { 7329, 18, 44, 18, 0, -35 }, // U+008A
  { 7428, 18, 44, 18, 0, -35 }, // U+008B
  { 7527, 18, 44, 18, 0, -35 }, // U+008C
  { 7626, 18, 44, 18, 0, -35 }, // U+008D
  { 7725, 18, 44, 18, 0, -35 }, // U+008E
  { 7824, 18, 44, 18, 0, -35 }, // U+008F
  { 7923, 18, 44, 18, 0, -35 }, // U+0090
  { 8022, 18, 44, 18, 0, -35 }, // U+0091
  { 8121, 18, 44, 18, 0, -35 }, // U+0092
  { 8220, 18, 44, 18, 0, -35 }, // U+0093
  { 8319, 18, 44, 18, 0, -35 }, // U+0094
  { 8418, 18, 44, 18, 0, -35 }, // U+0095
  { 8517, 18, 44, 18, 0, -35 }, // U+0096
  { 8616, 18, 44, 18, 0, -35 }, // U+0097
  { 8715, 18, 44, 18, 0, -35 }, // U+0098
  { 8814, 18, 44, 18, 0, -35 }, // U+0099
  { 8913, 18, 44, 18, 0, -35 }, // U+009A
  { 9012, 18, 44, 18, 0, -35 }, // U+009B
  { 9111, 18, 44, 18, 0, -35 }, // U+009C
  { 9210, 18, 44, 18, 0, -35 }, // U+009D
  { 9309, 18, 44, 18, 0, -35 }, // U+009E
  { 9408, 18, 44, 18, 0, -35 }, // U+009F
  { 9507, 7, 0, 7, 0, 0 }, // U+00A0
  { 9507, 11, 27, 11, 0, -20 }, // U+00A1
  { 9545, 20, 27, 20, 0, -27 }, // U+00A2
  { 9613, 23, 27, 23, 0, -27 }, // U+00A3
  { 9691, 26, 24, 26, 0, -23 }, // U+00A4
  { 9769, 21, 27, 19, -1, -27 }, // U+00A5
  { 9840, 11, 32, 11, 0, -27 }, // U+00A6
  { 9884, 20, 33, 20, 0, -27 }, // U+00A7
  { 9967, 18, 28, 18, 0, -28 }, // U+00A8
  { 10030, 32, 28, 32, 0, -27 }, // U+00A9
  { 10142, 16, 26, 16, 0, -26 }, // U+00AA
  { 10194, 22, 19, 22, 0, -19 }, // U+00AB
  { 10247, 20, 15, 20, 0, -15 }, // U+00AC
  { 10285, 0, 0, 1, 0, 0 }, // U+00AD
  { 10285, 23, 27, 23, 0, -27 }, // U+00AE
  { 10363, 19, 27, 19, 0, -27 }, // U+00AF
  { 10428, 15, 27, 15, 0, -27 }, // U+00B0
  { 10479, 23, 21, 23, 0, -21 }, // U+00B1
  { 10540, 14, 29, 14, 0, -29 }, // U+00B2
  { 10591, 15, 29, 15, 0, -29 }, // U+00B3
  { 10646, 16, 28, 16, 0, -28 }, // U+00B4
  { 10702, 23, 28, 23, 0, -20 }, // U+00B5
  { 10783, 21, 27, 21, 0, -27 }, // U+00B6
  { 10854, 11, 15, 11, 0, -15 }, // U+00B7
  { 10875, 12, 10, 12, 0, -1 }, // U+00B8
  { 10890, 10, 29, 10, 0, -29 }, // U+00B9
  { 10927, 16, 26, 16, 0, -26 }, // U+00BA
  { 10979, 22, 19, 22, 0, -19 }, // U+00BB
  { 11032, 31, 27, 30, 0, -27 }, // U+00BC
  { 11137, 32, 27, 32, 0, -27 }, // U+00BD
  { 11245, 34, 27, 34, 0, -27 }, // U+00BE
  { 11360, 19, 28, 19, 0, -20 }, // U+00BF
  { 11427, 26, 35, 26, 0, -35 }, // U+00C0
  { 11541, 26, 35, 26, 0, -35 }, // U+00C1
  { 11655, 26, 35, 26, 0, -35 }, // U+00C2
  { 11769, 26, 34, 26, 0, -34 }, // U+00C3
  { 11880, 26, 35, 26, 0, -35 }, // U+00C4
  { 11994, 26, 36, 26, 0, -36 }, // U+00C5
  { 12111, 36, 27, 36, 0, -27 }, // U+00C6
  { 12233, 26, 36, 26, 0, -27 }, // U+00C7
  { 12350, 21, 35, 21, 0, -35 }, // U+00C8
  { 12442, 21, 35, 21, 0, -35 }, // U+00C9
  { 12534, 21, 35, 21, 0, -35 }, // U+00CA
  { 12626, 21, 35, 21, 0, -35 }, // U+00CB
  { 12718, 10, 35, 9, -1, -35 }, // U+00CC
  { 12762, 10, 35, 9, 0, -35 }, // U+00CD
  { 12806, 15, 35, 9, -3, -35 }, // U+00CE
  { 12872, 15, 35, 9, -3, -35 }, // U+00CF
  { 12938, 27, 27, 25, -2, -27 }, // U+00D0
  { 13030, 25, 34, 25, 0, -34 }, // U+00D1
  { 13137, 27, 36, 27, 0, -35 }, // U+00D2
  { 13259, 27, 36, 27, 0, -35 }, // U+00D3
  { 13381, 27, 36, 27, 0, -35 }, // U+00D4
  { 13503, 27, 35, 27, 0, -34 }, // U+00D5
  { 13622, 27, 36, 27, 0, -35 }, // U+00D6
  { 13744, 23, 20, 23, 0, -20 }, // U+00D7
  { 13802, 27, 30, 27, 0, -28 }, // U+00D8
  { 13904, 25, 36, 25, 0, -35 }, // U+00D9
  { 14017, 25, 36, 25, 0, -35 }, // U+00DA
  { 14130, 25, 36, 25, 0, -35 }, // U+00DB
  { 14243, 25, 36, 25, 0, -35 }, // U+00DC
  { 14356, 25, 35, 25, 0, -35 }, // U+00DD
  { 14466, 23, 27, 23, 0, -27 }, // U+00DE
  { 14544, 23, 27, 23, 0, -27 }, // U+00DF
  { 14622, 20, 29, 20, 0, -28 }, // U+00E0
  { 14695, 20, 29, 20, 0, -28 }, // U+00E1
  { 14768, 20, 29, 20, 0, -28 }, // U+00E2
  { 14841, 20, 28, 20, 0, -27 }, // U+00E3
  { 14911, 20, 29, 20, 0, -28 }, // U+00E4
  { 14984, 20, 32, 20, 0, -31 }, // U+00E5
  { 15064, 32, 21, 32, 0, -20 }, // U+00E6
  { 15148, 20, 29, 20, 0, -20 }, // U+00E7
  { 15221, 20, 29, 20, 0, -28 }, // U+00E8
  { 15294, 20, 29, 20, 0, -28 }, // U+00E9
  { 15367, 20, 29, 20, 0, -28 }, // U+00EA
  { 15440, 20, 29, 20, 0, -28 }, // U+00EB
  { 15513, 11, 28, 9, -2, -28 }, // U+00EC
  { 15552, 10, 28, 9, 0, -28 }, // U+00ED
  { 15587, 15, 28, 9, -3, -28 }, // U+00EE
  { 15640, 14, 28, 9, -3, -28 }, // U+00EF
  { 15689, 20, 29, 20, 0, -28 }, // U+00F0
  { 15762, 21, 27, 21, 0, -27 }, // U+00F1
  { 15833, 21, 29, 21, 0, -28 }, // U+00F2
  { 15910, 21, 29, 21, 0, -28 }, // U+00F3
  { 15987, 21, 29, 21, 0, -28 }, // U+00F4
  { 16064, 21, 28, 21, 0, -27 }, // U+00F5
  { 16138, 21, 29, 21, 0, -28 }, // U+00F6
  { 16215, 23, 21, 23, 0, -21 }, // U+00F7
  { 16276, 21, 23, 21, 0, -21 }, // U+00F8
  { 16337, 21, 29, 21, 0, -28 }, // U+00F9
  { 16414, 21, 29, 21, 0, -28 }, // U+00FA
  { 16491, 21, 29, 21, 0, -28 }, // U+00FB
  { 16568, 21, 29, 21, 0, -28 }, // U+00FC
  { 16645, 20, 36, 20, 0, -28 }, // U+00FD
  { 16735, 22, 35, 22, 0, -27 }, // U+00FE
  { 16832, 20, 36, 20, 0, -28 }, // U+00FF
  { 16922, 26, 34, 26, 0, -34 }, // U+0100
  { 17033, 20, 28, 20, 0, -27 }, // U+0101
  { 17103, 26, 35, 26, 0, -35 }, // U+0102
  { 17217, 20, 29, 20, 0, -28 }, // U+0103
  { 17290, 26, 35, 26, 0, -27 }, // U+0104
  { 17404, 20, 28, 20, 0, -20 }, // U+0105
  { 17474, 26, 36, 26, 0, -35 }, // U+0106
  { 17591, 20, 29, 20, 0, -28 }, // U+0107
  { 17664, 26, 36, 26, 0, -35 }, // U+0108
  { 17781, 20, 29, 20, 0, -28 }, // U+0109
  { 17854, 26, 36, 26, 0, -35 }, // U+010A
  { 17971, 20, 29, 20, 0, -28 }, // U+010B
  { 18044, 26, 36, 26, 0, -35 }, // U+010C
  { 18161, 20, 29, 20, 0, -28 }, // U+010D
  { 18234, 25, 35, 25, 0, -35 }, // U+010E
  { 18344, 27, 29, 25, 0, -28 }, // U+010F
  { 18442, 27, 27, 25, -2, -27 }, // U+0110
  { 18534, 23, 28, 22, 0, -27 }, // U+0111
  { 18615, 21, 34, 21, 0, -34 }, // U+0112
  { 18705, 20, 28, 20, 0, -27 }, // U+0113
  { 18775, 21, 35, 21, 0, -35 }, // U+0114
  { 18867, 20, 29, 20, 0, -28 }, // U+0115
  { 18940, 21, 35, 21, 0, -35 }, // U+0116
  { 19032, 20, 29, 20, 0, -28 }, // U+0117
  { 19105, 21, 35, 21, 0, -27 }, // U+0118
  { 19197, 20, 27, 20, 0, -20 }, // U+0119
  { 19265, 21, 35, 21, 0, -35 }, // U+011A
  { 19357, 20, 29, 20, 0, -28 }, // U+011B
  { 19430, 26, 36, 26, 0, -35 }, // U+011C
  { 19547, 22, 36, 22, 0, -28 }, // U+011D
  { 19646, 26, 36, 26, 0, -35 }, // U+011E
  { 19763, 22, 36, 22, 0, -28 }, // U+011F
  { 19862, 26, 36, 26, 0, -35 }, // U+0120
  { 19979, 22, 36, 22, 0, -28 }, // U+0121
  { 20078, 26, 36, 26, 0, -27 }, // U+0122
  { 20195, 22, 39, 22, 0, -31 }, // U+0123
  { 20303, 26, 35, 26, 0, -35 }, // U+0124
  { 20417, 24, 35, 21, -3, -35 }, // U+0125
  { 20522, 28, 27, 28, 0, -27 }, // U+0126
  { 20617, 24, 27, 21, -3, -27 }, // U+0127
  { 20698, 13, 34, 9, -2, -34 }, // U+0128
  { 20754, 13, 27, 9, -2, -27 }, // U+0129
  { 20798, 13, 34, 9, -2, -34 }, // U+012A
  { 20854, 13, 27, 9, -2, -27 }, // U+012B
  { 20898, 13, 35, 9, -2, -35 }, // U+012C
  { 20955, 14, 28, 9, -3, -28 }, // U+012D
  { 21004, 9, 35, 9, 0, -27 }, // U+012E
  { 21044, 10, 36, 9, -1, -28 }, // U+012F
  { 21089, 9, 35, 9, 0, -35 }, // U+0130
  { 21129, 9, 20, 9, 0, -20 }, // U+0131
  { 21152, 28, 28, 28, 0, -27 }, // U+0132
  { 21250, 17, 36, 17, 0, -28 }, // U+0133
  { 21327, 23, 36, 19, 0, -35 }, // U+0134
  { 21431, 15, 36, 9, -3, -28 }, // U+0135
  { 21499, 24, 36, 24, 0, -27 }, // U+0136
  { 21607, 21, 36, 20, 0, -27 }, // U+0137
  { 21702, 23, 20, 23, 0, -20 }, // U+0138
  { 21760, 19, 35, 19, 0, -35 }, // U+0139
  { 21844, 10, 35, 9, 0, -35 }, // U+013A
  { 21888, 19, 36, 19, 0, -27 }, // U+013B
  { 21974, 9, 36, 9, 0, -27 }, // U+013C
  { 22015, 19, 28, 19, 0, -28 }, // U+013D
  { 22082, 14, 28, 12, 0, -28 }, // U+013E
  { 22131, 20, 27, 20, 0, -27 }, // U+013F
  { 22199, 15, 27, 14, 0, -27 }, // U+0140
  { 22250, 21, 27, 20, -1, -27 }, // U+0141
  { 22321, 11, 27, 9, -1, -27 }, // U+0142
  { 22359, 25, 35, 25, 0, -35 }, // U+0143
  { 22469, 21, 28, 21, 0, -28 }, // U+0144
  { 22543, 25, 36, 25, 0, -27 }, // U+0145
  { 22656, 21, 29, 21, 0, -20 }, // U+0146
  { 22733, 25, 35, 25, 0, -35 }, // U+0147
  { 22843, 21, 28, 21, 0, -28 }, // U+0148
  { 22917, 18, 44, 18, 0, -35 }, // U+0149
  { 23016, 25, 35, 25, 0, -27 }, // U+014A
  { 23126, 21, 28, 21, 0, -20 }, // U+014B
  { 23200, 27, 35, 27, 0, -34 }, // U+014C
  { 23319, 21, 28, 21, 0, -27 }, // U+014D
  { 23393, 27, 36, 27, 0, -35 }, // U+014E
  { 23515, 21, 29, 21, 0, -28 }, // U+014F
  { 23592, 27, 35, 27, 0, -34 }, // U+0150
  { 23711, 21, 28, 21, 0, -27 }, // U+0151
  { 23785, 36, 27, 36, 0, -27 }, // U+0152
  { 23907, 34, 21, 34, 0, -20 }, // U+0153
  { 23997, 23, 35, 22, 0, -35 }, // U+0154
  { 24098, 14, 28, 14, 0, -28 }, // U+0155
  { 24147, 23, 36, 22, 0, -27 }, // U+0156
  { 24251, 14, 29, 14, 0, -20 }, // U+0157
  { 24302, 23, 35, 22, 0, -35 }, // U+0158
  { 24403, 15, 28, 14, 0, -28 }, // U+0159
  { 24456, 22, 36, 22, 0, -35 }, // U+015A
  { 24555, 19, 29, 19, 0, -28 }, // U+015B
  { 24624, 22, 36, 22, 0, -35 }, // U+015C
  { 24723, 19, 29, 19, 0, -28 }, // U+015D
  { 24792, 22, 36, 22, 0, -27 }, // U+015E
  { 24891, 19, 29, 19, 0, -20 }, // U+015F
  { 24960, 22, 36, 22, 0, -35 }, // U+0160
  { 25059, 19, 29, 19, 0, -28 }, // U+0161
  { 25128, 23, 36, 23, 0, -27 }, // U+0162
  { 25232, 13, 34, 13, 0, -25 }, // U+0163
  { 25288, 23, 35, 23, 0, -35 }, // U+0164
  { 25389, 15, 30, 14, 0, -29 }, // U+0165
  { 25446, 23, 27, 23, 0, -27 }, // U+0166
  { 25524, 13, 26, 13, 0, -25 }, // U+0167
  { 25567, 25, 35, 25, 0, -34 }, // U+0168
  { 25677, 21, 28, 21, 0, -27 }, // U+0169
  { 25751, 25, 35, 25, 0, -34 }, // U+016A
  { 25861, 21, 28, 21, 0, -27 }, // U+016B
  { 25935, 25, 36, 25, 0, -35 }, // U+016C
  { 26048, 21, 29, 21, 0, -28 }, // U+016D
  { 26125, 25, 37, 25, 0, -36 }, // U+016E
  { 26241, 21, 32, 21, 0, -31 }, // U+016F
  { 26325, 25, 35, 25, 0, -34 }, // U+0170
  { 26435, 21, 28, 21, 0, -27 }, // U+0171
  { 26509, 25, 35, 25, 0, -27 }, // U+0172
  { 26619, 21, 28, 21, 0, -20 }, // U+0173
  { 26693, 37, 35, 36, 0, -35 }, // U+0174
  { 26855, 30, 28, 29, 0, -28 }, // U+0175
  { 26960, 25, 35, 25, 0, -35 }, // U+0176
  { 27070, 20, 36, 20, 0, -28 }, // U+0177
  { 27160, 25, 35, 25, 0, -35 }, // U+0178
  { 27270, 23, 35, 23, 0, -35 }, // U+0179
  { 27371, 19, 28, 19, 0, -28 }, // U+017A
  { 27438, 23, 35, 23, 0, -35 }, // U+017B
  { 27539, 19, 28, 19, 0, -28 }, // U+017C
  { 27606, 23, 35, 23, 0, -35 }, // U+017D
  { 27707, 19, 28, 19, 0, -28 }, // U+017E
  { 27774, 11, 28, 9, -1, -28 }, // U+017F
};

const GFXfont InterTightBold36 PROGMEM = {
  (uint8_t *)InterTightBold36Bitmaps,
  (GFXglyph *)InterTightBold36Glyphs,
  0x0020, 0x017F, 44
};
