#pragma once
// Generated by scripts/weather_glyphs.py; original geometric icons.
const uint8_t Weather24Bitmaps[] PROGMEM = {
0x00,0x00,0x00,0x00,0x00,0x00,0x00,0x30,0x00,0x00,0xe0,0x00,0x01,0xc0,0x00,0x03,0xc0,0x00,0x07,0x80,0x00,0x0f,0x80,0x00,
0x0f,0x80,0x00,0x1f,0x80,0x00,0x1f,0x80,0x00,0x1f,0x80,0x00,0x1f,0xc0,0x00,0x1f,0xc0,0x00,0x1f,0xe0,0x00,0x1f,0xf0,0x02,
0x0f,0xf8,0x04,0x0f,0xfe,0x1c,0x07,0xff,0xf8,0x03,0xff,0xf0,0x01,0xff,0xe0,0x00,0xff,0xc0,0x00,0x3f,0x00,0x00,0x00,0x00,
0x00,0x00,0x00,0x00,0x00,0x00,0x00,0x00,0x00,0x00,0x00,0x00,0x00,0x00,0x00,0x00,0x0f,0x00,0x00,0x3f,0xc0,0x00,0x7f,0xe0,
0x03,0xff,0xe0,0x07,0xff,0xf0,0x0f,0xff,0xf8,0x1f,0xff,0xfe,0x1f,0xff,0xff,0x1f,0xff,0xff,0x1f,0xff,0xff,0x0f,0xff,0xff,
0x07,0xff,0xfe,0x03,0xff,0xf8,0x00,0x00,0x00,0x00,0x00,0x00,0x00,0x00,0x00,0x00,0x00,0x00,0x00,0x00,0x00,0x00,0x00,0x00,
0x00,0x00,0x00,0x00,0x00,0x00,0x00,0x00,0x00,0x00,0x00,0x00,0x00,0x00,0x00,0x00,0x00,0x00,0x00,0x00,0x00,0x00,0x00,0x00,
0x1f,0xff,0x00,0x00,0x00,0x00,0x00,0x00,0x00,0x00,0x00,0x00,0x1f,0xff,0xf8,0x00,0x00,0x00,0x00,0x00,0x00,0x00,0x00,0x00,
0x1f,0xff,0x00,0x00,0x00,0x00,0x00,0x00,0x00,0x00,0x00,0x00,0x1f,0xff,0xf8,0x00,0x00,0x00,0x00,0x00,0x00,0x00,0x00,0x00,
0x00,0x00,0x00,0x00,0x00,0x00,0x00,0x00,0x00,0x00,0x00,0x00,0x00,0x00,0x00,0x00,0x0f,0x00,0x00,0x3f,0xc0,0x00,0x7f,0xe0,
0x03,0xff,0xe0,0x07,0xff,0xf0,0x0f,0xff,0xf8,0x1f,0xff,0xfe,0x1f,0xff,0xff,0x1f,0xff,0xff,0x1f,0xff,0xff,0x0f,0xff,0xff,
0x07,0xff,0xfe,0x03,0xff,0xf8,0x00,0x00,0x00,0x00,0x00,0x00,0x04,0x08,0x08,0x0e,0x1c,0x1c,0x04,0x08,0x08,0x00,0x00,0x00,
0x00,0x00,0x00,0x00,0x00,0x00,0x00,0x00,0x00,0x00,0x00,0x00,0x00,0x00,0x00,0x00,0x0f,0x00,0x00,0x3f,0xc0,0x00,0x7f,0xe0,
0x03,0xff,0xe0,0x07,0xff,0xf0,0x0f,0xff,0xf8,0x1f,0xff,0xfe,0x1f,0xff,0xff,0x1f,0xff,0xff,0x1f,0xff,0xff,0x0f,0xff,0xff,
0x07,0xff,0xfe,0x03,0xff,0xf8,0x00,0x7e,0x00,0x00,0x1f,0x00,0x00,0x3e,0x00,0x00,0x3c,0x00,0x00,0x30,0x00,0x00,0x60,0x00,
0x00,0x00,0x00,0x00,0x00,0x00,0x00,0x00,0x00,0x00,0x00,0x00,0x00,0x00,0x00,0x00,0x0f,0x00,0x00,0x3f,0xc0,0x00,0x7f,0xe0,
0x03,0xff,0xe0,0x07,0xff,0xf0,0x0f,0xff,0xf8,0x1f,0xff,0xfe,0x1f,0xff,0xff,0x1f,0xff,0xff,0x1f,0xff,0xff,0x0f,0xff,0xff,
0x07,0xff,0xfe,0x03,0xff,0xf8,0x00,0x7e,0x00,0x04,0x1f,0x20,0x04,0x3e,0x20,0x08,0x3c,0x40,0x08,0x30,0x40,0x00,0x60,0x00,
0x00,0x00,0x00,0x07,0xc0,0x00,0x08,0x20,0x00,0x10,0x10,0x00,0x20,0x08,0x00,0x40,0x0f,0x00,0x40,0x3f,0xc0,0x40,0x7f,0xe0,
0x43,0xff,0xe0,0x47,0xff,0xf0,0x2f,0xff,0xf8,0x1f,0xff,0xfe,0x1f,0xff,0xff,0x1f,0xff,0xff,0x1f,0xff,0xff,0x0f,0xff,0xff,
0x07,0xff,0xfe,0x03,0xff,0xf8,0x00,0x00,0x00,0x00,0x00,0x00,0x00,0x00,0x00,0x00,0x00,0x00,0x00,0x00,0x00,0x00,0x00,0x00,
0x00,0x00,0x00,0x00,0x00,0x00,0x00,0x00,0x00,0x00,0x00,0x00,0x00,0x00,0x00,0x00,0x0f,0x00,0x00,0x3f,0xc0,0x00,0x7f,0xe0,
0x03,0xff,0xe0,0x07,0xff,0xf0,0x0f,0xff,0xf8,0x1f,0xff,0xfe,0x1f,0xff,0xff,0x1f,0xff,0xff,0x1f,0xff,0xff,0x0f,0xff,0xff,
0x07,0xff,0xfe,0x03,0xff,0xf8,0x00,0x00,0x00,0x06,0x18,0x30,0x06,0x18,0x30,0x0c,0x30,0x60,0x0c,0x30,0x60,0x00,0x00,0x00,
0x00,0x00,0x00,0x00,0x00,0x00,0x00,0x00,0x00,0x00,0x00,0x00,0x00,0x00,0x00,0x00,0x0f,0x00,0x00,0x3f,0xc0,0x00,0x7f,0xe0,
0x03,0xff,0xe0,0x07,0xff,0xf0,0x0f,0xff,0xf8,0x1f,0xff,0xfe,0x1f,0xff,0xff,0x1f,0xff,0xff,0x1f,0xff,0xff,0x0f,0xff,0xff,
0x07,0xff,0xfe,0x03,0xff,0xf8,0x00,0x00,0x00,0x04,0x10,0x20,0x04,0x10,0x20,0x08,0x20,0x40,0x08,0x20,0x40,0x00,0x00,0x00,
0x00,0x00,0x00,0x00,0x00,0x00,0x00,0x00,0x00,0x00,0x00,0x00,0x00,0x00,0x00,0x00,0x0f,0x00,0x00,0x3f,0xc0,0x00,0x7f,0xe0,
0x03,0xff,0xe0,0x07,0xff,0xf0,0x0f,0xff,0xf8,0x1f,0xff,0xfe,0x1f,0xff,0xff,0x1f,0xff,0xff,0x1f,0xff,0xff,0x0f,0xff,0xff,
0x07,0xff,0xfe,0x03,0xff,0xf8,0x00,0x00,0x00,0x04,0x08,0x08,0x04,0x08,0x08,0x1f,0x3e,0x3e,0x04,0x08,0x08,0x04,0x08,0x08,
0x00,0x00,0x00,0x00,0x00,0x00,0x00,0x00,0x00,0x00,0x00,0x00,0x00,0x00,0x00,0x00,0x0f,0x00,0x00,0x3f,0xc0,0x00,0x7f,0xe0,
0x03,0xff,0xe0,0x07,0xff,0xf0,0x0f,0xff,0xf8,0x1f,0xff,0xfe,0x1f,0xff,0xff,0x1f,0xff,0xff,0x1f,0xff,0xff,0x0f,0xff,0xff,
0x07,0xff,0xfe,0x03,0xff,0xf8,0x00,0x00,0x00,0x04,0x18,0x28,0x04,0x18,0x28,0x1f,0x3e,0x7e,0x0c,0x28,0x48,0x04,0x08,0x08,
0x00,0x00,0x00,0x00,0x08,0x00,0x00,0x08,0x00,0x10,0x08,0x04,0x08,0x08,0x08,0x04,0x00,0x10,0x00,0x00,0x00,0x00,0x3e,0x00,
0x00,0x7f,0x00,0x00,0xff,0x80,0x01,0xff,0xc0,0x01,0xff,0xc0,0x79,0xff,0xcf,0x01,0xff,0xc0,0x01,0xff,0xc0,0x00,0xff,0x80,
0x00,0x7f,0x00,0x00,0x3e,0x00,0x00,0x00,0x00,0x04,0x00,0x10,0x08,0x08,0x08,0x10,0x08,0x04,0x00,0x08,0x00,0x00,0x08,0x00,
0x00,0x00,0x00,0x00,0x00,0x00,0x00,0x00,0x00,0x00,0x00,0x00,0x00,0x00,0x00,0x00,0x00,0x00,0x00,0x00,0x00,0x00,0x00,0x00,
0x1f,0xff,0x00,0x00,0x00,0x00,0x00,0x00,0x00,0x00,0x00,0x00,0x1f,0xff,0xf8,0x00,0x00,0x00,0x00,0x00,0x00,0x00,0x00,0x00,
0x1f,0xff,0x00,0x00,0x00,0x00,0x00,0x00,0x00,0x00,0x00,0x00,0x1f,0xff,0xf8,0x00,0x00,0x00,0x00,0x00,0x00,0x00,0x00,0x00,
0x00,0x00,0x00,0x00,0x00,0x00,0x00,0x00,0x00,0x00,0x00,0x00,0x00,0x00,0x00,0x00,0x0f,0x00,0x00,0x3f,0xc0,0x00,0x7f,0xe0,
0x1f,0xff,0xe0,0x07,0xff,0xf0,0x0f,0xff,0xf8,0x1f,0xff,0xfe,0x1f,0xff,0xff,0x1f,0xff,0xff,0x1f,0xff,0xff,0x0f,0xff,0xff,
0x1f,0xff,0xfe,0x03,0xff,0xf8,0x00,0x00,0x00,0x00,0x00,0x00,0x1f,0xff,0xf8,0x00,0x00,0x00,0x00,0x00,0x00,0x00,0x00,0x00,
0x00,0x00,0x00,0x00,0x00,0x00,0x00,0x08,0x00,0x00,0x14,0x00,0x00,0x14,0x00,0x00,0x22,0x00,0x00,0x22,0x00,0x00,0x41,0x00,
0x00,0x4d,0x00,0x00,0x8c,0x80,0x00,0x8c,0x80,0x01,0x0c,0x40,0x01,0x0c,0x20,0x02,0x0c,0x20,0x04,0x0c,0x10,0x04,0x0c,0x10,
0x08,0x00,0x08,0x08,0x00,0x08,0x10,0x08,0x04,0x10,0x1c,0x04,0x20,0x08,0x02,0x20,0x00,0x02,0x7f,0xff,0xff,0x00,0x00,0x00,
0x00,0x00,0x00,0x00,0x00,0x00,0x00,0x08,0x00,0x00,0x14,0x00,0x00,0x14,0x00,0x00,0x22,0x00,0x00,0x22,0x00,0x00,0x41,0x00,
0x00,0x4d,0x00,0x00,0x8c,0x80,0x00,0x8c,0x80,0x01,0x0c,0x40,0x01,0x0c,0x20,0x02,0x0c,0x20,0x04,0x0c,0x10,0x04,0x0c,0x10,
0x08,0x00,0x08,0x08,0x00,0x08,0x10,0x08,0x04,0x10,0x1c,0x04,0x20,0x08,0x02,0x20,0x00,0x02,0x7f,0xff,0xff,0x00,0x00,0x00,
};
const GFXglyph Weather24Glyphs[] PROGMEM = {{0,24,24,24,0,-23},{72,24,24,24,0,-23},{144,24,24,24,0,-23},{216,24,24,24,0,-23},{288,24,24,24,0,-23},{360,24,24,24,0,-23},{432,24,24,24,0,-23},{504,24,24,24,0,-23},{576,24,24,24,0,-23},{648,24,24,24,0,-23},{720,24,24,24,0,-23},{792,24,24,24,0,-23},{864,24,24,24,0,-23},{936,24,24,24,0,-23},{1008,24,24,24,0,-23},{1080,24,24,24,0,-23}};
const GFXfont Weather24 PROGMEM = {(uint8_t*)Weather24Bitmaps,(GFXglyph*)Weather24Glyphs,65,80,24};
const uint8_t Weather48Bitmaps[] PROGMEM = {
0x00,0x00,0x00,0x00,0x00,0x00,0x00,0x00,0x00,0x00,0x00,0x00,0x00,0x00,0x00,0x00,0x00,0x00,0x00,0x00,0x00,0x00,0x00,0x00,
0x00,0x00,0x06,0x00,0x00,0x00,0x00,0x00,0x3c,0x00,0x00,0x00,0x00,0x00,0xfc,0x00,0x00,0x00,0x00,0x01,0xf8,0x00,0x00,0x00,
0x00,0x03,0xf0,0x00,0x00,0x00,0x00,0x0f,0xf0,0x00,0x00,0x00,0x00,0x1f,0xe0,0x00,0x00,0x00,0x00,0x1f,0xe0,0x00,0x00,0x00,
0x00,0x3f,0xe0,0x00,0x00,0x00,0x00,0x7f,0xc0,0x00,0x00,0x00,0x00,0x7f,0xc0,0x00,0x00,0x00,0x00,0xff,0xc0,0x00,0x00,0x00,
0x00,0xff,0xc0,0x00,0x00,0x00,0x01,0xff,0xc0,0x00,0x00,0x00,0x01,0xff,0xc0,0x00,0x00,0x00,0x01,0xff,0xc0,0x00,0x00,0x00,
0x03,0xff,0xc0,0x00,0x00,0x00,0x03,0xff,0xc0,0x00,0x00,0x00,0x03,0xff,0xe0,0x00,0x00,0x00,0x03,0xff,0xe0,0x00,0x00,0x00,
0x03,0xff,0xe0,0x00,0x00,0x00,0x03,0xff,0xf0,0x00,0x00,0x00,0x03,0xff,0xf0,0x00,0x00,0x00,0x03,0xff,0xf8,0x00,0x00,0x00,
0x03,0xff,0xfc,0x00,0x00,0x00,0x01,0xff,0xfc,0x00,0x00,0x00,0x01,0xff,0xfe,0x00,0x00,0x00,0x01,0xff,0xff,0x00,0x00,0x10,
0x00,0xff,0xff,0xc0,0x00,0x60,0x00,0xff,0xff,0xe0,0x00,0xe0,0x00,0x7f,0xff,0xfc,0x07,0xc0,0x00,0x7f,0xff,0xff,0xff,0xc0,
0x00,0x3f,0xff,0xff,0xff,0x80,0x00,0x1f,0xff,0xff,0xff,0x00,0x00,0x1f,0xff,0xff,0xff,0x00,0x00,0x0f,0xff,0xff,0xfe,0x00,
0x00,0x03,0xff,0xff,0xf8,0x00,0x00,0x01,0xff,0xff,0xf0,0x00,0x00,0x00,0xff,0xff,0xe0,0x00,0x00,0x00,0x3f,0xff,0x80,0x00,
0x00,0x00,0x07,0xfc,0x00,0x00,0x00,0x00,0x00,0x00,0x00,0x00,0x00,0x00,0x00,0x00,0x00,0x00,0x00,0x00,0x00,0x00,0x00,0x00,
0x00,0x00,0x00,0x00,0x00,0x00,0x00,0x00,0x00,0x00,0x00,0x00,0x00,0x00,0x00,0x00,0x00,0x00,0x00,0x00,0x00,0x00,0x00,0x00,
0x00,0x00,0x00,0x00,0x00,0x00,0x00,0x00,0x00,0x00,0x00,0x00,0x00,0x00,0x00,0x00,0x00,0x00,0x00,0x00,0x00,0x00,0x00,0x00,
0x00,0x00,0x00,0x00,0x00,0x00,0x00,0x00,0x00,0x00,0x00,0x00,0x00,0x00,0x00,0xfe,0x00,0x00,0x00,0x00,0x03,0xff,0x80,0x00,
0x00,0x00,0x07,0xff,0xc0,0x00,0x00,0x00,0x0f,0xff,0xe0,0x00,0x00,0x00,0x1f,0xff,0xf0,0x00,0x00,0x00,0x3f,0xff,0xf8,0x00,
0x00,0x07,0xff,0xff,0xfc,0x00,0x00,0x1f,0xff,0xff,0xfc,0x00,0x00,0x7f,0xff,0xff,0xfc,0x00,0x00,0xff,0xff,0xff,0xfe,0x00,
0x00,0xff,0xff,0xff,0xff,0x80,0x01,0xff,0xff,0xff,0xff,0xe0,0x01,0xff,0xff,0xff,0xff,0xf8,0x03,0xff,0xff,0xff,0xff,0xfc,
0x03,0xff,0xff,0xff,0xff,0xfc,0x03,0xff,0xff,0xff,0xff,0xfe,0x03,0xff,0xff,0xff,0xff,0xfe,0x03,0xff,0xff,0xff,0xff,0xfe,
0x01,0xff,0xff,0xff,0xff,0xfe,0x01,0xff,0xff,0xff,0xff,0xfe,0x00,0xff,0xff,0xff,0xff,0xfc,0x00,0xff,0xff,0xff,0xff,0xfc,
0x00,0x7f,0xff,0xff,0xff,0xf8,0x00,0x1f,0xff,0xff,0xff,0xe0,0x00,0x07,0xff,0xff,0xff,0x80,0x00,0x00,0x00,0x00,0x00,0x00,
0x00,0x00,0x00,0x00,0x00,0x00,0x00,0x00,0x00,0x00,0x00,0x00,0x00,0x00,0x00,0x00,0x00,0x00,0x00,0x00,0x00,0x00,0x00,0x00,
0x00,0x00,0x00,0x00,0x00,0x00,0x00,0x00,0x00,0x00,0x00,0x00,0x00,0x00,0x00,0x00,0x00,0x00,0x00,0x00,0x00,0x00,0x00,0x00,
0x00,0x00,0x00,0x00,0x00,0x00,0x00,0x00,0x00,0x00,0x00,0x00,0x00,0x00,0x00,0x00,0x00,0x00,0x00,0x00,0x00,0x00,0x00,0x00,
0x00,0x00,0x00,0x00,0x00,0x00,0x00,0x00,0x00,0x00,0x00,0x00,0x00,0x00,0x00,0x00,0x00,0x00,0x00,0x00,0x00,0x00,0x00,0x00,
0x00,0x00,0x00,0x00,0x00,0x00,0x00,0x00,0x00,0x00,0x00,0x00,0x00,0x00,0x00,0x00,0x00,0x00,0x00,0x00,0x00,0x00,0x00,0x00,
0x00,0x00,0x00,0x00,0x00,0x00,0x00,0x00,0x00,0x00,0x00,0x00,0x00,0x00,0x00,0x00,0x00,0x00,0x00,0x00,0x00,0x00,0x00,0x00,
0x00,0x00,0x00,0x00,0x00,0x00,0x00,0x00,0x00,0x00,0x00,0x00,0x00,0x00,0x00,0x00,0x00,0x00,0x00,0x00,0x00,0x00,0x00,0x00,
0x03,0xff,0xff,0xfe,0x00,0x00,0x03,0xff,0xff,0xfe,0x00,0x00,0x00,0x00,0x00,0x00,0x00,0x00,0x00,0x00,0x00,0x00,0x00,0x00,
0x00,0x00,0x00,0x00,0x00,0x00,0x00,0x00,0x00,0x00,0x00,0x00,0x00,0x00,0x00,0x00,0x00,0x00,0x00,0x00,0x00,0x00,0x00,0x00,
0x03,0xff,0xff,0xff,0xff,0x80,0x03,0xff,0xff,0xff,0xff,0x80,0x00,0x00,0x00,0x00,0x00,0x00,0x00,0x00,0x00,0x00,0x00,0x00,
0x00,0x00,0x00,0x00,0x00,0x00,0x00,0x00,0x00,0x00,0x00,0x00,0x00,0x00,0x00,0x00,0x00,0x00,0x00,0x00,0x00,0x00,0x00,0x00,
0x03,0xff,0xff,0xfe,0x00,0x00,0x03,0xff,0xff,0xfe,0x00,0x00,0x00,0x00,0x00,0x00,0x00,0x00,0x00,0x00,0x00,0x00,0x00,0x00,
0x00,0x00,0x00,0x00,0x00,0x00,0x00,0x00,0x00,0x00,0x00,0x00,0x00,0x00,0x00,0x00,0x00,0x00,0x00,0x00,0x00,0x00,0x00,0x00,
0x03,0xff,0xff,0xff,0xff,0x80,0x03,0xff,0xff,0xff,0xff,0x80,0x00,0x00,0x00,0x00,0x00,0x00,0x00,0x00,0x00,0x00,0x00,0x00,
0x00,0x00,0x00,0x00,0x00,0x00,0x00,0x00,0x00,0x00,0x00,0x00,0x00,0x00,0x00,0x00,0x00,0x00,0x00,0x00,0x00,0x00,0x00,0x00,
0x00,0x00,0x00,0x00,0x00,0x00,0x00,0x00,0x00,0x00,0x00,0x00,0x00,0x00,0x00,0x00,0x00,0x00,0x00,0x00,0x00,0x00,0x00,0x00,
0x00,0x00,0x00,0x00,0x00,0x00,0x00,0x00,0x00,0x00,0x00,0x00,0x00,0x00,0x00,0x00,0x00,0x00,0x00,0x00,0x00,0x00,0x00,0x00,
0x00,0x00,0x00,0x00,0x00,0x00,0x00,0x00,0x00,0x00,0x00,0x00,0x00,0x00,0x00,0xfe,0x00,0x00,0x00,0x00,0x03,0xff,0x80,0x00,
0x00,0x00,0x07,0xff,0xc0,0x00,0x00,0x00,0x0f,0xff,0xe0,0x00,0x00,0x00,0x1f,0xff,0xf0,0x00,0x00,0x00,0x3f,0xff,0xf8,0x00,
0x00,0x07,0xff,0xff,0xfc,0x00,0x00,0x1f,0xff,0xff,0xfc,0x00,0x00,0x7f,0xff,0xff,0xfc,0x00,0x00,0xff,0xff,0xff,0xfe,0x00,
0x00,0xff,0xff,0xff,0xff,0x80,0x01,0xff,0xff,0xff,0xff,0xe0,0x01,0xff,0xff,0xff,0xff,0xf8,0x03,0xff,0xff,0xff,0xff,0xfc,
0x03,0xff,0xff,0xff,0xff,0xfc,0x03,0xff,0xff,0xff,0xff,0xfe,0x03,0xff,0xff,0xff,0xff,0xfe,0x03,0xff,0xff,0xff,0xff,0xfe,
0x01,0xff,0xff,0xff,0xff,0xfe,0x01,0xff,0xff,0xff,0xff,0xfe,0x00,0xff,0xff,0xff,0xff,0xfc,0x00,0xff,0xff,0xff,0xff,0xfc,
0x00,0x7f,0xff,0xff,0xff,0xf8,0x00,0x1f,0xff,0xff,0xff,0xe0,0x00,0x07,0xff,0xff,0xff,0x80,0x00,0x00,0x00,0x00,0x00,0x00,
0x00,0x00,0x00,0x00,0x00,0x00,0x00,0x00,0x00,0x00,0x00,0x00,0x00,0x00,0x00,0x00,0x00,0x00,0x00,0x00,0x00,0x00,0x00,0x00,
0x00,0x70,0x01,0xc0,0x01,0xc0,0x00,0xf8,0x03,0xe0,0x03,0xe0,0x00,0xf8,0x03,0xe0,0x03,0xe0,0x00,0xf8,0x03,0xe0,0x03,0xe0,
0x00,0x70,0x01,0xc0,0x01,0xc0,0x00,0x00,0x00,0x00,0x00,0x00,0x00,0x00,0x00,0x00,0x00,0x00,0x00,0x00,0x00,0x00,0x00,0x00,
0x00,0x00,0x00,0x00,0x00,0x00,0x00,0x00,0x00,0x00,0x00,0x00,0x00,0x00,0x00,0x00,0x00,0x00,0x00,0x00,0x00,0x00,0x00,0x00,
0x00,0x00,0x00,0x00,0x00,0x00,0x00,0x00,0x00,0x00,0x00,0x00,0x00,0x00,0x00,0x00,0x00,0x00,0x00,0x00,0x00,0x00,0x00,0x00,
0x00,0x00,0x00,0x00,0x00,0x00,0x00,0x00,0x00,0x00,0x00,0x00,0x00,0x00,0x00,0xfe,0x00,0x00,0x00,0x00,0x03,0xff,0x80,0x00,
0x00,0x00,0x07,0xff,0xc0,0x00,0x00,0x00,0x0f,0xff,0xe0,0x00,0x00,0x00,0x1f,0xff,0xf0,0x00,0x00,0x00,0x3f,0xff,0xf8,0x00,
0x00,0x07,0xff,0xff,0xfc,0x00,0x00,0x1f,0xff,0xff,0xfc,0x00,0x00,0x7f,0xff,0xff,0xfc,0x00,0x00,0xff,0xff,0xff,0xfe,0x00,
0x00,0xff,0xff,0xff,0xff,0x80,0x01,0xff,0xff,0xff,0xff,0xe0,0x01,0xff,0xff,0xff,0xff,0xf8,0x03,0xff,0xff,0xff,0xff,0xfc,
0x03,0xff,0xff,0xff,0xff,0xfc,0x03,0xff,0xff,0xff,0xff,0xfe,0x03,0xff,0xff,0xff,0xff,0xfe,0x03,0xff,0xff,0xff,0xff,0xfe,
0x01,0xff,0xff,0xff,0xff,0xfe,0x01,0xff,0xff,0xff,0xff,0xfe,0x00,0xff,0xff,0xff,0xff,0xfc,0x00,0xff,0xff,0xff,0xff,0xfc,
0x00,0x7f,0xff,0xff,0xff,0xf8,0x00,0x1f,0xff,0xff,0xff,0xe0,0x00,0x07,0xff,0xff,0xff,0x80,0x00,0x00,0x1f,0xf8,0x00,0x00,
0x00,0x00,0x3f,0xf8,0x00,0x00,0x00,0x00,0x03,0xf0,0x00,0x00,0x00,0x00,0x07,0xfe,0x00,0x00,0x00,0x00,0x07,0xfc,0x00,0x00,
0x00,0x00,0x07,0xf8,0x00,0x00,0x00,0x00,0x0f,0xe0,0x00,0x00,0x00,0x00,0x0f,0xc0,0x00,0x00,0x00,0x00,0x0f,0x80,0x00,0x00,
0x00,0x00,0x1f,0x00,0x00,0x00,0x00,0x00,0x1e,0x00,0x00,0x00,0x00,0x00,0x18,0x00,0x00,0x00,0x00,0x00,0x30,0x00,0x00,0x00,
0x00,0x00,0x00,0x00,0x00,0x00,0x00,0x00,0x00,0x00,0x00,0x00,0x00,0x00,0x00,0x00,0x00,0x00,0x00,0x00,0x00,0x00,0x00,0x00,
0x00,0x00,0x00,0x00,0x00,0x00,0x00,0x00,0x00,0x00,0x00,0x00,0x00,0x00,0x00,0x00,0x00,0x00,0x00,0x00,0x00,0x00,0x00,0x00,
0x00,0x00,0x00,0x00,0x00,0x00,0x00,0x00,0x00,0x00,0x00,0x00,0x00,0x00,0x00,0xfe,0x00,0x00,0x00,0x00,0x03,0xff,0x80,0x00,
0x00,0x00,0x07,0xff,0xc0,0x00,0x00,0x00,0x0f,0xff,0xe0,0x00,0x00,0x00,0x1f,0xff,0xf0,0x00,0x00,0x00,0x3f,0xff,0xf8,0x00,
0x00,0x07,0xff,0xff,0xfc,0x00,0x00,0x1f,0xff,0xff,0xfc,0x00,0x00,0x7f,0xff,0xff,0xfc,0x00,0x00,0xff,0xff,0xff,0xfe,0x00,
0x00,0xff,0xff,0xff,0xff,0x80,0x01,0xff,0xff,0xff,0xff,0xe0,0x01,0xff,0xff,0xff,0xff,0xf8,0x03,0xff,0xff,0xff,0xff,0xfc,
0x03,0xff,0xff,0xff,0xff,0xfc,0x03,0xff,0xff,0xff,0xff,0xfe,0x03,0xff,0xff,0xff,0xff,0xfe,0x03,0xff,0xff,0xff,0xff,0xfe,
0x01,0xff,0xff,0xff,0xff,0xfe,0x01,0xff,0xff,0xff,0xff,0xfe,0x00,0xff,0xff,0xff,0xff,0xfc,0x00,0xff,0xff,0xff,0xff,0xfc,
0x00,0x7f,0xff,0xff,0xff,0xf8,0x00,0x1f,0xff,0xff,0xff,0xe0,0x00,0x07,0xff,0xff,0xff,0x80,0x00,0x00,0x1f,0xf8,0x00,0x00,
0x00,0x00,0x3f,0xf8,0x00,0x00,0x00,0x00,0x03,0xf0,0x00,0x00,0x00,0x30,0x07,0xfe,0x0c,0x00,0x00,0x30,0x07,0xfc,0x0c,0x00,
0x00,0x60,0x07,0xf8,0x18,0x00,0x00,0x60,0x0f,0xe0,0x18,0x00,0x00,0x60,0x0f,0xc0,0x18,0x00,0x00,0xc0,0x0f,0x80,0x30,0x00,
0x00,0xc0,0x1f,0x00,0x30,0x00,0x00,0x00,0x1e,0x00,0x00,0x00,0x00,0x00,0x18,0x00,0x00,0x00,0x00,0x00,0x30,0x00,0x00,0x00,
0x00,0x00,0x00,0x00,0x00,0x00,0x00,0x00,0x00,0x00,0x00,0x00,0x00,0x1f,0xc0,0x00,0x00,0x00,0x00,0x7f,0xf0,0x00,0x00,0x00,
0x01,0xe0,0x3c,0x00,0x00,0x00,0x03,0x80,0x0e,0x00,0x00,0x00,0x07,0x00,0x07,0x00,0x00,0x00,0x0e,0x00,0x03,0x80,0x00,0x00,
0x0c,0x00,0x01,0x80,0x00,0x00,0x18,0x00,0x00,0xc0,0x00,0x00,0x18,0x00,0x00,0xfe,0x00,0x00,0x30,0x00,0x03,0xff,0x80,0x00,
0x30,0x00,0x07,0xff,0xc0,0x00,0x30,0x00,0x0f,0xff,0xe0,0x00,0x30,0x00,0x1f,0xff,0xf0,0x00,0x30,0x00,0x3f,0xff,0xf8,0x00,
0x30,0x07,0xff,0xff,0xfc,0x00,0x30,0x1f,0xff,0xff,0xfc,0x00,0x18,0x7f,0xff,0xff,0xfc,0x00,0x18,0xff,0xff,0xff,0xfe,0x00,
0x0c,0xff,0xff,0xff,0xff,0x80,0x0f,0xff,0xff,0xff,0xff,0xe0,0x07,0xff,0xff,0xff,0xff,0xf8,0x03,0xff,0xff,0xff,0xff,0xfc,
0x03,0xff,0xff,0xff,0xff,0xfc,0x03,0xff,0xff,0xff,0xff,0xfe,0x03,0xff,0xff,0xff,0xff,0xfe,0x03,0xff,0xff,0xff,0xff,0xfe,
0x01,0xff,0xff,0xff,0xff,0xfe,0x01,0xff,0xff,0xff,0xff,0xfe,0x00,0xff,0xff,0xff,0xff,0xfc,0x00,0xff,0xff,0xff,0xff,0xfc,
0x00,0x7f,0xff,0xff,0xff,0xf8,0x00,0x1f,0xff,0xff,0xff,0xe0,0x00,0x07,0xff,0xff,0xff,0x80,0x00,0x00,0x00,0x00,0x00,0x00,
0x00,0x00,0x00,0x00,0x00,0x00,0x00,0x00,0x00,0x00,0x00,0x00,0x00,0x00,0x00,0x00,0x00,0x00,0x00,0x00,0x00,0x00,0x00,0x00,
0x00,0x00,0x00,0x00,0x00,0x00,0x00,0x00,0x00,0x00,0x00,0x00,0x00,0x00,0x00,0x00,0x00,0x00,0x00,0x00,0x00,0x00,0x00,0x00,
0x00,0x00,0x00,0x00,0x00,0x00,0x00,0x00,0x00,0x00,0x00,0x00,0x00,0x00,0x00,0x00,0x00,0x00,0x00,0x00,0x00,0x00,0x00,0x00,
0x00,0x00,0x00,0x00,0x00,0x00,0x00,0x00,0x00,0x00,0x00,0x00,0x00,0x00,0x00,0x00,0x00,0x00,0x00,0x00,0x00,0x00,0x00,0x00,
0x00,0x00,0x00,0x00,0x00,0x00,0x00,0x00,0x00,0x00,0x00,0x00,0x00,0x00,0x00,0x00,0x00,0x00,0x00,0x00,0x00,0x00,0x00,0x00,
0x00,0x00,0x00,0x00,0x00,0x00,0x00,0x00,0x00,0x00,0x00,0x00,0x00,0x00,0x00,0xfe,0x00,0x00,0x00,0x00,0x03,0xff,0x80,0x00,
0x00,0x00,0x07,0xff,0xc0,0x00,0x00,0x00,0x0f,0xff,0xe0,0x00,0x00,0x00,0x1f,0xff,0xf0,0x00,0x00,0x00,0x3f,0xff,0xf8,0x00,
0x00,0x07,0xff,0xff,0xfc,0x00,0x00,0x1f,0xff,0xff,0xfc,0x00,0x00,0x7f,0xff,0xff,0xfc,0x00,0x00,0xff,0xff,0xff,0xfe,0x00,
0x00,0xff,0xff,0xff,0xff,0x80,0x01,0xff,0xff,0xff,0xff,0xe0,0x01,0xff,0xff,0xff,0xff,0xf8,0x03,0xff,0xff,0xff,0xff,0xfc,
0x03,0xff,0xff,0xff,0xff,0xfc,0x03,0xff,0xff,0xff,0xff,0xfe,0x03,0xff,0xff,0xff,0xff,0xfe,0x03,0xff,0xff,0xff,0xff,0xfe,
0x01,0xff,0xff,0xff,0xff,0xfe,0x01,0xff,0xff,0xff,0xff,0xfe,0x00,0xff,0xff,0xff,0xff,0xfc,0x00,0xff,0xff,0xff,0xff,0xfc,
0x00,0x7f,0xff,0xff,0xff,0xf8,0x00,0x1f,0xff,0xff,0xff,0xe0,0x00,0x07,0xff,0xff,0xff,0x80,0x00,0x00,0x00,0x00,0x00,0x00,
0x00,0x00,0x00,0x00,0x00,0x00,0x00,0x40,0x04,0x00,0x10,0x00,0x00,0x78,0x07,0x80,0x1e,0x00,0x00,0xf8,0x0f,0x80,0x3e,0x00,
0x00,0xf0,0x0f,0x00,0x3c,0x00,0x00,0xf0,0x0f,0x00,0x3c,0x00,0x01,0xf0,0x1f,0x00,0x7c,0x00,0x01,0xe0,0x1e,0x00,0x78,0x00,
0x00,0x20,0x02,0x00,0x08,0x00,0x00,0x00,0x00,0x00,0x00,0x00,0x00,0x00,0x00,0x00,0x00,0x00,0x00,0x00,0x00,0x00,0x00,0x00,
0x00,0x00,0x00,0x00,0x00,0x00,0x00,0x00,0x00,0x00,0x00,0x00,0x00,0x00,0x00,0x00,0x00,0x00,0x00,0x00,0x00,0x00,0x00,0x00,
0x00,0x00,0x00,0x00,0x00,0x00,0x00,0x00,0x00,0x00,0x00,0x00,0x00,0x00,0x00,0x00,0x00,0x00,0x00,0x00,0x00,0x00,0x00,0x00,
0x00,0x00,0x00,0x00,0x00,0x00,0x00,0x00,0x00,0x00,0x00,0x00,0x00,0x00,0x00,0xfe,0x00,0x00,0x00,0x00,0x03,0xff,0x80,0x00,
0x00,0x00,0x07,0xff,0xc0,0x00,0x00,0x00,0x0f,0xff,0xe0,0x00,0x00,0x00,0x1f,0xff,0xf0,0x00,0x00,0x00,0x3f,0xff,0xf8,0x00,
0x00,0x07,0xff,0xff,0xfc,0x00,0x00,0x1f,0xff,0xff,0xfc,0x00,0x00,0x7f,0xff,0xff,0xfc,0x00,0x00,0xff,0xff,0xff,0xfe,0x00,
0x00,0xff,0xff,0xff,0xff,0x80,0x01,0xff,0xff,0xff,0xff,0xe0,0x01,0xff,0xff,0xff,0xff,0xf8,0x03,0xff,0xff,0xff,0xff,0xfc,
0x03,0xff,0xff,0xff,0xff,0xfc,0x03,0xff,0xff,0xff,0xff,0xfe,0x03,0xff,0xff,0xff,0xff,0xfe,0x03,0xff,0xff,0xff,0xff,0xfe,
0x01,0xff,0xff,0xff,0xff,0xfe,0x01,0xff,0xff,0xff,0xff,0xfe,0x00,0xff,0xff,0xff,0xff,0xfc,0x00,0xff,0xff,0xff,0xff,0xfc,
0x00,0x7f,0xff,0xff,0xff,0xf8,0x00,0x1f,0xff,0xff,0xff,0xe0,0x00,0x07,0xff,0xff,0xff,0x80,0x00,0x00,0x00,0x00,0x00,0x00,
0x00,0x00,0x00,0x00,0x00,0x00,0x00,0x00,0x00,0x00,0x00,0x00,0x00,0x30,0x03,0x00,0x0c,0x00,0x00,0x30,0x03,0x00,0x0c,0x00,
0x00,0x60,0x06,0x00,0x18,0x00,0x00,0x60,0x06,0x00,0x18,0x00,0x00,0x60,0x06,0x00,0x18,0x00,0x00,0xc0,0x0c,0x00,0x30,0x00,
0x00,0xc0,0x0c,0x00,0x30,0x00,0x00,0x00,0x00,0x00,0x00,0x00,0x00,0x00,0x00,0x00,0x00,0x00,0x00,0x00,0x00,0x00,0x00,0x00,
0x00,0x00,0x00,0x00,0x00,0x00,0x00,0x00,0x00,0x00,0x00,0x00,0x00,0x00,0x00,0x00,0x00,0x00,0x00,0x00,0x00,0x00,0x00,0x00,
0x00,0x00,0x00,0x00,0x00,0x00,0x00,0x00,0x00,0x00,0x00,0x00,0x00,0x00,0x00,0x00,0x00,0x00,0x00,0x00,0x00,0x00,0x00,0x00,
0x00,0x00,0x00,0x00,0x00,0x00,0x00,0x00,0x00,0x00,0x00,0x00,0x00,0x00,0x00,0xfe,0x00,0x00,0x00,0x00,0x03,0xff,0x80,0x00,
0x00,0x00,0x07,0xff,0xc0,0x00,0x00,0x00,0x0f,0xff,0xe0,0x00,0x00,0x00,0x1f,0xff,0xf0,0x00,0x00,0x00,0x3f,0xff,0xf8,0x00,
0x00,0x07,0xff,0xff,0xfc,0x00,0x00,0x1f,0xff,0xff,0xfc,0x00,0x00,0x7f,0xff,0xff,0xfc,0x00,0x00,0xff,0xff,0xff,0xfe,0x00,
0x00,0xff,0xff,0xff,0xff,0x80,0x01,0xff,0xff,0xff,0xff,0xe0,0x01,0xff,0xff,0xff,0xff,0xf8,0x03,0xff,0xff,0xff,0xff,0xfc,
0x03,0xff,0xff,0xff,0xff,0xfc,0x03,0xff,0xff,0xff,0xff,0xfe,0x03,0xff,0xff,0xff,0xff,0xfe,0x03,0xff,0xff,0xff,0xff,0xfe,
0x01,0xff,0xff,0xff,0xff,0xfe,0x01,0xff,0xff,0xff,0xff,0xfe,0x00,0xff,0xff,0xff,0xff,0xfc,0x00,0xff,0xff,0xff,0xff,0xfc,
0x00,0x7f,0xff,0xff,0xff,0xf8,0x00,0x1f,0xff,0xff,0xff,0xe0,0x00,0x07,0xff,0xff,0xff,0x80,0x00,0x00,0x00,0x00,0x00,0x00,
0x00,0x00,0x00,0x00,0x00,0x00,0x00,0x00,0x00,0x00,0x00,0x00,0x00,0x30,0x00,0xc0,0x00,0xc0,0x00,0x30,0x00,0xc0,0x00,0xc0,
0x00,0x30,0x00,0xc0,0x00,0xc0,0x00,0x30,0x00,0xc0,0x00,0xc0,0x03,0xfe,0x0f,0xf8,0x0f,0xf8,0x03,0xfe,0x0f,0xf8,0x0f,0xf8,
0x00,0x30,0x00,0xc0,0x00,0xc0,0x00,0x30,0x00,0xc0,0x00,0xc0,0x00,0x30,0x00,0xc0,0x00,0xc0,0x00,0x00,0x00,0x00,0x00,0x00,
0x00,0x00,0x00,0x00,0x00,0x00,0x00,0x00,0x00,0x00,0x00,0x00,0x00,0x00,0x00,0x00,0x00,0x00,0x00,0x00,0x00,0x00,0x00,0x00,
0x00,0x00,0x00,0x00,0x00,0x00,0x00,0x00,0x00,0x00,0x00,0x00,0x00,0x00,0x00,0x00,0x00,0x00,0x00,0x00,0x00,0x00,0x00,0x00,
0x00,0x00,0x00,0x00,0x00,0x00,0x00,0x00,0x00,0x00,0x00,0x00,0x00,0x00,0x00,0xfe,0x00,0x00,0x00,0x00,0x03,0xff,0x80,0x00,
0x00,0x00,0x07,0xff,0xc0,0x00,0x00,0x00,0x0f,0xff,0xe0,0x00,0x00,0x00,0x1f,0xff,0xf0,0x00,0x00,0x00,0x3f,0xff,0xf8,0x00,
0x00,0x07,0xff,0xff,0xfc,0x00,0x00,0x1f,0xff,0xff,0xfc,0x00,0x00,0x7f,0xff,0xff,0xfc,0x00,0x00,0xff,0xff,0xff,0xfe,0x00,
0x00,0xff,0xff,0xff,0xff,0x80,0x01,0xff,0xff,0xff,0xff,0xe0,0x01,0xff,0xff,0xff,0xff,0xf8,0x03,0xff,0xff,0xff,0xff,0xfc,
0x03,0xff,0xff,0xff,0xff,0xfc,0x03,0xff,0xff,0xff,0xff,0xfe,0x03,0xff,0xff,0xff,0xff,0xfe,0x03,0xff,0xff,0xff,0xff,0xfe,
0x01,0xff,0xff,0xff,0xff,0xfe,0x01,0xff,0xff,0xff,0xff,0xfe,0x00,0xff,0xff,0xff,0xff,0xfc,0x00,0xff,0xff,0xff,0xff,0xfc,
0x00,0x7f,0xff,0xff,0xff,0xf8,0x00,0x1f,0xff,0xff,0xff,0xe0,0x00,0x07,0xff,0xff,0xff,0x80,0x00,0x00,0x00,0x00,0x00,0x00,
0x00,0x00,0x00,0x00,0x00,0x00,0x00,0x00,0x00,0x00,0x00,0x00,0x00,0x30,0x03,0xc0,0x0c,0xc0,0x00,0x30,0x03,0xc0,0x0c,0xc0,
0x00,0x70,0x06,0xc0,0x18,0xc0,0x00,0x70,0x06,0xc0,0x18,0xc0,0x03,0xfe,0x0f,0xf8,0x1f,0xf8,0x03,0xfe,0x0f,0xf8,0x3f,0xf8,
0x00,0xf0,0x0c,0xc0,0x30,0xc0,0x00,0x30,0x00,0xc0,0x00,0xc0,0x00,0x30,0x00,0xc0,0x00,0xc0,0x00,0x00,0x00,0x00,0x00,0x00,
0x00,0x00,0x00,0x00,0x00,0x00,0x00,0x00,0x00,0x00,0x00,0x00,0x00,0x00,0x00,0xc0,0x00,0x00,0x00,0x00,0x00,0xc0,0x00,0x00,
0x00,0x00,0x00,0xc0,0x00,0x00,0x00,0x00,0x00,0xc0,0x00,0x00,0x01,0x00,0x00,0xc0,0x00,0x40,0x03,0x80,0x00,0xc0,0x00,0xe0,
0x01,0xc0,0x00,0xc0,0x01,0xc0,0x00,0xe0,0x00,0x00,0x03,0x80,0x00,0x70,0x00,0x00,0x07,0x00,0x00,0x20,0x00,0x00,0x02,0x00,
0x00,0x00,0x00,0x00,0x00,0x00,0x00,0x00,0x00,0x00,0x00,0x00,0x00,0x00,0x07,0xf0,0x00,0x00,0x00,0x00,0x1f,0xfc,0x00,0x00,
0x00,0x00,0x3f,0xfe,0x00,0x00,0x00,0x00,0x7f,0xff,0x00,0x00,0x00,0x00,0xff,0xff,0x80,0x00,0x00,0x01,0xff,0xff,0xc0,0x00,
0x00,0x01,0xff,0xff,0xc0,0x00,0x00,0x03,0xff,0xff,0xe0,0x00,0x00,0x03,0xff,0xff,0xe0,0x00,0x00,0x03,0xff,0xff,0xe0,0x00,
0x3f,0x83,0xff,0xff,0xe0,0xfe,0x3f,0x83,0xff,0xff,0xe0,0xfe,0x00,0x03,0xff,0xff,0xe0,0x00,0x00,0x03,0xff,0xff,0xe0,0x00,
0x00,0x01,0xff,0xff,0xc0,0x00,0x00,0x01,0xff,0xff,0xc0,0x00,0x00,0x00,0xff,0xff,0x80,0x00,0x00,0x00,0x7f,0xff,0x00,0x00,
0x00,0x00,0x3f,0xfe,0x00,0x00,0x00,0x00,0x1f,0xfc,0x00,0x00,0x00,0x00,0x07,0xf0,0x00,0x00,0x00,0x00,0x00,0x00,0x00,0x00,
0x00,0x00,0x00,0x00,0x00,0x00,0x00,0x00,0x00,0x00,0x00,0x00,0x00,0x40,0x00,0x00,0x01,0x00,0x00,0xe0,0x00,0x00,0x03,0x80,
0x01,0xc0,0x00,0xc0,0x01,0xc0,0x03,0x80,0x00,0xc0,0x00,0xe0,0x07,0x00,0x00,0xc0,0x00,0x70,0x02,0x00,0x00,0xc0,0x00,0x20,
0x00,0x00,0x00,0xc0,0x00,0x00,0x00,0x00,0x00,0xc0,0x00,0x00,0x00,0x00,0x00,0xc0,0x00,0x00,0x00,0x00,0x00,0x00,0x00,0x00,
0x00,0x00,0x00,0x00,0x00,0x00,0x00,0x00,0x00,0x00,0x00,0x00,0x00,0x00,0x00,0x00,0x00,0x00,0x00,0x00,0x00,0x00,0x00,0x00,
0x00,0x00,0x00,0x00,0x00,0x00,0x00,0x00,0x00,0x00,0x00,0x00,0x00,0x00,0x00,0x00,0x00,0x00,0x00,0x00,0x00,0x00,0x00,0x00,
0x00,0x00,0x00,0x00,0x00,0x00,0x00,0x00,0x00,0x00,0x00,0x00,0x00,0x00,0x00,0x00,0x00,0x00,0x00,0x00,0x00,0x00,0x00,0x00,
0x00,0x00,0x00,0x00,0x00,0x00,0x00,0x00,0x00,0x00,0x00,0x00,0x00,0x00,0x00,0x00,0x00,0x00,0x00,0x00,0x00,0x00,0x00,0x00,
0x03,0xff,0xff,0xfe,0x00,0x00,0x03,0xff,0xff,0xfe,0x00,0x00,0x00,0x00,0x00,0x00,0x00,0x00,0x00,0x00,0x00,0x00,0x00,0x00,
0x00,0x00,0x00,0x00,0x00,0x00,0x00,0x00,0x00,0x00,0x00,0x00,0x00,0x00,0x00,0x00,0x00,0x00,0x00,0x00,0x00,0x00,0x00,0x00,
0x03,0xff,0xff,0xff,0xff,0x80,0x03,0xff,0xff,0xff,0xff,0x80,0x00,0x00,0x00,0x00,0x00,0x00,0x00,0x00,0x00,0x00,0x00,0x00,
0x00,0x00,0x00,0x00,0x00,0x00,0x00,0x00,0x00,0x00,0x00,0x00,0x00,0x00,0x00,0x00,0x00,0x00,0x00,0x00,0x00,0x00,0x00,0x00,
0x03,0xff,0xff,0xfe,0x00,0x00,0x03,0xff,0xff,0xfe,0x00,0x00,0x00,0x00,0x00,0x00,0x00,0x00,0x00,0x00,0x00,0x00,0x00,0x00,
0x00,0x00,0x00,0x00,0x00,0x00,0x00,0x00,0x00,0x00,0x00,0x00,0x00,0x00,0x00,0x00,0x00,0x00,0x00,0x00,0x00,0x00,0x00,0x00,
0x03,0xff,0xff,0xff,0xff,0x80,0x03,0xff,0xff,0xff,0xff,0x80,0x00,0x00,0x00,0x00,0x00,0x00,0x00,0x00,0x00,0x00,0x00,0x00,
0x00,0x00,0x00,0x00,0x00,0x00,0x00,0x00,0x00,0x00,0x00,0x00,0x00,0x00,0x00,0x00,0x00,0x00,0x00,0x00,0x00,0x00,0x00,0x00,
0x00,0x00,0x00,0x00,0x00,0x00,0x00,0x00,0x00,0x00,0x00,0x00,0x00,0x00,0x00,0x00,0x00,0x00,0x00,0x00,0x00,0x00,0x00,0x00,
0x00,0x00,0x00,0x00,0x00,0x00,0x00,0x00,0x00,0x00,0x00,0x00,0x00,0x00,0x00,0x00,0x00,0x00,0x00,0x00,0x00,0x00,0x00,0x00,
0x00,0x00,0x00,0x00,0x00,0x00,0x00,0x00,0x00,0x00,0x00,0x00,0x00,0x00,0x00,0xfe,0x00,0x00,0x00,0x00,0x03,0xff,0x80,0x00,
0x00,0x00,0x07,0xff,0xc0,0x00,0x00,0x00,0x0f,0xff,0xe0,0x00,0x00,0x00,0x1f,0xff,0xf0,0x00,0x00,0x00,0x3f,0xff,0xf8,0x00,
0x03,0xff,0xff,0xff,0xfc,0x00,0x03,0xff,0xff,0xff,0xfc,0x00,0x00,0x7f,0xff,0xff,0xfc,0x00,0x00,0xff,0xff,0xff,0xfe,0x00,
0x00,0xff,0xff,0xff,0xff,0x80,0x01,0xff,0xff,0xff,0xff,0xe0,0x01,0xff,0xff,0xff,0xff,0xf8,0x03,0xff,0xff,0xff,0xff,0xfc,
0x03,0xff,0xff,0xff,0xff,0xfc,0x03,0xff,0xff,0xff,0xff,0xfe,0x03,0xff,0xff,0xff,0xff,0xfe,0x03,0xff,0xff,0xff,0xff,0xfe,
0x01,0xff,0xff,0xff,0xff,0xfe,0x01,0xff,0xff,0xff,0xff,0xfe,0x00,0xff,0xff,0xff,0xff,0xfc,0x00,0xff,0xff,0xff,0xff,0xfc,
0x03,0xff,0xff,0xff,0xff,0xf8,0x03,0xff,0xff,0xff,0xff,0xe0,0x00,0x07,0xff,0xff,0xff,0x80,0x00,0x00,0x00,0x00,0x00,0x00,
0x00,0x00,0x00,0x00,0x00,0x00,0x00,0x00,0x00,0x00,0x00,0x00,0x00,0x00,0x00,0x00,0x00,0x00,0x00,0x00,0x00,0x00,0x00,0x00,
0x03,0xff,0xff,0xff,0xff,0x80,0x03,0xff,0xff,0xff,0xff,0x80,0x00,0x00,0x00,0x00,0x00,0x00,0x00,0x00,0x00,0x00,0x00,0x00,
0x00,0x00,0x00,0x00,0x00,0x00,0x00,0x00,0x00,0x00,0x00,0x00,0x00,0x00,0x00,0x00,0x00,0x00,0x00,0x00,0x00,0x00,0x00,0x00,
0x00,0x00,0x00,0x00,0x00,0x00,0x00,0x00,0x00,0x00,0x00,0x00,0x00,0x00,0x00,0x00,0x00,0x00,0x00,0x00,0x00,0x00,0x00,0x00,
0x00,0x00,0x00,0x80,0x00,0x00,0x00,0x00,0x01,0xc0,0x00,0x00,0x00,0x00,0x01,0xc0,0x00,0x00,0x00,0x00,0x03,0x60,0x00,0x00,
0x00,0x00,0x03,0x60,0x00,0x00,0x00,0x00,0x06,0x30,0x00,0x00,0x00,0x00,0x06,0x30,0x00,0x00,0x00,0x00,0x0c,0x18,0x00,0x00,
0x00,0x00,0x0c,0x18,0x00,0x00,0x00,0x00,0x18,0x0c,0x00,0x00,0x00,0x00,0x10,0x04,0x00,0x00,0x00,0x00,0x30,0x06,0x00,0x00,
0x00,0x00,0x61,0xe3,0x00,0x00,0x00,0x00,0x61,0xe3,0x00,0x00,0x00,0x00,0xc1,0xe1,0x80,0x00,0x00,0x00,0xc1,0xe1,0x80,0x00,
0x00,0x01,0x81,0xe0,0xc0,0x00,0x00,0x01,0x81,0xe0,0xc0,0x00,0x00,0x03,0x01,0xe0,0x60,0x00,0x00,0x03,0x01,0xe0,0x60,0x00,
0x00,0x06,0x01,0xe0,0x30,0x00,0x00,0x0c,0x01,0xe0,0x18,0x00,0x00,0x0c,0x01,0xe0,0x18,0x00,0x00,0x18,0x01,0xe0,0x0c,0x00,
0x00,0x18,0x01,0xe0,0x0c,0x00,0x00,0x30,0x01,0xe0,0x06,0x00,0x00,0x30,0x01,0xe0,0x06,0x00,0x00,0x60,0x00,0x00,0x03,0x00,
0x00,0x60,0x00,0x00,0x03,0x00,0x00,0xc0,0x00,0x00,0x01,0x80,0x00,0x80,0x00,0x00,0x00,0x80,0x01,0x80,0x00,0x00,0x00,0xc0,
0x03,0x00,0x01,0xc0,0x00,0x60,0x03,0x00,0x03,0xe0,0x00,0x60,0x06,0x00,0x03,0xe0,0x00,0x30,0x06,0x00,0x03,0xe0,0x00,0x30,
0x0c,0x00,0x01,0xc0,0x00,0x18,0x0c,0x00,0x00,0x00,0x00,0x18,0x18,0x00,0x00,0x00,0x00,0x0c,0x1f,0xff,0xff,0xff,0xff,0xfc,
0x3f,0xff,0xff,0xff,0xff,0xfe,0x00,0x00,0x00,0x00,0x00,0x00,0x00,0x00,0x00,0x00,0x00,0x00,0x00,0x00,0x00,0x00,0x00,0x00,
0x00,0x00,0x00,0x00,0x00,0x00,0x00,0x00,0x00,0x00,0x00,0x00,0x00,0x00,0x00,0x00,0x00,0x00,0x00,0x00,0x00,0x00,0x00,0x00,
0x00,0x00,0x00,0x80,0x00,0x00,0x00,0x00,0x01,0xc0,0x00,0x00,0x00,0x00,0x01,0xc0,0x00,0x00,0x00,0x00,0x03,0x60,0x00,0x00,
0x00,0x00,0x03,0x60,0x00,0x00,0x00,0x00,0x06,0x30,0x00,0x00,0x00,0x00,0x06,0x30,0x00,0x00,0x00,0x00,0x0c,0x18,0x00,0x00,
0x00,0x00,0x0c,0x18,0x00,0x00,0x00,0x00,0x18,0x0c,0x00,0x00,0x00,0x00,0x10,0x04,0x00,0x00,0x00,0x00,0x30,0x06,0x00,0x00,
0x00,0x00,0x61,0xe3,0x00,0x00,0x00,0x00,0x61,0xe3,0x00,0x00,0x00,0x00,0xc1,0xe1,0x80,0x00,0x00,0x00,0xc1,0xe1,0x80,0x00,
0x00,0x01,0x81,0xe0,0xc0,0x00,0x00,0x01,0x81,0xe0,0xc0,0x00,0x00,0x03,0x01,0xe0,0x60,0x00,0x00,0x03,0x01,0xe0,0x60,0x00,
0x00,0x06,0x01,0xe0,0x30,0x00,0x00,0x0c,0x01,0xe0,0x18,0x00,0x00,0x0c,0x01,0xe0,0x18,0x00,0x00,0x18,0x01,0xe0,0x0c,0x00,
0x00,0x18,0x01,0xe0,0x0c,0x00,0x00,0x30,0x01,0xe0,0x06,0x00,0x00,0x30,0x01,0xe0,0x06,0x00,0x00,0x60,0x00,0x00,0x03,0x00,
0x00,0x60,0x00,0x00,0x03,0x00,0x00,0xc0,0x00,0x00,0x01,0x80,0x00,0x80,0x00,0x00,0x00,0x80,0x01,0x80,0x00,0x00,0x00,0xc0,
0x03,0x00,0x01,0xc0,0x00,0x60,0x03,0x00,0x03,0xe0,0x00,0x60,0x06,0x00,0x03,0xe0,0x00,0x30,0x06,0x00,0x03,0xe0,0x00,0x30,
0x0c,0x00,0x01,0xc0,0x00,0x18,0x0c,0x00,0x00,0x00,0x00,0x18,0x18,0x00,0x00,0x00,0x00,0x0c,0x1f,0xff,0xff,0xff,0xff,0xfc,
0x3f,0xff,0xff,0xff,0xff,0xfe,0x00,0x00,0x00,0x00,0x00,0x00,0x00,0x00,0x00,0x00,0x00,0x00,0x00,0x00,0x00,0x00,0x00,0x00,
};
const GFXglyph Weather48Glyphs[] PROGMEM = {{0,48,48,48,0,-47},{288,48,48,48,0,-47},{576,48,48,48,0,-47},{864,48,48,48,0,-47},{1152,48,48,48,0,-47},{1440,48,48,48,0,-47},{1728,48,48,48,0,-47},{2016,48,48,48,0,-47},{2304,48,48,48,0,-47},{2592,48,48,48,0,-47},{2880,48,48,48,0,-47},{3168,48,48,48,0,-47},{3456,48,48,48,0,-47},{3744,48,48,48,0,-47},{4032,48,48,48,0,-47},{4320,48,48,48,0,-47}};
const GFXfont Weather48 PROGMEM = {(uint8_t*)Weather48Bitmaps,(GFXglyph*)Weather48Glyphs,65,80,48};
const uint8_t Weather96Bitmaps[] PROGMEM = {
0x00,0x00,0x00,0x00,0x00,0x00,0x00,0x00,0x00,0x00,0x00,0x00,0x00,0x00,0x00,0x00,0x00,0x00,0x00,0x00,0x00,0x00,0x00,0x00,
0x00,0x00,0x00,0x00,0x00,0x00,0x00,0x00,0x00,0x00,0x00,0x00,0x00,0x00,0x00,0x00,0x00,0x00,0x00,0x00,0x00,0x00,0x00,0x00,
0x00,0x00,0x00,0x00,0x00,0x00,0x00,0x00,0x00,0x00,0x00,0x00,0x00,0x00,0x00,0x00,0x00,0x00,0x00,0x00,0x00,0x00,0x00,0x00,
0x00,0x00,0x00,0x00,0x00,0x00,0x00,0x00,0x00,0x00,0x00,0x00,0x00,0x00,0x00,0x00,0x00,0x00,0x00,0x00,0x00,0x00,0x00,0x00,
0x00,0x00,0x00,0x00,0x00,0x06,0x00,0x00,0x00,0x00,0x00,0x00,0x00,0x00,0x00,0x00,0x00,0xfc,0x00,0x00,0x00,0x00,0x00,0x00,
0x00,0x00,0x00,0x00,0x07,0xf8,0x00,0x00,0x00,0x00,0x00,0x00,0x00,0x00,0x00,0x00,0x1f,0xf0,0x00,0x00,0x00,0x00,0x00,0x00,
0x00,0x00,0x00,0x00,0x7f,0xe0,0x00,0x00,0x00,0x00,0x00,0x00,0x00,0x00,0x00,0x01,0xff,0xc0,0x00,0x00,0x00,0x00,0x00,0x00,
0x00,0x00,0x00,0x03,0xff,0xc0,0x00,0x00,0x00,0x00,0x00,0x00,0x00,0x00,0x00,0x0f,0xff,0x80,0x00,0x00,0x00,0x00,0x00,0x00,
0x00,0x00,0x00,0x1f,0xff,0x80,0x00,0x00,0x00,0x00,0x00,0x00,0x00,0x00,0x00,0x3f,0xff,0x00,0x00,0x00,0x00,0x00,0x00,0x00,
0x00,0x00,0x00,0x7f,0xff,0x00,0x00,0x00,0x00,0x00,0x00,0x00,0x00,0x00,0x00,0xff,0xfe,0x00,0x00,0x00,0x00,0x00,0x00,0x00,
0x00,0x00,0x01,0xff,0xfe,0x00,0x00,0x00,0x00,0x00,0x00,0x00,0x00,0x00,0x03,0xff,0xfc,0x00,0x00,0x00,0x00,0x00,0x00,0x00,
0x00,0x00,0x07,0xff,0xfc,0x00,0x00,0x00,0x00,0x00,0x00,0x00,0x00,0x00,0x0f,0xff,0xfc,0x00,0x00,0x00,0x00,0x00,0x00,0x00,
0x00,0x00,0x0f,0xff,0xf8,0x00,0x00,0x00,0x00,0x00,0x00,0x00,0x00,0x00,0x1f,0xff,0xf8,0x00,0x00,0x00,0x00,0x00,0x00,0x00,
0x00,0x00,0x3f,0xff,0xf8,0x00,0x00,0x00,0x00,0x00,0x00,0x00,0x00,0x00,0x3f,0xff,0xf8,0x00,0x00,0x00,0x00,0x00,0x00,0x00,
0x00,0x00,0x7f,0xff,0xf0,0x00,0x00,0x00,0x00,0x00,0x00,0x00,0x00,0x00,0x7f,0xff,0xf0,0x00,0x00,0x00,0x00,0x00,0x00,0x00,
0x00,0x00,0xff,0xff,0xf0,0x00,0x00,0x00,0x00,0x00,0x00,0x00,0x00,0x00,0xff,0xff,0xf0,0x00,0x00,0x00,0x00,0x00,0x00,0x00,
0x00,0x01,0xff,0xff,0xf0,0x00,0x00,0x00,0x00,0x00,0x00,0x00,0x00,0x01,0xff,0xff,0xf0,0x00,0x00,0x00,0x00,0x00,0x00,0x00,
0x00,0x03,0xff,0xff,0xf0,0x00,0x00,0x00,0x00,0x00,0x00,0x00,0x00,0x03,0xff,0xff,0xf0,0x00,0x00,0x00,0x00,0x00,0x00,0x00,
0x00,0x03,0xff,0xff,0xf0,0x00,0x00,0x00,0x00,0x00,0x00,0x00,0x00,0x07,0xff,0xff,0xf0,0x00,0x00,0x00,0x00,0x00,0x00,0x00,
0x00,0x07,0xff,0xff,0xf0,0x00,0x00,0x00,0x00,0x00,0x00,0x00,0x00,0x07,0xff,0xff,0xf0,0x00,0x00,0x00,0x00,0x00,0x00,0x00,
0x00,0x07,0xff,0xff,0xf0,0x00,0x00,0x00,0x00,0x00,0x00,0x00,0x00,0x07,0xff,0xff,0xf8,0x00,0x00,0x00,0x00,0x00,0x00,0x00,
0x00,0x0f,0xff,0xff,0xf8,0x00,0x00,0x00,0x00,0x00,0x00,0x00,0x00,0x0f,0xff,0xff,0xf8,0x00,0x00,0x00,0x00,0x00,0x00,0x00,
0x00,0x0f,0xff,0xff,0xf8,0x00,0x00,0x00,0x00,0x00,0x00,0x00,0x00,0x0f,0xff,0xff,0xfc,0x00,0x00,0x00,0x00,0x00,0x00,0x00,
0x00,0x0f,0xff,0xff,0xfc,0x00,0x00,0x00,0x00,0x00,0x00,0x00,0x00,0x0f,0xff,0xff,0xfc,0x00,0x00,0x00,0x00,0x00,0x00,0x00,
0x00,0x0f,0xff,0xff,0xfe,0x00,0x00,0x00,0x00,0x00,0x00,0x00,0x00,0x0f,0xff,0xff,0xfe,0x00,0x00,0x00,0x00,0x00,0x00,0x00,
0x00,0x0f,0xff,0xff,0xff,0x00,0x00,0x00,0x00,0x00,0x00,0x00,0x00,0x0f,0xff,0xff,0xff,0x00,0x00,0x00,0x00,0x00,0x00,0x00,
0x00,0x0f,0xff,0xff,0xff,0x80,0x00,0x00,0x00,0x00,0x00,0x00,0x00,0x0f,0xff,0xff,0xff,0x80,0x00,0x00,0x00,0x00,0x00,0x00,
0x00,0x0f,0xff,0xff,0xff,0xc0,0x00,0x00,0x00,0x00,0x00,0x00,0x00,0x07,0xff,0xff,0xff,0xc0,0x00,0x00,0x00,0x00,0x00,0x00,
0x00,0x07,0xff,0xff,0xff,0xe0,0x00,0x00,0x00,0x00,0x00,0x00,0x00,0x07,0xff,0xff,0xff,0xf0,0x00,0x00,0x00,0x00,0x00,0x00,
0x00,0x07,0xff,0xff,0xff,0xf8,0x00,0x00,0x00,0x00,0x00,0x00,0x00,0x07,0xff,0xff,0xff,0xfc,0x00,0x00,0x00,0x00,0x01,0x00,
0x00,0x03,0xff,0xff,0xff,0xfe,0x00,0x00,0x00,0x00,0x02,0x00,0x00,0x03,0xff,0xff,0xff,0xff,0x00,0x00,0x00,0x00,0x06,0x00,
0x00,0x03,0xff,0xff,0xff,0xff,0x80,0x00,0x00,0x00,0x0e,0x00,0x00,0x01,0xff,0xff,0xff,0xff,0xc0,0x00,0x00,0x00,0x1c,0x00,
0x00,0x01,0xff,0xff,0xff,0xff,0xf0,0x00,0x00,0x00,0x7c,0x00,0x00,0x00,0xff,0xff,0xff,0xff,0xf8,0x00,0x00,0x00,0xf8,0x00,
0x00,0x00,0xff,0xff,0xff,0xff,0xfe,0x00,0x00,0x03,0xf8,0x00,0x00,0x00,0x7f,0xff,0xff,0xff,0xff,0xc0,0x00,0x1f,0xf0,0x00,
0x00,0x00,0x7f,0xff,0xff,0xff,0xff,0xf8,0x00,0xff,0xf0,0x00,0x00,0x00,0x3f,0xff,0xff,0xff,0xff,0xff,0xff,0xff,0xe0,0x00,
0x00,0x00,0x3f,0xff,0xff,0xff,0xff,0xff,0xff,0xff,0xe0,0x00,0x00,0x00,0x1f,0xff,0xff,0xff,0xff,0xff,0xff,0xff,0xc0,0x00,
0x00,0x00,0x0f,0xff,0xff,0xff,0xff,0xff,0xff,0xff,0x80,0x00,0x00,0x00,0x0f,0xff,0xff,0xff,0xff,0xff,0xff,0xff,0x80,0x00,
0x00,0x00,0x07,0xff,0xff,0xff,0xff,0xff,0xff,0xff,0x00,0x00,0x00,0x00,0x03,0xff,0xff,0xff,0xff,0xff,0xff,0xfe,0x00,0x00,
0x00,0x00,0x01,0xff,0xff,0xff,0xff,0xff,0xff,0xfc,0x00,0x00,0x00,0x00,0x00,0xff,0xff,0xff,0xff,0xff,0xff,0xf8,0x00,0x00,
0x00,0x00,0x00,0x7f,0xff,0xff,0xff,0xff,0xff,0xf0,0x00,0x00,0x00,0x00,0x00,0x3f,0xff,0xff,0xff,0xff,0xff,0xe0,0x00,0x00,
0x00,0x00,0x00,0x1f,0xff,0xff,0xff,0xff,0xff,0xc0,0x00,0x00,0x00,0x00,0x00,0x0f,0xff,0xff,0xff,0xff,0xff,0x80,0x00,0x00,
0x00,0x00,0x00,0x03,0xff,0xff,0xff,0xff,0xfe,0x00,0x00,0x00,0x00,0x00,0x00,0x01,0xff,0xff,0xff,0xff,0xfc,0x00,0x00,0x00,
0x00,0x00,0x00,0x00,0x7f,0xff,0xff,0xff,0xf0,0x00,0x00,0x00,0x00,0x00,0x00,0x00,0x1f,0xff,0xff,0xff,0xc0,0x00,0x00,0x00,
0x00,0x00,0x00,0x00,0x07,0xff,0xff,0xff,0x00,0x00,0x00,0x00,0x00,0x00,0x00,0x00,0x00,0xff,0xff,0xf8,0x00,0x00,0x00,0x00,
0x00,0x00,0x00,0x00,0x00,0x07,0xff,0x00,0x00,0x00,0x00,0x00,0x00,0x00,0x00,0x00,0x00,0x00,0x00,0x00,0x00,0x00,0x00,0x00,
0x00,0x00,0x00,0x00,0x00,0x00,0x00,0x00,0x00,0x00,0x00,0x00,0x00,0x00,0x00,0x00,0x00,0x00,0x00,0x00,0x00,0x00,0x00,0x00,
0x00,0x00,0x00,0x00,0x00,0x00,0x00,0x00,0x00,0x00,0x00,0x00,0x00,0x00,0x00,0x00,0x00,0x00,0x00,0x00,0x00,0x00,0x00,0x00,
0x00,0x00,0x00,0x00,0x00,0x00,0x00,0x00,0x00,0x00,0x00,0x00,0x00,0x00,0x00,0x00,0x00,0x00,0x00,0x00,0x00,0x00,0x00,0x00,
0x00,0x00,0x00,0x00,0x00,0x00,0x00,0x00,0x00,0x00,0x00,0x00,0x00,0x00,0x00,0x00,0x00,0x00,0x00,0x00,0x00,0x00,0x00,0x00,
0x00,0x00,0x00,0x00,0x00,0x00,0x00,0x00,0x00,0x00,0x00,0x00,0x00,0x00,0x00,0x00,0x00,0x00,0x00,0x00,0x00,0x00,0x00,0x00,
0x00,0x00,0x00,0x00,0x00,0x00,0x00,0x00,0x00,0x00,0x00,0x00,0x00,0x00,0x00,0x00,0x00,0x00,0x00,0x00,0x00,0x00,0x00,0x00,
0x00,0x00,0x00,0x00,0x00,0x00,0x00,0x00,0x00,0x00,0x00,0x00,0x00,0x00,0x00,0x00,0x00,0x00,0x00,0x00,0x00,0x00,0x00,0x00,
0x00,0x00,0x00,0x00,0x00,0x00,0x00,0x00,0x00,0x00,0x00,0x00,0x00,0x00,0x00,0x00,0x00,0x00,0x00,0x00,0x00,0x00,0x00,0x00,
0x00,0x00,0x00,0x00,0x00,0x00,0x00,0x00,0x00,0x00,0x00,0x00,0x00,0x00,0x00,0x00,0x00,0x00,0x00,0x00,0x00,0x00,0x00,0x00,
0x00,0x00,0x00,0x00,0x00,0x00,0x00,0x00,0x00,0x00,0x00,0x00,0x00,0x00,0x00,0x00,0x00,0x00,0x00,0x00,0x00,0x00,0x00,0x00,
0x00,0x00,0x00,0x00,0x00,0x00,0x00,0x00,0x00,0x00,0x00,0x00,0x00,0x00,0x00,0x00,0x00,0x00,0x00,0x00,0x00,0x00,0x00,0x00,
0x00,0x00,0x00,0x00,0x00,0x00,0x00,0x00,0x00,0x00,0x00,0x00,0x00,0x00,0x00,0x00,0x00,0x00,0x00,0x00,0x00,0x00,0x00,0x00,
0x00,0x00,0x00,0x00,0x00,0x00,0x00,0x00,0x00,0x00,0x00,0x00,0x00,0x00,0x00,0x00,0x00,0x00,0x00,0x00,0x00,0x00,0x00,0x00,
0x00,0x00,0x00,0x00,0x00,0x00,0x3f,0xe0,0x00,0x00,0x00,0x00,0x00,0x00,0x00,0x00,0x00,0x01,0xff,0xfc,0x00,0x00,0x00,0x00,
0x00,0x00,0x00,0x00,0x00,0x07,0xff,0xff,0x00,0x00,0x00,0x00,0x00,0x00,0x00,0x00,0x00,0x1f,0xff,0xff,0xc0,0x00,0x00,0x00,
0x00,0x00,0x00,0x00,0x00,0x3f,0xff,0xff,0xe0,0x00,0x00,0x00,0x00,0x00,0x00,0x00,0x00,0xff,0xff,0xff,0xf8,0x00,0x00,0x00,
0x00,0x00,0x00,0x00,0x01,0xff,0xff,0xff,0xfc,0x00,0x00,0x00,0x00,0x00,0x00,0x00,0x03,0xff,0xff,0xff,0xfe,0x00,0x00,0x00,
0x00,0x00,0x00,0x00,0x03,0xff,0xff,0xff,0xfe,0x00,0x00,0x00,0x00,0x00,0x00,0x00,0x07,0xff,0xff,0xff,0xff,0x00,0x00,0x00,
0x00,0x00,0x00,0x00,0x0f,0xff,0xff,0xff,0xff,0x80,0x00,0x00,0x00,0x00,0x00,0x00,0x0f,0xff,0xff,0xff,0xff,0x80,0x00,0x00,
0x00,0x00,0x00,0x3f,0xff,0xff,0xff,0xff,0xff,0xc0,0x00,0x00,0x00,0x00,0x01,0xff,0xff,0xff,0xff,0xff,0xff,0xe0,0x00,0x00,
0x00,0x00,0x07,0xff,0xff,0xff,0xff,0xff,0xff,0xe0,0x00,0x00,0x00,0x00,0x0f,0xff,0xff,0xff,0xff,0xff,0xff,0xe0,0x00,0x00,
0x00,0x00,0x1f,0xff,0xff,0xff,0xff,0xff,0xff,0xf0,0x00,0x00,0x00,0x00,0x3f,0xff,0xff,0xff,0xff,0xff,0xff,0xf0,0x00,0x00,
0x00,0x00,0x7f,0xff,0xff,0xff,0xff,0xff,0xff,0xf0,0x00,0x00,0x00,0x00,0xff,0xff,0xff,0xff,0xff,0xff,0xff,0xf8,0x00,0x00,
0x00,0x01,0xff,0xff,0xff,0xff,0xff,0xff,0xff,0xff,0x80,0x00,0x00,0x03,0xff,0xff,0xff,0xff,0xff,0xff,0xff,0xff,0xf0,0x00,
0x00,0x03,0xff,0xff,0xff,0xff,0xff,0xff,0xff,0xff,0xfc,0x00,0x00,0x07,0xff,0xff,0xff,0xff,0xff,0xff,0xff,0xff,0xfe,0x00,
0x00,0x07,0xff,0xff,0xff,0xff,0xff,0xff,0xff,0xff,0xff,0x00,0x00,0x07,0xff,0xff,0xff,0xff,0xff,0xff,0xff,0xff,0xff,0x80,
0x00,0x0f,0xff,0xff,0xff,0xff,0xff,0xff,0xff,0xff,0xff,0xc0,0x00,0x0f,0xff,0xff,0xff,0xff,0xff,0xff,0xff,0xff,0xff,0xe0,
0x00,0x0f,0xff,0xff,0xff,0xff,0xff,0xff,0xff,0xff,0xff,0xe0,0x00,0x0f,0xff,0xff,0xff,0xff,0xff,0xff,0xff,0xff,0xff,0xf0,
0x00,0x0f,0xff,0xff,0xff,0xff,0xff,0xff,0xff,0xff,0xff,0xf0,0x00,0x0f,0xff,0xff,0xff,0xff,0xff,0xff,0xff,0xff,0xff,0xf8,
0x00,0x0f,0xff,0xff,0xff,0xff,0xff,0xff,0xff,0xff,0xff,0xf8,0x00,0x0f,0xff,0xff,0xff,0xff,0xff,0xff,0xff,0xff,0xff,0xf8,
0x00,0x0f,0xff,0xff,0xff,0xff,0xff,0xff,0xff,0xff,0xff,0xf8,0x00,0x07,0xff,0xff,0xff,0xff,0xff,0xff,0xff,0xff,0xff,0xf8,
0x00,0x07,0xff,0xff,0xff,0xff,0xff,0xff,0xff,0xff,0xff,0xf8,0x00,0x07,0xff,0xff,0xff,0xff,0xff,0xff,0xff,0xff,0xff,0xf8,
0x00,0x03,0xff,0xff,0xff,0xff,0xff,0xff,0xff,0xff,0xff,0xf0,0x00,0x03,0xff,0xff,0xff,0xff,0xff,0xff,0xff,0xff,0xff,0xf0,
0x00,0x01,0xff,0xff,0xff,0xff,0xff,0xff,0xff,0xff,0xff,0xe0,0x00,0x00,0xff,0xff,0xff,0xff,0xff,0xff,0xff,0xff,0xff,0xe0,
0x00,0x00,0x7f,0xff,0xff,0xff,0xff,0xff,0xff,0xff,0xff,0xc0,0x00,0x00,0x3f,0xff,0xff,0xff,0xff,0xff,0xff,0xff,0xff,0x80,
0x00,0x00,0x1f,0xff,0xff,0xff,0xff,0xff,0xff,0xff,0xff,0x00,0x00,0x00,0x0f,0xff,0xff,0xff,0xff,0xff,0xff,0xff,0xfe,0x00,
0x00,0x00,0x07,0xff,0xff,0xff,0xff,0xff,0xff,0xff,0xfc,0x00,0x00,0x00,0x01,0xff,0xff,0xff,0xff,0xff,0xff,0xff,0xf0,0x00,
0x00,0x00,0x00,0x3f,0xff,0xff,0xff,0xff,0xff,0xff,0x80,0x00,0x00,0x00,0x00,0x00,0x00,0x00,0x00,0x00,0x00,0x00,0x00,0x00,
0x00,0x00,0x00,0x00,0x00,0x00,0x00,0x00,0x00,0x00,0x00,0x00,0x00,0x00,0x00,0x00,0x00,0x00,0x00,0x00,0x00,0x00,0x00,0x00,
0x00,0x00,0x00,0x00,0x00,0x00,0x00,0x00,0x00,0x00,0x00,0x00,0x00,0x00,0x00,0x00,0x00,0x00,0x00,0x00,0x00,0x00,0x00,0x00,
0x00,0x00,0x00,0x00,0x00,0x00,0x00,0x00,0x00,0x00,0x00,0x00,0x00,0x00,0x00,0x00,0x00,0x00,0x00,0x00,0x00,0x00,0x00,0x00,
0x00,0x00,0x00,0x00,0x00,0x00,0x00,0x00,0x00,0x00,0x00,0x00,0x00,0x00,0x00,0x00,0x00,0x00,0x00,0x00,0x00,0x00,0x00,0x00,
0x00,0x00,0x00,0x00,0x00,0x00,0x00,0x00,0x00,0x00,0x00,0x00,0x00,0x00,0x00,0x00,0x00,0x00,0x00,0x00,0x00,0x00,0x00,0x00,
0x00,0x00,0x00,0x00,0x00,0x00,0x00,0x00,0x00,0x00,0x00,0x00,0x00,0x00,0x00,0x00,0x00,0x00,0x00,0x00,0x00,0x00,0x00,0x00,
0x00,0x00,0x00,0x00,0x00,0x00,0x00,0x00,0x00,0x00,0x00,0x00,0x00,0x00,0x00,0x00,0x00,0x00,0x00,0x00,0x00,0x00,0x00,0x00,
0x00,0x00,0x00,0x00,0x00,0x00,0x00,0x00,0x00,0x00,0x00,0x00,0x00,0x00,0x00,0x00,0x00,0x00,0x00,0x00,0x00,0x00,0x00,0x00,
0x00,0x00,0x00,0x00,0x00,0x00,0x00,0x00,0x00,0x00,0x00,0x00,0x00,0x00,0x00,0x00,0x00,0x00,0x00,0x00,0x00,0x00,0x00,0x00,
0x00,0x00,0x00,0x00,0x00,0x00,0x00,0x00,0x00,0x00,0x00,0x00,0x00,0x00,0x00,0x00,0x00,0x00,0x00,0x00,0x00,0x00,0x00,0x00,
0x00,0x00,0x00,0x00,0x00,0x00,0x00,0x00,0x00,0x00,0x00,0x00,0x00,0x00,0x00,0x00,0x00,0x00,0x00,0x00,0x00,0x00,0x00,0x00,
0x00,0x00,0x00,0x00,0x00,0x00,0x00,0x00,0x00,0x00,0x00,0x00,0x00,0x00,0x00,0x00,0x00,0x00,0x00,0x00,0x00,0x00,0x00,0x00,
0x00,0x00,0x00,0x00,0x00,0x00,0x00,0x00,0x00,0x00,0x00,0x00,0x00,0x00,0x00,0x00,0x00,0x00,0x00,0x00,0x00,0x00,0x00,0x00,
0x00,0x00,0x00,0x00,0x00,0x00,0x00,0x00,0x00,0x00,0x00,0x00,0x00,0x00,0x00,0x00,0x00,0x00,0x00,0x00,0x00,0x00,0x00,0x00,
0x00,0x00,0x00,0x00,0x00,0x00,0x00,0x00,0x00,0x00,0x00,0x00,0x00,0x00,0x00,0x00,0x00,0x00,0x00,0x00,0x00,0x00,0x00,0x00,
0x00,0x00,0x00,0x00,0x00,0x00,0x00,0x00,0x00,0x00,0x00,0x00,0x00,0x00,0x00,0x00,0x00,0x00,0x00,0x00,0x00,0x00,0x00,0x00,
0x00,0x00,0x00,0x00,0x00,0x00,0x00,0x00,0x00,0x00,0x00,0x00,0x00,0x00,0x00,0x00,0x00,0x00,0x00,0x00,0x00,0x00,0x00,0x00,
0x00,0x00,0x00,0x00,0x00,0x00,0x00,0x00,0x00,0x00,0x00,0x00,0x00,0x00,0x00,0x00,0x00,0x00,0x00,0x00,0x00,0x00,0x00,0x00,
0x00,0x00,0x00,0x00,0x00,0x00,0x00,0x00,0x00,0x00,0x00,0x00,0x00,0x00,0x00,0x00,0x00,0x00,0x00,0x00,0x00,0x00,0x00,0x00,
0x00,0x00,0x00,0x00,0x00,0x00,0x00,0x00,0x00,0x00,0x00,0x00,0x00,0x00,0x00,0x00,0x00,0x00,0x00,0x00,0x00,0x00,0x00,0x00,
0x00,0x00,0x00,0x00,0x00,0x00,0x00,0x00,0x00,0x00,0x00,0x00,0x00,0x00,0x00,0x00,0x00,0x00,0x00,0x00,0x00,0x00,0x00,0x00,
0x00,0x00,0x00,0x00,0x00,0x00,0x00,0x00,0x00,0x00,0x00,0x00,0x00,0x00,0x00,0x00,0x00,0x00,0x00,0x00,0x00,0x00,0x00,0x00,
0x00,0x00,0x00,0x00,0x00,0x00,0x00,0x00,0x00,0x00,0x00,0x00,0x00,0x00,0x00,0x00,0x00,0x00,0x00,0x00,0x00,0x00,0x00,0x00,
0x00,0x00,0x00,0x00,0x00,0x00,0x00,0x00,0x00,0x00,0x00,0x00,0x00,0x00,0x00,0x00,0x00,0x00,0x00,0x00,0x00,0x00,0x00,0x00,
0x00,0x00,0x00,0x00,0x00,0x00,0x00,0x00,0x00,0x00,0x00,0x00,0x00,0x00,0x00,0x00,0x00,0x00,0x00,0x00,0x00,0x00,0x00,0x00,
0x00,0x00,0x00,0x00,0x00,0x00,0x00,0x00,0x00,0x00,0x00,0x00,0x00,0x00,0x00,0x00,0x00,0x00,0x00,0x00,0x00,0x00,0x00,0x00,
0x00,0x00,0x00,0x00,0x00,0x00,0x00,0x00,0x00,0x00,0x00,0x00,0x00,0x00,0x00,0x00,0x00,0x00,0x00,0x00,0x00,0x00,0x00,0x00,
0x00,0x00,0x00,0x00,0x00,0x00,0x00,0x00,0x00,0x00,0x00,0x00,0x00,0x00,0x00,0x00,0x00,0x00,0x00,0x00,0x00,0x00,0x00,0x00,
0x00,0x00,0x00,0x00,0x00,0x00,0x00,0x00,0x00,0x00,0x00,0x00,0x00,0x0f,0xff,0xff,0xff,0xff,0xff,0xf8,0x00,0x00,0x00,0x00,
0x00,0x0f,0xff,0xff,0xff,0xff,0xff,0xf8,0x00,0x00,0x00,0x00,0x00,0x0f,0xff,0xff,0xff,0xff,0xff,0xf8,0x00,0x00,0x00,0x00,
0x00,0x0f,0xff,0xff,0xff,0xff,0xff,0xf8,0x00,0x00,0x00,0x00,0x00,0x00,0x00,0x00,0x00,0x00,0x00,0x00,0x00,0x00,0x00,0x00,
0x00,0x00,0x00,0x00,0x00,0x00,0x00,0x00,0x00,0x00,0x00,0x00,0x00,0x00,0x00,0x00,0x00,0x00,0x00,0x00,0x00,0x00,0x00,0x00,
0x00,0x00,0x00,0x00,0x00,0x00,0x00,0x00,0x00,0x00,0x00,0x00,0x00,0x00,0x00,0x00,0x00,0x00,0x00,0x00,0x00,0x00,0x00,0x00,
0x00,0x00,0x00,0x00,0x00,0x00,0x00,0x00,0x00,0x00,0x00,0x00,0x00,0x00,0x00,0x00,0x00,0x00,0x00,0x00,0x00,0x00,0x00,0x00,
0x00,0x00,0x00,0x00,0x00,0x00,0x00,0x00,0x00,0x00,0x00,0x00,0x00,0x00,0x00,0x00,0x00,0x00,0x00,0x00,0x00,0x00,0x00,0x00,
0x00,0x00,0x00,0x00,0x00,0x00,0x00,0x00,0x00,0x00,0x00,0x00,0x00,0x00,0x00,0x00,0x00,0x00,0x00,0x00,0x00,0x00,0x00,0x00,
0x00,0x00,0x00,0x00,0x00,0x00,0x00,0x00,0x00,0x00,0x00,0x00,0x00,0x0f,0xff,0xff,0xff,0xff,0xff,0xff,0xff,0xff,0x80,0x00,
0x00,0x0f,0xff,0xff,0xff,0xff,0xff,0xff,0xff,0xff,0x80,0x00,0x00,0x0f,0xff,0xff,0xff,0xff,0xff,0xff,0xff,0xff,0x80,0x00,
0x00,0x0f,0xff,0xff,0xff,0xff,0xff,0xff,0xff,0xff,0x80,0x00,0x00,0x00,0x00,0x00,0x00,0x00,0x00,0x00,0x00,0x00,0x00,0x00,
0x00,0x00,0x00,0x00,0x00,0x00,0x00,0x00,0x00,0x00,0x00,0x00,0x00,0x00,0x00,0x00,0x00,0x00,0x00,0x00,0x00,0x00,0x00,0x00,
0x00,0x00,0x00,0x00,0x00,0x00,0x00,0x00,0x00,0x00,0x00,0x00,0x00,0x00,0x00,0x00,0x00,0x00,0x00,0x00,0x00,0x00,0x00,0x00,
0x00,0x00,0x00,0x00,0x00,0x00,0x00,0x00,0x00,0x00,0x00,0x00,0x00,0x00,0x00,0x00,0x00,0x00,0x00,0x00,0x00,0x00,0x00,0x00,
0x00,0x00,0x00,0x00,0x00,0x00,0x00,0x00,0x00,0x00,0x00,0x00,0x00,0x00,0x00,0x00,0x00,0x00,0x00,0x00,0x00,0x00,0x00,0x00,
0x00,0x00,0x00,0x00,0x00,0x00,0x00,0x00,0x00,0x00,0x00,0x00,0x00,0x00,0x00,0x00,0x00,0x00,0x00,0x00,0x00,0x00,0x00,0x00,
0x00,0x00,0x00,0x00,0x00,0x00,0x00,0x00,0x00,0x00,0x00,0x00,0x00,0x0f,0xff,0xff,0xff,0xff,0xff,0xf8,0x00,0x00,0x00,0x00,
0x00,0x0f,0xff,0xff,0xff,0xff,0xff,0xf8,0x00,0x00,0x00,0x00,0x00,0x0f,0xff,0xff,0xff,0xff,0xff,0xf8,0x00,0x00,0x00,0x00,
0x00,0x0f,0xff,0xff,0xff,0xff,0xff,0xf8,0x00,0x00,0x00,0x00,0x00,0x00,0x00,0x00,0x00,0x00,0x00,0x00,0x00,0x00,0x00,0x00,
0x00,0x00,0x00,0x00,0x00,0x00,0x00,0x00,0x00,0x00,0x00,0x00,0x00,0x00,0x00,0x00,0x00,0x00,0x00,0x00,0x00,0x00,0x00,0x00,
0x00,0x00,0x00,0x00,0x00,0x00,0x00,0x00,0x00,0x00,0x00,0x00,0x00,0x00,0x00,0x00,0x00,0x00,0x00,0x00,0x00,0x00,0x00,0x00,
0x00,0x00,0x00,0x00,0x00,0x00,0x00,0x00,0x00,0x00,0x00,0x00,0x00,0x00,0x00,0x00,0x00,0x00,0x00,0x00,0x00,0x00,0x00,0x00,
0x00,0x00,0x00,0x00,0x00,0x00,0x00,0x00,0x00,0x00,0x00,0x00,0x00,0x00,0x00,0x00,0x00,0x00,0x00,0x00,0x00,0x00,0x00,0x00,
0x00,0x00,0x00,0x00,0x00,0x00,0x00,0x00,0x00,0x00,0x00,0x00,0x00,0x00,0x00,0x00,0x00,0x00,0x00,0x00,0x00,0x00,0x00,0x00,
0x00,0x00,0x00,0x00,0x00,0x00,0x00,0x00,0x00,0x00,0x00,0x00,0x00,0x0f,0xff,0xff,0xff,0xff,0xff,0xff,0xff,0xff,0x80,0x00,
0x00,0x0f,0xff,0xff,0xff,0xff,0xff,0xff,0xff,0xff,0x80,0x00,0x00,0x0f,0xff,0xff,0xff,0xff,0xff,0xff,0xff,0xff,0x80,0x00,
0x00,0x0f,0xff,0xff,0xff,0xff,0xff,0xff,0xff,0xff,0x80,0x00,0x00,0x00,0x00,0x00,0x00,0x00,0x00,0x00,0x00,0x00,0x00,0x00,
0x00,0x00,0x00,0x00,0x00,0x00,0x00,0x00,0x00,0x00,0x00,0x00,0x00,0x00,0x00,0x00,0x00,0x00,0x00,0x00,0x00,0x00,0x00,0x00,
0x00,0x00,0x00,0x00,0x00,0x00,0x00,0x00,0x00,0x00,0x00,0x00,0x00,0x00,0x00,0x00,0x00,0x00,0x00,0x00,0x00,0x00,0x00,0x00,
0x00,0x00,0x00,0x00,0x00,0x00,0x00,0x00,0x00,0x00,0x00,0x00,0x00,0x00,0x00,0x00,0x00,0x00,0x00,0x00,0x00,0x00,0x00,0x00,
0x00,0x00,0x00,0x00,0x00,0x00,0x00,0x00,0x00,0x00,0x00,0x00,0x00,0x00,0x00,0x00,0x00,0x00,0x00,0x00,0x00,0x00,0x00,0x00,
0x00,0x00,0x00,0x00,0x00,0x00,0x00,0x00,0x00,0x00,0x00,0x00,0x00,0x00,0x00,0x00,0x00,0x00,0x00,0x00,0x00,0x00,0x00,0x00,
0x00,0x00,0x00,0x00,0x00,0x00,0x00,0x00,0x00,0x00,0x00,0x00,0x00,0x00,0x00,0x00,0x00,0x00,0x00,0x00,0x00,0x00,0x00,0x00,
0x00,0x00,0x00,0x00,0x00,0x00,0x00,0x00,0x00,0x00,0x00,0x00,0x00,0x00,0x00,0x00,0x00,0x00,0x00,0x00,0x00,0x00,0x00,0x00,
0x00,0x00,0x00,0x00,0x00,0x00,0x00,0x00,0x00,0x00,0x00,0x00,0x00,0x00,0x00,0x00,0x00,0x00,0x00,0x00,0x00,0x00,0x00,0x00,
0x00,0x00,0x00,0x00,0x00,0x00,0x00,0x00,0x00,0x00,0x00,0x00,0x00,0x00,0x00,0x00,0x00,0x00,0x00,0x00,0x00,0x00,0x00,0x00,
0x00,0x00,0x00,0x00,0x00,0x00,0x00,0x00,0x00,0x00,0x00,0x00,0x00,0x00,0x00,0x00,0x00,0x00,0x00,0x00,0x00,0x00,0x00,0x00,
0x00,0x00,0x00,0x00,0x00,0x00,0x00,0x00,0x00,0x00,0x00,0x00,0x00,0x00,0x00,0x00,0x00,0x00,0x00,0x00,0x00,0x00,0x00,0x00,
0x00,0x00,0x00,0x00,0x00,0x00,0x00,0x00,0x00,0x00,0x00,0x00,0x00,0x00,0x00,0x00,0x00,0x00,0x00,0x00,0x00,0x00,0x00,0x00,
0x00,0x00,0x00,0x00,0x00,0x00,0x00,0x00,0x00,0x00,0x00,0x00,0x00,0x00,0x00,0x00,0x00,0x00,0x00,0x00,0x00,0x00,0x00,0x00,
0x00,0x00,0x00,0x00,0x00,0x00,0x00,0x00,0x00,0x00,0x00,0x00,0x00,0x00,0x00,0x00,0x00,0x00,0x00,0x00,0x00,0x00,0x00,0x00,
0x00,0x00,0x00,0x00,0x00,0x00,0x00,0x00,0x00,0x00,0x00,0x00,0x00,0x00,0x00,0x00,0x00,0x00,0x00,0x00,0x00,0x00,0x00,0x00,
0x00,0x00,0x00,0x00,0x00,0x00,0x00,0x00,0x00,0x00,0x00,0x00,0x00,0x00,0x00,0x00,0x00,0x00,0x00,0x00,0x00,0x00,0x00,0x00,
0x00,0x00,0x00,0x00,0x00,0x00,0x3f,0xe0,0x00,0x00,0x00,0x00,0x00,0x00,0x00,0x00,0x00,0x01,0xff,0xfc,0x00,0x00,0x00,0x00,
0x00,0x00,0x00,0x00,0x00,0x07,0xff,0xff,0x00,0x00,0x00,0x00,0x00,0x00,0x00,0x00,0x00,0x1f,0xff,0xff,0xc0,0x00,0x00,0x00,
0x00,0x00,0x00,0x00,0x00,0x3f,0xff,0xff,0xe0,0x00,0x00,0x00,0x00,0x00,0x00,0x00,0x00,0xff,0xff,0xff,0xf8,0x00,0x00,0x00,
0x00,0x00,0x00,0x00,0x01,0xff,0xff,0xff,0xfc,0x00,0x00,0x00,0x00,0x00,0x00,0x00,0x03,0xff,0xff,0xff,0xfe,0x00,0x00,0x00,
0x00,0x00,0x00,0x00,0x03,0xff,0xff,0xff,0xfe,0x00,0x00,0x00,0x00,0x00,0x00,0x00,0x07,0xff,0xff,0xff,0xff,0x00,0x00,0x00,
0x00,0x00,0x00,0x00,0x0f,0xff,0xff,0xff,0xff,0x80,0x00,0x00,0x00,0x00,0x00,0x00,0x0f,0xff,0xff,0xff,0xff,0x80,0x00,0x00,
0x00,0x00,0x00,0x3f,0xff,0xff,0xff,0xff,0xff,0xc0,0x00,0x00,0x00,0x00,0x01,0xff,0xff,0xff,0xff,0xff,0xff,0xe0,0x00,0x00,
0x00,0x00,0x07,0xff,0xff,0xff,0xff,0xff,0xff,0xe0,0x00,0x00,0x00,0x00,0x0f,0xff,0xff,0xff,0xff,0xff,0xff,0xe0,0x00,0x00,
0x00,0x00,0x1f,0xff,0xff,0xff,0xff,0xff,0xff,0xf0,0x00,0x00,0x00,0x00,0x3f,0xff,0xff,0xff,0xff,0xff,0xff,0xf0,0x00,0x00,
0x00,0x00,0x7f,0xff,0xff,0xff,0xff,0xff,0xff,0xf0,0x00,0x00,0x00,0x00,0xff,0xff,0xff,0xff,0xff,0xff,0xff,0xf8,0x00,0x00,
0x00,0x01,0xff,0xff,0xff,0xff,0xff,0xff,0xff,0xff,0x80,0x00,0x00,0x03,0xff,0xff,0xff,0xff,0xff,0xff,0xff,0xff,0xf0,0x00,
0x00,0x03,0xff,0xff,0xff,0xff,0xff,0xff,0xff,0xff,0xfc,0x00,0x00,0x07,0xff,0xff,0xff,0xff,0xff,0xff,0xff,0xff,0xfe,0x00,
0x00,0x07,0xff,0xff,0xff,0xff,0xff,0xff,0xff,0xff,0xff,0x00,0x00,0x07,0xff,0xff,0xff,0xff,0xff,0xff,0xff,0xff,0xff,0x80,
0x00,0x0f,0xff,0xff,0xff,0xff,0xff,0xff,0xff,0xff,0xff,0xc0,0x00,0x0f,0xff,0xff,0xff,0xff,0xff,0xff,0xff,0xff,0xff,0xe0,
0x00,0x0f,0xff,0xff,0xff,0xff,0xff,0xff,0xff,0xff,0xff,0xe0,0x00,0x0f,0xff,0xff,0xff,0xff,0xff,0xff,0xff,0xff,0xff,0xf0,
0x00,0x0f,0xff,0xff,0xff,0xff,0xff,0xff,0xff,0xff,0xff,0xf0,0x00,0x0f,0xff,0xff,0xff,0xff,0xff,0xff,0xff,0xff,0xff,0xf8,
0x00,0x0f,0xff,0xff,0xff,0xff,0xff,0xff,0xff,0xff,0xff,0xf8,0x00,0x0f,0xff,0xff,0xff,0xff,0xff,0xff,0xff,0xff,0xff,0xf8,
0x00,0x0f,0xff,0xff,0xff,0xff,0xff,0xff,0xff,0xff,0xff,0xf8,0x00,0x07,0xff,0xff,0xff,0xff,0xff,0xff,0xff,0xff,0xff,0xf8,
0x00,0x07,0xff,0xff,0xff,0xff,0xff,0xff,0xff,0xff,0xff,0xf8,0x00,0x07,0xff,0xff,0xff,0xff,0xff,0xff,0xff,0xff,0xff,0xf8,
0x00,0x03,0xff,0xff,0xff,0xff,0xff,0xff,0xff,0xff,0xff,0xf0,0x00,0x03,0xff,0xff,0xff,0xff,0xff,0xff,0xff,0xff,0xff,0xf0,
0x00,0x01,0xff,0xff,0xff,0xff,0xff,0xff,0xff,0xff,0xff,0xe0,0x00,0x00,0xff,0xff,0xff,0xff,0xff,0xff,0xff,0xff,0xff,0xe0,
0x00,0x00,0x7f,0xff,0xff,0xff,0xff,0xff,0xff,0xff,0xff,0xc0,0x00,0x00,0x3f,0xff,0xff,0xff,0xff,0xff,0xff,0xff,0xff,0x80,
0x00,0x00,0x1f,0xff,0xff,0xff,0xff,0xff,0xff,0xff,0xff,0x00,0x00,0x00,0x0f,0xff,0xff,0xff,0xff,0xff,0xff,0xff,0xfe,0x00,
0x00,0x00,0x07,0xff,0xff,0xff,0xff,0xff,0xff,0xff,0xfc,0x00,0x00,0x00,0x01,0xff,0xff,0xff,0xff,0xff,0xff,0xff,0xf0,0x00,
0x00,0x00,0x00,0x3f,0xff,0xff,0xff,0xff,0xff,0xff,0x80,0x00,0x00,0x00,0x00,0x00,0x00,0x00,0x00,0x00,0x00,0x00,0x00,0x00,
0x00,0x00,0x00,0x00,0x00,0x00,0x00,0x00,0x00,0x00,0x00,0x00,0x00,0x00,0x00,0x00,0x00,0x00,0x00,0x00,0x00,0x00,0x00,0x00,
0x00,0x00,0x00,0x00,0x00,0x00,0x00,0x00,0x00,0x00,0x00,0x00,0x00,0x00,0x00,0x00,0x00,0x00,0x00,0x00,0x00,0x00,0x00,0x00,
0x00,0x00,0x00,0x00,0x00,0x00,0x00,0x00,0x00,0x00,0x00,0x00,0x00,0x00,0x00,0x00,0x00,0x00,0x00,0x00,0x00,0x00,0x00,0x00,
0x00,0x00,0x00,0x00,0x00,0x00,0x00,0x00,0x00,0x00,0x00,0x00,0x00,0x00,0x00,0x00,0x00,0x00,0x00,0x00,0x00,0x00,0x00,0x00,
0x00,0x00,0x00,0x00,0x00,0x00,0x00,0x00,0x00,0x00,0x00,0x00,0x00,0x00,0x00,0x00,0x00,0x00,0x00,0x00,0x00,0x00,0x00,0x00,
0x00,0x00,0x1c,0x00,0x00,0x01,0xc0,0x00,0x00,0x01,0xc0,0x00,0x00,0x00,0x7f,0x00,0x00,0x07,0xf0,0x00,0x00,0x07,0xf0,0x00,
0x00,0x00,0x7f,0x00,0x00,0x07,0xf0,0x00,0x00,0x07,0xf0,0x00,0x00,0x00,0xff,0x80,0x00,0x0f,0xf8,0x00,0x00,0x0f,0xf8,0x00,
0x00,0x00,0xff,0x80,0x00,0x0f,0xf8,0x00,0x00,0x0f,0xf8,0x00,0x00,0x00,0xff,0x80,0x00,0x0f,0xf8,0x00,0x00,0x0f,0xf8,0x00,
0x00,0x00,0x7f,0x00,0x00,0x07,0xf0,0x00,0x00,0x07,0xf0,0x00,0x00,0x00,0x7f,0x00,0x00,0x07,0xf0,0x00,0x00,0x07,0xf0,0x00,
0x00,0x00,0x1c,0x00,0x00,0x01,0xc0,0x00,0x00,0x01,0xc0,0x00,0x00,0x00,0x00,0x00,0x00,0x00,0x00,0x00,0x00,0x00,0x00,0x00,
0x00,0x00,0x00,0x00,0x00,0x00,0x00,0x00,0x00,0x00,0x00,0x00,0x00,0x00,0x00,0x00,0x00,0x00,0x00,0x00,0x00,0x00,0x00,0x00,
0x00,0x00,0x00,0x00,0x00,0x00,0x00,0x00,0x00,0x00,0x00,0x00,0x00,0x00,0x00,0x00,0x00,0x00,0x00,0x00,0x00,0x00,0x00,0x00,
0x00,0x00,0x00,0x00,0x00,0x00,0x00,0x00,0x00,0x00,0x00,0x00,0x00,0x00,0x00,0x00,0x00,0x00,0x00,0x00,0x00,0x00,0x00,0x00,
0x00,0x00,0x00,0x00,0x00,0x00,0x00,0x00,0x00,0x00,0x00,0x00,0x00,0x00,0x00,0x00,0x00,0x00,0x00,0x00,0x00,0x00,0x00,0x00,
0x00,0x00,0x00,0x00,0x00,0x00,0x00,0x00,0x00,0x00,0x00,0x00,0x00,0x00,0x00,0x00,0x00,0x00,0x00,0x00,0x00,0x00,0x00,0x00,
0x00,0x00,0x00,0x00,0x00,0x00,0x00,0x00,0x00,0x00,0x00,0x00,0x00,0x00,0x00,0x00,0x00,0x00,0x00,0x00,0x00,0x00,0x00,0x00,
0x00,0x00,0x00,0x00,0x00,0x00,0x00,0x00,0x00,0x00,0x00,0x00,0x00,0x00,0x00,0x00,0x00,0x00,0x00,0x00,0x00,0x00,0x00,0x00,
0x00,0x00,0x00,0x00,0x00,0x00,0x00,0x00,0x00,0x00,0x00,0x00,0x00,0x00,0x00,0x00,0x00,0x00,0x00,0x00,0x00,0x00,0x00,0x00,
0x00,0x00,0x00,0x00,0x00,0x00,0x00,0x00,0x00,0x00,0x00,0x00,0x00,0x00,0x00,0x00,0x00,0x00,0x00,0x00,0x00,0x00,0x00,0x00,
0x00,0x00,0x00,0x00,0x00,0x00,0x00,0x00,0x00,0x00,0x00,0x00,0x00,0x00,0x00,0x00,0x00,0x00,0x00,0x00,0x00,0x00,0x00,0x00,
0x00,0x00,0x00,0x00,0x00,0x00,0x00,0x00,0x00,0x00,0x00,0x00,0x00,0x00,0x00,0x00,0x00,0x00,0x00,0x00,0x00,0x00,0x00,0x00,
0x00,0x00,0x00,0x00,0x00,0x00,0x00,0x00,0x00,0x00,0x00,0x00,0x00,0x00,0x00,0x00,0x00,0x00,0x00,0x00,0x00,0x00,0x00,0x00,
0x00,0x00,0x00,0x00,0x00,0x00,0x00,0x00,0x00,0x00,0x00,0x00,0x00,0x00,0x00,0x00,0x00,0x00,0x00,0x00,0x00,0x00,0x00,0x00,
0x00,0x00,0x00,0x00,0x00,0x00,0x3f,0xe0,0x00,0x00,0x00,0x00,0x00,0x00,0x00,0x00,0x00,0x01,0xff,0xfc,0x00,0x00,0x00,0x00,
0x00,0x00,0x00,0x00,0x00,0x07,0xff,0xff,0x00,0x00,0x00,0x00,0x00,0x00,0x00,0x00,0x00,0x1f,0xff,0xff,0xc0,0x00,0x00,0x00,
0x00,0x00,0x00,0x00,0x00,0x3f,0xff,0xff,0xe0,0x00,0x00,0x00,0x00,0x00,0x00,0x00,0x00,0xff,0xff,0xff,0xf8,0x00,0x00,0x00,
0x00,0x00,0x00,0x00,0x01,0xff,0xff,0xff,0xfc,0x00,0x00,0x00,0x00,0x00,0x00,0x00,0x03,0xff,0xff,0xff,0xfe,0x00,0x00,0x00,
0x00,0x00,0x00,0x00,0x03,0xff,0xff,0xff,0xfe,0x00,0x00,0x00,0x00,0x00,0x00,0x00,0x07,0xff,0xff,0xff,0xff,0x00,0x00,0x00,
0x00,0x00,0x00,0x00,0x0f,0xff,0xff,0xff,0xff,0x80,0x00,0x00,0x00,0x00,0x00,0x00,0x0f,0xff,0xff,0xff,0xff,0x80,0x00,0x00,
0x00,0x00,0x00,0x3f,0xff,0xff,0xff,0xff,0xff,0xc0,0x00,0x00,0x00,0x00,0x01,0xff,0xff,0xff,0xff,0xff,0xff,0xe0,0x00,0x00,
0x00,0x00,0x07,0xff,0xff,0xff,0xff,0xff,0xff,0xe0,0x00,0x00,0x00,0x00,0x0f,0xff,0xff,0xff,0xff,0xff,0xff,0xe0,0x00,0x00,
0x00,0x00,0x1f,0xff,0xff,0xff,0xff,0xff,0xff,0xf0,0x00,0x00,0x00,0x00,0x3f,0xff,0xff,0xff,0xff,0xff,0xff,0xf0,0x00,0x00,
0x00,0x00,0x7f,0xff,0xff,0xff,0xff,0xff,0xff,0xf0,0x00,0x00,0x00,0x00,0xff,0xff,0xff,0xff,0xff,0xff,0xff,0xf8,0x00,0x00,
0x00,0x01,0xff,0xff,0xff,0xff,0xff,0xff,0xff,0xff,0x80,0x00,0x00,0x03,0xff,0xff,0xff,0xff,0xff,0xff,0xff,0xff,0xf0,0x00,
0x00,0x03,0xff,0xff,0xff,0xff,0xff,0xff,0xff,0xff,0xfc,0x00,0x00,0x07,0xff,0xff,0xff,0xff,0xff,0xff,0xff,0xff,0xfe,0x00,
0x00,0x07,0xff,0xff,0xff,0xff,0xff,0xff,0xff,0xff,0xff,0x00,0x00,0x07,0xff,0xff,0xff,0xff,0xff,0xff,0xff,0xff,0xff,0x80,
0x00,0x0f,0xff,0xff,0xff,0xff,0xff,0xff,0xff,0xff,0xff,0xc0,0x00,0x0f,0xff,0xff,0xff,0xff,0xff,0xff,0xff,0xff,0xff,0xe0,
0x00,0x0f,0xff,0xff,0xff,0xff,0xff,0xff,0xff,0xff,0xff,0xe0,0x00,0x0f,0xff,0xff,0xff,0xff,0xff,0xff,0xff,0xff,0xff,0xf0,
0x00,0x0f,0xff,0xff,0xff,0xff,0xff,0xff,0xff,0xff,0xff,0xf0,0x00,0x0f,0xff,0xff,0xff,0xff,0xff,0xff,0xff,0xff,0xff,0xf8,
0x00,0x0f,0xff,0xff,0xff,0xff,0xff,0xff,0xff,0xff,0xff,0xf8,0x00,0x0f,0xff,0xff,0xff,0xff,0xff,0xff,0xff,0xff,0xff,0xf8,
0x00,0x0f,0xff,0xff,0xff,0xff,0xff,0xff,0xff,0xff,0xff,0xf8,0x00,0x07,0xff,0xff,0xff,0xff,0xff,0xff,0xff,0xff,0xff,0xf8,
0x00,0x07,0xff,0xff,0xff,0xff,0xff,0xff,0xff,0xff,0xff,0xf8,0x00,0x07,0xff,0xff,0xff,0xff,0xff,0xff,0xff,0xff,0xff,0xf8,
0x00,0x03,0xff,0xff,0xff,0xff,0xff,0xff,0xff,0xff,0xff,0xf0,0x00,0x03,0xff,0xff,0xff,0xff,0xff,0xff,0xff,0xff,0xff,0xf0,
0x00,0x01,0xff,0xff,0xff,0xff,0xff,0xff,0xff,0xff,0xff,0xe0,0x00,0x00,0xff,0xff,0xff,0xff,0xff,0xff,0xff,0xff,0xff,0xe0,
0x00,0x00,0x7f,0xff,0xff,0xff,0xff,0xff,0xff,0xff,0xff,0xc0,0x00,0x00,0x3f,0xff,0xff,0xff,0xff,0xff,0xff,0xff,0xff,0x80,
0x00,0x00,0x1f,0xff,0xff,0xff,0xff,0xff,0xff,0xff,0xff,0x00,0x00,0x00,0x0f,0xff,0xff,0xff,0xff,0xff,0xff,0xff,0xfe,0x00,
0x00,0x00,0x07,0xff,0xff,0xff,0xff,0xff,0xff,0xff,0xfc,0x00,0x00,0x00,0x01,0xff,0xff,0xff,0xff,0xff,0xff,0xff,0xf0,0x00,
0x00,0x00,0x00,0x3f,0xff,0xff,0xff,0xff,0xff,0xff,0x80,0x00,0x00,0x00,0x00,0x00,0x03,0xff,0xff,0xe0,0x00,0x00,0x00,0x00,
0x00,0x00,0x00,0x00,0x03,0xff,0xff,0xc0,0x00,0x00,0x00,0x00,0x00,0x00,0x00,0x00,0x07,0xff,0xff,0x80,0x00,0x00,0x00,0x00,
0x00,0x00,0x00,0x00,0x0f,0xff,0xff,0x00,0x00,0x00,0x00,0x00,0x00,0x00,0x00,0x00,0x00,0x0f,0xfe,0x00,0x00,0x00,0x00,0x00,
0x00,0x00,0x00,0x00,0x00,0x1f,0xfe,0x00,0x00,0x00,0x00,0x00,0x00,0x00,0x00,0x00,0x00,0x1f,0xfc,0x00,0x00,0x00,0x00,0x00,
0x00,0x00,0x00,0x00,0x00,0x1f,0xff,0xf8,0x00,0x00,0x00,0x00,0x00,0x00,0x00,0x00,0x00,0x3f,0xff,0xf0,0x00,0x00,0x00,0x00,
0x00,0x00,0x00,0x00,0x00,0x3f,0xff,0xe0,0x00,0x00,0x00,0x00,0x00,0x00,0x00,0x00,0x00,0x3f,0xff,0x80,0x00,0x00,0x00,0x00,
0x00,0x00,0x00,0x00,0x00,0x7f,0xff,0x00,0x00,0x00,0x00,0x00,0x00,0x00,0x00,0x00,0x00,0x7f,0xfe,0x00,0x00,0x00,0x00,0x00,
0x00,0x00,0x00,0x00,0x00,0x7f,0xfc,0x00,0x00,0x00,0x00,0x00,0x00,0x00,0x00,0x00,0x00,0xff,0xf8,0x00,0x00,0x00,0x00,0x00,
0x00,0x00,0x00,0x00,0x00,0xff,0xe0,0x00,0x00,0x00,0x00,0x00,0x00,0x00,0x00,0x00,0x00,0xff,0xc0,0x00,0x00,0x00,0x00,0x00,
0x00,0x00,0x00,0x00,0x01,0xff,0x80,0x00,0x00,0x00,0x00,0x00,0x00,0x00,0x00,0x00,0x01,0xff,0x00,0x00,0x00,0x00,0x00,0x00,
0x00,0x00,0x00,0x00,0x01,0xfe,0x00,0x00,0x00,0x00,0x00,0x00,0x00,0x00,0x00,0x00,0x03,0xf8,0x00,0x00,0x00,0x00,0x00,0x00,
0x00,0x00,0x00,0x00,0x03,0xf0,0x00,0x00,0x00,0x00,0x00,0x00,0x00,0x00,0x00,0x00,0x03,0xe0,0x00,0x00,0x00,0x00,0x00,0x00,
0x00,0x00,0x00,0x00,0x07,0xc0,0x00,0x00,0x00,0x00,0x00,0x00,0x00,0x00,0x00,0x00,0x07,0x80,0x00,0x00,0x00,0x00,0x00,0x00,
0x00,0x00,0x00,0x00,0x06,0x00,0x00,0x00,0x00,0x00,0x00,0x00,0x00,0x00,0x00,0x00,0x0c,0x00,0x00,0x00,0x00,0x00,0x00,0x00,
0x00,0x00,0x00,0x00,0x00,0x00,0x00,0x00,0x00,0x00,0x00,0x00,0x00,0x00,0x00,0x00,0x00,0x00,0x00,0x00,0x00,0x00,0x00,0x00,
0x00,0x00,0x00,0x00,0x00,0x00,0x00,0x00,0x00,0x00,0x00,0x00,0x00,0x00,0x00,0x00,0x00,0x00,0x00,0x00,0x00,0x00,0x00,0x00,
0x00,0x00,0x00,0x00,0x00,0x00,0x00,0x00,0x00,0x00,0x00,0x00,0x00,0x00,0x00,0x00,0x00,0x00,0x00,0x00,0x00,0x00,0x00,0x00,
0x00,0x00,0x00,0x00,0x00,0x00,0x00,0x00,0x00,0x00,0x00,0x00,0x00,0x00,0x00,0x00,0x00,0x00,0x00,0x00,0x00,0x00,0x00,0x00,
0x00,0x00,0x00,0x00,0x00,0x00,0x00,0x00,0x00,0x00,0x00,0x00,0x00,0x00,0x00,0x00,0x00,0x00,0x00,0x00,0x00,0x00,0x00,0x00,
0x00,0x00,0x00,0x00,0x00,0x00,0x00,0x00,0x00,0x00,0x00,0x00,0x00,0x00,0x00,0x00,0x00,0x00,0x00,0x00,0x00,0x00,0x00,0x00,
0x00,0x00,0x00,0x00,0x00,0x00,0x00,0x00,0x00,0x00,0x00,0x00,0x00,0x00,0x00,0x00,0x00,0x00,0x00,0x00,0x00,0x00,0x00,0x00,
0x00,0x00,0x00,0x00,0x00,0x00,0x00,0x00,0x00,0x00,0x00,0x00,0x00,0x00,0x00,0x00,0x00,0x00,0x00,0x00,0x00,0x00,0x00,0x00,
0x00,0x00,0x00,0x00,0x00,0x00,0x00,0x00,0x00,0x00,0x00,0x00,0x00,0x00,0x00,0x00,0x00,0x00,0x00,0x00,0x00,0x00,0x00,0x00,
0x00,0x00,0x00,0x00,0x00,0x00,0x00,0x00,0x00,0x00,0x00,0x00,0x00,0x00,0x00,0x00,0x00,0x00,0x00,0x00,0x00,0x00,0x00,0x00,
0x00,0x00,0x00,0x00,0x00,0x00,0x3f,0xe0,0x00,0x00,0x00,0x00,0x00,0x00,0x00,0x00,0x00,0x01,0xff,0xfc,0x00,0x00,0x00,0x00,
0x00,0x00,0x00,0x00,0x00,0x07,0xff,0xff,0x00,0x00,0x00,0x00,0x00,0x00,0x00,0x00,0x00,0x1f,0xff,0xff,0xc0,0x00,0x00,0x00,
0x00,0x00,0x00,0x00,0x00,0x3f,0xff,0xff,0xe0,0x00,0x00,0x00,0x00,0x00,0x00,0x00,0x00,0xff,0xff,0xff,0xf8,0x00,0x00,0x00,
0x00,0x00,0x00,0x00,0x01,0xff,0xff,0xff,0xfc,0x00,0x00,0x00,0x00,0x00,0x00,0x00,0x03,0xff,0xff,0xff,0xfe,0x00,0x00,0x00,
0x00,0x00,0x00,0x00,0x03,0xff,0xff,0xff,0xfe,0x00,0x00,0x00,0x00,0x00,0x00,0x00,0x07,0xff,0xff,0xff,0xff,0x00,0x00,0x00,
0x00,0x00,0x00,0x00,0x0f,0xff,0xff,0xff,0xff,0x80,0x00,0x00,0x00,0x00,0x00,0x00,0x0f,0xff,0xff,0xff,0xff,0x80,0x00,0x00,
0x00,0x00,0x00,0x3f,0xff,0xff,0xff,0xff,0xff,0xc0,0x00,0x00,0x00,0x00,0x01,0xff,0xff,0xff,0xff,0xff,0xff,0xe0,0x00,0x00,
0x00,0x00,0x07,0xff,0xff,0xff,0xff,0xff,0xff,0xe0,0x00,0x00,0x00,0x00,0x0f,0xff,0xff,0xff,0xff,0xff,0xff,0xe0,0x00,0x00,
0x00,0x00,0x1f,0xff,0xff,0xff,0xff,0xff,0xff,0xf0,0x00,0x00,0x00,0x00,0x3f,0xff,0xff,0xff,0xff,0xff,0xff,0xf0,0x00,0x00,
0x00,0x00,0x7f,0xff,0xff,0xff,0xff,0xff,0xff,0xf0,0x00,0x00,0x00,0x00,0xff,0xff,0xff,0xff,0xff,0xff,0xff,0xf8,0x00,0x00,
0x00,0x01,0xff,0xff,0xff,0xff,0xff,0xff,0xff,0xff,0x80,0x00,0x00,0x03,0xff,0xff,0xff,0xff,0xff,0xff,0xff,0xff,0xf0,0x00,
0x00,0x03,0xff,0xff,0xff,0xff,0xff,0xff,0xff,0xff,0xfc,0x00,0x00,0x07,0xff,0xff,0xff,0xff,0xff,0xff,0xff,0xff,0xfe,0x00,
0x00,0x07,0xff,0xff,0xff,0xff,0xff,0xff,0xff,0xff,0xff,0x00,0x00,0x07,0xff,0xff,0xff,0xff,0xff,0xff,0xff,0xff,0xff,0x80,
0x00,0x0f,0xff,0xff,0xff,0xff,0xff,0xff,0xff,0xff,0xff,0xc0,0x00,0x0f,0xff,0xff,0xff,0xff,0xff,0xff,0xff,0xff,0xff,0xe0,
0x00,0x0f,0xff,0xff,0xff,0xff,0xff,0xff,0xff,0xff,0xff,0xe0,0x00,0x0f,0xff,0xff,0xff,0xff,0xff,0xff,0xff,0xff,0xff,0xf0,
0x00,0x0f,0xff,0xff,0xff,0xff,0xff,0xff,0xff,0xff,0xff,0xf0,0x00,0x0f,0xff,0xff,0xff,0xff,0xff,0xff,0xff,0xff,0xff,0xf8,
0x00,0x0f,0xff,0xff,0xff,0xff,0xff,0xff,0xff,0xff,0xff,0xf8,0x00,0x0f,0xff,0xff,0xff,0xff,0xff,0xff,0xff,0xff,0xff,0xf8,
0x00,0x0f,0xff,0xff,0xff,0xff,0xff,0xff,0xff,0xff,0xff,0xf8,0x00,0x07,0xff,0xff,0xff,0xff,0xff,0xff,0xff,0xff,0xff,0xf8,
0x00,0x07,0xff,0xff,0xff,0xff,0xff,0xff,0xff,0xff,0xff,0xf8,0x00,0x07,0xff,0xff,0xff,0xff,0xff,0xff,0xff,0xff,0xff,0xf8,
0x00,0x03,0xff,0xff,0xff,0xff,0xff,0xff,0xff,0xff,0xff,0xf0,0x00,0x03,0xff,0xff,0xff,0xff,0xff,0xff,0xff,0xff,0xff,0xf0,
0x00,0x01,0xff,0xff,0xff,0xff,0xff,0xff,0xff,0xff,0xff,0xe0,0x00,0x00,0xff,0xff,0xff,0xff,0xff,0xff,0xff,0xff,0xff,0xe0,
0x00,0x00,0x7f,0xff,0xff,0xff,0xff,0xff,0xff,0xff,0xff,0xc0,0x00,0x00,0x3f,0xff,0xff,0xff,0xff,0xff,0xff,0xff,0xff,0x80,
0x00,0x00,0x1f,0xff,0xff,0xff,0xff,0xff,0xff,0xff,0xff,0x00,0x00,0x00,0x0f,0xff,0xff,0xff,0xff,0xff,0xff,0xff,0xfe,0x00,
0x00,0x00,0x07,0xff,0xff,0xff,0xff,0xff,0xff,0xff,0xfc,0x00,0x00,0x00,0x01,0xff,0xff,0xff,0xff,0xff,0xff,0xff,0xf0,0x00,
0x00,0x00,0x00,0x3f,0xff,0xff,0xff,0xff,0xff,0xff,0x80,0x00,0x00,0x00,0x00,0x00,0x03,0xff,0xff,0xe0,0x00,0x00,0x00,0x00,
0x00,0x00,0x00,0x00,0x03,0xff,0xff,0xc0,0x00,0x00,0x00,0x00,0x00,0x00,0x00,0x00,0x07,0xff,0xff,0x80,0x00,0x00,0x00,0x00,
0x00,0x00,0x00,0x00,0x0f,0xff,0xff,0x00,0x00,0x00,0x00,0x00,0x00,0x00,0x00,0x00,0x00,0x0f,0xfe,0x00,0x00,0x00,0x00,0x00,
0x00,0x00,0x00,0x00,0x00,0x1f,0xfe,0x00,0x00,0x00,0x00,0x00,0x00,0x00,0x10,0x00,0x00,0x1f,0xfc,0x00,0x01,0x00,0x00,0x00,
0x00,0x00,0x1e,0x00,0x00,0x1f,0xff,0xf8,0x01,0xe0,0x00,0x00,0x00,0x00,0x3e,0x00,0x00,0x3f,0xff,0xf0,0x03,0xe0,0x00,0x00,
0x00,0x00,0x3c,0x00,0x00,0x3f,0xff,0xe0,0x03,0xc0,0x00,0x00,0x00,0x00,0x3c,0x00,0x00,0x3f,0xff,0x80,0x03,0xc0,0x00,0x00,
0x00,0x00,0x7c,0x00,0x00,0x7f,0xff,0x00,0x07,0xc0,0x00,0x00,0x00,0x00,0x78,0x00,0x00,0x7f,0xfe,0x00,0x07,0x80,0x00,0x00,
0x00,0x00,0x78,0x00,0x00,0x7f,0xfc,0x00,0x07,0x80,0x00,0x00,0x00,0x00,0xf8,0x00,0x00,0xff,0xf8,0x00,0x0f,0x80,0x00,0x00,
0x00,0x00,0xf0,0x00,0x00,0xff,0xe0,0x00,0x0f,0x00,0x00,0x00,0x00,0x00,0xf0,0x00,0x00,0xff,0xc0,0x00,0x0f,0x00,0x00,0x00,
0x00,0x01,0xf0,0x00,0x01,0xff,0x80,0x00,0x1f,0x00,0x00,0x00,0x00,0x01,0xe0,0x00,0x01,0xff,0x00,0x00,0x1e,0x00,0x00,0x00,
0x00,0x00,0x20,0x00,0x01,0xfe,0x00,0x00,0x02,0x00,0x00,0x00,0x00,0x00,0x00,0x00,0x03,0xf8,0x00,0x00,0x00,0x00,0x00,0x00,
0x00,0x00,0x00,0x00,0x03,0xf0,0x00,0x00,0x00,0x00,0x00,0x00,0x00,0x00,0x00,0x00,0x03,0xe0,0x00,0x00,0x00,0x00,0x00,0x00,
0x00,0x00,0x00,0x00,0x07,0xc0,0x00,0x00,0x00,0x00,0x00,0x00,0x00,0x00,0x00,0x00,0x07,0x80,0x00,0x00,0x00,0x00,0x00,0x00,
0x00,0x00,0x00,0x00,0x06,0x00,0x00,0x00,0x00,0x00,0x00,0x00,0x00,0x00,0x00,0x00,0x0c,0x00,0x00,0x00,0x00,0x00,0x00,0x00,
0x00,0x00,0x00,0x00,0x00,0x00,0x00,0x00,0x00,0x00,0x00,0x00,0x00,0x00,0x00,0x00,0x00,0x00,0x00,0x00,0x00,0x00,0x00,0x00,
0x00,0x00,0x00,0x00,0x00,0x00,0x00,0x00,0x00,0x00,0x00,0x00,0x00,0x00,0x00,0x00,0x00,0x00,0x00,0x00,0x00,0x00,0x00,0x00,
0x00,0x00,0x00,0xff,0x80,0x00,0x00,0x00,0x00,0x00,0x00,0x00,0x00,0x00,0x0f,0xff,0xf8,0x00,0x00,0x00,0x00,0x00,0x00,0x00,
0x00,0x00,0x3f,0xff,0xfe,0x00,0x00,0x00,0x00,0x00,0x00,0x00,0x00,0x00,0xff,0xff,0xff,0x80,0x00,0x00,0x00,0x00,0x00,0x00,
0x00,0x01,0xff,0x00,0x7f,0xc0,0x00,0x00,0x00,0x00,0x00,0x00,0x00,0x07,0xf8,0x00,0x0f,0xf0,0x00,0x00,0x00,0x00,0x00,0x00,
0x00,0x0f,0xe0,0x00,0x03,0xf8,0x00,0x00,0x00,0x00,0x00,0x00,0x00,0x1f,0x80,0x00,0x00,0xfc,0x00,0x00,0x00,0x00,0x00,0x00,
0x00,0x3f,0x00,0x00,0x00,0x7e,0x00,0x00,0x00,0x00,0x00,0x00,0x00,0x7e,0x00,0x00,0x00,0x3f,0x00,0x00,0x00,0x00,0x00,0x00,
0x00,0x7c,0x00,0x00,0x00,0x1f,0x00,0x00,0x00,0x00,0x00,0x00,0x00,0xf8,0x00,0x00,0x00,0x0f,0x80,0x00,0x00,0x00,0x00,0x00,
0x01,0xf0,0x00,0x00,0x00,0x07,0xc0,0x00,0x00,0x00,0x00,0x00,0x01,0xe0,0x00,0x00,0x00,0x03,0xc0,0x00,0x00,0x00,0x00,0x00,
0x03,0xe0,0x00,0x00,0x00,0x03,0xe0,0x00,0x00,0x00,0x00,0x00,0x03,0xc0,0x00,0x00,0x00,0x01,0xe0,0x00,0x00,0x00,0x00,0x00,
0x07,0xc0,0x00,0x00,0x00,0x01,0xff,0xe0,0x00,0x00,0x00,0x00,0x07,0x80,0x00,0x00,0x00,0x01,0xff,0xfc,0x00,0x00,0x00,0x00,
0x07,0x80,0x00,0x00,0x00,0x07,0xff,0xff,0x00,0x00,0x00,0x00,0x07,0x80,0x00,0x00,0x00,0x1f,0xff,0xff,0xc0,0x00,0x00,0x00,
0x0f,0x00,0x00,0x00,0x00,0x3f,0xff,0xff,0xe0,0x00,0x00,0x00,0x0f,0x00,0x00,0x00,0x00,0xff,0xff,0xff,0xf8,0x00,0x00,0x00,
0x0f,0x00,0x00,0x00,0x01,0xff,0xff,0xff,0xfc,0x00,0x00,0x00,0x0f,0x00,0x00,0x00,0x03,0xff,0xff,0xff,0xfe,0x00,0x00,0x00,
0x0f,0x00,0x00,0x00,0x03,0xff,0xff,0xff,0xfe,0x00,0x00,0x00,0x0f,0x00,0x00,0x00,0x07,0xff,0xff,0xff,0xff,0x00,0x00,0x00,
0x0f,0x00,0x00,0x00,0x0f,0xff,0xff,0xff,0xff,0x80,0x00,0x00,0x0f,0x00,0x00,0x00,0x0f,0xff,0xff,0xff,0xff,0x80,0x00,0x00,
0x0f,0x00,0x00,0x3f,0xff,0xff,0xff,0xff,0xff,0xc0,0x00,0x00,0x07,0x80,0x01,0xff,0xff,0xff,0xff,0xff,0xff,0xe0,0x00,0x00,
0x07,0x80,0x07,0xff,0xff,0xff,0xff,0xff,0xff,0xe0,0x00,0x00,0x07,0x80,0x0f,0xff,0xff,0xff,0xff,0xff,0xff,0xe0,0x00,0x00,
0x07,0xc0,0x1f,0xff,0xff,0xff,0xff,0xff,0xff,0xf0,0x00,0x00,0x03,0xc0,0x3f,0xff,0xff,0xff,0xff,0xff,0xff,0xf0,0x00,0x00,
0x03,0xe0,0x7f,0xff,0xff,0xff,0xff,0xff,0xff,0xf0,0x00,0x00,0x01,0xe0,0xff,0xff,0xff,0xff,0xff,0xff,0xff,0xf8,0x00,0x00,
0x01,0xf1,0xff,0xff,0xff,0xff,0xff,0xff,0xff,0xff,0x80,0x00,0x00,0xfb,0xff,0xff,0xff,0xff,0xff,0xff,0xff,0xff,0xf0,0x00,
0x00,0x7f,0xff,0xff,0xff,0xff,0xff,0xff,0xff,0xff,0xfc,0x00,0x00,0x7f,0xff,0xff,0xff,0xff,0xff,0xff,0xff,0xff,0xfe,0x00,
0x00,0x3f,0xff,0xff,0xff,0xff,0xff,0xff,0xff,0xff,0xff,0x00,0x00,0x1f,0xff,0xff,0xff,0xff,0xff,0xff,0xff,0xff,0xff,0x80,
0x00,0x0f,0xff,0xff,0xff,0xff,0xff,0xff,0xff,0xff,0xff,0xc0,0x00,0x0f,0xff,0xff,0xff,0xff,0xff,0xff,0xff,0xff,0xff,0xe0,
0x00,0x0f,0xff,0xff,0xff,0xff,0xff,0xff,0xff,0xff,0xff,0xe0,0x00,0x0f,0xff,0xff,0xff,0xff,0xff,0xff,0xff,0xff,0xff,0xf0,
0x00,0x0f,0xff,0xff,0xff,0xff,0xff,0xff,0xff,0xff,0xff,0xf0,0x00,0x0f,0xff,0xff,0xff,0xff,0xff,0xff,0xff,0xff,0xff,0xf8,
0x00,0x0f,0xff,0xff,0xff,0xff,0xff,0xff,0xff,0xff,0xff,0xf8,0x00,0x0f,0xff,0xff,0xff,0xff,0xff,0xff,0xff,0xff,0xff,0xf8,
0x00,0x0f,0xff,0xff,0xff,0xff,0xff,0xff,0xff,0xff,0xff,0xf8,0x00,0x07,0xff,0xff,0xff,0xff,0xff,0xff,0xff,0xff,0xff,0xf8,
0x00,0x07,0xff,0xff,0xff,0xff,0xff,0xff,0xff,0xff,0xff,0xf8,0x00,0x07,0xff,0xff,0xff,0xff,0xff,0xff,0xff,0xff,0xff,0xf8,
0x00,0x03,0xff,0xff,0xff,0xff,0xff,0xff,0xff,0xff,0xff,0xf0,0x00,0x03,0xff,0xff,0xff,0xff,0xff,0xff,0xff,0xff,0xff,0xf0,
0x00,0x01,0xff,0xff,0xff,0xff,0xff,0xff,0xff,0xff,0xff,0xe0,0x00,0x00,0xff,0xff,0xff,0xff,0xff,0xff,0xff,0xff,0xff,0xe0,
0x00,0x00,0x7f,0xff,0xff,0xff,0xff,0xff,0xff,0xff,0xff,0xc0,0x00,0x00,0x3f,0xff,0xff,0xff,0xff,0xff,0xff,0xff,0xff,0x80,
0x00,0x00,0x1f,0xff,0xff,0xff,0xff,0xff,0xff,0xff,0xff,0x00,0x00,0x00,0x0f,0xff,0xff,0xff,0xff,0xff,0xff,0xff,0xfe,0x00,
0x00,0x00,0x07,0xff,0xff,0xff,0xff,0xff,0xff,0xff,0xfc,0x00,0x00,0x00,0x01,0xff,0xff,0xff,0xff,0xff,0xff,0xff,0xf0,0x00,
0x00,0x00,0x00,0x3f,0xff,0xff,0xff,0xff,0xff,0xff,0x80,0x00,0x00,0x00,0x00,0x00,0x00,0x00,0x00,0x00,0x00,0x00,0x00,0x00,
0x00,0x00,0x00,0x00,0x00,0x00,0x00,0x00,0x00,0x00,0x00,0x00,0x00,0x00,0x00,0x00,0x00,0x00,0x00,0x00,0x00,0x00,0x00,0x00,
0x00,0x00,0x00,0x00,0x00,0x00,0x00,0x00,0x00,0x00,0x00,0x00,0x00,0x00,0x00,0x00,0x00,0x00,0x00,0x00,0x00,0x00,0x00,0x00,
0x00,0x00,0x00,0x00,0x00,0x00,0x00,0x00,0x00,0x00,0x00,0x00,0x00,0x00,0x00,0x00,0x00,0x00,0x00,0x00,0x00,0x00,0x00,0x00,
0x00,0x00,0x00,0x00,0x00,0x00,0x00,0x00,0x00,0x00,0x00,0x00,0x00,0x00,0x00,0x00,0x00,0x00,0x00,0x00,0x00,0x00,0x00,0x00,
0x00,0x00,0x00,0x00,0x00,0x00,0x00,0x00,0x00,0x00,0x00,0x00,0x00,0x00,0x00,0x00,0x00,0x00,0x00,0x00,0x00,0x00,0x00,0x00,
0x00,0x00,0x00,0x00,0x00,0x00,0x00,0x00,0x00,0x00,0x00,0x00,0x00,0x00,0x00,0x00,0x00,0x00,0x00,0x00,0x00,0x00,0x00,0x00,
0x00,0x00,0x00,0x00,0x00,0x00,0x00,0x00,0x00,0x00,0x00,0x00,0x00,0x00,0x00,0x00,0x00,0x00,0x00,0x00,0x00,0x00,0x00,0x00,
0x00,0x00,0x00,0x00,0x00,0x00,0x00,0x00,0x00,0x00,0x00,0x00,0x00,0x00,0x00,0x00,0x00,0x00,0x00,0x00,0x00,0x00,0x00,0x00,
0x00,0x00,0x00,0x00,0x00,0x00,0x00,0x00,0x00,0x00,0x00,0x00,0x00,0x00,0x00,0x00,0x00,0x00,0x00,0x00,0x00,0x00,0x00,0x00,
0x00,0x00,0x00,0x00,0x00,0x00,0x00,0x00,0x00,0x00,0x00,0x00,0x00,0x00,0x00,0x00,0x00,0x00,0x00,0x00,0x00,0x00,0x00,0x00,
0x00,0x00,0x00,0x00,0x00,0x00,0x00,0x00,0x00,0x00,0x00,0x00,0x00,0x00,0x00,0x00,0x00,0x00,0x00,0x00,0x00,0x00,0x00,0x00,
0x00,0x00,0x00,0x00,0x00,0x00,0x00,0x00,0x00,0x00,0x00,0x00,0x00,0x00,0x00,0x00,0x00,0x00,0x00,0x00,0x00,0x00,0x00,0x00,
0x00,0x00,0x00,0x00,0x00,0x00,0x00,0x00,0x00,0x00,0x00,0x00,0x00,0x00,0x00,0x00,0x00,0x00,0x00,0x00,0x00,0x00,0x00,0x00,
0x00,0x00,0x00,0x00,0x00,0x00,0x00,0x00,0x00,0x00,0x00,0x00,0x00,0x00,0x00,0x00,0x00,0x00,0x00,0x00,0x00,0x00,0x00,0x00,
0x00,0x00,0x00,0x00,0x00,0x00,0x00,0x00,0x00,0x00,0x00,0x00,0x00,0x00,0x00,0x00,0x00,0x00,0x00,0x00,0x00,0x00,0x00,0x00,
0x00,0x00,0x00,0x00,0x00,0x00,0x00,0x00,0x00,0x00,0x00,0x00,0x00,0x00,0x00,0x00,0x00,0x00,0x00,0x00,0x00,0x00,0x00,0x00,
0x00,0x00,0x00,0x00,0x00,0x00,0x00,0x00,0x00,0x00,0x00,0x00,0x00,0x00,0x00,0x00,0x00,0x00,0x00,0x00,0x00,0x00,0x00,0x00,
0x00,0x00,0x00,0x00,0x00,0x00,0x00,0x00,0x00,0x00,0x00,0x00,0x00,0x00,0x00,0x00,0x00,0x00,0x00,0x00,0x00,0x00,0x00,0x00,
0x00,0x00,0x00,0x00,0x00,0x00,0x00,0x00,0x00,0x00,0x00,0x00,0x00,0x00,0x00,0x00,0x00,0x00,0x00,0x00,0x00,0x00,0x00,0x00,
0x00,0x00,0x00,0x00,0x00,0x00,0x00,0x00,0x00,0x00,0x00,0x00,0x00,0x00,0x00,0x00,0x00,0x00,0x00,0x00,0x00,0x00,0x00,0x00,
0x00,0x00,0x00,0x00,0x00,0x00,0x00,0x00,0x00,0x00,0x00,0x00,0x00,0x00,0x00,0x00,0x00,0x00,0x00,0x00,0x00,0x00,0x00,0x00,
0x00,0x00,0x00,0x00,0x00,0x00,0x00,0x00,0x00,0x00,0x00,0x00,0x00,0x00,0x00,0x00,0x00,0x00,0x00,0x00,0x00,0x00,0x00,0x00,
0x00,0x00,0x00,0x00,0x00,0x00,0x00,0x00,0x00,0x00,0x00,0x00,0x00,0x00,0x00,0x00,0x00,0x00,0x00,0x00,0x00,0x00,0x00,0x00,
0x00,0x00,0x00,0x00,0x00,0x00,0x3f,0xe0,0x00,0x00,0x00,0x00,0x00,0x00,0x00,0x00,0x00,0x01,0xff,0xfc,0x00,0x00,0x00,0x00,
0x00,0x00,0x00,0x00,0x00,0x07,0xff,0xff,0x00,0x00,0x00,0x00,0x00,0x00,0x00,0x00,0x00,0x1f,0xff,0xff,0xc0,0x00,0x00,0x00,
0x00,0x00,0x00,0x00,0x00,0x3f,0xff,0xff,0xe0,0x00,0x00,0x00,0x00,0x00,0x00,0x00,0x00,0xff,0xff,0xff,0xf8,0x00,0x00,0x00,
0x00,0x00,0x00,0x00,0x01,0xff,0xff,0xff,0xfc,0x00,0x00,0x00,0x00,0x00,0x00,0x00,0x03,0xff,0xff,0xff,0xfe,0x00,0x00,0x00,
0x00,0x00,0x00,0x00,0x03,0xff,0xff,0xff,0xfe,0x00,0x00,0x00,0x00,0x00,0x00,0x00,0x07,0xff,0xff,0xff,0xff,0x00,0x00,0x00,
0x00,0x00,0x00,0x00,0x0f,0xff,0xff,0xff,0xff,0x80,0x00,0x00,0x00,0x00,0x00,0x00,0x0f,0xff,0xff,0xff,0xff,0x80,0x00,0x00,
0x00,0x00,0x00,0x3f,0xff,0xff,0xff,0xff,0xff,0xc0,0x00,0x00,0x00,0x00,0x01,0xff,0xff,0xff,0xff,0xff,0xff,0xe0,0x00,0x00,
0x00,0x00,0x07,0xff,0xff,0xff,0xff,0xff,0xff,0xe0,0x00,0x00,0x00,0x00,0x0f,0xff,0xff,0xff,0xff,0xff,0xff,0xe0,0x00,0x00,
0x00,0x00,0x1f,0xff,0xff,0xff,0xff,0xff,0xff,0xf0,0x00,0x00,0x00,0x00,0x3f,0xff,0xff,0xff,0xff,0xff,0xff,0xf0,0x00,0x00,
0x00,0x00,0x7f,0xff,0xff,0xff,0xff,0xff,0xff,0xf0,0x00,0x00,0x00,0x00,0xff,0xff,0xff,0xff,0xff,0xff,0xff,0xf8,0x00,0x00,
0x00,0x01,0xff,0xff,0xff,0xff,0xff,0xff,0xff,0xff,0x80,0x00,0x00,0x03,0xff,0xff,0xff,0xff,0xff,0xff,0xff,0xff,0xf0,0x00,
0x00,0x03,0xff,0xff,0xff,0xff,0xff,0xff,0xff,0xff,0xfc,0x00,0x00,0x07,0xff,0xff,0xff,0xff,0xff,0xff,0xff,0xff,0xfe,0x00,
0x00,0x07,0xff,0xff,0xff,0xff,0xff,0xff,0xff,0xff,0xff,0x00,0x00,0x07,0xff,0xff,0xff,0xff,0xff,0xff,0xff,0xff,0xff,0x80,
0x00,0x0f,0xff,0xff,0xff,0xff,0xff,0xff,0xff,0xff,0xff,0xc0,0x00,0x0f,0xff,0xff,0xff,0xff,0xff,0xff,0xff,0xff,0xff,0xe0,
0x00,0x0f,0xff,0xff,0xff,0xff,0xff,0xff,0xff,0xff,0xff,0xe0,0x00,0x0f,0xff,0xff,0xff,0xff,0xff,0xff,0xff,0xff,0xff,0xf0,
0x00,0x0f,0xff,0xff,0xff,0xff,0xff,0xff,0xff,0xff,0xff,0xf0,0x00,0x0f,0xff,0xff,0xff,0xff,0xff,0xff,0xff,0xff,0xff,0xf8,
0x00,0x0f,0xff,0xff,0xff,0xff,0xff,0xff,0xff,0xff,0xff,0xf8,0x00,0x0f,0xff,0xff,0xff,0xff,0xff,0xff,0xff,0xff,0xff,0xf8,
0x00,0x0f,0xff,0xff,0xff,0xff,0xff,0xff,0xff,0xff,0xff,0xf8,0x00,0x07,0xff,0xff,0xff,0xff,0xff,0xff,0xff,0xff,0xff,0xf8,
0x00,0x07,0xff,0xff,0xff,0xff,0xff,0xff,0xff,0xff,0xff,0xf8,0x00,0x07,0xff,0xff,0xff,0xff,0xff,0xff,0xff,0xff,0xff,0xf8,
0x00,0x03,0xff,0xff,0xff,0xff,0xff,0xff,0xff,0xff,0xff,0xf0,0x00,0x03,0xff,0xff,0xff,0xff,0xff,0xff,0xff,0xff,0xff,0xf0,
0x00,0x01,0xff,0xff,0xff,0xff,0xff,0xff,0xff,0xff,0xff,0xe0,0x00,0x00,0xff,0xff,0xff,0xff,0xff,0xff,0xff,0xff,0xff,0xe0,
0x00,0x00,0x7f,0xff,0xff,0xff,0xff,0xff,0xff,0xff,0xff,0xc0,0x00,0x00,0x3f,0xff,0xff,0xff,0xff,0xff,0xff,0xff,0xff,0x80,
0x00,0x00,0x1f,0xff,0xff,0xff,0xff,0xff,0xff,0xff,0xff,0x00,0x00,0x00,0x0f,0xff,0xff,0xff,0xff,0xff,0xff,0xff,0xfe,0x00,
0x00,0x00,0x07,0xff,0xff,0xff,0xff,0xff,0xff,0xff,0xfc,0x00,0x00,0x00,0x01,0xff,0xff,0xff,0xff,0xff,0xff,0xff,0xf0,0x00,
0x00,0x00,0x00,0x3f,0xff,0xff,0xff,0xff,0xff,0xff,0x80,0x00,0x00,0x00,0x00,0x00,0x00,0x00,0x00,0x00,0x00,0x00,0x00,0x00,
0x00,0x00,0x00,0x00,0x00,0x00,0x00,0x00,0x00,0x00,0x00,0x00,0x00,0x00,0x00,0x00,0x00,0x00,0x00,0x00,0x00,0x00,0x00,0x00,
0x00,0x00,0x00,0x00,0x00,0x00,0x00,0x00,0x00,0x00,0x00,0x00,0x00,0x00,0x00,0x00,0x00,0x00,0x00,0x00,0x00,0x00,0x00,0x00,
0x00,0x00,0x00,0x00,0x00,0x00,0x00,0x00,0x00,0x00,0x00,0x00,0x00,0x00,0x40,0x00,0x00,0x40,0x00,0x00,0x04,0x00,0x00,0x00,
0x00,0x00,0x78,0x00,0x00,0x78,0x00,0x00,0x07,0x80,0x00,0x00,0x00,0x00,0xff,0x80,0x00,0xff,0x80,0x00,0x0f,0xf8,0x00,0x00,
0x00,0x00,0xff,0x80,0x00,0xff,0x80,0x00,0x0f,0xf8,0x00,0x00,0x00,0x00,0xff,0x00,0x00,0xff,0x00,0x00,0x0f,0xf0,0x00,0x00,
0x00,0x01,0xff,0x00,0x01,0xff,0x00,0x00,0x1f,0xf0,0x00,0x00,0x00,0x01,0xff,0x00,0x01,0xff,0x00,0x00,0x1f,0xf0,0x00,0x00,
0x00,0x01,0xfe,0x00,0x01,0xfe,0x00,0x00,0x1f,0xe0,0x00,0x00,0x00,0x03,0xfe,0x00,0x03,0xfe,0x00,0x00,0x3f,0xe0,0x00,0x00,
0x00,0x03,0xfe,0x00,0x03,0xfe,0x00,0x00,0x3f,0xe0,0x00,0x00,0x00,0x03,0xfc,0x00,0x03,0xfc,0x00,0x00,0x3f,0xc0,0x00,0x00,
0x00,0x07,0xfc,0x00,0x07,0xfc,0x00,0x00,0x7f,0xc0,0x00,0x00,0x00,0x07,0xfc,0x00,0x07,0xfc,0x00,0x00,0x7f,0xc0,0x00,0x00,
0x00,0x00,0x78,0x00,0x00,0x78,0x00,0x00,0x07,0x80,0x00,0x00,0x00,0x00,0x08,0x00,0x00,0x08,0x00,0x00,0x00,0x80,0x00,0x00,
0x00,0x00,0x00,0x00,0x00,0x00,0x00,0x00,0x00,0x00,0x00,0x00,0x00,0x00,0x00,0x00,0x00,0x00,0x00,0x00,0x00,0x00,0x00,0x00,
0x00,0x00,0x00,0x00,0x00,0x00,0x00,0x00,0x00,0x00,0x00,0x00,0x00,0x00,0x00,0x00,0x00,0x00,0x00,0x00,0x00,0x00,0x00,0x00,
0x00,0x00,0x00,0x00,0x00,0x00,0x00,0x00,0x00,0x00,0x00,0x00,0x00,0x00,0x00,0x00,0x00,0x00,0x00,0x00,0x00,0x00,0x00,0x00,
0x00,0x00,0x00,0x00,0x00,0x00,0x00,0x00,0x00,0x00,0x00,0x00,0x00,0x00,0x00,0x00,0x00,0x00,0x00,0x00,0x00,0x00,0x00,0x00,
0x00,0x00,0x00,0x00,0x00,0x00,0x00,0x00,0x00,0x00,0x00,0x00,0x00,0x00,0x00,0x00,0x00,0x00,0x00,0x00,0x00,0x00,0x00,0x00,
0x00,0x00,0x00,0x00,0x00,0x00,0x00,0x00,0x00,0x00,0x00,0x00,0x00,0x00,0x00,0x00,0x00,0x00,0x00,0x00,0x00,0x00,0x00,0x00,
0x00,0x00,0x00,0x00,0x00,0x00,0x00,0x00,0x00,0x00,0x00,0x00,0x00,0x00,0x00,0x00,0x00,0x00,0x00,0x00,0x00,0x00,0x00,0x00,
0x00,0x00,0x00,0x00,0x00,0x00,0x00,0x00,0x00,0x00,0x00,0x00,0x00,0x00,0x00,0x00,0x00,0x00,0x00,0x00,0x00,0x00,0x00,0x00,
0x00,0x00,0x00,0x00,0x00,0x00,0x00,0x00,0x00,0x00,0x00,0x00,0x00,0x00,0x00,0x00,0x00,0x00,0x00,0x00,0x00,0x00,0x00,0x00,
0x00,0x00,0x00,0x00,0x00,0x00,0x00,0x00,0x00,0x00,0x00,0x00,0x00,0x00,0x00,0x00,0x00,0x00,0x00,0x00,0x00,0x00,0x00,0x00,
0x00,0x00,0x00,0x00,0x00,0x00,0x00,0x00,0x00,0x00,0x00,0x00,0x00,0x00,0x00,0x00,0x00,0x00,0x00,0x00,0x00,0x00,0x00,0x00,
0x00,0x00,0x00,0x00,0x00,0x00,0x00,0x00,0x00,0x00,0x00,0x00,0x00,0x00,0x00,0x00,0x00,0x00,0x00,0x00,0x00,0x00,0x00,0x00,
0x00,0x00,0x00,0x00,0x00,0x00,0x00,0x00,0x00,0x00,0x00,0x00,0x00,0x00,0x00,0x00,0x00,0x00,0x00,0x00,0x00,0x00,0x00,0x00,
0x00,0x00,0x00,0x00,0x00,0x00,0x3f,0xe0,0x00,0x00,0x00,0x00,0x00,0x00,0x00,0x00,0x00,0x01,0xff,0xfc,0x00,0x00,0x00,0x00,
0x00,0x00,0x00,0x00,0x00,0x07,0xff,0xff,0x00,0x00,0x00,0x00,0x00,0x00,0x00,0x00,0x00,0x1f,0xff,0xff,0xc0,0x00,0x00,0x00,
0x00,0x00,0x00,0x00,0x00,0x3f,0xff,0xff,0xe0,0x00,0x00,0x00,0x00,0x00,0x00,0x00,0x00,0xff,0xff,0xff,0xf8,0x00,0x00,0x00,
0x00,0x00,0x00,0x00,0x01,0xff,0xff,0xff,0xfc,0x00,0x00,0x00,0x00,0x00,0x00,0x00,0x03,0xff,0xff,0xff,0xfe,0x00,0x00,0x00,
0x00,0x00,0x00,0x00,0x03,0xff,0xff,0xff,0xfe,0x00,0x00,0x00,0x00,0x00,0x00,0x00,0x07,0xff,0xff,0xff,0xff,0x00,0x00,0x00,
0x00,0x00,0x00,0x00,0x0f,0xff,0xff,0xff,0xff,0x80,0x00,0x00,0x00,0x00,0x00,0x00,0x0f,0xff,0xff,0xff,0xff,0x80,0x00,0x00,
0x00,0x00,0x00,0x3f,0xff,0xff,0xff,0xff,0xff,0xc0,0x00,0x00,0x00,0x00,0x01,0xff,0xff,0xff,0xff,0xff,0xff,0xe0,0x00,0x00,
0x00,0x00,0x07,0xff,0xff,0xff,0xff,0xff,0xff,0xe0,0x00,0x00,0x00,0x00,0x0f,0xff,0xff,0xff,0xff,0xff,0xff,0xe0,0x00,0x00,
0x00,0x00,0x1f,0xff,0xff,0xff,0xff,0xff,0xff,0xf0,0x00,0x00,0x00,0x00,0x3f,0xff,0xff,0xff,0xff,0xff,0xff,0xf0,0x00,0x00,
0x00,0x00,0x7f,0xff,0xff,0xff,0xff,0xff,0xff,0xf0,0x00,0x00,0x00,0x00,0xff,0xff,0xff,0xff,0xff,0xff,0xff,0xf8,0x00,0x00,
0x00,0x01,0xff,0xff,0xff,0xff,0xff,0xff,0xff,0xff,0x80,0x00,0x00,0x03,0xff,0xff,0xff,0xff,0xff,0xff,0xff,0xff,0xf0,0x00,
0x00,0x03,0xff,0xff,0xff,0xff,0xff,0xff,0xff,0xff,0xfc,0x00,0x00,0x07,0xff,0xff,0xff,0xff,0xff,0xff,0xff,0xff,0xfe,0x00,
0x00,0x07,0xff,0xff,0xff,0xff,0xff,0xff,0xff,0xff,0xff,0x00,0x00,0x07,0xff,0xff,0xff,0xff,0xff,0xff,0xff,0xff,0xff,0x80,
0x00,0x0f,0xff,0xff,0xff,0xff,0xff,0xff,0xff,0xff,0xff,0xc0,0x00,0x0f,0xff,0xff,0xff,0xff,0xff,0xff,0xff,0xff,0xff,0xe0,
0x00,0x0f,0xff,0xff,0xff,0xff,0xff,0xff,0xff,0xff,0xff,0xe0,0x00,0x0f,0xff,0xff,0xff,0xff,0xff,0xff,0xff,0xff,0xff,0xf0,
0x00,0x0f,0xff,0xff,0xff,0xff,0xff,0xff,0xff,0xff,0xff,0xf0,0x00,0x0f,0xff,0xff,0xff,0xff,0xff,0xff,0xff,0xff,0xff,0xf8,
0x00,0x0f,0xff,0xff,0xff,0xff,0xff,0xff,0xff,0xff,0xff,0xf8,0x00,0x0f,0xff,0xff,0xff,0xff,0xff,0xff,0xff,0xff,0xff,0xf8,
0x00,0x0f,0xff,0xff,0xff,0xff,0xff,0xff,0xff,0xff,0xff,0xf8,0x00,0x07,0xff,0xff,0xff,0xff,0xff,0xff,0xff,0xff,0xff,0xf8,
0x00,0x07,0xff,0xff,0xff,0xff,0xff,0xff,0xff,0xff,0xff,0xf8,0x00,0x07,0xff,0xff,0xff,0xff,0xff,0xff,0xff,0xff,0xff,0xf8,
0x00,0x03,0xff,0xff,0xff,0xff,0xff,0xff,0xff,0xff,0xff,0xf0,0x00,0x03,0xff,0xff,0xff,0xff,0xff,0xff,0xff,0xff,0xff,0xf0,
0x00,0x01,0xff,0xff,0xff,0xff,0xff,0xff,0xff,0xff,0xff,0xe0,0x00,0x00,0xff,0xff,0xff,0xff,0xff,0xff,0xff,0xff,0xff,0xe0,
0x00,0x00,0x7f,0xff,0xff,0xff,0xff,0xff,0xff,0xff,0xff,0xc0,0x00,0x00,0x3f,0xff,0xff,0xff,0xff,0xff,0xff,0xff,0xff,0x80,
0x00,0x00,0x1f,0xff,0xff,0xff,0xff,0xff,0xff,0xff,0xff,0x00,0x00,0x00,0x0f,0xff,0xff,0xff,0xff,0xff,0xff,0xff,0xfe,0x00,
0x00,0x00,0x07,0xff,0xff,0xff,0xff,0xff,0xff,0xff,0xfc,0x00,0x00,0x00,0x01,0xff,0xff,0xff,0xff,0xff,0xff,0xff,0xf0,0x00,
0x00,0x00,0x00,0x3f,0xff,0xff,0xff,0xff,0xff,0xff,0x80,0x00,0x00,0x00,0x00,0x00,0x00,0x00,0x00,0x00,0x00,0x00,0x00,0x00,
0x00,0x00,0x00,0x00,0x00,0x00,0x00,0x00,0x00,0x00,0x00,0x00,0x00,0x00,0x00,0x00,0x00,0x00,0x00,0x00,0x00,0x00,0x00,0x00,
0x00,0x00,0x00,0x00,0x00,0x00,0x00,0x00,0x00,0x00,0x00,0x00,0x00,0x00,0x00,0x00,0x00,0x00,0x00,0x00,0x00,0x00,0x00,0x00,
0x00,0x00,0x00,0x00,0x00,0x00,0x00,0x00,0x00,0x00,0x00,0x00,0x00,0x00,0x10,0x00,0x00,0x10,0x00,0x00,0x01,0x00,0x00,0x00,
0x00,0x00,0x1e,0x00,0x00,0x1e,0x00,0x00,0x01,0xe0,0x00,0x00,0x00,0x00,0x3e,0x00,0x00,0x3e,0x00,0x00,0x03,0xe0,0x00,0x00,
0x00,0x00,0x3c,0x00,0x00,0x3c,0x00,0x00,0x03,0xc0,0x00,0x00,0x00,0x00,0x3c,0x00,0x00,0x3c,0x00,0x00,0x03,0xc0,0x00,0x00,
0x00,0x00,0x7c,0x00,0x00,0x7c,0x00,0x00,0x07,0xc0,0x00,0x00,0x00,0x00,0x78,0x00,0x00,0x78,0x00,0x00,0x07,0x80,0x00,0x00,
0x00,0x00,0x78,0x00,0x00,0x78,0x00,0x00,0x07,0x80,0x00,0x00,0x00,0x00,0xf8,0x00,0x00,0xf8,0x00,0x00,0x0f,0x80,0x00,0x00,
0x00,0x00,0xf0,0x00,0x00,0xf0,0x00,0x00,0x0f,0x00,0x00,0x00,0x00,0x00,0xf0,0x00,0x00,0xf0,0x00,0x00,0x0f,0x00,0x00,0x00,
0x00,0x01,0xf0,0x00,0x01,0xf0,0x00,0x00,0x1f,0x00,0x00,0x00,0x00,0x01,0xe0,0x00,0x01,0xe0,0x00,0x00,0x1e,0x00,0x00,0x00,
0x00,0x00,0x20,0x00,0x00,0x20,0x00,0x00,0x02,0x00,0x00,0x00,0x00,0x00,0x00,0x00,0x00,0x00,0x00,0x00,0x00,0x00,0x00,0x00,
0x00,0x00,0x00,0x00,0x00,0x00,0x00,0x00,0x00,0x00,0x00,0x00,0x00,0x00,0x00,0x00,0x00,0x00,0x00,0x00,0x00,0x00,0x00,0x00,
0x00,0x00,0x00,0x00,0x00,0x00,0x00,0x00,0x00,0x00,0x00,0x00,0x00,0x00,0x00,0x00,0x00,0x00,0x00,0x00,0x00,0x00,0x00,0x00,
0x00,0x00,0x00,0x00,0x00,0x00,0x00,0x00,0x00,0x00,0x00,0x00,0x00,0x00,0x00,0x00,0x00,0x00,0x00,0x00,0x00,0x00,0x00,0x00,
0x00,0x00,0x00,0x00,0x00,0x00,0x00,0x00,0x00,0x00,0x00,0x00,0x00,0x00,0x00,0x00,0x00,0x00,0x00,0x00,0x00,0x00,0x00,0x00,
0x00,0x00,0x00,0x00,0x00,0x00,0x00,0x00,0x00,0x00,0x00,0x00,0x00,0x00,0x00,0x00,0x00,0x00,0x00,0x00,0x00,0x00,0x00,0x00,
0x00,0x00,0x00,0x00,0x00,0x00,0x00,0x00,0x00,0x00,0x00,0x00,0x00,0x00,0x00,0x00,0x00,0x00,0x00,0x00,0x00,0x00,0x00,0x00,
0x00,0x00,0x00,0x00,0x00,0x00,0x00,0x00,0x00,0x00,0x00,0x00,0x00,0x00,0x00,0x00,0x00,0x00,0x00,0x00,0x00,0x00,0x00,0x00,
0x00,0x00,0x00,0x00,0x00,0x00,0x00,0x00,0x00,0x00,0x00,0x00,0x00,0x00,0x00,0x00,0x00,0x00,0x00,0x00,0x00,0x00,0x00,0x00,
0x00,0x00,0x00,0x00,0x00,0x00,0x00,0x00,0x00,0x00,0x00,0x00,0x00,0x00,0x00,0x00,0x00,0x00,0x00,0x00,0x00,0x00,0x00,0x00,
0x00,0x00,0x00,0x00,0x00,0x00,0x00,0x00,0x00,0x00,0x00,0x00,0x00,0x00,0x00,0x00,0x00,0x00,0x00,0x00,0x00,0x00,0x00,0x00,
0x00,0x00,0x00,0x00,0x00,0x00,0x00,0x00,0x00,0x00,0x00,0x00,0x00,0x00,0x00,0x00,0x00,0x00,0x00,0x00,0x00,0x00,0x00,0x00,
0x00,0x00,0x00,0x00,0x00,0x00,0x00,0x00,0x00,0x00,0x00,0x00,0x00,0x00,0x00,0x00,0x00,0x00,0x00,0x00,0x00,0x00,0x00,0x00,
0x00,0x00,0x00,0x00,0x00,0x00,0x00,0x00,0x00,0x00,0x00,0x00,0x00,0x00,0x00,0x00,0x00,0x00,0x00,0x00,0x00,0x00,0x00,0x00,
0x00,0x00,0x00,0x00,0x00,0x00,0x3f,0xe0,0x00,0x00,0x00,0x00,0x00,0x00,0x00,0x00,0x00,0x01,0xff,0xfc,0x00,0x00,0x00,0x00,
0x00,0x00,0x00,0x00,0x00,0x07,0xff,0xff,0x00,0x00,0x00,0x00,0x00,0x00,0x00,0x00,0x00,0x1f,0xff,0xff,0xc0,0x00,0x00,0x00,
0x00,0x00,0x00,0x00,0x00,0x3f,0xff,0xff,0xe0,0x00,0x00,0x00,0x00,0x00,0x00,0x00,0x00,0xff,0xff,0xff,0xf8,0x00,0x00,0x00,
0x00,0x00,0x00,0x00,0x01,0xff,0xff,0xff,0xfc,0x00,0x00,0x00,0x00,0x00,0x00,0x00,0x03,0xff,0xff,0xff,0xfe,0x00,0x00,0x00,
0x00,0x00,0x00,0x00,0x03,0xff,0xff,0xff,0xfe,0x00,0x00,0x00,0x00,0x00,0x00,0x00,0x07,0xff,0xff,0xff,0xff,0x00,0x00,0x00,
0x00,0x00,0x00,0x00,0x0f,0xff,0xff,0xff,0xff,0x80,0x00,0x00,0x00,0x00,0x00,0x00,0x0f,0xff,0xff,0xff,0xff,0x80,0x00,0x00,
0x00,0x00,0x00,0x3f,0xff,0xff,0xff,0xff,0xff,0xc0,0x00,0x00,0x00,0x00,0x01,0xff,0xff,0xff,0xff,0xff,0xff,0xe0,0x00,0x00,
0x00,0x00,0x07,0xff,0xff,0xff,0xff,0xff,0xff,0xe0,0x00,0x00,0x00,0x00,0x0f,0xff,0xff,0xff,0xff,0xff,0xff,0xe0,0x00,0x00,
0x00,0x00,0x1f,0xff,0xff,0xff,0xff,0xff,0xff,0xf0,0x00,0x00,0x00,0x00,0x3f,0xff,0xff,0xff,0xff,0xff,0xff,0xf0,0x00,0x00,
0x00,0x00,0x7f,0xff,0xff,0xff,0xff,0xff,0xff,0xf0,0x00,0x00,0x00,0x00,0xff,0xff,0xff,0xff,0xff,0xff,0xff,0xf8,0x00,0x00,
0x00,0x01,0xff,0xff,0xff,0xff,0xff,0xff,0xff,0xff,0x80,0x00,0x00,0x03,0xff,0xff,0xff,0xff,0xff,0xff,0xff,0xff,0xf0,0x00,
0x00,0x03,0xff,0xff,0xff,0xff,0xff,0xff,0xff,0xff,0xfc,0x00,0x00,0x07,0xff,0xff,0xff,0xff,0xff,0xff,0xff,0xff,0xfe,0x00,
0x00,0x07,0xff,0xff,0xff,0xff,0xff,0xff,0xff,0xff,0xff,0x00,0x00,0x07,0xff,0xff,0xff,0xff,0xff,0xff,0xff,0xff,0xff,0x80,
0x00,0x0f,0xff,0xff,0xff,0xff,0xff,0xff,0xff,0xff,0xff,0xc0,0x00,0x0f,0xff,0xff,0xff,0xff,0xff,0xff,0xff,0xff,0xff,0xe0,
0x00,0x0f,0xff,0xff,0xff,0xff,0xff,0xff,0xff,0xff,0xff,0xe0,0x00,0x0f,0xff,0xff,0xff,0xff,0xff,0xff,0xff,0xff,0xff,0xf0,
0x00,0x0f,0xff,0xff,0xff,0xff,0xff,0xff,0xff,0xff,0xff,0xf0,0x00,0x0f,0xff,0xff,0xff,0xff,0xff,0xff,0xff,0xff,0xff,0xf8,
0x00,0x0f,0xff,0xff,0xff,0xff,0xff,0xff,0xff,0xff,0xff,0xf8,0x00,0x0f,0xff,0xff,0xff,0xff,0xff,0xff,0xff,0xff,0xff,0xf8,
0x00,0x0f,0xff,0xff,0xff,0xff,0xff,0xff,0xff,0xff,0xff,0xf8,0x00,0x07,0xff,0xff,0xff,0xff,0xff,0xff,0xff,0xff,0xff,0xf8,
0x00,0x07,0xff,0xff,0xff,0xff,0xff,0xff,0xff,0xff,0xff,0xf8,0x00,0x07,0xff,0xff,0xff,0xff,0xff,0xff,0xff,0xff,0xff,0xf8,
0x00,0x03,0xff,0xff,0xff,0xff,0xff,0xff,0xff,0xff,0xff,0xf0,0x00,0x03,0xff,0xff,0xff,0xff,0xff,0xff,0xff,0xff,0xff,0xf0,
0x00,0x01,0xff,0xff,0xff,0xff,0xff,0xff,0xff,0xff,0xff,0xe0,0x00,0x00,0xff,0xff,0xff,0xff,0xff,0xff,0xff,0xff,0xff,0xe0,
0x00,0x00,0x7f,0xff,0xff,0xff,0xff,0xff,0xff,0xff,0xff,0xc0,0x00,0x00,0x3f,0xff,0xff,0xff,0xff,0xff,0xff,0xff,0xff,0x80,
0x00,0x00,0x1f,0xff,0xff,0xff,0xff,0xff,0xff,0xff,0xff,0x00,0x00,0x00,0x0f,0xff,0xff,0xff,0xff,0xff,0xff,0xff,0xfe,0x00,
0x00,0x00,0x07,0xff,0xff,0xff,0xff,0xff,0xff,0xff,0xfc,0x00,0x00,0x00,0x01,0xff,0xff,0xff,0xff,0xff,0xff,0xff,0xf0,0x00,
0x00,0x00,0x00,0x3f,0xff,0xff,0xff,0xff,0xff,0xff,0x80,0x00,0x00,0x00,0x00,0x00,0x00,0x00,0x00,0x00,0x00,0x00,0x00,0x00,
0x00,0x00,0x00,0x00,0x00,0x00,0x00,0x00,0x00,0x00,0x00,0x00,0x00,0x00,0x00,0x00,0x00,0x00,0x00,0x00,0x00,0x00,0x00,0x00,
0x00,0x00,0x00,0x00,0x00,0x00,0x00,0x00,0x00,0x00,0x00,0x00,0x00,0x00,0x00,0x00,0x00,0x00,0x00,0x00,0x00,0x00,0x00,0x00,
0x00,0x00,0x00,0x00,0x00,0x00,0x00,0x00,0x00,0x00,0x00,0x00,0x00,0x00,0x00,0x00,0x00,0x00,0x00,0x00,0x00,0x00,0x00,0x00,
0x00,0x00,0x1e,0x00,0x00,0x01,0xe0,0x00,0x00,0x01,0xe0,0x00,0x00,0x00,0x1e,0x00,0x00,0x01,0xe0,0x00,0x00,0x01,0xe0,0x00,
0x00,0x00,0x1e,0x00,0x00,0x01,0xe0,0x00,0x00,0x01,0xe0,0x00,0x00,0x00,0x1e,0x00,0x00,0x01,0xe0,0x00,0x00,0x01,0xe0,0x00,
0x00,0x00,0x1e,0x00,0x00,0x01,0xe0,0x00,0x00,0x01,0xe0,0x00,0x00,0x00,0x1e,0x00,0x00,0x01,0xe0,0x00,0x00,0x01,0xe0,0x00,
0x00,0x00,0x1e,0x00,0x00,0x01,0xe0,0x00,0x00,0x01,0xe0,0x00,0x00,0x0f,0xff,0xf8,0x00,0xff,0xff,0x80,0x00,0xff,0xff,0x80,
0x00,0x0f,0xff,0xf8,0x00,0xff,0xff,0x80,0x00,0xff,0xff,0x80,0x00,0x0f,0xff,0xf8,0x00,0xff,0xff,0x80,0x00,0xff,0xff,0x80,
0x00,0x0f,0xff,0xf8,0x00,0xff,0xff,0x80,0x00,0xff,0xff,0x80,0x00,0x00,0x1e,0x00,0x00,0x01,0xe0,0x00,0x00,0x01,0xe0,0x00,
0x00,0x00,0x1e,0x00,0x00,0x01,0xe0,0x00,0x00,0x01,0xe0,0x00,0x00,0x00,0x1e,0x00,0x00,0x01,0xe0,0x00,0x00,0x01,0xe0,0x00,
0x00,0x00,0x1e,0x00,0x00,0x01,0xe0,0x00,0x00,0x01,0xe0,0x00,0x00,0x00,0x1e,0x00,0x00,0x01,0xe0,0x00,0x00,0x01,0xe0,0x00,
0x00,0x00,0x1e,0x00,0x00,0x01,0xe0,0x00,0x00,0x01,0xe0,0x00,0x00,0x00,0x00,0x00,0x00,0x00,0x00,0x00,0x00,0x00,0x00,0x00,
0x00,0x00,0x00,0x00,0x00,0x00,0x00,0x00,0x00,0x00,0x00,0x00,0x00,0x00,0x00,0x00,0x00,0x00,0x00,0x00,0x00,0x00,0x00,0x00,
0x00,0x00,0x00,0x00,0x00,0x00,0x00,0x00,0x00,0x00,0x00,0x00,0x00,0x00,0x00,0x00,0x00,0x00,0x00,0x00,0x00,0x00,0x00,0x00,
0x00,0x00,0x00,0x00,0x00,0x00,0x00,0x00,0x00,0x00,0x00,0x00,0x00,0x00,0x00,0x00,0x00,0x00,0x00,0x00,0x00,0x00,0x00,0x00,
0x00,0x00,0x00,0x00,0x00,0x00,0x00,0x00,0x00,0x00,0x00,0x00,0x00,0x00,0x00,0x00,0x00,0x00,0x00,0x00,0x00,0x00,0x00,0x00,
0x00,0x00,0x00,0x00,0x00,0x00,0x00,0x00,0x00,0x00,0x00,0x00,0x00,0x00,0x00,0x00,0x00,0x00,0x00,0x00,0x00,0x00,0x00,0x00,
0x00,0x00,0x00,0x00,0x00,0x00,0x00,0x00,0x00,0x00,0x00,0x00,0x00,0x00,0x00,0x00,0x00,0x00,0x00,0x00,0x00,0x00,0x00,0x00,
0x00,0x00,0x00,0x00,0x00,0x00,0x00,0x00,0x00,0x00,0x00,0x00,0x00,0x00,0x00,0x00,0x00,0x00,0x00,0x00,0x00,0x00,0x00,0x00,
0x00,0x00,0x00,0x00,0x00,0x00,0x00,0x00,0x00,0x00,0x00,0x00,0x00,0x00,0x00,0x00,0x00,0x00,0x00,0x00,0x00,0x00,0x00,0x00,
0x00,0x00,0x00,0x00,0x00,0x00,0x00,0x00,0x00,0x00,0x00,0x00,0x00,0x00,0x00,0x00,0x00,0x00,0x00,0x00,0x00,0x00,0x00,0x00,
0x00,0x00,0x00,0x00,0x00,0x00,0x00,0x00,0x00,0x00,0x00,0x00,0x00,0x00,0x00,0x00,0x00,0x00,0x00,0x00,0x00,0x00,0x00,0x00,
0x00,0x00,0x00,0x00,0x00,0x00,0x00,0x00,0x00,0x00,0x00,0x00,0x00,0x00,0x00,0x00,0x00,0x00,0x00,0x00,0x00,0x00,0x00,0x00,
0x00,0x00,0x00,0x00,0x00,0x00,0x3f,0xe0,0x00,0x00,0x00,0x00,0x00,0x00,0x00,0x00,0x00,0x01,0xff,0xfc,0x00,0x00,0x00,0x00,
0x00,0x00,0x00,0x00,0x00,0x07,0xff,0xff,0x00,0x00,0x00,0x00,0x00,0x00,0x00,0x00,0x00,0x1f,0xff,0xff,0xc0,0x00,0x00,0x00,
0x00,0x00,0x00,0x00,0x00,0x3f,0xff,0xff,0xe0,0x00,0x00,0x00,0x00,0x00,0x00,0x00,0x00,0xff,0xff,0xff,0xf8,0x00,0x00,0x00,
0x00,0x00,0x00,0x00,0x01,0xff,0xff,0xff,0xfc,0x00,0x00,0x00,0x00,0x00,0x00,0x00,0x03,0xff,0xff,0xff,0xfe,0x00,0x00,0x00,
0x00,0x00,0x00,0x00,0x03,0xff,0xff,0xff,0xfe,0x00,0x00,0x00,0x00,0x00,0x00,0x00,0x07,0xff,0xff,0xff,0xff,0x00,0x00,0x00,
0x00,0x00,0x00,0x00,0x0f,0xff,0xff,0xff,0xff,0x80,0x00,0x00,0x00,0x00,0x00,0x00,0x0f,0xff,0xff,0xff,0xff,0x80,0x00,0x00,
0x00,0x00,0x00,0x3f,0xff,0xff,0xff,0xff,0xff,0xc0,0x00,0x00,0x00,0x00,0x01,0xff,0xff,0xff,0xff,0xff,0xff,0xe0,0x00,0x00,
0x00,0x00,0x07,0xff,0xff,0xff,0xff,0xff,0xff,0xe0,0x00,0x00,0x00,0x00,0x0f,0xff,0xff,0xff,0xff,0xff,0xff,0xe0,0x00,0x00,
0x00,0x00,0x1f,0xff,0xff,0xff,0xff,0xff,0xff,0xf0,0x00,0x00,0x00,0x00,0x3f,0xff,0xff,0xff,0xff,0xff,0xff,0xf0,0x00,0x00,
0x00,0x00,0x7f,0xff,0xff,0xff,0xff,0xff,0xff,0xf0,0x00,0x00,0x00,0x00,0xff,0xff,0xff,0xff,0xff,0xff,0xff,0xf8,0x00,0x00,
0x00,0x01,0xff,0xff,0xff,0xff,0xff,0xff,0xff,0xff,0x80,0x00,0x00,0x03,0xff,0xff,0xff,0xff,0xff,0xff,0xff,0xff,0xf0,0x00,
0x00,0x03,0xff,0xff,0xff,0xff,0xff,0xff,0xff,0xff,0xfc,0x00,0x00,0x07,0xff,0xff,0xff,0xff,0xff,0xff,0xff,0xff,0xfe,0x00,
0x00,0x07,0xff,0xff,0xff,0xff,0xff,0xff,0xff,0xff,0xff,0x00,0x00,0x07,0xff,0xff,0xff,0xff,0xff,0xff,0xff,0xff,0xff,0x80,
0x00,0x0f,0xff,0xff,0xff,0xff,0xff,0xff,0xff,0xff,0xff,0xc0,0x00,0x0f,0xff,0xff,0xff,0xff,0xff,0xff,0xff,0xff,0xff,0xe0,
0x00,0x0f,0xff,0xff,0xff,0xff,0xff,0xff,0xff,0xff,0xff,0xe0,0x00,0x0f,0xff,0xff,0xff,0xff,0xff,0xff,0xff,0xff,0xff,0xf0,
0x00,0x0f,0xff,0xff,0xff,0xff,0xff,0xff,0xff,0xff,0xff,0xf0,0x00,0x0f,0xff,0xff,0xff,0xff,0xff,0xff,0xff,0xff,0xff,0xf8,
0x00,0x0f,0xff,0xff,0xff,0xff,0xff,0xff,0xff,0xff,0xff,0xf8,0x00,0x0f,0xff,0xff,0xff,0xff,0xff,0xff,0xff,0xff,0xff,0xf8,
0x00,0x0f,0xff,0xff,0xff,0xff,0xff,0xff,0xff,0xff,0xff,0xf8,0x00,0x07,0xff,0xff,0xff,0xff,0xff,0xff,0xff,0xff,0xff,0xf8,
0x00,0x07,0xff,0xff,0xff,0xff,0xff,0xff,0xff,0xff,0xff,0xf8,0x00,0x07,0xff,0xff,0xff,0xff,0xff,0xff,0xff,0xff,0xff,0xf8,
0x00,0x03,0xff,0xff,0xff,0xff,0xff,0xff,0xff,0xff,0xff,0xf0,0x00,0x03,0xff,0xff,0xff,0xff,0xff,0xff,0xff,0xff,0xff,0xf0,
0x00,0x01,0xff,0xff,0xff,0xff,0xff,0xff,0xff,0xff,0xff,0xe0,0x00,0x00,0xff,0xff,0xff,0xff,0xff,0xff,0xff,0xff,0xff,0xe0,
0x00,0x00,0x7f,0xff,0xff,0xff,0xff,0xff,0xff,0xff,0xff,0xc0,0x00,0x00,0x3f,0xff,0xff,0xff,0xff,0xff,0xff,0xff,0xff,0x80,
0x00,0x00,0x1f,0xff,0xff,0xff,0xff,0xff,0xff,0xff,0xff,0x00,0x00,0x00,0x0f,0xff,0xff,0xff,0xff,0xff,0xff,0xff,0xfe,0x00,
0x00,0x00,0x07,0xff,0xff,0xff,0xff,0xff,0xff,0xff,0xfc,0x00,0x00,0x00,0x01,0xff,0xff,0xff,0xff,0xff,0xff,0xff,0xf0,0x00,
0x00,0x00,0x00,0x3f,0xff,0xff,0xff,0xff,0xff,0xff,0x80,0x00,0x00,0x00,0x00,0x00,0x00,0x00,0x00,0x00,0x00,0x00,0x00,0x00,
0x00,0x00,0x00,0x00,0x00,0x00,0x00,0x00,0x00,0x00,0x00,0x00,0x00,0x00,0x00,0x00,0x00,0x00,0x00,0x00,0x00,0x00,0x00,0x00,
0x00,0x00,0x00,0x00,0x00,0x00,0x00,0x00,0x00,0x00,0x00,0x00,0x00,0x00,0x00,0x00,0x00,0x00,0x00,0x00,0x00,0x00,0x00,0x00,
0x00,0x00,0x00,0x00,0x00,0x00,0x00,0x00,0x00,0x00,0x00,0x00,0x00,0x00,0x10,0x00,0x00,0x10,0x00,0x00,0x01,0x00,0x00,0x00,
0x00,0x00,0x1e,0x00,0x00,0x1f,0xe0,0x00,0x01,0xe1,0xe0,0x00,0x00,0x00,0x3e,0x00,0x00,0x3f,0xe0,0x00,0x03,0xe1,0xe0,0x00,
0x00,0x00,0x3e,0x00,0x00,0x3d,0xe0,0x00,0x03,0xc1,0xe0,0x00,0x00,0x00,0x3e,0x00,0x00,0x3d,0xe0,0x00,0x03,0xc1,0xe0,0x00,
0x00,0x00,0x7e,0x00,0x00,0x7d,0xe0,0x00,0x07,0xc1,0xe0,0x00,0x00,0x00,0x7e,0x00,0x00,0x79,0xe0,0x00,0x07,0x81,0xe0,0x00,
0x00,0x00,0x7e,0x00,0x00,0x79,0xe0,0x00,0x07,0x81,0xe0,0x00,0x00,0x0f,0xff,0xf8,0x00,0xff,0xff,0x80,0x0f,0xff,0xff,0x80,
0x00,0x0f,0xff,0xf8,0x00,0xff,0xff,0x80,0x0f,0xff,0xff,0x80,0x00,0x0f,0xff,0xf8,0x00,0xff,0xff,0x80,0x0f,0xff,0xff,0x80,
0x00,0x0f,0xff,0xf8,0x01,0xff,0xff,0x80,0x1f,0xff,0xff,0x80,0x00,0x01,0xfe,0x00,0x01,0xe1,0xe0,0x00,0x1e,0x01,0xe0,0x00,
0x00,0x00,0x3e,0x00,0x00,0x21,0xe0,0x00,0x02,0x01,0xe0,0x00,0x00,0x00,0x1e,0x00,0x00,0x01,0xe0,0x00,0x00,0x01,0xe0,0x00,
0x00,0x00,0x1e,0x00,0x00,0x01,0xe0,0x00,0x00,0x01,0xe0,0x00,0x00,0x00,0x1e,0x00,0x00,0x01,0xe0,0x00,0x00,0x01,0xe0,0x00,
0x00,0x00,0x1e,0x00,0x00,0x01,0xe0,0x00,0x00,0x01,0xe0,0x00,0x00,0x00,0x00,0x00,0x00,0x00,0x00,0x00,0x00,0x00,0x00,0x00,
0x00,0x00,0x00,0x00,0x00,0x00,0x00,0x00,0x00,0x00,0x00,0x00,0x00,0x00,0x00,0x00,0x00,0x00,0x00,0x00,0x00,0x00,0x00,0x00,
0x00,0x00,0x00,0x00,0x00,0x00,0x00,0x00,0x00,0x00,0x00,0x00,0x00,0x00,0x00,0x00,0x00,0x00,0x00,0x00,0x00,0x00,0x00,0x00,
0x00,0x00,0x00,0x00,0x00,0x00,0x00,0x00,0x00,0x00,0x00,0x00,0x00,0x00,0x00,0x00,0x00,0x00,0x00,0x00,0x00,0x00,0x00,0x00,
0x00,0x00,0x00,0x00,0x00,0x01,0xe0,0x00,0x00,0x00,0x00,0x00,0x00,0x00,0x00,0x00,0x00,0x01,0xe0,0x00,0x00,0x00,0x00,0x00,
0x00,0x00,0x00,0x00,0x00,0x01,0xe0,0x00,0x00,0x00,0x00,0x00,0x00,0x00,0x00,0x00,0x00,0x01,0xe0,0x00,0x00,0x00,0x00,0x00,
0x00,0x00,0x00,0x00,0x00,0x01,0xe0,0x00,0x00,0x00,0x00,0x00,0x00,0x00,0x00,0x00,0x00,0x01,0xe0,0x00,0x00,0x00,0x00,0x00,
0x00,0x00,0x00,0x00,0x00,0x01,0xe0,0x00,0x00,0x00,0x00,0x00,0x00,0x04,0x00,0x00,0x00,0x01,0xe0,0x00,0x00,0x00,0x10,0x00,
0x00,0x0e,0x00,0x00,0x00,0x01,0xe0,0x00,0x00,0x00,0x38,0x00,0x00,0x1f,0x00,0x00,0x00,0x01,0xe0,0x00,0x00,0x00,0x7c,0x00,
0x00,0x0f,0x80,0x00,0x00,0x01,0xe0,0x00,0x00,0x00,0xf8,0x00,0x00,0x07,0xc0,0x00,0x00,0x01,0xe0,0x00,0x00,0x01,0xf0,0x00,
0x00,0x03,0xe0,0x00,0x00,0x01,0xe0,0x00,0x00,0x03,0xe0,0x00,0x00,0x01,0xf0,0x00,0x00,0x00,0x00,0x00,0x00,0x07,0xc0,0x00,
0x00,0x00,0xf8,0x00,0x00,0x00,0x00,0x00,0x00,0x0f,0x80,0x00,0x00,0x00,0x7c,0x00,0x00,0x00,0x00,0x00,0x00,0x1f,0x00,0x00,
0x00,0x00,0x38,0x00,0x00,0x00,0x00,0x00,0x00,0x0e,0x00,0x00,0x00,0x00,0x10,0x00,0x00,0x00,0x00,0x00,0x00,0x04,0x00,0x00,
0x00,0x00,0x00,0x00,0x00,0x00,0x00,0x00,0x00,0x00,0x00,0x00,0x00,0x00,0x00,0x00,0x00,0x00,0x00,0x00,0x00,0x00,0x00,0x00,
0x00,0x00,0x00,0x00,0x00,0x00,0x00,0x00,0x00,0x00,0x00,0x00,0x00,0x00,0x00,0x00,0x00,0x00,0x00,0x00,0x00,0x00,0x00,0x00,
0x00,0x00,0x00,0x00,0x00,0x00,0x00,0x00,0x00,0x00,0x00,0x00,0x00,0x00,0x00,0x00,0x00,0x00,0x00,0x00,0x00,0x00,0x00,0x00,
0x00,0x00,0x00,0x00,0x00,0x0f,0xf8,0x00,0x00,0x00,0x00,0x00,0x00,0x00,0x00,0x00,0x00,0x7f,0xff,0x00,0x00,0x00,0x00,0x00,
0x00,0x00,0x00,0x00,0x01,0xff,0xff,0xc0,0x00,0x00,0x00,0x00,0x00,0x00,0x00,0x00,0x07,0xff,0xff,0xf0,0x00,0x00,0x00,0x00,
0x00,0x00,0x00,0x00,0x0f,0xff,0xff,0xf8,0x00,0x00,0x00,0x00,0x00,0x00,0x00,0x00,0x1f,0xff,0xff,0xfc,0x00,0x00,0x00,0x00,
0x00,0x00,0x00,0x00,0x3f,0xff,0xff,0xfe,0x00,0x00,0x00,0x00,0x00,0x00,0x00,0x00,0x7f,0xff,0xff,0xff,0x00,0x00,0x00,0x00,
0x00,0x00,0x00,0x00,0xff,0xff,0xff,0xff,0x80,0x00,0x00,0x00,0x00,0x00,0x00,0x01,0xff,0xff,0xff,0xff,0xc0,0x00,0x00,0x00,
0x00,0x00,0x00,0x01,0xff,0xff,0xff,0xff,0xc0,0x00,0x00,0x00,0x00,0x00,0x00,0x03,0xff,0xff,0xff,0xff,0xe0,0x00,0x00,0x00,
0x00,0x00,0x00,0x03,0xff,0xff,0xff,0xff,0xe0,0x00,0x00,0x00,0x00,0x00,0x00,0x07,0xff,0xff,0xff,0xff,0xf0,0x00,0x00,0x00,
0x00,0x00,0x00,0x07,0xff,0xff,0xff,0xff,0xf0,0x00,0x00,0x00,0x00,0x00,0x00,0x07,0xff,0xff,0xff,0xff,0xf0,0x00,0x00,0x00,
0x00,0x00,0x00,0x0f,0xff,0xff,0xff,0xff,0xf8,0x00,0x00,0x00,0x00,0x00,0x00,0x0f,0xff,0xff,0xff,0xff,0xf8,0x00,0x00,0x00,
0x00,0x00,0x00,0x0f,0xff,0xff,0xff,0xff,0xf8,0x00,0x00,0x00,0x0f,0xff,0x80,0x0f,0xff,0xff,0xff,0xff,0xf8,0x00,0xff,0xf8,
0x0f,0xff,0x80,0x0f,0xff,0xff,0xff,0xff,0xf8,0x00,0xff,0xf8,0x0f,0xff,0x80,0x0f,0xff,0xff,0xff,0xff,0xf8,0x00,0xff,0xf8,
0x0f,0xff,0x80,0x0f,0xff,0xff,0xff,0xff,0xf8,0x00,0xff,0xf8,0x00,0x00,0x00,0x0f,0xff,0xff,0xff,0xff,0xf8,0x00,0x00,0x00,
0x00,0x00,0x00,0x0f,0xff,0xff,0xff,0xff,0xf8,0x00,0x00,0x00,0x00,0x00,0x00,0x07,0xff,0xff,0xff,0xff,0xf0,0x00,0x00,0x00,
0x00,0x00,0x00,0x07,0xff,0xff,0xff,0xff,0xf0,0x00,0x00,0x00,0x00,0x00,0x00,0x07,0xff,0xff,0xff,0xff,0xf0,0x00,0x00,0x00,
0x00,0x00,0x00,0x03,0xff,0xff,0xff,0xff,0xe0,0x00,0x00,0x00,0x00,0x00,0x00,0x03,0xff,0xff,0xff,0xff,0xe0,0x00,0x00,0x00,
0x00,0x00,0x00,0x01,0xff,0xff,0xff,0xff,0xc0,0x00,0x00,0x00,0x00,0x00,0x00,0x01,0xff,0xff,0xff,0xff,0xc0,0x00,0x00,0x00,
0x00,0x00,0x00,0x00,0xff,0xff,0xff,0xff,0x80,0x00,0x00,0x00,0x00,0x00,0x00,0x00,0x7f,0xff,0xff,0xff,0x00,0x00,0x00,0x00,
0x00,0x00,0x00,0x00,0x3f,0xff,0xff,0xfe,0x00,0x00,0x00,0x00,0x00,0x00,0x00,0x00,0x1f,0xff,0xff,0xfc,0x00,0x00,0x00,0x00,
0x00,0x00,0x00,0x00,0x0f,0xff,0xff,0xf8,0x00,0x00,0x00,0x00,0x00,0x00,0x00,0x00,0x07,0xff,0xff,0xf0,0x00,0x00,0x00,0x00,
0x00,0x00,0x00,0x00,0x01,0xff,0xff,0xc0,0x00,0x00,0x00,0x00,0x00,0x00,0x00,0x00,0x00,0x7f,0xff,0x00,0x00,0x00,0x00,0x00,
0x00,0x00,0x00,0x00,0x00,0x0f,0xf8,0x00,0x00,0x00,0x00,0x00,0x00,0x00,0x00,0x00,0x00,0x00,0x00,0x00,0x00,0x00,0x00,0x00,
0x00,0x00,0x00,0x00,0x00,0x00,0x00,0x00,0x00,0x00,0x00,0x00,0x00,0x00,0x00,0x00,0x00,0x00,0x00,0x00,0x00,0x00,0x00,0x00,
0x00,0x00,0x00,0x00,0x00,0x00,0x00,0x00,0x00,0x00,0x00,0x00,0x00,0x00,0x00,0x00,0x00,0x00,0x00,0x00,0x00,0x00,0x00,0x00,
0x00,0x00,0x00,0x00,0x00,0x00,0x00,0x00,0x00,0x00,0x00,0x00,0x00,0x00,0x10,0x00,0x00,0x00,0x00,0x00,0x00,0x04,0x00,0x00,
0x00,0x00,0x38,0x00,0x00,0x00,0x00,0x00,0x00,0x0e,0x00,0x00,0x00,0x00,0x7c,0x00,0x00,0x00,0x00,0x00,0x00,0x1f,0x00,0x00,
0x00,0x00,0xf8,0x00,0x00,0x00,0x00,0x00,0x00,0x0f,0x80,0x00,0x00,0x01,0xf0,0x00,0x00,0x00,0x00,0x00,0x00,0x07,0xc0,0x00,
0x00,0x03,0xe0,0x00,0x00,0x01,0xe0,0x00,0x00,0x03,0xe0,0x00,0x00,0x07,0xc0,0x00,0x00,0x01,0xe0,0x00,0x00,0x01,0xf0,0x00,
0x00,0x0f,0x80,0x00,0x00,0x01,0xe0,0x00,0x00,0x00,0xf8,0x00,0x00,0x1f,0x00,0x00,0x00,0x01,0xe0,0x00,0x00,0x00,0x7c,0x00,
0x00,0x0e,0x00,0x00,0x00,0x01,0xe0,0x00,0x00,0x00,0x38,0x00,0x00,0x04,0x00,0x00,0x00,0x01,0xe0,0x00,0x00,0x00,0x10,0x00,
0x00,0x00,0x00,0x00,0x00,0x01,0xe0,0x00,0x00,0x00,0x00,0x00,0x00,0x00,0x00,0x00,0x00,0x01,0xe0,0x00,0x00,0x00,0x00,0x00,
0x00,0x00,0x00,0x00,0x00,0x01,0xe0,0x00,0x00,0x00,0x00,0x00,0x00,0x00,0x00,0x00,0x00,0x01,0xe0,0x00,0x00,0x00,0x00,0x00,
0x00,0x00,0x00,0x00,0x00,0x01,0xe0,0x00,0x00,0x00,0x00,0x00,0x00,0x00,0x00,0x00,0x00,0x01,0xe0,0x00,0x00,0x00,0x00,0x00,
0x00,0x00,0x00,0x00,0x00,0x01,0xe0,0x00,0x00,0x00,0x00,0x00,0x00,0x00,0x00,0x00,0x00,0x00,0x00,0x00,0x00,0x00,0x00,0x00,
0x00,0x00,0x00,0x00,0x00,0x00,0x00,0x00,0x00,0x00,0x00,0x00,0x00,0x00,0x00,0x00,0x00,0x00,0x00,0x00,0x00,0x00,0x00,0x00,
0x00,0x00,0x00,0x00,0x00,0x00,0x00,0x00,0x00,0x00,0x00,0x00,0x00,0x00,0x00,0x00,0x00,0x00,0x00,0x00,0x00,0x00,0x00,0x00,
0x00,0x00,0x00,0x00,0x00,0x00,0x00,0x00,0x00,0x00,0x00,0x00,0x00,0x00,0x00,0x00,0x00,0x00,0x00,0x00,0x00,0x00,0x00,0x00,
0x00,0x00,0x00,0x00,0x00,0x00,0x00,0x00,0x00,0x00,0x00,0x00,0x00,0x00,0x00,0x00,0x00,0x00,0x00,0x00,0x00,0x00,0x00,0x00,
0x00,0x00,0x00,0x00,0x00,0x00,0x00,0x00,0x00,0x00,0x00,0x00,0x00,0x00,0x00,0x00,0x00,0x00,0x00,0x00,0x00,0x00,0x00,0x00,
0x00,0x00,0x00,0x00,0x00,0x00,0x00,0x00,0x00,0x00,0x00,0x00,0x00,0x00,0x00,0x00,0x00,0x00,0x00,0x00,0x00,0x00,0x00,0x00,
0x00,0x00,0x00,0x00,0x00,0x00,0x00,0x00,0x00,0x00,0x00,0x00,0x00,0x00,0x00,0x00,0x00,0x00,0x00,0x00,0x00,0x00,0x00,0x00,
0x00,0x00,0x00,0x00,0x00,0x00,0x00,0x00,0x00,0x00,0x00,0x00,0x00,0x00,0x00,0x00,0x00,0x00,0x00,0x00,0x00,0x00,0x00,0x00,
0x00,0x00,0x00,0x00,0x00,0x00,0x00,0x00,0x00,0x00,0x00,0x00,0x00,0x00,0x00,0x00,0x00,0x00,0x00,0x00,0x00,0x00,0x00,0x00,
0x00,0x00,0x00,0x00,0x00,0x00,0x00,0x00,0x00,0x00,0x00,0x00,0x00,0x00,0x00,0x00,0x00,0x00,0x00,0x00,0x00,0x00,0x00,0x00,
0x00,0x00,0x00,0x00,0x00,0x00,0x00,0x00,0x00,0x00,0x00,0x00,0x00,0x00,0x00,0x00,0x00,0x00,0x00,0x00,0x00,0x00,0x00,0x00,
0x00,0x00,0x00,0x00,0x00,0x00,0x00,0x00,0x00,0x00,0x00,0x00,0x00,0x00,0x00,0x00,0x00,0x00,0x00,0x00,0x00,0x00,0x00,0x00,
0x00,0x00,0x00,0x00,0x00,0x00,0x00,0x00,0x00,0x00,0x00,0x00,0x00,0x00,0x00,0x00,0x00,0x00,0x00,0x00,0x00,0x00,0x00,0x00,
0x00,0x00,0x00,0x00,0x00,0x00,0x00,0x00,0x00,0x00,0x00,0x00,0x00,0x00,0x00,0x00,0x00,0x00,0x00,0x00,0x00,0x00,0x00,0x00,
0x00,0x00,0x00,0x00,0x00,0x00,0x00,0x00,0x00,0x00,0x00,0x00,0x00,0x00,0x00,0x00,0x00,0x00,0x00,0x00,0x00,0x00,0x00,0x00,
0x00,0x00,0x00,0x00,0x00,0x00,0x00,0x00,0x00,0x00,0x00,0x00,0x00,0x00,0x00,0x00,0x00,0x00,0x00,0x00,0x00,0x00,0x00,0x00,
0x00,0x00,0x00,0x00,0x00,0x00,0x00,0x00,0x00,0x00,0x00,0x00,0x00,0x0f,0xff,0xff,0xff,0xff,0xff,0xf8,0x00,0x00,0x00,0x00,
0x00,0x0f,0xff,0xff,0xff,0xff,0xff,0xf8,0x00,0x00,0x00,0x00,0x00,0x0f,0xff,0xff,0xff,0xff,0xff,0xf8,0x00,0x00,0x00,0x00,
0x00,0x0f,0xff,0xff,0xff,0xff,0xff,0xf8,0x00,0x00,0x00,0x00,0x00,0x00,0x00,0x00,0x00,0x00,0x00,0x00,0x00,0x00,0x00,0x00,
0x00,0x00,0x00,0x00,0x00,0x00,0x00,0x00,0x00,0x00,0x00,0x00,0x00,0x00,0x00,0x00,0x00,0x00,0x00,0x00,0x00,0x00,0x00,0x00,
0x00,0x00,0x00,0x00,0x00,0x00,0x00,0x00,0x00,0x00,0x00,0x00,0x00,0x00,0x00,0x00,0x00,0x00,0x00,0x00,0x00,0x00,0x00,0x00,
0x00,0x00,0x00,0x00,0x00,0x00,0x00,0x00,0x00,0x00,0x00,0x00,0x00,0x00,0x00,0x00,0x00,0x00,0x00,0x00,0x00,0x00,0x00,0x00,
0x00,0x00,0x00,0x00,0x00,0x00,0x00,0x00,0x00,0x00,0x00,0x00,0x00,0x00,0x00,0x00,0x00,0x00,0x00,0x00,0x00,0x00,0x00,0x00,
0x00,0x00,0x00,0x00,0x00,0x00,0x00,0x00,0x00,0x00,0x00,0x00,0x00,0x00,0x00,0x00,0x00,0x00,0x00,0x00,0x00,0x00,0x00,0x00,
0x00,0x00,0x00,0x00,0x00,0x00,0x00,0x00,0x00,0x00,0x00,0x00,0x00,0x0f,0xff,0xff,0xff,0xff,0xff,0xff,0xff,0xff,0x80,0x00,
0x00,0x0f,0xff,0xff,0xff,0xff,0xff,0xff,0xff,0xff,0x80,0x00,0x00,0x0f,0xff,0xff,0xff,0xff,0xff,0xff,0xff,0xff,0x80,0x00,
0x00,0x0f,0xff,0xff,0xff,0xff,0xff,0xff,0xff,0xff,0x80,0x00,0x00,0x00,0x00,0x00,0x00,0x00,0x00,0x00,0x00,0x00,0x00,0x00,
0x00,0x00,0x00,0x00,0x00,0x00,0x00,0x00,0x00,0x00,0x00,0x00,0x00,0x00,0x00,0x00,0x00,0x00,0x00,0x00,0x00,0x00,0x00,0x00,
0x00,0x00,0x00,0x00,0x00,0x00,0x00,0x00,0x00,0x00,0x00,0x00,0x00,0x00,0x00,0x00,0x00,0x00,0x00,0x00,0x00,0x00,0x00,0x00,
0x00,0x00,0x00,0x00,0x00,0x00,0x00,0x00,0x00,0x00,0x00,0x00,0x00,0x00,0x00,0x00,0x00,0x00,0x00,0x00,0x00,0x00,0x00,0x00,
0x00,0x00,0x00,0x00,0x00,0x00,0x00,0x00,0x00,0x00,0x00,0x00,0x00,0x00,0x00,0x00,0x00,0x00,0x00,0x00,0x00,0x00,0x00,0x00,
0x00,0x00,0x00,0x00,0x00,0x00,0x00,0x00,0x00,0x00,0x00,0x00,0x00,0x00,0x00,0x00,0x00,0x00,0x00,0x00,0x00,0x00,0x00,0x00,
0x00,0x00,0x00,0x00,0x00,0x00,0x00,0x00,0x00,0x00,0x00,0x00,0x00,0x0f,0xff,0xff,0xff,0xff,0xff,0xf8,0x00,0x00,0x00,0x00,
0x00,0x0f,0xff,0xff,0xff,0xff,0xff,0xf8,0x00,0x00,0x00,0x00,0x00,0x0f,0xff,0xff,0xff,0xff,0xff,0xf8,0x00,0x00,0x00,0x00,
0x00,0x0f,0xff,0xff,0xff,0xff,0xff,0xf8,0x00,0x00,0x00,0x00,0x00,0x00,0x00,0x00,0x00,0x00,0x00,0x00,0x00,0x00,0x00,0x00,
0x00,0x00,0x00,0x00,0x00,0x00,0x00,0x00,0x00,0x00,0x00,0x00,0x00,0x00,0x00,0x00,0x00,0x00,0x00,0x00,0x00,0x00,0x00,0x00,
0x00,0x00,0x00,0x00,0x00,0x00,0x00,0x00,0x00,0x00,0x00,0x00,0x00,0x00,0x00,0x00,0x00,0x00,0x00,0x00,0x00,0x00,0x00,0x00,
0x00,0x00,0x00,0x00,0x00,0x00,0x00,0x00,0x00,0x00,0x00,0x00,0x00,0x00,0x00,0x00,0x00,0x00,0x00,0x00,0x00,0x00,0x00,0x00,
0x00,0x00,0x00,0x00,0x00,0x00,0x00,0x00,0x00,0x00,0x00,0x00,0x00,0x00,0x00,0x00,0x00,0x00,0x00,0x00,0x00,0x00,0x00,0x00,
0x00,0x00,0x00,0x00,0x00,0x00,0x00,0x00,0x00,0x00,0x00,0x00,0x00,0x00,0x00,0x00,0x00,0x00,0x00,0x00,0x00,0x00,0x00,0x00,
0x00,0x00,0x00,0x00,0x00,0x00,0x00,0x00,0x00,0x00,0x00,0x00,0x00,0x0f,0xff,0xff,0xff,0xff,0xff,0xff,0xff,0xff,0x80,0x00,
0x00,0x0f,0xff,0xff,0xff,0xff,0xff,0xff,0xff,0xff,0x80,0x00,0x00,0x0f,0xff,0xff,0xff,0xff,0xff,0xff,0xff,0xff,0x80,0x00,
0x00,0x0f,0xff,0xff,0xff,0xff,0xff,0xff,0xff,0xff,0x80,0x00,0x00,0x00,0x00,0x00,0x00,0x00,0x00,0x00,0x00,0x00,0x00,0x00,
0x00,0x00,0x00,0x00,0x00,0x00,0x00,0x00,0x00,0x00,0x00,0x00,0x00,0x00,0x00,0x00,0x00,0x00,0x00,0x00,0x00,0x00,0x00,0x00,
0x00,0x00,0x00,0x00,0x00,0x00,0x00,0x00,0x00,0x00,0x00,0x00,0x00,0x00,0x00,0x00,0x00,0x00,0x00,0x00,0x00,0x00,0x00,0x00,
0x00,0x00,0x00,0x00,0x00,0x00,0x00,0x00,0x00,0x00,0x00,0x00,0x00,0x00,0x00,0x00,0x00,0x00,0x00,0x00,0x00,0x00,0x00,0x00,
0x00,0x00,0x00,0x00,0x00,0x00,0x00,0x00,0x00,0x00,0x00,0x00,0x00,0x00,0x00,0x00,0x00,0x00,0x00,0x00,0x00,0x00,0x00,0x00,
0x00,0x00,0x00,0x00,0x00,0x00,0x00,0x00,0x00,0x00,0x00,0x00,0x00,0x00,0x00,0x00,0x00,0x00,0x00,0x00,0x00,0x00,0x00,0x00,
0x00,0x00,0x00,0x00,0x00,0x00,0x00,0x00,0x00,0x00,0x00,0x00,0x00,0x00,0x00,0x00,0x00,0x00,0x00,0x00,0x00,0x00,0x00,0x00,
0x00,0x00,0x00,0x00,0x00,0x00,0x00,0x00,0x00,0x00,0x00,0x00,0x00,0x00,0x00,0x00,0x00,0x00,0x00,0x00,0x00,0x00,0x00,0x00,
0x00,0x00,0x00,0x00,0x00,0x00,0x00,0x00,0x00,0x00,0x00,0x00,0x00,0x00,0x00,0x00,0x00,0x00,0x00,0x00,0x00,0x00,0x00,0x00,
0x00,0x00,0x00,0x00,0x00,0x00,0x00,0x00,0x00,0x00,0x00,0x00,0x00,0x00,0x00,0x00,0x00,0x00,0x00,0x00,0x00,0x00,0x00,0x00,
0x00,0x00,0x00,0x00,0x00,0x00,0x00,0x00,0x00,0x00,0x00,0x00,0x00,0x00,0x00,0x00,0x00,0x00,0x00,0x00,0x00,0x00,0x00,0x00,
0x00,0x00,0x00,0x00,0x00,0x00,0x00,0x00,0x00,0x00,0x00,0x00,0x00,0x00,0x00,0x00,0x00,0x00,0x00,0x00,0x00,0x00,0x00,0x00,
0x00,0x00,0x00,0x00,0x00,0x00,0x00,0x00,0x00,0x00,0x00,0x00,0x00,0x00,0x00,0x00,0x00,0x00,0x00,0x00,0x00,0x00,0x00,0x00,
0x00,0x00,0x00,0x00,0x00,0x00,0x00,0x00,0x00,0x00,0x00,0x00,0x00,0x00,0x00,0x00,0x00,0x00,0x00,0x00,0x00,0x00,0x00,0x00,
0x00,0x00,0x00,0x00,0x00,0x00,0x00,0x00,0x00,0x00,0x00,0x00,0x00,0x00,0x00,0x00,0x00,0x00,0x00,0x00,0x00,0x00,0x00,0x00,
0x00,0x00,0x00,0x00,0x00,0x00,0x00,0x00,0x00,0x00,0x00,0x00,0x00,0x00,0x00,0x00,0x00,0x00,0x00,0x00,0x00,0x00,0x00,0x00,
0x00,0x00,0x00,0x00,0x00,0x00,0x00,0x00,0x00,0x00,0x00,0x00,0x00,0x00,0x00,0x00,0x00,0x00,0x00,0x00,0x00,0x00,0x00,0x00,
0x00,0x00,0x00,0x00,0x00,0x00,0x3f,0xe0,0x00,0x00,0x00,0x00,0x00,0x00,0x00,0x00,0x00,0x01,0xff,0xfc,0x00,0x00,0x00,0x00,
0x00,0x00,0x00,0x00,0x00,0x07,0xff,0xff,0x00,0x00,0x00,0x00,0x00,0x00,0x00,0x00,0x00,0x1f,0xff,0xff,0xc0,0x00,0x00,0x00,
0x00,0x00,0x00,0x00,0x00,0x3f,0xff,0xff,0xe0,0x00,0x00,0x00,0x00,0x00,0x00,0x00,0x00,0xff,0xff,0xff,0xf8,0x00,0x00,0x00,
0x00,0x00,0x00,0x00,0x01,0xff,0xff,0xff,0xfc,0x00,0x00,0x00,0x00,0x00,0x00,0x00,0x03,0xff,0xff,0xff,0xfe,0x00,0x00,0x00,
0x00,0x00,0x00,0x00,0x03,0xff,0xff,0xff,0xfe,0x00,0x00,0x00,0x00,0x00,0x00,0x00,0x07,0xff,0xff,0xff,0xff,0x00,0x00,0x00,
0x00,0x00,0x00,0x00,0x0f,0xff,0xff,0xff,0xff,0x80,0x00,0x00,0x00,0x0f,0xff,0xff,0xff,0xff,0xff,0xff,0xff,0x80,0x00,0x00,
0x00,0x0f,0xff,0xff,0xff,0xff,0xff,0xff,0xff,0xc0,0x00,0x00,0x00,0x0f,0xff,0xff,0xff,0xff,0xff,0xff,0xff,0xe0,0x00,0x00,
0x00,0x0f,0xff,0xff,0xff,0xff,0xff,0xff,0xff,0xe0,0x00,0x00,0x00,0x00,0x0f,0xff,0xff,0xff,0xff,0xff,0xff,0xe0,0x00,0x00,
0x00,0x00,0x1f,0xff,0xff,0xff,0xff,0xff,0xff,0xf0,0x00,0x00,0x00,0x00,0x3f,0xff,0xff,0xff,0xff,0xff,0xff,0xf0,0x00,0x00,
0x00,0x00,0x7f,0xff,0xff,0xff,0xff,0xff,0xff,0xf0,0x00,0x00,0x00,0x00,0xff,0xff,0xff,0xff,0xff,0xff,0xff,0xf8,0x00,0x00,
0x00,0x01,0xff,0xff,0xff,0xff,0xff,0xff,0xff,0xff,0x80,0x00,0x00,0x03,0xff,0xff,0xff,0xff,0xff,0xff,0xff,0xff,0xf0,0x00,
0x00,0x03,0xff,0xff,0xff,0xff,0xff,0xff,0xff,0xff,0xfc,0x00,0x00,0x07,0xff,0xff,0xff,0xff,0xff,0xff,0xff,0xff,0xfe,0x00,
0x00,0x07,0xff,0xff,0xff,0xff,0xff,0xff,0xff,0xff,0xff,0x00,0x00,0x07,0xff,0xff,0xff,0xff,0xff,0xff,0xff,0xff,0xff,0x80,
0x00,0x0f,0xff,0xff,0xff,0xff,0xff,0xff,0xff,0xff,0xff,0xc0,0x00,0x0f,0xff,0xff,0xff,0xff,0xff,0xff,0xff,0xff,0xff,0xe0,
0x00,0x0f,0xff,0xff,0xff,0xff,0xff,0xff,0xff,0xff,0xff,0xe0,0x00,0x0f,0xff,0xff,0xff,0xff,0xff,0xff,0xff,0xff,0xff,0xf0,
0x00,0x0f,0xff,0xff,0xff,0xff,0xff,0xff,0xff,0xff,0xff,0xf0,0x00,0x0f,0xff,0xff,0xff,0xff,0xff,0xff,0xff,0xff,0xff,0xf8,
0x00,0x0f,0xff,0xff,0xff,0xff,0xff,0xff,0xff,0xff,0xff,0xf8,0x00,0x0f,0xff,0xff,0xff,0xff,0xff,0xff,0xff,0xff,0xff,0xf8,
0x00,0x0f,0xff,0xff,0xff,0xff,0xff,0xff,0xff,0xff,0xff,0xf8,0x00,0x07,0xff,0xff,0xff,0xff,0xff,0xff,0xff,0xff,0xff,0xf8,
0x00,0x07,0xff,0xff,0xff,0xff,0xff,0xff,0xff,0xff,0xff,0xf8,0x00,0x07,0xff,0xff,0xff,0xff,0xff,0xff,0xff,0xff,0xff,0xf8,
0x00,0x03,0xff,0xff,0xff,0xff,0xff,0xff,0xff,0xff,0xff,0xf0,0x00,0x03,0xff,0xff,0xff,0xff,0xff,0xff,0xff,0xff,0xff,0xf0,
0x00,0x01,0xff,0xff,0xff,0xff,0xff,0xff,0xff,0xff,0xff,0xe0,0x00,0x00,0xff,0xff,0xff,0xff,0xff,0xff,0xff,0xff,0xff,0xe0,
0x00,0x00,0x7f,0xff,0xff,0xff,0xff,0xff,0xff,0xff,0xff,0xc0,0x00,0x0f,0xff,0xff,0xff,0xff,0xff,0xff,0xff,0xff,0xff,0x80,
0x00,0x0f,0xff,0xff,0xff,0xff,0xff,0xff,0xff,0xff,0xff,0x00,0x00,0x0f,0xff,0xff,0xff,0xff,0xff,0xff,0xff,0xff,0xfe,0x00,
0x00,0x0f,0xff,0xff,0xff,0xff,0xff,0xff,0xff,0xff,0xfc,0x00,0x00,0x00,0x01,0xff,0xff,0xff,0xff,0xff,0xff,0xff,0xf0,0x00,
0x00,0x00,0x00,0x3f,0xff,0xff,0xff,0xff,0xff,0xff,0x80,0x00,0x00,0x00,0x00,0x00,0x00,0x00,0x00,0x00,0x00,0x00,0x00,0x00,
0x00,0x00,0x00,0x00,0x00,0x00,0x00,0x00,0x00,0x00,0x00,0x00,0x00,0x00,0x00,0x00,0x00,0x00,0x00,0x00,0x00,0x00,0x00,0x00,
0x00,0x00,0x00,0x00,0x00,0x00,0x00,0x00,0x00,0x00,0x00,0x00,0x00,0x00,0x00,0x00,0x00,0x00,0x00,0x00,0x00,0x00,0x00,0x00,
0x00,0x00,0x00,0x00,0x00,0x00,0x00,0x00,0x00,0x00,0x00,0x00,0x00,0x00,0x00,0x00,0x00,0x00,0x00,0x00,0x00,0x00,0x00,0x00,
0x00,0x00,0x00,0x00,0x00,0x00,0x00,0x00,0x00,0x00,0x00,0x00,0x00,0x00,0x00,0x00,0x00,0x00,0x00,0x00,0x00,0x00,0x00,0x00,
0x00,0x00,0x00,0x00,0x00,0x00,0x00,0x00,0x00,0x00,0x00,0x00,0x00,0x0f,0xff,0xff,0xff,0xff,0xff,0xff,0xff,0xff,0x80,0x00,
0x00,0x0f,0xff,0xff,0xff,0xff,0xff,0xff,0xff,0xff,0x80,0x00,0x00,0x0f,0xff,0xff,0xff,0xff,0xff,0xff,0xff,0xff,0x80,0x00,
0x00,0x0f,0xff,0xff,0xff,0xff,0xff,0xff,0xff,0xff,0x80,0x00,0x00,0x00,0x00,0x00,0x00,0x00,0x00,0x00,0x00,0x00,0x00,0x00,
0x00,0x00,0x00,0x00,0x00,0x00,0x00,0x00,0x00,0x00,0x00,0x00,0x00,0x00,0x00,0x00,0x00,0x00,0x00,0x00,0x00,0x00,0x00,0x00,
0x00,0x00,0x00,0x00,0x00,0x00,0x00,0x00,0x00,0x00,0x00,0x00,0x00,0x00,0x00,0x00,0x00,0x00,0x00,0x00,0x00,0x00,0x00,0x00,
0x00,0x00,0x00,0x00,0x00,0x00,0x00,0x00,0x00,0x00,0x00,0x00,0x00,0x00,0x00,0x00,0x00,0x00,0x00,0x00,0x00,0x00,0x00,0x00,
0x00,0x00,0x00,0x00,0x00,0x00,0x00,0x00,0x00,0x00,0x00,0x00,0x00,0x00,0x00,0x00,0x00,0x00,0x00,0x00,0x00,0x00,0x00,0x00,
0x00,0x00,0x00,0x00,0x00,0x00,0x00,0x00,0x00,0x00,0x00,0x00,0x00,0x00,0x00,0x00,0x00,0x00,0x00,0x00,0x00,0x00,0x00,0x00,
0x00,0x00,0x00,0x00,0x00,0x00,0x00,0x00,0x00,0x00,0x00,0x00,0x00,0x00,0x00,0x00,0x00,0x00,0x00,0x00,0x00,0x00,0x00,0x00,
0x00,0x00,0x00,0x00,0x00,0x00,0x00,0x00,0x00,0x00,0x00,0x00,0x00,0x00,0x00,0x00,0x00,0x00,0x00,0x00,0x00,0x00,0x00,0x00,
0x00,0x00,0x00,0x00,0x00,0x00,0x00,0x00,0x00,0x00,0x00,0x00,0x00,0x00,0x00,0x00,0x00,0x00,0x00,0x00,0x00,0x00,0x00,0x00,
0x00,0x00,0x00,0x00,0x00,0x00,0x00,0x00,0x00,0x00,0x00,0x00,0x00,0x00,0x00,0x00,0x00,0x00,0x00,0x00,0x00,0x00,0x00,0x00,
0x00,0x00,0x00,0x00,0x00,0x00,0x00,0x00,0x00,0x00,0x00,0x00,0x00,0x00,0x00,0x00,0x00,0x00,0x00,0x00,0x00,0x00,0x00,0x00,
0x00,0x00,0x00,0x00,0x00,0x00,0x80,0x00,0x00,0x00,0x00,0x00,0x00,0x00,0x00,0x00,0x00,0x01,0xc0,0x00,0x00,0x00,0x00,0x00,
0x00,0x00,0x00,0x00,0x00,0x01,0xc0,0x00,0x00,0x00,0x00,0x00,0x00,0x00,0x00,0x00,0x00,0x03,0xe0,0x00,0x00,0x00,0x00,0x00,
0x00,0x00,0x00,0x00,0x00,0x03,0xe0,0x00,0x00,0x00,0x00,0x00,0x00,0x00,0x00,0x00,0x00,0x07,0xf0,0x00,0x00,0x00,0x00,0x00,
0x00,0x00,0x00,0x00,0x00,0x07,0xf0,0x00,0x00,0x00,0x00,0x00,0x00,0x00,0x00,0x00,0x00,0x0f,0xf8,0x00,0x00,0x00,0x00,0x00,
0x00,0x00,0x00,0x00,0x00,0x0f,0x78,0x00,0x00,0x00,0x00,0x00,0x00,0x00,0x00,0x00,0x00,0x1f,0x7c,0x00,0x00,0x00,0x00,0x00,
0x00,0x00,0x00,0x00,0x00,0x1e,0x3c,0x00,0x00,0x00,0x00,0x00,0x00,0x00,0x00,0x00,0x00,0x3c,0x1e,0x00,0x00,0x00,0x00,0x00,
0x00,0x00,0x00,0x00,0x00,0x7c,0x1f,0x00,0x00,0x00,0x00,0x00,0x00,0x00,0x00,0x00,0x00,0x78,0x0f,0x00,0x00,0x00,0x00,0x00,
0x00,0x00,0x00,0x00,0x00,0xf8,0x0f,0x80,0x00,0x00,0x00,0x00,0x00,0x00,0x00,0x00,0x00,0xf0,0x07,0x80,0x00,0x00,0x00,0x00,
0x00,0x00,0x00,0x00,0x01,0xf0,0x07,0xc0,0x00,0x00,0x00,0x00,0x00,0x00,0x00,0x00,0x01,0xe0,0x03,0xc0,0x00,0x00,0x00,0x00,
0x00,0x00,0x00,0x00,0x03,0xe0,0x03,0xe0,0x00,0x00,0x00,0x00,0x00,0x00,0x00,0x00,0x03,0xc0,0x01,0xe0,0x00,0x00,0x00,0x00,
0x00,0x00,0x00,0x00,0x07,0xc0,0x01,0xf0,0x00,0x00,0x00,0x00,0x00,0x00,0x00,0x00,0x0f,0x80,0x00,0xf8,0x00,0x00,0x00,0x00,
0x00,0x00,0x00,0x00,0x0f,0x00,0x00,0x78,0x00,0x00,0x00,0x00,0x00,0x00,0x00,0x00,0x1f,0x00,0x00,0x7c,0x00,0x00,0x00,0x00,
0x00,0x00,0x00,0x00,0x1e,0x07,0xf8,0x3c,0x00,0x00,0x00,0x00,0x00,0x00,0x00,0x00,0x3e,0x07,0xf8,0x3e,0x00,0x00,0x00,0x00,
0x00,0x00,0x00,0x00,0x3c,0x07,0xf8,0x1e,0x00,0x00,0x00,0x00,0x00,0x00,0x00,0x00,0x7c,0x07,0xf8,0x1f,0x00,0x00,0x00,0x00,
0x00,0x00,0x00,0x00,0x78,0x07,0xf8,0x0f,0x00,0x00,0x00,0x00,0x00,0x00,0x00,0x00,0xf8,0x07,0xf8,0x0f,0x80,0x00,0x00,0x00,
0x00,0x00,0x00,0x00,0xf0,0x07,0xf8,0x07,0x80,0x00,0x00,0x00,0x00,0x00,0x00,0x01,0xe0,0x07,0xf8,0x03,0xc0,0x00,0x00,0x00,
0x00,0x00,0x00,0x03,0xe0,0x07,0xf8,0x03,0xe0,0x00,0x00,0x00,0x00,0x00,0x00,0x03,0xc0,0x07,0xf8,0x01,0xe0,0x00,0x00,0x00,
0x00,0x00,0x00,0x07,0xc0,0x07,0xf8,0x01,0xf0,0x00,0x00,0x00,0x00,0x00,0x00,0x07,0x80,0x07,0xf8,0x00,0xf0,0x00,0x00,0x00,
0x00,0x00,0x00,0x0f,0x80,0x07,0xf8,0x00,0xf8,0x00,0x00,0x00,0x00,0x00,0x00,0x0f,0x00,0x07,0xf8,0x00,0x78,0x00,0x00,0x00,
0x00,0x00,0x00,0x1f,0x00,0x07,0xf8,0x00,0x7c,0x00,0x00,0x00,0x00,0x00,0x00,0x1e,0x00,0x07,0xf8,0x00,0x3c,0x00,0x00,0x00,
0x00,0x00,0x00,0x3e,0x00,0x07,0xf8,0x00,0x3e,0x00,0x00,0x00,0x00,0x00,0x00,0x7c,0x00,0x07,0xf8,0x00,0x1f,0x00,0x00,0x00,
0x00,0x00,0x00,0x78,0x00,0x07,0xf8,0x00,0x0f,0x00,0x00,0x00,0x00,0x00,0x00,0xf8,0x00,0x07,0xf8,0x00,0x0f,0x80,0x00,0x00,
0x00,0x00,0x00,0xf0,0x00,0x07,0xf8,0x00,0x07,0x80,0x00,0x00,0x00,0x00,0x01,0xf0,0x00,0x07,0xf8,0x00,0x07,0xc0,0x00,0x00,
0x00,0x00,0x01,0xe0,0x00,0x07,0xf8,0x00,0x03,0xc0,0x00,0x00,0x00,0x00,0x03,0xe0,0x00,0x07,0xf8,0x00,0x03,0xe0,0x00,0x00,
0x00,0x00,0x03,0xc0,0x00,0x07,0xf8,0x00,0x01,0xe0,0x00,0x00,0x00,0x00,0x07,0xc0,0x00,0x07,0xf8,0x00,0x01,0xf0,0x00,0x00,
0x00,0x00,0x07,0x80,0x00,0x07,0xf8,0x00,0x00,0xf0,0x00,0x00,0x00,0x00,0x0f,0x00,0x00,0x07,0xf8,0x00,0x00,0x78,0x00,0x00,
0x00,0x00,0x1f,0x00,0x00,0x07,0xf8,0x00,0x00,0x7c,0x00,0x00,0x00,0x00,0x1e,0x00,0x00,0x00,0x00,0x00,0x00,0x3c,0x00,0x00,
0x00,0x00,0x3e,0x00,0x00,0x00,0x00,0x00,0x00,0x3e,0x00,0x00,0x00,0x00,0x3c,0x00,0x00,0x00,0x00,0x00,0x00,0x1e,0x00,0x00,
0x00,0x00,0x7c,0x00,0x00,0x00,0x00,0x00,0x00,0x1f,0x00,0x00,0x00,0x00,0x78,0x00,0x00,0x00,0x00,0x00,0x00,0x0f,0x00,0x00,
0x00,0x00,0xf8,0x00,0x00,0x00,0x00,0x00,0x00,0x0f,0x80,0x00,0x00,0x00,0xf0,0x00,0x00,0x00,0x00,0x00,0x00,0x07,0x80,0x00,
0x00,0x01,0xf0,0x00,0x00,0x00,0x00,0x00,0x00,0x07,0xc0,0x00,0x00,0x03,0xe0,0x00,0x00,0x00,0x00,0x00,0x00,0x03,0xe0,0x00,
0x00,0x03,0xc0,0x00,0x00,0x00,0x00,0x00,0x00,0x01,0xe0,0x00,0x00,0x07,0xc0,0x00,0x00,0x00,0x00,0x00,0x00,0x01,0xf0,0x00,
0x00,0x07,0x80,0x00,0x00,0x01,0xc0,0x00,0x00,0x00,0xf0,0x00,0x00,0x0f,0x80,0x00,0x00,0x07,0xf0,0x00,0x00,0x00,0xf8,0x00,
0x00,0x0f,0x00,0x00,0x00,0x07,0xf0,0x00,0x00,0x00,0x78,0x00,0x00,0x1f,0x00,0x00,0x00,0x0f,0xf8,0x00,0x00,0x00,0x7c,0x00,
0x00,0x1e,0x00,0x00,0x00,0x0f,0xf8,0x00,0x00,0x00,0x3c,0x00,0x00,0x3e,0x00,0x00,0x00,0x0f,0xf8,0x00,0x00,0x00,0x3e,0x00,
0x00,0x3c,0x00,0x00,0x00,0x07,0xf0,0x00,0x00,0x00,0x1e,0x00,0x00,0x78,0x00,0x00,0x00,0x07,0xf0,0x00,0x00,0x00,0x0f,0x00,
0x00,0xf8,0x00,0x00,0x00,0x01,0xc0,0x00,0x00,0x00,0x0f,0x80,0x00,0xf0,0x00,0x00,0x00,0x00,0x00,0x00,0x00,0x00,0x07,0x80,
0x01,0xf0,0x00,0x00,0x00,0x00,0x00,0x00,0x00,0x00,0x07,0xc0,0x01,0xe0,0x00,0x00,0x00,0x00,0x00,0x00,0x00,0x00,0x03,0xc0,
0x03,0xe0,0x00,0x00,0x00,0x00,0x00,0x00,0x00,0x00,0x03,0xe0,0x03,0xff,0xff,0xff,0xff,0xff,0xff,0xff,0xff,0xff,0xff,0xe0,
0x07,0xff,0xff,0xff,0xff,0xff,0xff,0xff,0xff,0xff,0xff,0xf0,0x07,0xff,0xff,0xff,0xff,0xff,0xff,0xff,0xff,0xff,0xff,0xf0,
0x0f,0xff,0xff,0xff,0xff,0xff,0xff,0xff,0xff,0xff,0xff,0xf8,0x00,0x00,0x00,0x00,0x00,0x00,0x00,0x00,0x00,0x00,0x00,0x00,
0x00,0x00,0x00,0x00,0x00,0x00,0x00,0x00,0x00,0x00,0x00,0x00,0x00,0x00,0x00,0x00,0x00,0x00,0x00,0x00,0x00,0x00,0x00,0x00,
0x00,0x00,0x00,0x00,0x00,0x00,0x00,0x00,0x00,0x00,0x00,0x00,0x00,0x00,0x00,0x00,0x00,0x00,0x00,0x00,0x00,0x00,0x00,0x00,
0x00,0x00,0x00,0x00,0x00,0x00,0x00,0x00,0x00,0x00,0x00,0x00,0x00,0x00,0x00,0x00,0x00,0x00,0x00,0x00,0x00,0x00,0x00,0x00,
0x00,0x00,0x00,0x00,0x00,0x00,0x00,0x00,0x00,0x00,0x00,0x00,0x00,0x00,0x00,0x00,0x00,0x00,0x00,0x00,0x00,0x00,0x00,0x00,
0x00,0x00,0x00,0x00,0x00,0x00,0x00,0x00,0x00,0x00,0x00,0x00,0x00,0x00,0x00,0x00,0x00,0x00,0x00,0x00,0x00,0x00,0x00,0x00,
0x00,0x00,0x00,0x00,0x00,0x00,0x00,0x00,0x00,0x00,0x00,0x00,0x00,0x00,0x00,0x00,0x00,0x00,0x00,0x00,0x00,0x00,0x00,0x00,
0x00,0x00,0x00,0x00,0x00,0x00,0x00,0x00,0x00,0x00,0x00,0x00,0x00,0x00,0x00,0x00,0x00,0x00,0x00,0x00,0x00,0x00,0x00,0x00,
0x00,0x00,0x00,0x00,0x00,0x00,0x80,0x00,0x00,0x00,0x00,0x00,0x00,0x00,0x00,0x00,0x00,0x01,0xc0,0x00,0x00,0x00,0x00,0x00,
0x00,0x00,0x00,0x00,0x00,0x01,0xc0,0x00,0x00,0x00,0x00,0x00,0x00,0x00,0x00,0x00,0x00,0x03,0xe0,0x00,0x00,0x00,0x00,0x00,
0x00,0x00,0x00,0x00,0x00,0x03,0xe0,0x00,0x00,0x00,0x00,0x00,0x00,0x00,0x00,0x00,0x00,0x07,0xf0,0x00,0x00,0x00,0x00,0x00,
0x00,0x00,0x00,0x00,0x00,0x07,0xf0,0x00,0x00,0x00,0x00,0x00,0x00,0x00,0x00,0x00,0x00,0x0f,0xf8,0x00,0x00,0x00,0x00,0x00,
0x00,0x00,0x00,0x00,0x00,0x0f,0x78,0x00,0x00,0x00,0x00,0x00,0x00,0x00,0x00,0x00,0x00,0x1f,0x7c,0x00,0x00,0x00,0x00,0x00,
0x00,0x00,0x00,0x00,0x00,0x1e,0x3c,0x00,0x00,0x00,0x00,0x00,0x00,0x00,0x00,0x00,0x00,0x3c,0x1e,0x00,0x00,0x00,0x00,0x00,
0x00,0x00,0x00,0x00,0x00,0x7c,0x1f,0x00,0x00,0x00,0x00,0x00,0x00,0x00,0x00,0x00,0x00,0x78,0x0f,0x00,0x00,0x00,0x00,0x00,
0x00,0x00,0x00,0x00,0x00,0xf8,0x0f,0x80,0x00,0x00,0x00,0x00,0x00,0x00,0x00,0x00,0x00,0xf0,0x07,0x80,0x00,0x00,0x00,0x00,
0x00,0x00,0x00,0x00,0x01,0xf0,0x07,0xc0,0x00,0x00,0x00,0x00,0x00,0x00,0x00,0x00,0x01,0xe0,0x03,0xc0,0x00,0x00,0x00,0x00,
0x00,0x00,0x00,0x00,0x03,0xe0,0x03,0xe0,0x00,0x00,0x00,0x00,0x00,0x00,0x00,0x00,0x03,0xc0,0x01,0xe0,0x00,0x00,0x00,0x00,
0x00,0x00,0x00,0x00,0x07,0xc0,0x01,0xf0,0x00,0x00,0x00,0x00,0x00,0x00,0x00,0x00,0x0f,0x80,0x00,0xf8,0x00,0x00,0x00,0x00,
0x00,0x00,0x00,0x00,0x0f,0x00,0x00,0x78,0x00,0x00,0x00,0x00,0x00,0x00,0x00,0x00,0x1f,0x00,0x00,0x7c,0x00,0x00,0x00,0x00,
0x00,0x00,0x00,0x00,0x1e,0x07,0xf8,0x3c,0x00,0x00,0x00,0x00,0x00,0x00,0x00,0x00,0x3e,0x07,0xf8,0x3e,0x00,0x00,0x00,0x00,
0x00,0x00,0x00,0x00,0x3c,0x07,0xf8,0x1e,0x00,0x00,0x00,0x00,0x00,0x00,0x00,0x00,0x7c,0x07,0xf8,0x1f,0x00,0x00,0x00,0x00,
0x00,0x00,0x00,0x00,0x78,0x07,0xf8,0x0f,0x00,0x00,0x00,0x00,0x00,0x00,0x00,0x00,0xf8,0x07,0xf8,0x0f,0x80,0x00,0x00,0x00,
0x00,0x00,0x00,0x00,0xf0,0x07,0xf8,0x07,0x80,0x00,0x00,0x00,0x00,0x00,0x00,0x01,0xe0,0x07,0xf8,0x03,0xc0,0x00,0x00,0x00,
0x00,0x00,0x00,0x03,0xe0,0x07,0xf8,0x03,0xe0,0x00,0x00,0x00,0x00,0x00,0x00,0x03,0xc0,0x07,0xf8,0x01,0xe0,0x00,0x00,0x00,
0x00,0x00,0x00,0x07,0xc0,0x07,0xf8,0x01,0xf0,0x00,0x00,0x00,0x00,0x00,0x00,0x07,0x80,0x07,0xf8,0x00,0xf0,0x00,0x00,0x00,
0x00,0x00,0x00,0x0f,0x80,0x07,0xf8,0x00,0xf8,0x00,0x00,0x00,0x00,0x00,0x00,0x0f,0x00,0x07,0xf8,0x00,0x78,0x00,0x00,0x00,
0x00,0x00,0x00,0x1f,0x00,0x07,0xf8,0x00,0x7c,0x00,0x00,0x00,0x00,0x00,0x00,0x1e,0x00,0x07,0xf8,0x00,0x3c,0x00,0x00,0x00,
0x00,0x00,0x00,0x3e,0x00,0x07,0xf8,0x00,0x3e,0x00,0x00,0x00,0x00,0x00,0x00,0x7c,0x00,0x07,0xf8,0x00,0x1f,0x00,0x00,0x00,
0x00,0x00,0x00,0x78,0x00,0x07,0xf8,0x00,0x0f,0x00,0x00,0x00,0x00,0x00,0x00,0xf8,0x00,0x07,0xf8,0x00,0x0f,0x80,0x00,0x00,
0x00,0x00,0x00,0xf0,0x00,0x07,0xf8,0x00,0x07,0x80,0x00,0x00,0x00,0x00,0x01,0xf0,0x00,0x07,0xf8,0x00,0x07,0xc0,0x00,0x00,
0x00,0x00,0x01,0xe0,0x00,0x07,0xf8,0x00,0x03,0xc0,0x00,0x00,0x00,0x00,0x03,0xe0,0x00,0x07,0xf8,0x00,0x03,0xe0,0x00,0x00,
0x00,0x00,0x03,0xc0,0x00,0x07,0xf8,0x00,0x01,0xe0,0x00,0x00,0x00,0x00,0x07,0xc0,0x00,0x07,0xf8,0x00,0x01,0xf0,0x00,0x00,
0x00,0x00,0x07,0x80,0x00,0x07,0xf8,0x00,0x00,0xf0,0x00,0x00,0x00,0x00,0x0f,0x00,0x00,0x07,0xf8,0x00,0x00,0x78,0x00,0x00,
0x00,0x00,0x1f,0x00,0x00,0x07,0xf8,0x00,0x00,0x7c,0x00,0x00,0x00,0x00,0x1e,0x00,0x00,0x00,0x00,0x00,0x00,0x3c,0x00,0x00,
0x00,0x00,0x3e,0x00,0x00,0x00,0x00,0x00,0x00,0x3e,0x00,0x00,0x00,0x00,0x3c,0x00,0x00,0x00,0x00,0x00,0x00,0x1e,0x00,0x00,
0x00,0x00,0x7c,0x00,0x00,0x00,0x00,0x00,0x00,0x1f,0x00,0x00,0x00,0x00,0x78,0x00,0x00,0x00,0x00,0x00,0x00,0x0f,0x00,0x00,
0x00,0x00,0xf8,0x00,0x00,0x00,0x00,0x00,0x00,0x0f,0x80,0x00,0x00,0x00,0xf0,0x00,0x00,0x00,0x00,0x00,0x00,0x07,0x80,0x00,
0x00,0x01,0xf0,0x00,0x00,0x00,0x00,0x00,0x00,0x07,0xc0,0x00,0x00,0x03,0xe0,0x00,0x00,0x00,0x00,0x00,0x00,0x03,0xe0,0x00,
0x00,0x03,0xc0,0x00,0x00,0x00,0x00,0x00,0x00,0x01,0xe0,0x00,0x00,0x07,0xc0,0x00,0x00,0x00,0x00,0x00,0x00,0x01,0xf0,0x00,
0x00,0x07,0x80,0x00,0x00,0x01,0xc0,0x00,0x00,0x00,0xf0,0x00,0x00,0x0f,0x80,0x00,0x00,0x07,0xf0,0x00,0x00,0x00,0xf8,0x00,
0x00,0x0f,0x00,0x00,0x00,0x07,0xf0,0x00,0x00,0x00,0x78,0x00,0x00,0x1f,0x00,0x00,0x00,0x0f,0xf8,0x00,0x00,0x00,0x7c,0x00,
0x00,0x1e,0x00,0x00,0x00,0x0f,0xf8,0x00,0x00,0x00,0x3c,0x00,0x00,0x3e,0x00,0x00,0x00,0x0f,0xf8,0x00,0x00,0x00,0x3e,0x00,
0x00,0x3c,0x00,0x00,0x00,0x07,0xf0,0x00,0x00,0x00,0x1e,0x00,0x00,0x78,0x00,0x00,0x00,0x07,0xf0,0x00,0x00,0x00,0x0f,0x00,
0x00,0xf8,0x00,0x00,0x00,0x01,0xc0,0x00,0x00,0x00,0x0f,0x80,0x00,0xf0,0x00,0x00,0x00,0x00,0x00,0x00,0x00,0x00,0x07,0x80,
0x01,0xf0,0x00,0x00,0x00,0x00,0x00,0x00,0x00,0x00,0x07,0xc0,0x01,0xe0,0x00,0x00,0x00,0x00,0x00,0x00,0x00,0x00,0x03,0xc0,
0x03,0xe0,0x00,0x00,0x00,0x00,0x00,0x00,0x00,0x00,0x03,0xe0,0x03,0xff,0xff,0xff,0xff,0xff,0xff,0xff,0xff,0xff,0xff,0xe0,
0x07,0xff,0xff,0xff,0xff,0xff,0xff,0xff,0xff,0xff,0xff,0xf0,0x07,0xff,0xff,0xff,0xff,0xff,0xff,0xff,0xff,0xff,0xff,0xf0,
0x0f,0xff,0xff,0xff,0xff,0xff,0xff,0xff,0xff,0xff,0xff,0xf8,0x00,0x00,0x00,0x00,0x00,0x00,0x00,0x00,0x00,0x00,0x00,0x00,
0x00,0x00,0x00,0x00,0x00,0x00,0x00,0x00,0x00,0x00,0x00,0x00,0x00,0x00,0x00,0x00,0x00,0x00,0x00,0x00,0x00,0x00,0x00,0x00,
0x00,0x00,0x00,0x00,0x00,0x00,0x00,0x00,0x00,0x00,0x00,0x00,0x00,0x00,0x00,0x00,0x00,0x00,0x00,0x00,0x00,0x00,0x00,0x00,
0x00,0x00,0x00,0x00,0x00,0x00,0x00,0x00,0x00,0x00,0x00,0x00,0x00,0x00,0x00,0x00,0x00,0x00,0x00,0x00,0x00,0x00,0x00,0x00,
};
const GFXglyph Weather96Glyphs[] PROGMEM = {{0,96,96,96,0,-95},{1152,96,96,96,0,-95},{2304,96,96,96,0,-95},{3456,96,96,96,0,-95},{4608,96,96,96,0,-95},{5760,96,96,96,0,-95},{6912,96,96,96,0,-95},{8064,96,96,96,0,-95},{9216,96,96,96,0,-95},{10368,96,96,96,0,-95},{11520,96,96,96,0,-95},{12672,96,96,96,0,-95},{13824,96,96,96,0,-95},{14976,96,96,96,0,-95},{16128,96,96,96,0,-95},{17280,96,96,96,0,-95}};
const GFXfont Weather96 PROGMEM = {(uint8_t*)Weather96Bitmaps,(GFXglyph*)Weather96Glyphs,65,80,96};
