// Inter Tight, SIL Open Font License 1.1. See fonts/OFL.txt.
#include "CoverageFont.h"
#if defined(ESP8266) || defined(COVERAGE_TEST)
const uint8_t coveragePixels36[] PROGMEM = {
  0x02, 0x44, 0x04, 0x40, 0xc4, 0x80, 0x03, 0x40, 0xc4, 0x80, 0x03, 0x40, 0xc4, 0x80, 0x03, 0x40,
  0xc4, 0x40, 0x03, 0x40, 0xc4, 0x40, 0x04, 0xc4, 0x40, 0x04, 0xc4, 0x40, 0x04, 0xc4, 0x40, 0x04,
  0xc4, 0x40, 0x04, 0xc4, 0x40, 0x04, 0xc4, 0x40, 0x04, 0xc4, 0x40, 0x04, 0xc4, 0x40, 0x04, 0xc4,
  0x40, 0x04, 0xc4, 0x40, 0x04, 0xc4, 0x40, 0x04, 0xc4, 0x40, 0x04, 0x84, 0x1c, 0x82, 0x40, 0x05,
  0xc4, 0x40, 0x03, 0x40, 0xc4, 0x80, 0x03, 0x80, 0xc4, 0x80, 0x03, 0x40, 0xc4, 0x80, 0x04, 0x80,
  0xc2, 0x80, 0x07, 0x41, 0x03, 0x02, 0x44, 0x02, 0x44, 0x05, 0xc4, 0x01, 0x40, 0xc4, 0x05, 0xc4,
  0x02, 0xc4, 0x05, 0xc4, 0x02, 0xc4, 0x05, 0xc4, 0x02, 0xc3, 0x80, 0x05, 0x80, 0xc3, 0x02, 0xc3,
  0x80, 0x05, 0x80, 0xc3, 0x02, 0xc3, 0x80, 0x05, 0x80, 0xc3, 0x02, 0xc3, 0x80, 0x05, 0x80, 0xc2,
  0x80, 0x02, 0x80, 0xc2, 0x80, 0x05, 0x80, 0xc2, 0x80, 0x02, 0x80, 0xc2, 0x80, 0x05, 0x80, 0xc2,
  0x80, 0x02, 0x80, 0xc2, 0x80, 0x05, 0x40, 0x83, 0x02, 0x83, 0x40, 0x3f, 0x3f, 0x3f, 0x3f, 0x1f,
  0x07, 0x42, 0x05, 0x43, 0x09, 0x80, 0xc2, 0x80, 0x03, 0x40, 0xc2, 0x80, 0x09, 0x80, 0xc2, 0x40,
  0x03, 0x40, 0xc2, 0x80, 0x09, 0xc3, 0x40, 0x03, 0x80, 0xc2, 0x40, 0x09, 0xc3, 0x04, 0x80, 0xc2,
  0x40, 0x08, 0x40, 0xc3, 0x04, 0xc3, 0x09, 0x40, 0xc2, 0x80, 0x04, 0xc3, 0x06, 0x83, 0xc3, 0x84,
  0xc3, 0x82, 0x40, 0x01, 0x40, 0xd3, 0x40, 0x01, 0x40, 0xd3, 0x02, 0x80, 0xd3, 0x02, 0x42, 0x80,
  0xc3, 0x44, 0xc3, 0x43, 0x05, 0x40, 0xc2, 0x80, 0x04, 0xc3, 0x09, 0x40, 0xc2, 0x80, 0x03, 0x40,
  0xc2, 0x80, 0x09, 0x80, 0xc2, 0x40, 0x03, 0x40, 0xc2, 0x80, 0x09, 0x80, 0xc2, 0x40, 0x03, 0x80,
  0xc2, 0x40, 0x05, 0x40, 0x82, 0xc3, 0x84, 0xc3, 0x83, 0x02, 0x80, 0xd2, 0x80, 0x02, 0xd3, 0x80,
  0x02, 0xd3, 0x40, 0x02, 0x82, 0xc3, 0x85, 0xc2, 0x83, 0x06, 0x80, 0xc2, 0x40, 0x03, 0x80, 0xc2,
  0x80, 0x09, 0xc3, 0x04, 0x80, 0xc2, 0x40, 0x09, 0xc3, 0x04, 0xc3, 0x40, 0x08, 0x40, 0xc2, 0x80,
  0x04, 0xc3, 0x09, 0x40, 0xc2, 0x80, 0x03, 0x40, 0xc3, 0x09, 0x80, 0xc2, 0x40, 0x03, 0x40, 0xc2,
  0x80, 0x06, 0x09, 0x42, 0x12, 0x80, 0xc0, 0x40, 0x12, 0x80, 0xc0, 0x40, 0x10, 0x41, 0x80, 0xc0,
  0x80, 0x41, 0x0c, 0x80, 0xc8, 0x80, 0x08, 0x40, 0xcc, 0x40, 0x05, 0x80, 0xce, 0x40, 0x03, 0x40,
  0xd0, 0x03, 0xc5, 0x80, 0x40, 0x80, 0xc0, 0x80, 0x40, 0xc5, 0x80, 0x01, 0x40, 0xc4, 0x80, 0x01,
  0x80, 0xc0, 0x40, 0x01, 0x80, 0xc4, 0x01, 0x40, 0xc4, 0x40, 0x01, 0x80, 0xc0, 0x40, 0x01, 0x40,
  0xc4, 0x01, 0x40, 0xc4, 0x40, 0x01, 0x80, 0xc0, 0x40, 0x02, 0x44, 0x01, 0x40, 0xc4, 0x80, 0x01,
  0x80, 0xc0, 0x40, 0x0a, 0xc5, 0x80, 0x40, 0x80, 0xc0, 0x40, 0x0a, 0x80, 0xc8, 0x80, 0x40, 0x0a,
  0xcb, 0x80, 0x40, 0x08, 0x80, 0xcb, 0x80, 0x40, 0x07, 0x40, 0xcc, 0x40, 0x08, 0x41, 0x80, 0xc9,
  0x40, 0x0a, 0x80, 0xc0, 0x81, 0xc6, 0x0a, 0x80, 0xc0, 0x40, 0x00, 0x40, 0xc5, 0x40, 0x00, 0x44,
  0x03, 0x80, 0xc0, 0x40, 0x01, 0x40, 0xc4, 0x40, 0x00, 0xc4, 0x40, 0x02, 0x80, 0xc0, 0x40, 0x02,
  0xc4, 0x80, 0x00, 0xc4, 0x80, 0x02, 0x80, 0xc0, 0x40, 0x01, 0x40, 0xc4, 0x40, 0x00, 0x80, 0xc4,
  0x40, 0x01, 0x80, 0xc0, 0x40, 0x01, 0x80, 0xc4, 0x40, 0x00, 0x40, 0xc6, 0x40, 0x80, 0xc0, 0x81,
  0xc6, 0x02, 0x80, 0xd0, 0x40, 0x03, 0xcf, 0x80, 0x05, 0x80, 0xcc, 0x80, 0x07, 0x40, 0x80, 0xc8,
  0x80, 0x0d, 0x40, 0x80, 0xc0, 0x80, 0x40, 0x11, 0x80, 0xc0, 0x40, 0x12, 0x80, 0xc0, 0x40, 0x12,
  0x41, 0x09, 0x22, 0x80, 0xc3, 0x80, 0x40, 0x09, 0x42, 0x08, 0x80, 0xc6, 0x40, 0x07, 0x40, 0xc2,
  0x07, 0x80, 0xc8, 0x07, 0xc2, 0x40, 0x06, 0x40, 0xc3, 0x41, 0x80, 0xc2, 0x80, 0x05, 0x80, 0xc1,
  0x80, 0x07, 0x40, 0xc2, 0x40, 0x02, 0xc3, 0x04, 0x40, 0xc2, 0x08, 0x80, 0xc2, 0x40, 0x02, 0x80,
  0xc2, 0x04, 0xc2, 0x40, 0x08, 0x80, 0xc2, 0x40, 0x02, 0x80, 0xc2, 0x03, 0x80, 0xc1, 0x80, 0x09,
  0x80, 0xc2, 0x40, 0x02, 0x80, 0xc2, 0x02, 0x40, 0xc2, 0x0a, 0x40, 0xc2, 0x40, 0x02, 0xc2, 0x80,
  0x01, 0x40, 0xc2, 0x40, 0x0b, 0xc3, 0x80, 0x40, 0x80, 0xc2, 0x80, 0x01, 0x80, 0xc1, 0x40, 0x0c,
  0x80, 0xc8, 0x01, 0x80, 0xc1, 0x80, 0x0e, 0x80, 0xc6, 0x40, 0x00, 0x40, 0xc2, 0x10, 0x40, 0x80,
  0xc1, 0x80, 0x40, 0x02, 0xc2, 0x40, 0x18, 0x80, 0xc1, 0x80, 0x18, 0x40, 0xc2, 0x19, 0xc2, 0x40,
  0x01, 0x40, 0x80, 0xc3, 0x40, 0x0f, 0x80, 0xc1, 0x80, 0x01, 0x40, 0xc6, 0x80, 0x0d, 0x40, 0xc2,
  0x01, 0x40, 0xc8, 0x80, 0x0c, 0xc2, 0x40, 0x01, 0x80, 0xc2, 0x80, 0x41, 0xc3, 0x0b, 0x80, 0xc1,
  0x80, 0x02, 0xc2, 0x80, 0x02, 0x80, 0xc2, 0x40, 0x09, 0x40, 0xc2, 0x03, 0xc2, 0x80, 0x02, 0x40,
  0xc2, 0x40, 0x09, 0xc2, 0x40, 0x03, 0xc2, 0x80, 0x02, 0x40, 0xc2, 0x40, 0x08, 0x80, 0xc1, 0x80,
  0x04, 0xc2, 0x80, 0x02, 0x40, 0xc2, 0x40, 0x07, 0x40, 0xc2, 0x05, 0xc3, 0x02, 0x80, 0xc2, 0x40,
  0x06, 0x40, 0xc2, 0x40, 0x05, 0x80, 0xc2, 0x80, 0x40, 0x80, 0xc3, 0x07, 0x80, 0xc1, 0x40, 0x06,
  0x40, 0xc8, 0x40, 0x06, 0x80, 0xc1, 0x80, 0x08, 0x40, 0xc6, 0x80, 0x16, 0x81, 0xc0, 0x81, 0x40,
  0x04, 0x07, 0x41, 0x80, 0x41, 0x10, 0x80, 0xc6, 0x40, 0x0d, 0xc9, 0x40, 0x0b, 0x80, 0xca, 0x40,
  0x09, 0x40, 0xcb, 0x80, 0x09, 0x80, 0xc3, 0x80, 0x02, 0xc4, 0x09, 0xc4, 0x03, 0x40, 0xc3, 0x09,
  0xc3, 0x80, 0x03, 0x40, 0xc3, 0x09, 0x80, 0xc3, 0x03, 0x80, 0xc2, 0x80, 0x09, 0x80, 0xc3, 0x80,
  0x01, 0x80, 0xc3, 0x40, 0x0a, 0xc4, 0x80, 0xc4, 0x80, 0x0b, 0x80, 0xc8, 0x80, 0x0d, 0xc7, 0x80,
  0x0e, 0x80, 0xc5, 0x40, 0x0d, 0x40, 0xc7, 0x80, 0x03, 0x40, 0x83, 0x03, 0x40, 0xc9, 0x80, 0x02,
  0x80, 0xc3, 0x03, 0xc5, 0x80, 0xc4, 0x40, 0x01, 0x80, 0xc2, 0x80, 0x02, 0x80, 0xc4, 0x40, 0x00,
  0x80, 0xc4, 0x40, 0x00, 0xc3, 0x80, 0x02, 0xc4, 0x40, 0x02, 0x80, 0xc4, 0x80, 0xc3, 0x40, 0x01,
  0x40, 0xc4, 0x04, 0x80, 0xc8, 0x02, 0x40, 0xc4, 0x40, 0x04, 0xc7, 0x80, 0x03, 0xc4, 0x80, 0x05,
  0xc6, 0x40, 0x03, 0x80, 0xc4, 0x80, 0x02, 0x40, 0x80, 0xc5, 0x80, 0x04, 0x40, 0xd1, 0x40, 0x04,
  0x80, 0xd1, 0x40, 0x04, 0x80, 0xca, 0x81, 0xc4, 0x40, 0x04, 0x40, 0x80, 0xc6, 0x80, 0x40, 0x01,
  0x80, 0xc4, 0x07, 0x44, 0x0b, 0x02, 0x44, 0x05, 0xc4, 0x05, 0xc4, 0x05, 0xc4, 0x05, 0xc4, 0x05,
  0x80, 0xc3, 0x05, 0x80, 0xc3, 0x05, 0x80, 0xc3, 0x05, 0x80, 0xc2, 0x80, 0x05, 0x80, 0xc2, 0x80,
  0x05, 0x80, 0xc2, 0x80, 0x05, 0x40, 0x83, 0x3f, 0x3f, 0x27, 0x05, 0x40, 0x84, 0x05, 0xc4, 0x40,
  0x04, 0x40, 0xc4, 0x05, 0xc4, 0x80, 0x04, 0x40, 0xc4, 0x05, 0x80, 0xc3, 0x80, 0x05, 0xc4, 0x80,
  0x04, 0x40, 0xc4, 0x40, 0x04, 0x80, 0xc4, 0x05, 0x80, 0xc3, 0x80, 0x05, 0xc4, 0x80, 0x04, 0x40,
  0xc4, 0x40, 0x04, 0x40, 0xc4, 0x40, 0x04, 0x40, 0xc4, 0x05, 0x80, 0xc4, 0x05, 0x80, 0xc4, 0x05,
  0x80, 0xc4, 0x05, 0x80, 0xc4, 0x05, 0x80, 0xc4, 0x05, 0x80, 0xc4, 0x05, 0x80, 0xc4, 0x05, 0x40,
  0xc4, 0x40, 0x04, 0x40, 0xc4, 0x40, 0x05, 0xc4, 0x80, 0x05, 0x80, 0xc3, 0x80, 0x05, 0x40, 0xc4,
  0x05, 0x40, 0xc4, 0x40, 0x05, 0x80, 0xc3, 0x80, 0x05, 0x40, 0xc4, 0x06, 0xc4, 0x40, 0x05, 0x80,
  0xc4, 0x06, 0xc4, 0x40, 0x05, 0x40, 0xc3, 0x80, 0x40, 0x84, 0x06, 0xc4, 0x40, 0x05, 0x40, 0xc3,
  0x80, 0x06, 0xc4, 0x40, 0x05, 0x80, 0xc3, 0x80, 0x05, 0x40, 0xc4, 0x06, 0xc4, 0x40, 0x05, 0xc4,
  0x80, 0x05, 0x80, 0xc4, 0x05, 0x40, 0xc4, 0x06, 0xc4, 0x40, 0x05, 0xc4, 0x80, 0x05, 0x80, 0xc3,
  0x80, 0x05, 0x80, 0xc4, 0x05, 0x80, 0xc4, 0x05, 0x80, 0xc4, 0x05, 0x40, 0xc4, 0x05, 0x40, 0xc4,
  0x05, 0x40, 0xc4, 0x05, 0x80, 0xc4, 0x05, 0x80, 0xc4, 0x05, 0x80, 0xc3, 0x80, 0x05, 0xc4, 0x80,
  0x04, 0x40, 0xc4, 0x40, 0x04, 0x40, 0xc4, 0x05, 0x80, 0xc4, 0x05, 0xc4, 0x80, 0x04, 0x40, 0xc4,
  0x40, 0x04, 0x80, 0xc3, 0x80, 0x05, 0xc4, 0x40, 0x04, 0x40, 0xc4, 0x05, 0xc4, 0x40, 0x04, 0x40,
  0xc3, 0x80, 0x05, 0x07, 0x42, 0x0f, 0xc2, 0x40, 0x0e, 0xc2, 0x40, 0x09, 0x40, 0x80, 0x02, 0xc2,
  0x02, 0x80, 0x40, 0x05, 0x80, 0xc1, 0x40, 0x00, 0xc2, 0x00, 0x40, 0xc2, 0x04, 0x40, 0xc3, 0x80,
  0xc2, 0x80, 0xc3, 0x80, 0x04, 0x80, 0xca, 0x80, 0x40, 0x06, 0x80, 0xc6, 0x80, 0x09, 0x40, 0x80,
  0xc4, 0x80, 0x40, 0x07, 0x40, 0x80, 0xc8, 0x80, 0x40, 0x04, 0x40, 0xcc, 0x80, 0x04, 0xc2, 0x80,
  0x00, 0xc2, 0x00, 0x80, 0xc2, 0x40, 0x04, 0x40, 0xc0, 0x40, 0x01, 0xc2, 0x01, 0x40, 0xc0, 0x80,
  0x0a, 0xc2, 0x0f, 0xc2, 0x40, 0x0e, 0x82, 0x3f, 0x3f, 0x3f, 0x18, 0x08, 0x40, 0x82, 0x40, 0x11,
  0x80, 0xc3, 0x11, 0x80, 0xc3, 0x11, 0x80, 0xc3, 0x11, 0x80, 0xc3, 0x11, 0x80, 0xc3, 0x11, 0x80,
  0xc3, 0x0a, 0x40, 0x85, 0xc4, 0x86, 0x03, 0x40, 0xd0, 0x80, 0x03, 0x40, 0xd0, 0x80, 0x03, 0x40,
  0xd0, 0x80, 0x03, 0x40, 0x85, 0xc4, 0x86, 0x0a, 0x80, 0xc3, 0x11, 0x80, 0xc3, 0x11, 0x80, 0xc3,
  0x11, 0x80, 0xc3, 0x11, 0x80, 0xc3, 0x11, 0x80, 0xc3, 0x11, 0x40, 0x83, 0x1f, 0x02, 0x44, 0x06,
  0xc4, 0x40, 0x04, 0x40, 0xc4, 0x05, 0x40, 0xc3, 0x80, 0x05, 0x40, 0xc3, 0x40, 0x05, 0x80, 0xc3,
  0x06, 0x80, 0xc2, 0x80, 0x06, 0xc3, 0x40, 0x06, 0xc3, 0x06, 0x40, 0xc3, 0x06, 0x40, 0xc2, 0x80,
  0x06, 0x40, 0x82, 0x40, 0x05, 0x01, 0xca, 0x80, 0x03, 0xca, 0x80, 0x03, 0xca, 0x80, 0x03, 0xca,
  0x80, 0x03, 0x4b, 0x3f, 0x3f, 0x01, 0x03, 0x82, 0x06, 0xc4, 0x04, 0x40, 0xc4, 0x40, 0x03, 0x80,
  0xc4, 0x80, 0x03, 0x40, 0xc4, 0x40, 0x04, 0x80, 0xc2, 0x80, 0x07, 0x40, 0x04, 0x08, 0x44, 0x08,
  0xc3, 0x80, 0x07, 0x40, 0xc3, 0x40, 0x07, 0x40, 0xc3, 0x40, 0x07, 0x80, 0xc3, 0x08, 0xc3, 0x80,
  0x07, 0x40, 0xc3, 0x40, 0x07, 0x80, 0xc3, 0x08, 0xc4, 0x08, 0xc3, 0x80, 0x07, 0x40, 0xc3, 0x40,
  0x07, 0x80, 0xc3, 0x08, 0xc3, 0x80, 0x07, 0x40, 0xc3, 0x80, 0x07, 0x40, 0xc3, 0x40, 0x07, 0x80,
  0xc3, 0x08, 0xc3, 0x80, 0x07, 0x40, 0xc3, 0x40, 0x07, 0x80, 0xc3, 0x08, 0x80, 0xc3, 0x08, 0xc3,
  0x80, 0x07, 0x40, 0xc3, 0x40, 0x07, 0x80, 0xc3, 0x08, 0xc3, 0x80, 0x08, 0xc3, 0x80, 0x07, 0x40,
  0xc3, 0x40, 0x07, 0x80, 0xc3, 0x08, 0xc3, 0x80, 0x07, 0x40, 0xc3, 0x40, 0x07, 0x40, 0xc3, 0x40,
  0x07, 0x80, 0xc3, 0x08, 0xc3, 0x80, 0x07, 0x08, 0x41, 0x81, 0x41, 0x0e, 0x40, 0x80, 0xc7, 0x80,
  0x0b, 0x40, 0xcb, 0x40, 0x08, 0x80, 0xcd, 0x40, 0x06, 0x40, 0xcf, 0x06, 0xc5, 0x80, 0x40, 0x01,
  0x40, 0xc5, 0x80, 0x04, 0x40, 0xc4, 0x80, 0x04, 0x40, 0xc5, 0x04, 0x80, 0xc4, 0x06, 0x40, 0xc4,
  0x40, 0x03, 0xc4, 0x80, 0x07, 0xc4, 0x80, 0x02, 0x40, 0xc4, 0x40, 0x07, 0x80, 0xc4, 0x02, 0x80,
  0xc4, 0x08, 0x80, 0xc4, 0x02, 0x80, 0xc4, 0x08, 0x40, 0xc4, 0x40, 0x01, 0x80, 0xc4, 0x08, 0x40,
  0xc4, 0x40, 0x01, 0x80, 0xc4, 0x08, 0x40, 0xc4, 0x40, 0x01, 0x80, 0xc4, 0x08, 0x40, 0xc4, 0x40,
  0x01, 0x80, 0xc4, 0x08, 0x40, 0xc4, 0x40, 0x01, 0x80, 0xc4, 0x08, 0x40, 0xc4, 0x40, 0x01, 0x80,
  0xc4, 0x08, 0x80, 0xc4, 0x02, 0x40, 0xc4, 0x40, 0x07, 0x80, 0xc4, 0x03, 0xc4, 0x80, 0x07, 0xc4,
  0x80, 0x03, 0x80, 0xc4, 0x40, 0x05, 0x80, 0xc4, 0x40, 0x03, 0x40, 0xc4, 0x80, 0x04, 0x40, 0xc5,
  0x05, 0xc6, 0x42, 0x80, 0xc5, 0x40, 0x05, 0x40, 0xce, 0x80, 0x07, 0x40, 0xcd, 0x09, 0x40, 0xca,
  0x80, 0x0c, 0x80, 0xc6, 0x80, 0x40, 0x10, 0x43, 0x09, 0x07, 0x43, 0x07, 0x80, 0xc4, 0x80, 0x04,
  0x40, 0xc6, 0x80, 0x03, 0x80, 0xc7, 0x80, 0x01, 0x40, 0xc9, 0x80, 0x01, 0xca, 0x80, 0x01, 0xc4,
  0x40, 0xc4, 0x80, 0x01, 0xc2, 0x80, 0x01, 0x80, 0xc3, 0x80, 0x01, 0xc1, 0x40, 0x02, 0x80, 0xc3,
  0x80, 0x01, 0x80, 0x04, 0x80, 0xc3, 0x80, 0x07, 0x80, 0xc3, 0x80, 0x07, 0x80, 0xc3, 0x80, 0x07,
  0x80, 0xc3, 0x80, 0x07, 0x80, 0xc3, 0x80, 0x07, 0x80, 0xc3, 0x80, 0x07, 0x80, 0xc3, 0x80, 0x07,
  0x80, 0xc3, 0x80, 0x07, 0x80, 0xc3, 0x80, 0x07, 0x80, 0xc3, 0x80, 0x07, 0x80, 0xc3, 0x80, 0x07,
  0x80, 0xc3, 0x80, 0x07, 0x80, 0xc3, 0x80, 0x07, 0x80, 0xc3, 0x80, 0x07, 0x80, 0xc3, 0x80, 0x07,
  0x80, 0xc3, 0x80, 0x07, 0x80, 0xc3, 0x80, 0x07, 0x80, 0xc3, 0x80, 0x00, 0x06, 0x41, 0x82, 0x41,
  0x0c, 0x40, 0xc8, 0x80, 0x09, 0x80, 0xcb, 0x40, 0x06, 0x80, 0xcd, 0x40, 0x04, 0x80, 0xcf, 0x04,
  0xc5, 0x40, 0x02, 0x40, 0xc5, 0x40, 0x02, 0x40, 0xc4, 0x40, 0x05, 0xc4, 0x80, 0x02, 0x80, 0xc3,
  0x80, 0x06, 0x80, 0xc3, 0x80, 0x02, 0x80, 0xc3, 0x80, 0x06, 0x80, 0xc3, 0x80, 0x0f, 0x80, 0xc3,
  0x80, 0x0f, 0xc4, 0x40, 0x0e, 0x80, 0xc4, 0x0e, 0x40, 0xc4, 0x80, 0x0d, 0x40, 0xc4, 0x80, 0x0d,
  0x40, 0xc5, 0x0d, 0x40, 0xc5, 0x40, 0x0c, 0x40, 0xc5, 0x40, 0x0c, 0x80, 0xc5, 0x40, 0x0c, 0x80,
  0xc5, 0x40, 0x0c, 0x80, 0xc5, 0x0d, 0x80, 0xc5, 0x0d, 0x80, 0xc5, 0x0d, 0x80, 0xc5, 0x8a, 0x02,
  0x40, 0xd1, 0x40, 0x01, 0x40, 0xd1, 0x40, 0x01, 0x40, 0xd1, 0x40, 0x01, 0x40, 0xd1, 0x40, 0x00,
  0x07, 0x41, 0x81, 0x41, 0x0e, 0x80, 0xc7, 0x80, 0x40, 0x09, 0x40, 0xcb, 0x80, 0x07, 0x40, 0xcd,
  0x80, 0x05, 0x40, 0xcf, 0x40, 0x04, 0x80, 0xc4, 0x80, 0x03, 0x40, 0xc5, 0x04, 0xc4, 0x80, 0x05,
  0x40, 0xc4, 0x40, 0x03, 0xc4, 0x40, 0x06, 0xc4, 0x40, 0x10, 0xc4, 0x40, 0x0f, 0x40, 0xc4, 0x0f,
  0x40, 0xc4, 0x80, 0x0a, 0x43, 0x80, 0xc5, 0x0b, 0x80, 0xc7, 0x80, 0x0c, 0x80, 0xc5, 0x80, 0x40,
  0x0d, 0x80, 0xc8, 0x40, 0x0b, 0x83, 0xc6, 0x80, 0x0f, 0x40, 0xc5, 0x40, 0x10, 0xc5, 0x10, 0x80,
  0xc4, 0x02, 0x45, 0x07, 0x80, 0xc4, 0x40, 0x01, 0x80, 0xc4, 0x07, 0x80, 0xc4, 0x40, 0x01, 0x40,
  0xc4, 0x80, 0x05, 0x40, 0xc5, 0x03, 0xc6, 0x43, 0x80, 0xc5, 0x80, 0x03, 0x40, 0xd0, 0x05, 0x80,
  0xce, 0x40, 0x06, 0x40, 0xcb, 0x80, 0x0a, 0x80, 0xc7, 0x80, 0x40, 0x0e, 0x44, 0x08, 0x0b, 0x46,
  0x0e, 0x40, 0xc6, 0x0e, 0xc7, 0x0d, 0x80, 0xc7, 0x0c, 0x40, 0xc8, 0x0c, 0xc9, 0x0b, 0x80, 0xc9,
  0x0a, 0x40, 0xc4, 0x40, 0xc4, 0x0a, 0x80, 0xc3, 0x80, 0x40, 0xc4, 0x09, 0x40, 0xc4, 0x00, 0x40,
  0xc4, 0x09, 0xc4, 0x40, 0x00, 0x40, 0xc4, 0x08, 0x80, 0xc3, 0x80, 0x01, 0x40, 0xc4, 0x07, 0x40,
  0xc4, 0x02, 0x40, 0xc4, 0x07, 0xc4, 0x40, 0x02, 0x40, 0xc4, 0x06, 0x80, 0xc3, 0x80, 0x03, 0x40,
  0xc4, 0x05, 0x40, 0xc4, 0x04, 0x40, 0xc4, 0x05, 0xc4, 0x40, 0x04, 0x40, 0xc4, 0x04, 0x80, 0xc4,
  0x05, 0x40, 0xc4, 0x04, 0xd4, 0x40, 0x00, 0xd4, 0x40, 0x00, 0xd4, 0x40, 0x00, 0xd4, 0x40, 0x00,
  0x4b, 0x80, 0xc4, 0x42, 0x0d, 0x40, 0xc4, 0x10, 0x40, 0xc4, 0x10, 0x40, 0xc4, 0x10, 0x40, 0xc4,
  0x03, 0x03, 0x4e, 0x05, 0x80, 0xce, 0x40, 0x04, 0x80, 0xce, 0x40, 0x04, 0xcf, 0x40, 0x04, 0xcf,
  0x40, 0x04, 0xc4, 0x4a, 0x05, 0xc4, 0x0f, 0x40, 0xc3, 0x80, 0x0f, 0x40, 0xc3, 0x80, 0x0f, 0x40,
  0xc3, 0x80, 0x02, 0x42, 0x09, 0x40, 0xc3, 0x40, 0x00, 0x80, 0xc5, 0x40, 0x06, 0x80, 0xc3, 0x80,
  0xc8, 0x80, 0x05, 0x80, 0xcf, 0x04, 0x80, 0xc6, 0x81, 0xc6, 0x80, 0x03, 0x80, 0xc4, 0x40, 0x03,
  0x40, 0xc5, 0x06, 0x42, 0x05, 0x40, 0xc4, 0x80, 0x0f, 0xc4, 0x80, 0x0f, 0x80, 0xc4, 0x0f, 0x80,
  0xc4, 0x02, 0x44, 0x07, 0x80, 0xc3, 0x80, 0x01, 0x40, 0xc4, 0x40, 0x06, 0xc4, 0x80, 0x02, 0xc4,
  0x80, 0x05, 0x80, 0xc4, 0x40, 0x02, 0x80, 0xc4, 0x80, 0x40, 0x01, 0x40, 0x80, 0xc5, 0x03, 0x40,
  0xcf, 0x40, 0x04, 0x40, 0xcd, 0x40, 0x06, 0x40, 0xcb, 0x40, 0x09, 0x40, 0x80, 0xc6, 0x80, 0x0e,
  0x43, 0x08, 0x08, 0x41, 0x81, 0x41, 0x0e, 0x80, 0xc7, 0x80, 0x0a, 0x40, 0xcb, 0x40, 0x07, 0x40,
  0xcd, 0x40, 0x06, 0xcf, 0x05, 0x80, 0xc4, 0x80, 0x42, 0x80, 0xc5, 0x40, 0x03, 0x40, 0xc4, 0x80,
  0x05, 0xc4, 0x80, 0x03, 0x80, 0xc4, 0x06, 0x40, 0xc4, 0x03, 0xc4, 0x40, 0x0f, 0x40, 0xc4, 0x04,
  0x41, 0x09, 0x40, 0xc4, 0x01, 0x40, 0x80, 0xc4, 0x80, 0x40, 0x05, 0x80, 0xc3, 0x80, 0x00, 0x80,
  0xc8, 0x40, 0x04, 0x80, 0xc3, 0x81, 0xca, 0x40, 0x03, 0x80, 0xc8, 0x80, 0xc7, 0x40, 0x02, 0x80,
  0xc6, 0x40, 0x02, 0x40, 0x80, 0xc4, 0x80, 0x02, 0x80, 0xc5, 0x40, 0x05, 0x80, 0xc4, 0x02, 0x80,
  0xc4, 0x80, 0x06, 0x40, 0xc4, 0x40, 0x01, 0x80, 0xc4, 0x40, 0x07, 0xc4, 0x40, 0x01, 0x40, 0xc4,
  0x40, 0x07, 0xc4, 0x40, 0x01, 0x40, 0xc4, 0x40, 0x07, 0xc4, 0x40, 0x02, 0xc4, 0x80, 0x06, 0x40,
  0xc4, 0x40, 0x02, 0x80, 0xc4, 0x40, 0x05, 0xc5, 0x04, 0xc5, 0x80, 0x40, 0x01, 0x40, 0xc5, 0x40,
  0x04, 0x40, 0xce, 0x80, 0x06, 0x80, 0xcd, 0x08, 0x40, 0xca, 0x80, 0x0b, 0x80, 0xc6, 0x80, 0x40,
  0x0f, 0x43, 0x08, 0x00, 0x51, 0x00, 0x40, 0xd1, 0x00, 0x40, 0xd1, 0x00, 0x40, 0xd1, 0x00, 0x40,
  0xd1, 0x01, 0x4b, 0x80, 0xc4, 0x0d, 0xc4, 0x80, 0x0c, 0x80, 0xc4, 0x0d, 0xc4, 0x80, 0x0c, 0x80,
  0xc4, 0x0d, 0xc4, 0x80, 0x0c, 0x80, 0xc4, 0x0d, 0xc4, 0x80, 0x0c, 0x80, 0xc4, 0x0d, 0xc4, 0x80,
  0x0c, 0x80, 0xc4, 0x0d, 0xc4, 0x80, 0x0c, 0x80, 0xc4, 0x0d, 0xc4, 0x80, 0x0c, 0x80, 0xc4, 0x0d,
  0xc4, 0x80, 0x0c, 0x80, 0xc4, 0x0c, 0x40, 0xc4, 0x80, 0x0c, 0x80, 0xc4, 0x0c, 0x40, 0xc4, 0x80,
  0x0c, 0x80, 0xc4, 0x0c, 0x40, 0xc4, 0x80, 0x0a, 0x07, 0x41, 0x81, 0x41, 0x0e, 0x80, 0xc8, 0x40,
  0x09, 0x40, 0xcb, 0x80, 0x07, 0x40, 0xce, 0x06, 0xc6, 0x82, 0xc5, 0x80, 0x04, 0x80, 0xc4, 0x80,
  0x03, 0x40, 0xc5, 0x40, 0x03, 0x80, 0xc4, 0x05, 0x40, 0xc4, 0x40, 0x03, 0xc4, 0x80, 0x06, 0xc4,
  0x80, 0x03, 0x80, 0xc3, 0x80, 0x06, 0xc4, 0x40, 0x03, 0x80, 0xc4, 0x06, 0xc4, 0x40, 0x04, 0xc4,
  0x80, 0x04, 0x80, 0xc3, 0x80, 0x05, 0x40, 0xc4, 0x81, 0x40, 0x80, 0xc5, 0x07, 0x40, 0xcb, 0x80,
  0x0a, 0x80, 0xc8, 0x80, 0x09, 0x80, 0xcc, 0x40, 0x06, 0xc6, 0x82, 0xc5, 0x80, 0x04, 0x80, 0xc4,
  0x80, 0x04, 0x80, 0xc4, 0x40, 0x02, 0x40, 0xc4, 0x80, 0x06, 0x80, 0xc4, 0x02, 0x80, 0xc4, 0x07,
  0x40, 0xc4, 0x40, 0x01, 0x80, 0xc4, 0x07, 0x40, 0xc4, 0x40, 0x01, 0x80, 0xc4, 0x07, 0x40, 0xc4,
  0x40, 0x01, 0x80, 0xc4, 0x80, 0x06, 0x80, 0xc4, 0x40, 0x01, 0x40, 0xc5, 0x80, 0x04, 0x80, 0xc5,
  0x03, 0x80, 0xc6, 0x82, 0xc6, 0x40, 0x04, 0x80, 0xce, 0x40, 0x06, 0x80, 0xcc, 0x40, 0x09, 0x80,
  0xc7, 0x80, 0x40, 0x0e, 0x44, 0x08, 0x07, 0x41, 0x81, 0x41, 0x0d, 0x40, 0x80, 0xc7, 0x80, 0x0a,
  0x40, 0xcb, 0x40, 0x07, 0x80, 0xcd, 0x40, 0x05, 0x40, 0xcf, 0x40, 0x04, 0xc5, 0x80, 0x03, 0x80,
  0xc4, 0x80, 0x03, 0x40, 0xc4, 0x80, 0x05, 0x40, 0xc4, 0x40, 0x02, 0x80, 0xc4, 0x07, 0xc4, 0x80,
  0x02, 0x80, 0xc3, 0x80, 0x07, 0x80, 0xc4, 0x02, 0x80, 0xc3, 0x80, 0x07, 0x80, 0xc4, 0x40, 0x01,
  0x80, 0xc3, 0x80, 0x07, 0x80, 0xc4, 0x40, 0x01, 0x80, 0xc4, 0x07, 0xc5, 0x40, 0x01, 0x40, 0xc4,
  0x80, 0x05, 0x80, 0xc5, 0x40, 0x02, 0xc5, 0x80, 0x40, 0x01, 0x40, 0x80, 0xc6, 0x40, 0x02, 0x40,
  0xcb, 0x80, 0xc4, 0x40, 0x03, 0x80, 0xca, 0x00, 0xc4, 0x40, 0x04, 0x40, 0xc8, 0x40, 0x00, 0xc4,
  0x40, 0x06, 0x80, 0xc3, 0x80, 0x40, 0x01, 0x40, 0xc4, 0x10, 0x40, 0xc4, 0x03, 0x44, 0x07, 0xc4,
  0x80, 0x02, 0x40, 0xc4, 0x40, 0x05, 0x40, 0xc4, 0x40, 0x03, 0xc5, 0x04, 0x40, 0xc5, 0x04, 0x80,
  0xc5, 0x80, 0x41, 0x80, 0xc5, 0x40, 0x05, 0xce, 0x80, 0x06, 0x40, 0xcc, 0x80, 0x08, 0x40, 0xca,
  0x80, 0x0b, 0x40, 0xc6, 0x80, 0x40, 0x0f, 0x43, 0x09, 0x03, 0x82, 0x06, 0xc4, 0x04, 0x40, 0xc4,
  0x40, 0x03, 0x80, 0xc4, 0x80, 0x03, 0x40, 0xc4, 0x40, 0x04, 0x80, 0xc2, 0x80, 0x07, 0x40, 0x3f,
  0x0a, 0x82, 0x06, 0xc4, 0x04, 0x40, 0xc4, 0x40, 0x03, 0x80, 0xc4, 0x80, 0x03, 0x40, 0xc4, 0x40,
  0x04, 0x80, 0xc2, 0x80, 0x07, 0x40, 0x04, 0x03, 0x82, 0x40, 0x05, 0x80, 0xc3, 0x40, 0x03, 0x40,
  0xc4, 0x80, 0x03, 0x40, 0xc5, 0x04, 0xc4, 0x80, 0x04, 0x40, 0xc2, 0x80, 0x07, 0x41, 0x3f, 0x13,
  0x44, 0x05, 0xc4, 0x40, 0x03, 0x40, 0xc4, 0x04, 0x40, 0xc3, 0x80, 0x04, 0x40, 0xc3, 0x40, 0x04,
  0x80, 0xc3, 0x05, 0x80, 0xc2, 0x80, 0x05, 0xc3, 0x40, 0x05, 0xc3, 0x05, 0x40, 0xc3, 0x05, 0x40,
  0xc2, 0x80, 0x05, 0x40, 0x82, 0x40, 0x04, 0x12, 0x41, 0x12, 0x40, 0x80, 0xc0, 0x80, 0x10, 0x40,
  0xc3, 0x80, 0x0e, 0x80, 0xc5, 0x80, 0x0b, 0x40, 0x80, 0xc7, 0x80, 0x09, 0x40, 0x80, 0xc9, 0x40,
  0x07, 0x40, 0xc9, 0x80, 0x40, 0x07, 0x80, 0xc9, 0x80, 0x40, 0x07, 0x40, 0xc8, 0x80, 0x40, 0x0a,
  0x40, 0xc6, 0x80, 0x40, 0x0c, 0x40, 0xc4, 0x80, 0x0f, 0x40, 0xc6, 0x80, 0x0d, 0x40, 0xc8, 0x80,
  0x40, 0x0c, 0x80, 0xc9, 0x80, 0x0c, 0x40, 0xc9, 0x80, 0x40, 0x0b, 0x40, 0x80, 0xc9, 0x40, 0x0b,
  0x40, 0x80, 0xc7, 0x80, 0x0e, 0x80, 0xc5, 0x80, 0x10, 0x40, 0xc3, 0x80, 0x12, 0x40, 0x80, 0xc0,
  0x80, 0x14, 0x41, 0x01, 0x01, 0x40, 0xd0, 0x40, 0x03, 0x40, 0xd0, 0x40, 0x03, 0x40, 0xd0, 0x40,
  0x03, 0x40, 0xd0, 0x40, 0x04, 0x90, 0x40, 0x3f, 0x09, 0x90, 0x40, 0x03, 0x40, 0xd0, 0x40, 0x03,
  0x40, 0xd0, 0x40, 0x03, 0x40, 0xd0, 0x40, 0x03, 0x40, 0xd0, 0x40, 0x3f, 0x1d, 0x01, 0x41, 0x14,
  0x40, 0xc1, 0x40, 0x12, 0x40, 0xc3, 0x80, 0x10, 0x40, 0xc5, 0x80, 0x40, 0x0d, 0x40, 0xc7, 0x80,
  0x40, 0x0b, 0x40, 0xca, 0x40, 0x0b, 0x40, 0x80, 0xc9, 0x80, 0x0c, 0x40, 0xc9, 0x80, 0x40, 0x0b,
  0x40, 0x80, 0xc8, 0x80, 0x0d, 0x40, 0xc6, 0x80, 0x0f, 0x80, 0xc4, 0x80, 0x0d, 0x40, 0x80, 0xc5,
  0x80, 0x0a, 0x40, 0x80, 0xc8, 0x80, 0x08, 0x40, 0x80, 0xc8, 0x80, 0x40, 0x06, 0x40, 0x80, 0xc9,
  0x80, 0x07, 0x40, 0x80, 0xc9, 0x40, 0x09, 0x40, 0xc7, 0x80, 0x40, 0x0b, 0x40, 0xc5, 0x80, 0x40,
  0x0d, 0x40, 0xc3, 0x80, 0x10, 0x40, 0xc1, 0x40, 0x12, 0x41, 0x12, 0x05, 0x41, 0x81, 0x41, 0x0a,
  0x40, 0xc7, 0x80, 0x40, 0x06, 0x80, 0xca, 0x80, 0x04, 0x80, 0xcc, 0x80, 0x02, 0x40, 0xce, 0x40,
  0x01, 0x80, 0xc4, 0x40, 0x02, 0x80, 0xc4, 0x80, 0x01, 0xc4, 0x40, 0x04, 0xc5, 0x00, 0x40, 0xc4,
  0x05, 0x80, 0xc4, 0x0c, 0x80, 0xc4, 0x0c, 0xc4, 0x80, 0x0b, 0xc5, 0x40, 0x09, 0x40, 0xc5, 0x80,
  0x09, 0x80, 0xc5, 0x80, 0x09, 0x80, 0xc5, 0x80, 0x0a, 0xc5, 0x40, 0x0a, 0x40, 0xc4, 0x0c, 0x80,
  0xc3, 0x40, 0x0c, 0x80, 0xc3, 0x40, 0x0c, 0x80, 0xc3, 0x34, 0x40, 0x81, 0x40, 0x0d, 0xc4, 0x40,
  0x0b, 0x40, 0xc4, 0x80, 0x0b, 0x40, 0xc5, 0x0b, 0x40, 0xc4, 0x80, 0x0c, 0x80, 0xc2, 0x80, 0x0f,
  0x41, 0x08, 0x2f, 0x40, 0x81, 0xc6, 0x81, 0x40, 0x14, 0x80, 0xce, 0x40, 0x10, 0x80, 0xd2, 0x40,
  0x0d, 0xd5, 0x80, 0x0a, 0x40, 0xc6, 0x81, 0x40, 0x03, 0x41, 0x81, 0xc5, 0x80, 0x09, 0xc5, 0x80,
  0x40, 0x0a, 0x40, 0x80, 0xc4, 0x80, 0x07, 0x80, 0xc4, 0x40, 0x0e, 0x40, 0xc4, 0x40, 0x05, 0x40,
  0xc4, 0x40, 0x04, 0x43, 0x07, 0x40, 0xc4, 0x05, 0xc4, 0x40, 0x03, 0x80, 0xc5, 0x80, 0x40, 0x80,
  0xc2, 0x40, 0x00, 0x40, 0xc3, 0x40, 0x03, 0x40, 0xc3, 0x80, 0x02, 0x40, 0xcd, 0x40, 0x01, 0xc3,
  0x80, 0x03, 0x80, 0xc3, 0x03, 0xce, 0x40, 0x01, 0x40, 0xc3, 0x03, 0xc3, 0x80, 0x02, 0x80, 0xce,
  0x40, 0x02, 0xc3, 0x40, 0x01, 0x40, 0xc3, 0x40, 0x01, 0x40, 0xc4, 0x40, 0x03, 0x80, 0xc4, 0x40,
  0x02, 0xc3, 0x40, 0x01, 0x80, 0xc3, 0x02, 0x80, 0xc3, 0x40, 0x05, 0x80, 0xc3, 0x40, 0x02, 0x80,
  0xc2, 0x80, 0x01, 0x80, 0xc3, 0x02, 0xc3, 0x80, 0x06, 0x40, 0xc3, 0x40, 0x02, 0x80, 0xc2, 0x80,
  0x01, 0x80, 0xc3, 0x02, 0xc3, 0x40, 0x07, 0xc3, 0x40, 0x02, 0x80, 0xc2, 0x80, 0x01, 0x80, 0xc2,
  0x80, 0x02, 0xc3, 0x40, 0x07, 0xc3, 0x40, 0x02, 0x80, 0xc2, 0x80, 0x01, 0x80, 0xc2, 0x80, 0x02,
  0xc3, 0x40, 0x07, 0xc3, 0x40, 0x02, 0x80, 0xc2, 0x80, 0x01, 0x80, 0xc3, 0x02, 0xc3, 0x80, 0x06,
  0x40, 0xc3, 0x40, 0x02, 0xc3, 0x40, 0x01, 0x80, 0xc3, 0x02, 0xc4, 0x06, 0x40, 0xc3, 0x40, 0x02,
  0xc3, 0x40, 0x01, 0x80, 0xc3, 0x02, 0x80, 0xc3, 0x40, 0x05, 0xc4, 0x40, 0x01, 0x40, 0xc3, 0x02,
  0x40, 0xc3, 0x40, 0x01, 0x40, 0xc4, 0x80, 0x02, 0x40, 0x80, 0xc4, 0x40, 0x01, 0xc3, 0x80, 0x03,
  0xc3, 0x80, 0x02, 0x80, 0xcf, 0x80, 0xc4, 0x40, 0x03, 0x80, 0xc3, 0x40, 0x02, 0xd4, 0x80, 0x04,
  0x40, 0xc3, 0x80, 0x02, 0x40, 0xc8, 0x80, 0x00, 0xc7, 0x80, 0x06, 0xc4, 0x40, 0x03, 0x80, 0xc4,
  0x80, 0x40, 0x01, 0x40, 0xc5, 0x40, 0x07, 0x40, 0xc4, 0x40, 0x05, 0x41, 0x06, 0x42, 0x0b, 0x80,
  0xc4, 0x80, 0x1d, 0xc6, 0x80, 0x40, 0x08, 0x41, 0x80, 0x0f, 0xc9, 0x85, 0xc3, 0x40, 0x0f, 0x80,
  0xd1, 0x80, 0x10, 0x40, 0x80, 0xd0, 0x12, 0x40, 0x80, 0xcb, 0x80, 0x40, 0x17, 0x42, 0x82, 0x42,
  0x0c, 0x09, 0x45, 0x12, 0xc6, 0x80, 0x10, 0x40, 0xc7, 0x10, 0x80, 0xc7, 0x40, 0x0f, 0xc8, 0x80,
  0x0e, 0x40, 0xc9, 0x0e, 0x80, 0xc9, 0x40, 0x0d, 0xc4, 0x81, 0xc3, 0x80, 0x0c, 0x40, 0xc4, 0x41,
  0xc4, 0x0c, 0x80, 0xc4, 0x01, 0xc4, 0x40, 0x0b, 0xc4, 0x80, 0x01, 0x80, 0xc3, 0x80, 0x0a, 0x40,
  0xc4, 0x40, 0x01, 0x40, 0xc4, 0x0a, 0x80, 0xc4, 0x02, 0x40, 0xc4, 0x40, 0x09, 0xc4, 0x80, 0x03,
  0xc4, 0x80, 0x08, 0x40, 0xc4, 0x40, 0x03, 0x80, 0xc4, 0x08, 0x80, 0xc4, 0x04, 0x40, 0xc4, 0x40,
  0x07, 0xc4, 0x80, 0x45, 0xc5, 0x06, 0x40, 0xd1, 0x40, 0x05, 0x80, 0xd1, 0x80, 0x05, 0xd3, 0x04,
  0x40, 0xd3, 0x40, 0x03, 0xc5, 0x08, 0x40, 0xc4, 0x80, 0x02, 0x40, 0xc4, 0x80, 0x09, 0xc5, 0x02,
  0x80, 0xc4, 0x40, 0x09, 0x80, 0xc4, 0x40, 0x01, 0xc5, 0x0a, 0x40, 0xc4, 0x80, 0x00, 0x40, 0xc4,
  0x80, 0x0b, 0xc5, 0x00, 0x80, 0xc4, 0x40, 0x0b, 0x80, 0xc4, 0x40, 0x01, 0x4a, 0x0a, 0x40, 0xcc,
  0x81, 0x06, 0x40, 0xcf, 0x40, 0x04, 0x40, 0xd0, 0x40, 0x03, 0x40, 0xd1, 0x03, 0x40, 0xc4, 0x45,
  0x80, 0xc5, 0x80, 0x02, 0x40, 0xc4, 0x40, 0x05, 0x40, 0xc4, 0x80, 0x02, 0x40, 0xc4, 0x40, 0x06,
  0xc5, 0x02, 0x40, 0xc4, 0x40, 0x06, 0x80, 0xc3, 0x80, 0x02, 0x40, 0xc4, 0x40, 0x06, 0xc4, 0x80,
  0x02, 0x40, 0xc4, 0x40, 0x05, 0x80, 0xc4, 0x03, 0x40, 0xc4, 0x45, 0x80, 0xc4, 0x40, 0x03, 0x40,
  0xce, 0x80, 0x05, 0x40, 0xcd, 0x80, 0x40, 0x05, 0x40, 0xd0, 0x40, 0x03, 0x40, 0xc4, 0x86, 0xc5,
  0x40, 0x02, 0x40, 0xc4, 0x40, 0x05, 0x40, 0xc5, 0x02, 0x40, 0xc4, 0x40, 0x06, 0x40, 0xc4, 0x80,
  0x01, 0x40, 0xc4, 0x40, 0x07, 0xc4, 0x80, 0x01, 0x40, 0xc4, 0x40, 0x07, 0xc5, 0x01, 0x40, 0xc4,
  0x40, 0x07, 0xc5, 0x01, 0x40, 0xc4, 0x40, 0x06, 0x80, 0xc4, 0x80, 0x01, 0x40, 0xc4, 0x86, 0xc6,
  0x40, 0x01, 0x40, 0xd1, 0x80, 0x02, 0x40, 0xd1, 0x03, 0x40, 0xcf, 0x80, 0x04, 0x40, 0xcc, 0x81,
  0x40, 0x04, 0x09, 0x41, 0x82, 0x41, 0x10, 0x80, 0xc8, 0x80, 0x0c, 0x80, 0xcc, 0x40, 0x09, 0x80,
  0xce, 0x80, 0x07, 0x80, 0xd0, 0x80, 0x05, 0x40, 0xc6, 0x80, 0x42, 0x80, 0xc6, 0x40, 0x04, 0xc5,
  0x80, 0x06, 0x80, 0xc4, 0x80, 0x03, 0x80, 0xc4, 0x80, 0x08, 0x80, 0xc4, 0x40, 0x02, 0xc5, 0x09,
  0x40, 0xc4, 0x40, 0x01, 0x40, 0xc4, 0x80, 0x0a, 0xc4, 0x80, 0x01, 0x40, 0xc4, 0x40, 0x12, 0x80,
  0xc4, 0x13, 0x80, 0xc4, 0x13, 0x80, 0xc4, 0x13, 0x80, 0xc4, 0x13, 0x80, 0xc4, 0x13, 0x80, 0xc4,
  0x13, 0x40, 0xc4, 0x40, 0x12, 0x40, 0xc4, 0x80, 0x0a, 0xc4, 0x80, 0x02, 0xc5, 0x09, 0x40, 0xc4,
  0x40, 0x02, 0x80, 0xc4, 0x80, 0x08, 0xc5, 0x04, 0xc6, 0x40, 0x04, 0x40, 0xc5, 0x80, 0x04, 0x40,
  0xc7, 0x83, 0xc6, 0x06, 0x80, 0xd0, 0x40, 0x07, 0x80, 0xce, 0x40, 0x09, 0x40, 0xcc, 0x40, 0x0c,
  0x40, 0x80, 0xc6, 0x80, 0x40, 0x11, 0x44, 0x09, 0x01, 0x49, 0x0d, 0x40, 0xcc, 0x80, 0x40, 0x08,
  0x40, 0xce, 0x80, 0x40, 0x06, 0x40, 0xd0, 0x40, 0x05, 0x40, 0xd1, 0x80, 0x04, 0x40, 0xc4, 0x85,
  0xc7, 0x40, 0x03, 0x40, 0xc4, 0x40, 0x05, 0x40, 0x80, 0xc5, 0x03, 0x40, 0xc4, 0x40, 0x07, 0x80,
  0xc4, 0x80, 0x02, 0x40, 0xc4, 0x40, 0x08, 0xc5, 0x02, 0x40, 0xc4, 0x40, 0x08, 0x40, 0xc4, 0x40,
  0x01, 0x40, 0xc4, 0x40, 0x09, 0xc4, 0x40, 0x01, 0x40, 0xc4, 0x40, 0x09, 0xc4, 0x80, 0x01, 0x40,
  0xc4, 0x40, 0x09, 0x80, 0xc3, 0x80, 0x01, 0x40, 0xc4, 0x40, 0x09, 0x80, 0xc3, 0x80, 0x01, 0x40,
  0xc4, 0x40, 0x09, 0x80, 0xc3, 0x80, 0x01, 0x40, 0xc4, 0x40, 0x09, 0x80, 0xc3, 0x80, 0x01, 0x40,
  0xc4, 0x40, 0x09, 0xc4, 0x80, 0x01, 0x40, 0xc4, 0x40, 0x08, 0x40, 0xc4, 0x40, 0x01, 0x40, 0xc4,
  0x40, 0x08, 0x80, 0xc4, 0x40, 0x01, 0x40, 0xc4, 0x40, 0x08, 0xc5, 0x02, 0x40, 0xc4, 0x40, 0x07,
  0x80, 0xc4, 0x40, 0x02, 0x40, 0xc4, 0x40, 0x05, 0x40, 0xc6, 0x03, 0x40, 0xc4, 0x84, 0xc8, 0x40,
  0x03, 0x40, 0xd1, 0x40, 0x04, 0x40, 0xd0, 0x40, 0x05, 0x40, 0xce, 0x80, 0x07, 0x40, 0xca, 0x81,
  0x40, 0x08, 0x01, 0x50, 0x02, 0x40, 0xd0, 0x40, 0x01, 0x40, 0xd0, 0x40, 0x01, 0x40, 0xd0, 0x40,
  0x01, 0x40, 0xd0, 0x40, 0x01, 0x40, 0xc4, 0x80, 0x4a, 0x02, 0x40, 0xc4, 0x40, 0x0d, 0x40, 0xc4,
  0x40, 0x0d, 0x40, 0xc4, 0x40, 0x0d, 0x40, 0xc4, 0x40, 0x0d, 0x40, 0xc4, 0x40, 0x0d, 0x40, 0xc4,
  0x80, 0x4a, 0x02, 0x40, 0xcf, 0x40, 0x02, 0x40, 0xcf, 0x40, 0x02, 0x40, 0xcf, 0x40, 0x02, 0x40,
  0xcf, 0x40, 0x02, 0x40, 0xc4, 0x40, 0x0d, 0x40, 0xc4, 0x40, 0x0d, 0x40, 0xc4, 0x40, 0x0d, 0x40,
  0xc4, 0x40, 0x0d, 0x40, 0xc4, 0x40, 0x0d, 0x40, 0xc4, 0x40, 0x0d, 0x40, 0xc4, 0x8b, 0x40, 0x01,
  0x40, 0xd0, 0x40, 0x01, 0x40, 0xd0, 0x40, 0x01, 0x40, 0xd0, 0x40, 0x01, 0x40, 0xd0, 0x40, 0x00,
  0x01, 0x50, 0x01, 0x40, 0xd0, 0x01, 0x40, 0xd0, 0x01, 0x40, 0xd0, 0x01, 0x40, 0xd0, 0x01, 0x40,
  0xc4, 0x80, 0x4a, 0x01, 0x40, 0xc4, 0x40, 0x0c, 0x40, 0xc4, 0x40, 0x0c, 0x40, 0xc4, 0x40, 0x0c,
  0x40, 0xc4, 0x40, 0x0c, 0x40, 0xc4, 0x40, 0x0c, 0x40, 0xc4, 0x40, 0x0c, 0x40, 0xc4, 0x80, 0x49,
  0x02, 0x40, 0xcf, 0x02, 0x40, 0xcf, 0x02, 0x40, 0xcf, 0x02, 0x40, 0xcf, 0x02, 0x40, 0xc4, 0x40,
  0x0c, 0x40, 0xc4, 0x40, 0x0c, 0x40, 0xc4, 0x40, 0x0c, 0x40, 0xc4, 0x40, 0x0c, 0x40, 0xc4, 0x40,
  0x0c, 0x40, 0xc4, 0x40, 0x0c, 0x40, 0xc4, 0x40, 0x0c, 0x40, 0xc4, 0x40, 0x0c, 0x40, 0xc4, 0x40,
  0x0c, 0x40, 0xc4, 0x40, 0x0b, 0x09, 0x41, 0x82, 0x41, 0x10, 0x80, 0xc8, 0x80, 0x0c, 0x40, 0xcc,
  0x40, 0x09, 0x80, 0xce, 0x80, 0x07, 0x80, 0xd0, 0x80, 0x05, 0x40, 0xc6, 0x80, 0x42, 0x80, 0xc6,
  0x40, 0x04, 0xc5, 0x80, 0x06, 0x80, 0xc5, 0x03, 0x80, 0xc4, 0x80, 0x08, 0x80, 0xc4, 0x40, 0x02,
  0xc5, 0x09, 0x40, 0xc4, 0x80, 0x01, 0x40, 0xc4, 0x80, 0x0a, 0x45, 0x01, 0x40, 0xc4, 0x40, 0x12,
  0x80, 0xc4, 0x13, 0x80, 0xc4, 0x13, 0x80, 0xc4, 0x06, 0xca, 0x01, 0x80, 0xc4, 0x06, 0xca, 0x01,
  0x80, 0xc4, 0x06, 0xca, 0x01, 0x80, 0xc4, 0x06, 0xca, 0x01, 0x40, 0xc4, 0x40, 0x0a, 0x80, 0xc4,
  0x01, 0x40, 0xc4, 0x80, 0x0a, 0x80, 0xc3, 0x80, 0x02, 0xc5, 0x40, 0x09, 0xc4, 0x80, 0x02, 0x80,
  0xc5, 0x08, 0x80, 0xc4, 0x40, 0x03, 0xc6, 0x40, 0x05, 0x80, 0xc5, 0x04, 0x40, 0xc7, 0x83, 0xc6,
  0x40, 0x05, 0x80, 0xd0, 0x80, 0x07, 0x80, 0xce, 0x80, 0x09, 0x40, 0xcc, 0x40, 0x0c, 0x40, 0x80,
  0xc6, 0x80, 0x40, 0x11, 0x44, 0x09, 0x01, 0x44, 0x0b, 0x44, 0x02, 0x40, 0xc4, 0x40, 0x09, 0x80,
  0xc4, 0x02, 0x40, 0xc4, 0x40, 0x09, 0x80, 0xc4, 0x02, 0x40, 0xc4, 0x40, 0x09, 0x80, 0xc4, 0x02,
  0x40, 0xc4, 0x40, 0x09, 0x80, 0xc4, 0x02, 0x40, 0xc4, 0x40, 0x09, 0x80, 0xc4, 0x02, 0x40, 0xc4,
  0x40, 0x09, 0x80, 0xc4, 0x02, 0x40, 0xc4, 0x40, 0x09, 0x80, 0xc4, 0x02, 0x40, 0xc4, 0x40, 0x09,
  0x80, 0xc4, 0x02, 0x40, 0xc4, 0x40, 0x09, 0x80, 0xc4, 0x02, 0x40, 0xc4, 0x40, 0x09, 0x80, 0xc4,
  0x02, 0x40, 0xc4, 0x80, 0x49, 0x80, 0xc4, 0x02, 0x40, 0xd5, 0x02, 0x40, 0xd5, 0x02, 0x40, 0xd5,
  0x02, 0x40, 0xd5, 0x02, 0x40, 0xc4, 0x4a, 0x80, 0xc4, 0x02, 0x40, 0xc4, 0x40, 0x09, 0x80, 0xc4,
  0x02, 0x40, 0xc4, 0x40, 0x09, 0x80, 0xc4, 0x02, 0x40, 0xc4, 0x40, 0x09, 0x80, 0xc4, 0x02, 0x40,
  0xc4, 0x40, 0x09, 0x80, 0xc4, 0x02, 0x40, 0xc4, 0x40, 0x09, 0x80, 0xc4, 0x02, 0x40, 0xc4, 0x40,
  0x09, 0x80, 0xc4, 0x02, 0x40, 0xc4, 0x40, 0x09, 0x80, 0xc4, 0x02, 0x40, 0xc4, 0x40, 0x09, 0x80,
  0xc4, 0x02, 0x40, 0xc4, 0x40, 0x09, 0x80, 0xc4, 0x02, 0x40, 0xc4, 0x40, 0x09, 0x80, 0xc4, 0x01,
  0x01, 0x44, 0x02, 0x40, 0xc4, 0x40, 0x01, 0x40, 0xc4, 0x40, 0x01, 0x40, 0xc4, 0x40, 0x01, 0x40,
  0xc4, 0x40, 0x01, 0x40, 0xc4, 0x40, 0x01, 0x40, 0xc4, 0x40, 0x01, 0x40, 0xc4, 0x40, 0x01, 0x40,
  0xc4, 0x40, 0x01, 0x40, 0xc4, 0x40, 0x01, 0x40, 0xc4, 0x40, 0x01, 0x40, 0xc4, 0x40, 0x01, 0x40,
  0xc4, 0x40, 0x01, 0x40, 0xc4, 0x40, 0x01, 0x40, 0xc4, 0x40, 0x01, 0x40, 0xc4, 0x40, 0x01, 0x40,
  0xc4, 0x40, 0x01, 0x40, 0xc4, 0x40, 0x01, 0x40, 0xc4, 0x40, 0x01, 0x40, 0xc4, 0x40, 0x01, 0x40,
  0xc4, 0x40, 0x01, 0x40, 0xc4, 0x40, 0x01, 0x40, 0xc4, 0x40, 0x01, 0x40, 0xc4, 0x40, 0x01, 0x40,
  0xc4, 0x40, 0x01, 0x40, 0xc4, 0x40, 0x01, 0x40, 0xc4, 0x40, 0x00, 0x0c, 0x43, 0x0d, 0x80, 0xc3,
  0x80, 0x0c, 0x80, 0xc3, 0x80, 0x0c, 0x80, 0xc3, 0x80, 0x0c, 0x80, 0xc3, 0x80, 0x0c, 0x80, 0xc3,
  0x80, 0x0c, 0x80, 0xc3, 0x80, 0x0c, 0x80, 0xc3, 0x80, 0x0c, 0x80, 0xc3, 0x80, 0x0c, 0x80, 0xc3,
  0x80, 0x0c, 0x80, 0xc3, 0x80, 0x0c, 0x80, 0xc3, 0x80, 0x0c, 0x80, 0xc3, 0x80, 0x0c, 0x80, 0xc3,
  0x80, 0x0c, 0x80, 0xc3, 0x80, 0x0c, 0x80, 0xc3, 0x80, 0x0c, 0x80, 0xc3, 0x80, 0x0c, 0x80, 0xc3,
  0x80, 0x0c, 0x80, 0xc3, 0x80, 0x00, 0x85, 0x05, 0xc4, 0x80, 0x00, 0x80, 0xc4, 0x05, 0xc4, 0x80,
  0x00, 0x80, 0xc4, 0x40, 0x03, 0x40, 0xc4, 0x40, 0x00, 0x40, 0xc5, 0x40, 0x01, 0x40, 0xc5, 0x02,
  0x80, 0xcd, 0x80, 0x02, 0x40, 0xcc, 0x80, 0x04, 0x40, 0xca, 0x80, 0x07, 0x40, 0x80, 0xc5, 0x80,
  0x40, 0x0b, 0x43, 0x07, 0x01, 0x44, 0x09, 0x45, 0x01, 0x40, 0xc4, 0x40, 0x07, 0x80, 0xc5, 0x01,
  0x40, 0xc4, 0x40, 0x06, 0x40, 0xc5, 0x40, 0x01, 0x40, 0xc4, 0x40, 0x05, 0x40, 0xc5, 0x40, 0x02,
  0x40, 0xc4, 0x40, 0x05, 0xc5, 0x80, 0x03, 0x40, 0xc4, 0x40, 0x04, 0x80, 0xc4, 0x80, 0x04, 0x40,
  0xc4, 0x40, 0x03, 0x80, 0xc5, 0x05, 0x40, 0xc4, 0x40, 0x02, 0x40, 0xc5, 0x06, 0x40, 0xc4, 0x40,
  0x01, 0x40, 0xc5, 0x40, 0x06, 0x40, 0xc4, 0x40, 0x01, 0xc5, 0x40, 0x07, 0x40, 0xc4, 0x40, 0x00,
  0xc5, 0x80, 0x08, 0x40, 0xc4, 0x40, 0x80, 0xc4, 0x80, 0x09, 0x40, 0xc4, 0x80, 0xc5, 0x0a, 0x40,
  0xcb, 0x80, 0x09, 0x40, 0xcc, 0x40, 0x08, 0x40, 0xcd, 0x08, 0x40, 0xc6, 0x80, 0xc5, 0x80, 0x07,
  0x40, 0xc6, 0x00, 0x40, 0xc5, 0x40, 0x06, 0x40, 0xc5, 0x02, 0x80, 0xc5, 0x06, 0x40, 0xc4, 0x40,
  0x03, 0xc5, 0x80, 0x05, 0x40, 0xc4, 0x40, 0x03, 0x40, 0xc5, 0x40, 0x04, 0x40, 0xc4, 0x40, 0x04,
  0x80, 0xc5, 0x04, 0x40, 0xc4, 0x40, 0x05, 0xc5, 0x80, 0x03, 0x40, 0xc4, 0x40, 0x05, 0x40, 0xc5,
  0x40, 0x02, 0x40, 0xc4, 0x40, 0x06, 0x80, 0xc5, 0x02, 0x40, 0xc4, 0x40, 0x07, 0xc5, 0x80, 0x01,
  0x40, 0xc4, 0x40, 0x07, 0x40, 0xc5, 0x40, 0x01, 0x44, 0x0c, 0x40, 0xc4, 0x40, 0x0b, 0x40, 0xc4,
  0x40, 0x0b, 0x40, 0xc4, 0x40, 0x0b, 0x40, 0xc4, 0x40, 0x0b, 0x40, 0xc4, 0x40, 0x0b, 0x40, 0xc4,
  0x40, 0x0b, 0x40, 0xc4, 0x40, 0x0b, 0x40, 0xc4, 0x40, 0x0b, 0x40, 0xc4, 0x40, 0x0b, 0x40, 0xc4,
  0x40, 0x0b, 0x40, 0xc4, 0x40, 0x0b, 0x40, 0xc4, 0x40, 0x0b, 0x40, 0xc4, 0x40, 0x0b, 0x40, 0xc4,
  0x40, 0x0b, 0x40, 0xc4, 0x40, 0x0b, 0x40, 0xc4, 0x40, 0x0b, 0x40, 0xc4, 0x40, 0x0b, 0x40, 0xc4,
  0x40, 0x0b, 0x40, 0xc4, 0x40, 0x0b, 0x40, 0xc4, 0x40, 0x0b, 0x40, 0xc4, 0x40, 0x0b, 0x40, 0xc4,
  0x8a, 0x40, 0x00, 0x40, 0xcf, 0x40, 0x00, 0x40, 0xcf, 0x40, 0x00, 0x40, 0xcf, 0x40, 0x00, 0x40,
  0xcf, 0x40, 0x01, 0x45, 0x0f, 0x45, 0x02, 0x40, 0xc5, 0x80, 0x0d, 0xc6, 0x02, 0x40, 0xc6, 0x40,
  0x0b, 0x40, 0xc6, 0x02, 0x40, 0xc6, 0x80, 0x0b, 0xc7, 0x02, 0x40, 0xc7, 0x0a, 0x40, 0xc7, 0x02,
  0x40, 0xc7, 0x40, 0x09, 0x80, 0xc7, 0x02, 0x40, 0xc8, 0x09, 0xc8, 0x02, 0x40, 0xc8, 0x40, 0x07,
  0x40, 0xc8, 0x02, 0x40, 0xc8, 0x80, 0x07, 0xc9, 0x02, 0x40, 0xc9, 0x06, 0x40, 0xc9, 0x02, 0x40,
  0xc4, 0x80, 0xc3, 0x80, 0x05, 0x80, 0xc3, 0x80, 0xc4, 0x02, 0x40, 0xc4, 0x00, 0xc4, 0x05, 0xc4,
  0x40, 0xc4, 0x02, 0x40, 0xc4, 0x00, 0x80, 0xc3, 0x40, 0x03, 0x80, 0xc3, 0x41, 0xc4, 0x02, 0x40,
  0xc4, 0x00, 0x40, 0xc3, 0x80, 0x03, 0xc4, 0x00, 0x40, 0xc4, 0x02, 0x40, 0xc4, 0x01, 0xc4, 0x02,
  0x40, 0xc3, 0x80, 0x00, 0x40, 0xc4, 0x02, 0x40, 0xc4, 0x01, 0x40, 0xc3, 0x80, 0x01, 0x80, 0xc3,
  0x40, 0x00, 0x40, 0xc4, 0x02, 0x40, 0xc4, 0x02, 0xc4, 0x00, 0x40, 0xc4, 0x01, 0x40, 0xc4, 0x02,
  0x40, 0xc4, 0x02, 0x80, 0xc3, 0x40, 0x80, 0xc3, 0x40, 0x01, 0x40, 0xc4, 0x02, 0x40, 0xc4, 0x02,
  0x40, 0xc9, 0x02, 0x40, 0xc4, 0x02, 0x40, 0xc4, 0x03, 0xc8, 0x80, 0x02, 0x40, 0xc4, 0x02, 0x40,
  0xc4, 0x03, 0x80, 0xc7, 0x40, 0x02, 0x40, 0xc4, 0x02, 0x40, 0xc4, 0x04, 0xc7, 0x03, 0x40, 0xc4,
  0x02, 0x40, 0xc4, 0x04, 0x80, 0xc5, 0x40, 0x03, 0x40, 0xc4, 0x02, 0x40, 0xc4, 0x04, 0x40, 0xc5,
  0x04, 0x40, 0xc4, 0x02, 0x40, 0xc4, 0x05, 0xc4, 0x80, 0x04, 0x40, 0xc4, 0x02, 0x40, 0xc4, 0x05,
  0x80, 0xc3, 0x40, 0x04, 0x40, 0xc4, 0x02, 0x40, 0xc4, 0x06, 0xc2, 0x80, 0x05, 0x40, 0xc4, 0x01,
  0x01, 0x43, 0x0b, 0x44, 0x02, 0x40, 0xc4, 0x0a, 0xc4, 0x80, 0x01, 0x40, 0xc4, 0x80, 0x09, 0xc4,
  0x80, 0x01, 0x40, 0xc5, 0x40, 0x08, 0xc4, 0x80, 0x01, 0x40, 0xc6, 0x08, 0xc4, 0x80, 0x01, 0x40,
  0xc6, 0x80, 0x07, 0xc4, 0x80, 0x01, 0x40, 0xc7, 0x40, 0x06, 0xc4, 0x80, 0x01, 0x40, 0xc8, 0x06,
  0xc4, 0x80, 0x01, 0x40, 0xc8, 0x80, 0x05, 0xc4, 0x80, 0x01, 0x40, 0xc9, 0x80, 0x04, 0xc4, 0x80,
  0x01, 0x40, 0xc4, 0x80, 0xc4, 0x40, 0x03, 0xc4, 0x80, 0x01, 0x40, 0xc4, 0x40, 0xc5, 0x03, 0xc4,
  0x80, 0x01, 0x40, 0xc4, 0x41, 0xc4, 0x80, 0x02, 0xc4, 0x80, 0x01, 0x40, 0xc4, 0x40, 0x00, 0x80,
  0xc4, 0x40, 0x01, 0xc4, 0x80, 0x01, 0x40, 0xc4, 0x40, 0x01, 0x80, 0xc4, 0x01, 0xc4, 0x80, 0x01,
  0x40, 0xc4, 0x40, 0x02, 0xc4, 0x80, 0x00, 0xc4, 0x80, 0x01, 0x40, 0xc4, 0x40, 0x02, 0x40, 0xc4,
  0x40, 0xc4, 0x80, 0x01, 0x40, 0xc4, 0x40, 0x03, 0x80, 0xc9, 0x80, 0x01, 0x40, 0xc4, 0x40, 0x04,
  0xc9, 0x80, 0x01, 0x40, 0xc4, 0x40, 0x04, 0x40, 0xc8, 0x80, 0x01, 0x40, 0xc4, 0x40, 0x05, 0x80,
  0xc7, 0x80, 0x01, 0x40, 0xc4, 0x40, 0x06, 0xc7, 0x80, 0x01, 0x40, 0xc4, 0x40, 0x06, 0x40, 0xc6,
  0x80, 0x01, 0x40, 0xc4, 0x40, 0x07, 0x80, 0xc5, 0x80, 0x01, 0x40, 0xc4, 0x40, 0x08, 0xc5, 0x80,
  0x01, 0x40, 0xc4, 0x40, 0x08, 0x40, 0xc4, 0x80, 0x01, 0x40, 0xc4, 0x40, 0x09, 0x80, 0xc3, 0x80,
  0x00, 0x09, 0x41, 0x82, 0x41, 0x11, 0x80, 0xc8, 0x80, 0x0d, 0x80, 0xcc, 0x40, 0x0a, 0x80, 0xce,
  0x80, 0x08, 0x80, 0xd0, 0x80, 0x06, 0x40, 0xc6, 0x80, 0x42, 0x80, 0xc6, 0x40, 0x05, 0xc5, 0x80,
  0x06, 0x80, 0xc5, 0x04, 0x80, 0xc4, 0x80, 0x08, 0x80, 0xc4, 0x80, 0x03, 0xc5, 0x0a, 0xc5, 0x02,
  0x40, 0xc4, 0x80, 0x0a, 0x80, 0xc4, 0x40, 0x01, 0x40, 0xc4, 0x40, 0x0a, 0x40, 0xc4, 0x40, 0x01,
  0x80, 0xc4, 0x0c, 0xc4, 0x80, 0x01, 0x80, 0xc4, 0x0c, 0xc4, 0x80, 0x01, 0x80, 0xc4, 0x0c, 0xc4,
  0x80, 0x01, 0x80, 0xc4, 0x0c, 0xc4, 0x80, 0x01, 0x80, 0xc4, 0x0c, 0xc4, 0x80, 0x01, 0x80, 0xc4,
  0x0c, 0xc4, 0x80, 0x01, 0x40, 0xc4, 0x40, 0x0a, 0x40, 0xc4, 0x40, 0x01, 0x40, 0xc4, 0x80, 0x0a,
  0x80, 0xc4, 0x40, 0x02, 0xc5, 0x09, 0x40, 0xc5, 0x03, 0x40, 0xc4, 0x80, 0x08, 0xc5, 0x40, 0x04,
  0xc6, 0x40, 0x04, 0x40, 0xc6, 0x05, 0x40, 0xc6, 0x83, 0xc7, 0x40, 0x06, 0x80, 0xd0, 0x80, 0x08,
  0x80, 0xce, 0x80, 0x0a, 0x40, 0xcc, 0x40, 0x0d, 0x40, 0x80, 0xc6, 0x80, 0x40, 0x12, 0x44, 0x0a,
  0x01, 0x4a, 0x09, 0x40, 0xcc, 0x80, 0x40, 0x05, 0x40, 0xce, 0x80, 0x04, 0x40, 0xd0, 0x40, 0x02,
  0x40, 0xd1, 0x02, 0x40, 0xc4, 0x44, 0x80, 0xc6, 0x40, 0x01, 0x40, 0xc4, 0x40, 0x05, 0x80, 0xc5,
  0x01, 0x40, 0xc4, 0x40, 0x06, 0x80, 0xc4, 0x40, 0x00, 0x40, 0xc4, 0x40, 0x06, 0x40, 0xc4, 0x40,
  0x00, 0x40, 0xc4, 0x40, 0x06, 0x40, 0xc4, 0x40, 0x00, 0x40, 0xc4, 0x40, 0x06, 0x40, 0xc4, 0x40,
  0x00, 0x40, 0xc4, 0x40, 0x06, 0x80, 0xc4, 0x40, 0x00, 0x40, 0xc4, 0x40, 0x05, 0x40, 0xc5, 0x01,
  0x40, 0xc4, 0x40, 0x04, 0x40, 0xc5, 0x80, 0x01, 0x40, 0xd1, 0x02, 0x40, 0xd0, 0x40, 0x02, 0x40,
  0xcf, 0x40, 0x03, 0x40, 0xcd, 0x80, 0x05, 0x40, 0xc4, 0x85, 0x41, 0x07, 0x40, 0xc4, 0x40, 0x0e,
  0x40, 0xc4, 0x40, 0x0e, 0x40, 0xc4, 0x40, 0x0e, 0x40, 0xc4, 0x40, 0x0e, 0x40, 0xc4, 0x40, 0x0e,
  0x40, 0xc4, 0x40, 0x0e, 0x40, 0xc4, 0x40, 0x0e, 0x40, 0xc4, 0x40, 0x0d, 0x09, 0x41, 0x82, 0x41,
  0x11, 0x80, 0xc8, 0x80, 0x0d, 0x80, 0xcc, 0x40, 0x0a, 0x80, 0xce, 0x80, 0x08, 0x80, 0xd0, 0x80,
  0x06, 0x40, 0xc6, 0x80, 0x42, 0x80, 0xc6, 0x40, 0x05, 0xc5, 0x80, 0x06, 0x80, 0xc5, 0x04, 0x80,
  0xc4, 0x80, 0x08, 0x80, 0xc4, 0x80, 0x03, 0xc5, 0x0a, 0xc5, 0x02, 0x40, 0xc4, 0x80, 0x0a, 0x80,
  0xc4, 0x40, 0x01, 0x40, 0xc4, 0x40, 0x0a, 0x40, 0xc4, 0x40, 0x01, 0x80, 0xc4, 0x0c, 0xc4, 0x80,
  0x01, 0x80, 0xc4, 0x0c, 0xc4, 0x80, 0x01, 0x80, 0xc4, 0x0c, 0xc4, 0x80, 0x01, 0x80, 0xc4, 0x0c,
  0xc4, 0x80, 0x01, 0x80, 0xc4, 0x0c, 0xc4, 0x80, 0x01, 0x80, 0xc4, 0x0c, 0xc4, 0x80, 0x01, 0x40,
  0xc4, 0x40, 0x0a, 0x40, 0xc4, 0x40, 0x01, 0x40, 0xc4, 0x80, 0x03, 0xc3, 0x80, 0x01, 0x80, 0xc4,
  0x40, 0x02, 0xc5, 0x03, 0x40, 0xc3, 0x80, 0x40, 0xc5, 0x03, 0x40, 0xc4, 0x80, 0x03, 0x40, 0xc9,
  0x40, 0x04, 0xc6, 0x40, 0x02, 0x80, 0xc8, 0x05, 0x40, 0xc6, 0x83, 0xc7, 0x40, 0x06, 0x80, 0xd0,
  0x80, 0x08, 0x80, 0xcf, 0x0a, 0x40, 0xce, 0x40, 0x0b, 0x40, 0x80, 0xc6, 0x80, 0xc4, 0x40, 0x0d,
  0x44, 0x01, 0x40, 0xc4, 0x15, 0x40, 0xc3, 0x80, 0x1c, 0x01, 0x4a, 0x0a, 0x40, 0xcc, 0x80, 0x40,
  0x06, 0x40, 0xcf, 0x40, 0x04, 0x40, 0xd0, 0x40, 0x03, 0x40, 0xd1, 0x03, 0x40, 0xc4, 0x45, 0x80,
  0xc5, 0x80, 0x02, 0x40, 0xc4, 0x40, 0x05, 0x40, 0xc5, 0x02, 0x40, 0xc4, 0x40, 0x06, 0x80, 0xc4,
  0x40, 0x01, 0x40, 0xc4, 0x40, 0x06, 0x40, 0xc4, 0x40, 0x01, 0x40, 0xc4, 0x40, 0x06, 0x40, 0xc4,
  0x40, 0x01, 0x40, 0xc4, 0x40, 0x06, 0x40, 0xc4, 0x40, 0x01, 0x40, 0xc4, 0x40, 0x06, 0x80, 0xc4,
  0x40, 0x01, 0x40, 0xc4, 0x40, 0x05, 0x80, 0xc5, 0x02, 0x40, 0xc4, 0x84, 0xc7, 0x40, 0x02, 0x40,
  0xd0, 0x80, 0x03, 0x40, 0xcf, 0x80, 0x04, 0x40, 0xce, 0x40, 0x05, 0x40, 0xc4, 0x83, 0xc5, 0x06,
  0x40, 0xc4, 0x40, 0x02, 0x40, 0xc4, 0x80, 0x05, 0x40, 0xc4, 0x40, 0x03, 0x80, 0xc4, 0x40, 0x04,
  0x40, 0xc4, 0x40, 0x03, 0x40, 0xc4, 0x80, 0x04, 0x40, 0xc4, 0x40, 0x04, 0x80, 0xc4, 0x40, 0x03,
  0x40, 0xc4, 0x40, 0x04, 0x40, 0xc5, 0x03, 0x40, 0xc4, 0x40, 0x05, 0x80, 0xc4, 0x40, 0x02, 0x40,
  0xc4, 0x40, 0x06, 0xc5, 0x02, 0x40, 0xc4, 0x40, 0x06, 0x80, 0xc4, 0x80, 0x01, 0x40, 0xc4, 0x40,
  0x07, 0xc5, 0x00, 0x07, 0x41, 0x82, 0x41, 0x0c, 0x80, 0xc8, 0x80, 0x08, 0x40, 0xcc, 0x40, 0x05,
  0x80, 0xce, 0x40, 0x03, 0x40, 0xd0, 0x03, 0xc5, 0x80, 0x40, 0x01, 0x41, 0xc5, 0x80, 0x01, 0x40,
  0xc4, 0x80, 0x06, 0x80, 0xc4, 0x01, 0x40, 0xc4, 0x40, 0x06, 0x40, 0xc4, 0x01, 0x40, 0xc4, 0x40,
  0x07, 0x44, 0x01, 0x40, 0xc4, 0x80, 0x0f, 0xc5, 0x80, 0x40, 0x0d, 0x80, 0xc7, 0x80, 0x41, 0x0a,
  0xcb, 0x80, 0x40, 0x08, 0x80, 0xcb, 0x80, 0x40, 0x07, 0x40, 0xcc, 0x40, 0x08, 0x41, 0x80, 0xc9,
  0x40, 0x0b, 0x41, 0x80, 0xc6, 0x0e, 0x40, 0xc5, 0x40, 0x00, 0x44, 0x08, 0x40, 0xc4, 0x40, 0x00,
  0xc4, 0x40, 0x08, 0xc4, 0x80, 0x00, 0xc4, 0x80, 0x07, 0x40, 0xc4, 0x40, 0x00, 0x80, 0xc4, 0x40,
  0x06, 0x80, 0xc4, 0x40, 0x00, 0x40, 0xc6, 0x43, 0x80, 0xc6, 0x02, 0x80, 0xd0, 0x40, 0x03, 0xcf,
  0x80, 0x05, 0x80, 0xcc, 0x80, 0x07, 0x40, 0x80, 0xc8, 0x80, 0x0d, 0x44, 0x07, 0x00, 0x54, 0x00,
  0x40, 0xd4, 0x41, 0xd4, 0x41, 0xd4, 0x41, 0xd4, 0x40, 0x00, 0x46, 0x80, 0xc4, 0x47, 0x08, 0x40,
  0xc4, 0x40, 0x0f, 0x40, 0xc4, 0x40, 0x0f, 0x40, 0xc4, 0x40, 0x0f, 0x40, 0xc4, 0x40, 0x0f, 0x40,
  0xc4, 0x40, 0x0f, 0x40, 0xc4, 0x40, 0x0f, 0x40, 0xc4, 0x40, 0x0f, 0x40, 0xc4, 0x40, 0x0f, 0x40,
  0xc4, 0x40, 0x0f, 0x40, 0xc4, 0x40, 0x0f, 0x40, 0xc4, 0x40, 0x0f, 0x40, 0xc4, 0x40, 0x0f, 0x40,
  0xc4, 0x40, 0x0f, 0x40, 0xc4, 0x40, 0x0f, 0x40, 0xc4, 0x40, 0x0f, 0x40, 0xc4, 0x40, 0x0f, 0x40,
  0xc4, 0x40, 0x0f, 0x40, 0xc4, 0x40, 0x0f, 0x40, 0xc4, 0x40, 0x0f, 0x40, 0xc4, 0x40, 0x0f, 0x40,
  0xc4, 0x40, 0x07, 0x01, 0x44, 0x0a, 0x44, 0x02, 0x40, 0xc4, 0x40, 0x09, 0xc4, 0x40, 0x01, 0x40,
  0xc4, 0x40, 0x09, 0xc4, 0x40, 0x01, 0x40, 0xc4, 0x40, 0x09, 0xc4, 0x40, 0x01, 0x40, 0xc4, 0x40,
  0x09, 0xc4, 0x40, 0x01, 0x40, 0xc4, 0x40, 0x09, 0xc4, 0x40, 0x01, 0x40, 0xc4, 0x40, 0x09, 0xc4,
  0x40, 0x01, 0x40, 0xc4, 0x40, 0x09, 0xc4, 0x40, 0x01, 0x40, 0xc4, 0x40, 0x09, 0xc4, 0x40, 0x01,
  0x40, 0xc4, 0x40, 0x09, 0xc4, 0x40, 0x01, 0x40, 0xc4, 0x40, 0x09, 0xc4, 0x40, 0x01, 0x40, 0xc4,
  0x40, 0x09, 0xc4, 0x40, 0x01, 0x40, 0xc4, 0x40, 0x09, 0xc4, 0x40, 0x01, 0x40, 0xc4, 0x40, 0x09,
  0xc4, 0x40, 0x01, 0x40, 0xc4, 0x40, 0x09, 0xc4, 0x40, 0x01, 0x40, 0xc4, 0x40, 0x09, 0xc4, 0x40,
  0x01, 0x40, 0xc4, 0x40, 0x09, 0xc4, 0x40, 0x01, 0x40, 0xc4, 0x40, 0x09, 0xc4, 0x40, 0x01, 0x40,
  0xc4, 0x40, 0x08, 0x40, 0xc4, 0x40, 0x01, 0x40, 0xc4, 0x80, 0x08, 0x80, 0xc4, 0x40, 0x02, 0xc5,
  0x40, 0x06, 0x40, 0xc5, 0x03, 0x80, 0xc5, 0x40, 0x04, 0x40, 0xc5, 0x80, 0x04, 0xc7, 0x83, 0xc6,
  0x40, 0x04, 0x40, 0xd0, 0x80, 0x06, 0x80, 0xce, 0x80, 0x08, 0x40, 0xcc, 0x40, 0x0b, 0x40, 0x80,
  0xc7, 0x40, 0x10, 0x44, 0x09, 0x00, 0x44, 0x0d, 0x44, 0x00, 0x80, 0xc4, 0x80, 0x0b, 0xc5, 0x40,
  0x00, 0xc5, 0x0a, 0x40, 0xc5, 0x01, 0x80, 0xc4, 0x40, 0x09, 0x80, 0xc4, 0x80, 0x01, 0x40, 0xc4,
  0x80, 0x09, 0xc5, 0x40, 0x02, 0xc5, 0x09, 0xc5, 0x03, 0x80, 0xc4, 0x40, 0x07, 0x40, 0xc4, 0x40,
  0x03, 0x40, 0xc4, 0x80, 0x07, 0x80, 0xc4, 0x05, 0xc5, 0x07, 0xc4, 0x80, 0x05, 0x80, 0xc4, 0x40,
  0x05, 0x40, 0xc4, 0x40, 0x05, 0x40, 0xc4, 0x80, 0x05, 0x80, 0xc4, 0x07, 0xc5, 0x05, 0xc4, 0x80,
  0x07, 0x80, 0xc4, 0x04, 0x40, 0xc4, 0x40, 0x07, 0x40, 0xc4, 0x40, 0x03, 0x80, 0xc4, 0x09, 0xc4,
  0x80, 0x03, 0xc4, 0x80, 0x09, 0x80, 0xc4, 0x02, 0x40, 0xc4, 0x40, 0x09, 0x40, 0xc4, 0x40, 0x01,
  0x80, 0xc4, 0x0b, 0xc4, 0x80, 0x01, 0xc4, 0x80, 0x0b, 0x80, 0xc4, 0x00, 0x40, 0xc4, 0x40, 0x0b,
  0x40, 0xc4, 0x40, 0x80, 0xc4, 0x0d, 0xc4, 0x80, 0xc4, 0x80, 0x0d, 0x80, 0xc9, 0x40, 0x0d, 0x40,
  0xc9, 0x0f, 0xc8, 0x80, 0x0f, 0x80, 0xc7, 0x40, 0x0f, 0x40, 0xc7, 0x11, 0xc6, 0x80, 0x08, 0x00,
  0x44, 0x09, 0x43, 0x09, 0x45, 0x00, 0x80, 0xc4, 0x40, 0x07, 0x80, 0xc4, 0x07, 0x40, 0xc5, 0x00,
  0x40, 0xc4, 0x80, 0x07, 0xc5, 0x07, 0x40, 0xc4, 0x80, 0x01, 0xc4, 0x80, 0x06, 0x40, 0xc5, 0x40,
  0x06, 0x80, 0xc4, 0x40, 0x01, 0xc5, 0x06, 0x80, 0xc5, 0x80, 0x06, 0xc5, 0x02, 0x80, 0xc4, 0x40,
  0x05, 0x80, 0xc6, 0x06, 0xc4, 0x80, 0x02, 0x40, 0xc4, 0x80, 0x05, 0xc7, 0x05, 0x40, 0xc4, 0x40,
  0x03, 0xc4, 0x80, 0x04, 0x40, 0xc7, 0x40, 0x04, 0x80, 0xc4, 0x04, 0x80, 0xc4, 0x04, 0x80, 0xc7,
  0x80, 0x04, 0xc4, 0x80, 0x04, 0x40, 0xc4, 0x40, 0x03, 0x80, 0xc8, 0x04, 0xc4, 0x80, 0x05, 0xc4,
  0x40, 0x03, 0xc3, 0x81, 0xc3, 0x40, 0x02, 0x40, 0xc4, 0x40, 0x05, 0xc4, 0x80, 0x02, 0x40, 0xc3,
  0x41, 0xc3, 0x40, 0x02, 0x80, 0xc4, 0x06, 0x80, 0xc4, 0x02, 0x80, 0xc3, 0x40, 0x00, 0xc3, 0x80,
  0x02, 0x80, 0xc3, 0x80, 0x06, 0x40, 0xc4, 0x40, 0x01, 0xc4, 0x01, 0x80, 0xc3, 0x02, 0xc4, 0x40,
  0x07, 0xc4, 0x40, 0x01, 0xc3, 0x80, 0x01, 0x40, 0xc3, 0x40, 0x00, 0x40, 0xc4, 0x08, 0x80, 0xc3,
  0x80, 0x00, 0x40, 0xc3, 0x40, 0x01, 0x40, 0xc3, 0x40, 0x00, 0x80, 0xc3, 0x80, 0x08, 0x40, 0xc4,
  0x00, 0x80, 0xc3, 0x03, 0xc3, 0x80, 0x00, 0x80, 0xc3, 0x80, 0x09, 0xc4, 0x00, 0xc3, 0x80, 0x03,
  0x80, 0xc3, 0x00, 0xc4, 0x40, 0x09, 0xc4, 0x80, 0xc3, 0x40, 0x03, 0x40, 0xc3, 0x80, 0xc4, 0x0a,
  0x80, 0xc8, 0x40, 0x04, 0xc8, 0x80, 0x0a, 0x40, 0xc8, 0x05, 0x80, 0xc7, 0x40, 0x0b, 0xc7, 0x80,
  0x05, 0x40, 0xc7, 0x0c, 0x80, 0xc6, 0x40, 0x05, 0x40, 0xc6, 0x80, 0x0c, 0x40, 0xc6, 0x07, 0xc6,
  0x80, 0x0d, 0xc5, 0x80, 0x07, 0x80, 0xc5, 0x40, 0x0d, 0xc5, 0x40, 0x07, 0x40, 0xc5, 0x0e, 0x80,
  0xc4, 0x09, 0xc4, 0x80, 0x07, 0x00, 0x45, 0x0a, 0x44, 0x02, 0xc5, 0x40, 0x08, 0x80, 0xc4, 0x80,
  0x01, 0x40, 0xc5, 0x07, 0x40, 0xc5, 0x03, 0x80, 0xc4, 0x40, 0x06, 0xc5, 0x40, 0x04, 0xc5, 0x05,
  0x80, 0xc4, 0x80, 0x05, 0x80, 0xc4, 0x80, 0x04, 0xc5, 0x07, 0xc5, 0x40, 0x02, 0x80, 0xc4, 0x40,
  0x07, 0x40, 0xc4, 0x80, 0x01, 0x40, 0xc4, 0x80, 0x09, 0x80, 0xc4, 0x40, 0x00, 0xc5, 0x40, 0x0a,
  0xc5, 0x80, 0xc4, 0x80, 0x0b, 0x40, 0xca, 0x0d, 0x80, 0xc8, 0x40, 0x0d, 0x40, 0xc7, 0x80, 0x0f,
  0x80, 0xc6, 0x40, 0x0f, 0x80, 0xc6, 0x40, 0x0e, 0x40, 0xc8, 0x0e, 0xc9, 0x80, 0x0c, 0x80, 0xca,
  0x40, 0x0a, 0x40, 0xc5, 0x40, 0xc4, 0x80, 0x0a, 0x80, 0xc4, 0x40, 0x00, 0x80, 0xc4, 0x40, 0x08,
  0x40, 0xc4, 0x80, 0x01, 0x40, 0xc5, 0x08, 0xc5, 0x03, 0x80, 0xc4, 0x80, 0x06, 0x80, 0xc4, 0x40,
  0x04, 0xc5, 0x40, 0x04, 0x40, 0xc5, 0x05, 0x40, 0xc5, 0x04, 0xc5, 0x40, 0x06, 0x80, 0xc4, 0x80,
  0x02, 0x80, 0xc4, 0x80, 0x07, 0x40, 0xc5, 0x40, 0x00, 0x40, 0xc5, 0x09, 0x80, 0xc4, 0x80, 0x00,
  0x00, 0x44, 0x0c, 0x44, 0x00, 0x40, 0xc4, 0x80, 0x0a, 0x80, 0xc4, 0x40, 0x00, 0xc5, 0x40, 0x08,
  0x40, 0xc4, 0x80, 0x01, 0x40, 0xc4, 0x80, 0x08, 0xc5, 0x40, 0x02, 0x80, 0xc4, 0x40, 0x06, 0x40,
  0xc4, 0x80, 0x03, 0x40, 0xc4, 0x80, 0x06, 0xc5, 0x05, 0x80, 0xc4, 0x40, 0x04, 0x40, 0xc4, 0x80,
  0x06, 0xc5, 0x04, 0xc5, 0x07, 0x80, 0xc4, 0x40, 0x02, 0x80, 0xc4, 0x40, 0x08, 0xc5, 0x02, 0xc5,
  0x09, 0x40, 0xc4, 0x40, 0x00, 0x80, 0xc4, 0x40, 0x0a, 0x80, 0xc4, 0x40, 0xc4, 0x80, 0x0b, 0x40,
  0xca, 0x40, 0x0c, 0x80, 0xc8, 0x80, 0x0e, 0xc8, 0x0f, 0x80, 0xc6, 0x40, 0x10, 0xc6, 0x11, 0x40,
  0xc4, 0x40, 0x11, 0x40, 0xc4, 0x40, 0x11, 0x40, 0xc4, 0x40, 0x11, 0x40, 0xc4, 0x40, 0x11, 0x40,
  0xc4, 0x40, 0x11, 0x40, 0xc4, 0x40, 0x11, 0x40, 0xc4, 0x40, 0x11, 0x40, 0xc4, 0x40, 0x11, 0x40,
  0xc4, 0x40, 0x11, 0x40, 0xc4, 0x40, 0x08, 0x01, 0x52, 0x02, 0x80, 0xd2, 0x40, 0x01, 0x80, 0xd2,
  0x40, 0x01, 0x80, 0xd2, 0x40, 0x01, 0x80, 0xd2, 0x02, 0x4c, 0xc5, 0x40, 0x0e, 0x40, 0xc4, 0x80,
  0x0f, 0xc5, 0x0f, 0x80, 0xc4, 0x40, 0x0e, 0x40, 0xc4, 0x80, 0x0e, 0x40, 0xc4, 0x80, 0x0f, 0xc5,
  0x0f, 0x80, 0xc4, 0x40, 0x0e, 0x40, 0xc4, 0x80, 0x0f, 0xc5, 0x0f, 0x80, 0xc4, 0x40, 0x0e, 0x40,
  0xc4, 0x80, 0x0e, 0x40, 0xc4, 0x80, 0x0f, 0x80, 0xc4, 0x0f, 0x80, 0xc4, 0x40, 0x0e, 0x40, 0xc4,
  0x80, 0x0f, 0xc5, 0x0f, 0x80, 0xc4, 0x8c, 0x40, 0x01, 0x40, 0xd2, 0x40, 0x01, 0x80, 0xd2, 0x40,
  0x01, 0x80, 0xd2, 0x40, 0x01, 0x80, 0xd2, 0x40, 0x00, 0x01, 0x40, 0x87, 0x40, 0x01, 0x40, 0xc7,
  0x40, 0x01, 0x40, 0xc7, 0x40, 0x01, 0x40, 0xc7, 0x40, 0x01, 0x40, 0xc4, 0x42, 0x02, 0x40, 0xc3,
  0x80, 0x05, 0x40, 0xc3, 0x80, 0x05, 0x40, 0xc3, 0x80, 0x05, 0x40, 0xc3, 0x80, 0x05, 0x40, 0xc3,
  0x80, 0x05, 0x40, 0xc3, 0x80, 0x05, 0x40, 0xc3, 0x80, 0x05, 0x40, 0xc3, 0x80, 0x05, 0x40, 0xc3,
  0x80, 0x05, 0x40, 0xc3, 0x80, 0x05, 0x40, 0xc3, 0x80, 0x05, 0x40, 0xc3, 0x80, 0x05, 0x40, 0xc3,
  0x80, 0x05, 0x40, 0xc3, 0x80, 0x05, 0x40, 0xc3, 0x80, 0x05, 0x40, 0xc3, 0x80, 0x05, 0x40, 0xc3,
  0x80, 0x05, 0x40, 0xc3, 0x80, 0x05, 0x40, 0xc3, 0x80, 0x05, 0x40, 0xc3, 0x80, 0x05, 0x40, 0xc3,
  0x80, 0x05, 0x40, 0xc3, 0x80, 0x05, 0x40, 0xc3, 0x80, 0x05, 0x40, 0xc3, 0x80, 0x42, 0x02, 0x40,
  0xc7, 0x40, 0x01, 0x40, 0xc7, 0x40, 0x01, 0x40, 0xc7, 0x40, 0x01, 0x40, 0xc7, 0x40, 0x00, 0x44,
  0x08, 0xc3, 0x80, 0x08, 0x80, 0xc3, 0x08, 0x40, 0xc3, 0x40, 0x08, 0xc3, 0x80, 0x08, 0x80, 0xc3,
  0x08, 0x80, 0xc3, 0x08, 0x40, 0xc3, 0x40, 0x08, 0xc3, 0x80, 0x08, 0x80, 0xc3, 0x08, 0x40, 0xc3,
  0x40, 0x07, 0x40, 0xc3, 0x40, 0x08, 0xc3, 0x80, 0x08, 0x80, 0xc3, 0x08, 0x40, 0xc3, 0x40, 0x08,
  0xc3, 0x80, 0x08, 0xc4, 0x08, 0x80, 0xc3, 0x08, 0x40, 0xc3, 0x40, 0x08, 0xc3, 0x80, 0x08, 0x80,
  0xc3, 0x08, 0x80, 0xc3, 0x40, 0x07, 0x40, 0xc3, 0x40, 0x08, 0xc3, 0x80, 0x08, 0x80, 0xc3, 0x08,
  0x40, 0xc3, 0x40, 0x07, 0x40, 0xc3, 0x80, 0x08, 0xc3, 0x80, 0x08, 0x80, 0xc3, 0x08, 0x40, 0xc3,
  0x40, 0x08, 0xc3, 0x80, 0x08, 0x80, 0xc2, 0x80, 0x00, 0x88, 0x02, 0xc8, 0x02, 0xc8, 0x02, 0xc8,
  0x02, 0x42, 0x80, 0xc4, 0x05, 0x40, 0xc4, 0x05, 0x40, 0xc4, 0x05, 0x40, 0xc4, 0x05, 0x40, 0xc4,
  0x05, 0x40, 0xc4, 0x05, 0x40, 0xc4, 0x05, 0x40, 0xc4, 0x05, 0x40, 0xc4, 0x05, 0x40, 0xc4, 0x05,
  0x40, 0xc4, 0x05, 0x40, 0xc4, 0x05, 0x40, 0xc4, 0x05, 0x40, 0xc4, 0x05, 0x40, 0xc4, 0x05, 0x40,
  0xc4, 0x05, 0x40, 0xc4, 0x05, 0x40, 0xc4, 0x05, 0x40, 0xc4, 0x05, 0x40, 0xc4, 0x05, 0x40, 0xc4,
  0x05, 0x40, 0xc4, 0x05, 0x40, 0xc4, 0x05, 0x40, 0xc4, 0x02, 0x42, 0x80, 0xc4, 0x02, 0xc8, 0x02,
  0xc8, 0x02, 0xc8, 0x02, 0x80, 0xc6, 0x80, 0x01, 0x05, 0x83, 0x40, 0x09, 0x80, 0xc4, 0x09, 0xc5,
  0x40, 0x07, 0x40, 0xc6, 0x07, 0xc3, 0x80, 0xc2, 0x40, 0x05, 0x40, 0xc2, 0x40, 0x00, 0xc2, 0x80,
  0x05, 0xc3, 0x01, 0x80, 0xc2, 0x40, 0x03, 0x40, 0xc2, 0x80, 0x01, 0x40, 0xc2, 0x80, 0x03, 0xc3,
  0x03, 0x80, 0xc2, 0x40, 0x01, 0x40, 0xc2, 0x80, 0x03, 0x40, 0xc2, 0x80, 0x01, 0xc3, 0x40, 0x04,
  0xc3, 0x40, 0x00, 0x83, 0x05, 0x40, 0x82, 0x40, 0x3f, 0x3f, 0x3f, 0x1f, 0x80, 0xcf, 0x81, 0xcf,
  0x81, 0xcf, 0x81, 0xcf, 0x80, 0x11, 0x03, 0x44, 0x0a, 0x40, 0xc3, 0x80, 0x0a, 0x80, 0xc3, 0x0b,
  0x80, 0xc2, 0x40, 0x0a, 0x40, 0xc3, 0x0b, 0x40, 0xc2, 0x40, 0x3f, 0x3f, 0x3f, 0x3f, 0x3f, 0x23,
  0x05, 0x40, 0x81, 0xc1, 0x81, 0x40, 0x09, 0x80, 0xc9, 0x40, 0x06, 0x80, 0xcb, 0x80, 0x04, 0x80,
  0xcd, 0x40, 0x02, 0x40, 0xc4, 0x80, 0x40, 0x01, 0x40, 0xc5, 0x02, 0x80, 0xc3, 0x80, 0x04, 0x40,
  0xc4, 0x05, 0x41, 0x05, 0x40, 0xc4, 0x40, 0x0c, 0x80, 0xc4, 0x40, 0x06, 0x41, 0x82, 0xc6, 0x40,
  0x03, 0x40, 0x80, 0xcc, 0x40, 0x02, 0x80, 0xce, 0x40, 0x01, 0x80, 0xc6, 0x81, 0x41, 0xc4, 0x40,
  0x01, 0xc4, 0x80, 0x40, 0x03, 0x40, 0xc4, 0x40, 0x00, 0x40, 0xc4, 0x05, 0x40, 0xc4, 0x40, 0x00,
  0x40, 0xc4, 0x05, 0x80, 0xc4, 0x40, 0x00, 0x40, 0xc4, 0x40, 0x03, 0x40, 0xc5, 0x40, 0x01, 0xc5,
  0x80, 0x41, 0x80, 0xc6, 0x40, 0x01, 0x80, 0xc9, 0x80, 0xc4, 0x40, 0x02, 0x80, 0xc8, 0x00, 0xc4,
  0x40, 0x03, 0x80, 0xc5, 0x80, 0x01, 0xc4, 0x40, 0x05, 0x43, 0x0a, 0x01, 0x44, 0x0f, 0x40, 0xc4,
  0x0f, 0x40, 0xc4, 0x0f, 0x40, 0xc4, 0x0f, 0x40, 0xc4, 0x0f, 0x40, 0xc4, 0x0f, 0x40, 0xc4, 0x0f,
  0x40, 0xc4, 0x02, 0x81, 0xc1, 0x80, 0x40, 0x06, 0x40, 0xc4, 0x00, 0x40, 0xc7, 0x40, 0x04, 0x40,
  0xc4, 0x40, 0xc9, 0x40, 0x03, 0x40, 0xc4, 0x80, 0xca, 0x03, 0x40, 0xc6, 0x80, 0x41, 0x80, 0xc5,
  0x80, 0x02, 0x40, 0xc5, 0x40, 0x03, 0x40, 0xc5, 0x02, 0x40, 0xc4, 0x80, 0x05, 0x80, 0xc4, 0x40,
  0x01, 0x40, 0xc4, 0x40, 0x05, 0x40, 0xc4, 0x80, 0x01, 0x40, 0xc4, 0x07, 0xc4, 0x80, 0x01, 0x40,
  0xc4, 0x07, 0xc4, 0x80, 0x01, 0x40, 0xc4, 0x07, 0xc4, 0x80, 0x01, 0x40, 0xc4, 0x07, 0xc4, 0x80,
  0x01, 0x40, 0xc4, 0x40, 0x06, 0xc4, 0x80, 0x01, 0x40, 0xc4, 0x80, 0x05, 0x40, 0xc4, 0x40, 0x01,
  0x40, 0xc5, 0x05, 0xc5, 0x02, 0x40, 0xc6, 0x40, 0x01, 0x40, 0xc5, 0x80, 0x02, 0x40, 0xd0, 0x40,
  0x02, 0x40, 0xc4, 0x40, 0xc9, 0x80, 0x03, 0x40, 0xc4, 0x00, 0x80, 0xc7, 0x80, 0x04, 0x40, 0xc4,
  0x01, 0x40, 0xc4, 0x80, 0x40, 0x0f, 0x42, 0x07, 0x05, 0x40, 0x81, 0xc2, 0x80, 0x40, 0x0a, 0x80,
  0xc8, 0x80, 0x06, 0x40, 0xcc, 0x05, 0xcd, 0x80, 0x03, 0x80, 0xc5, 0x80, 0x41, 0xc5, 0x40, 0x01,
  0x40, 0xc4, 0x80, 0x04, 0x80, 0xc4, 0x01, 0x80, 0xc4, 0x05, 0x40, 0xc4, 0x01, 0xc4, 0x80, 0x06,
  0x84, 0x01, 0xc4, 0x40, 0x0c, 0x40, 0xc4, 0x40, 0x0c, 0x40, 0xc4, 0x40, 0x0d, 0xc4, 0x40, 0x0d,
  0xc4, 0x80, 0x06, 0x44, 0x01, 0x80, 0xc4, 0x06, 0xc4, 0x01, 0x40, 0xc4, 0x40, 0x04, 0x80, 0xc4,
  0x02, 0xc5, 0x40, 0x02, 0x40, 0xc4, 0x80, 0x02, 0x40, 0xce, 0x04, 0x80, 0xcc, 0x40, 0x05, 0x80,
  0xca, 0x40, 0x07, 0x40, 0x80, 0xc6, 0x80, 0x0c, 0x44, 0x06, 0x0e, 0x44, 0x0f, 0x80, 0xc4, 0x0f,
  0x80, 0xc4, 0x0f, 0x80, 0xc4, 0x0f, 0x80, 0xc4, 0x0f, 0x80, 0xc4, 0x0f, 0x80, 0xc4, 0x06, 0x40,
  0x81, 0xc1, 0x80, 0x40, 0x01, 0x80, 0xc4, 0x05, 0x80, 0xc6, 0x80, 0x00, 0x80, 0xc4, 0x04, 0x80,
  0xc8, 0x81, 0xc4, 0x03, 0x80, 0xca, 0x80, 0xc4, 0x03, 0xc6, 0x80, 0x40, 0x80, 0xc7, 0x02, 0x40,
  0xc4, 0x80, 0x04, 0x80, 0xc5, 0x02, 0x80, 0xc4, 0x40, 0x04, 0x40, 0xc5, 0x02, 0xc4, 0x80, 0x06,
  0x80, 0xc4, 0x02, 0xc4, 0x80, 0x06, 0x80, 0xc4, 0x01, 0x40, 0xc4, 0x40, 0x06, 0x40, 0xc4, 0x01,
  0x40, 0xc4, 0x40, 0x06, 0x40, 0xc4, 0x02, 0xc4, 0x40, 0x06, 0x40, 0xc4, 0x02, 0xc4, 0x80, 0x06,
  0x80, 0xc4, 0x02, 0xc5, 0x06, 0xc5, 0x02, 0x80, 0xc4, 0x80, 0x04, 0x80, 0xc5, 0x02, 0x40, 0xc5,
  0x80, 0x02, 0x80, 0xc6, 0x03, 0x80, 0xd0, 0x04, 0xca, 0x40, 0xc4, 0x04, 0x40, 0xc8, 0x41, 0xc4,
  0x06, 0x80, 0xc4, 0x80, 0x40, 0x00, 0x40, 0xc4, 0x08, 0x42, 0x0b, 0x05, 0x40, 0x81, 0xc1, 0x81,
  0x40, 0x0a, 0x80, 0xc8, 0x40, 0x06, 0x40, 0xcb, 0x80, 0x05, 0xcd, 0x80, 0x03, 0x80, 0xc4, 0x80,
  0x42, 0x80, 0xc4, 0x40, 0x01, 0x40, 0xc4, 0x40, 0x04, 0x80, 0xc3, 0x80, 0x01, 0x80, 0xc3, 0x80,
  0x06, 0xc4, 0x01, 0xc4, 0x40, 0x06, 0x80, 0xc3, 0x40, 0x00, 0xc5, 0x86, 0xc4, 0x41, 0xd1, 0x80,
  0x40, 0xd1, 0x80, 0x00, 0xc4, 0x8c, 0x40, 0x00, 0xc4, 0x40, 0x0d, 0x80, 0xc3, 0x80, 0x0d, 0x80,
  0xc4, 0x06, 0x80, 0xc0, 0x82, 0x40, 0x01, 0xc5, 0x40, 0x03, 0x80, 0xc4, 0x02, 0x80, 0xc5, 0x82,
  0xc5, 0x80, 0x03, 0x80, 0xcc, 0x80, 0x05, 0x80, 0xca, 0x80, 0x07, 0x40, 0x80, 0xc6, 0x80, 0x40,
  0x0b, 0x44, 0x06, 0x06, 0x44, 0x06, 0x40, 0xc6, 0x04, 0x80, 0xc7, 0x03, 0x40, 0xc7, 0x80, 0x03,
  0x80, 0xc7, 0x40, 0x03, 0xc4, 0x80, 0x07, 0xc4, 0x40, 0x07, 0xc4, 0x40, 0x04, 0x82, 0xc4, 0x83,
  0x01, 0xcb, 0x40, 0x00, 0xcb, 0x40, 0x00, 0xcb, 0x40, 0x00, 0x41, 0x80, 0xc4, 0x80, 0x42, 0x04,
  0xc4, 0x40, 0x07, 0xc4, 0x40, 0x07, 0xc4, 0x40, 0x07, 0xc4, 0x40, 0x07, 0xc4, 0x40, 0x07, 0xc4,
  0x40, 0x07, 0xc4, 0x40, 0x07, 0xc4, 0x40, 0x07, 0xc4, 0x40, 0x07, 0xc4, 0x40, 0x07, 0xc4, 0x40,
  0x07, 0xc4, 0x40, 0x07, 0xc4, 0x40, 0x07, 0xc4, 0x40, 0x07, 0xc4, 0x40, 0x04, 0x04, 0x40, 0x81,
  0xc1, 0x80, 0x40, 0x01, 0x40, 0x84, 0x05, 0x80, 0xc6, 0x80, 0x00, 0x40, 0xc4, 0x04, 0x80, 0xc8,
  0x80, 0x40, 0xc4, 0x03, 0x40, 0xca, 0x80, 0xc4, 0x03, 0xc6, 0x80, 0x40, 0x80, 0xc7, 0x02, 0x40,
  0xc4, 0x80, 0x04, 0x80, 0xc5, 0x02, 0x80, 0xc4, 0x06, 0xc5, 0x02, 0xc4, 0x80, 0x06, 0x80, 0xc4,
  0x02, 0xc4, 0x40, 0x06, 0x80, 0xc4, 0x01, 0x40, 0xc4, 0x40, 0x06, 0x40, 0xc4, 0x01, 0x40, 0xc4,
  0x40, 0x06, 0x40, 0xc4, 0x02, 0xc4, 0x40, 0x06, 0x40, 0xc4, 0x02, 0xc4, 0x80, 0x06, 0x80, 0xc4,
  0x02, 0xc5, 0x06, 0xc5, 0x02, 0x80, 0xc4, 0x80, 0x04, 0x80, 0xc5, 0x03, 0xc6, 0x80, 0x41, 0xc7,
  0x03, 0x80, 0xca, 0x80, 0xc4, 0x04, 0x80, 0xc8, 0x80, 0x40, 0xc4, 0x05, 0x80, 0xc6, 0x80, 0x00,
  0x40, 0xc4, 0x07, 0x40, 0x83, 0x40, 0x01, 0x40, 0xc4, 0x0f, 0x40, 0xc4, 0x06, 0x41, 0x06, 0x80,
  0xc4, 0x02, 0x40, 0xc4, 0x06, 0xc4, 0x80, 0x02, 0x40, 0xc5, 0x41, 0x00, 0x40, 0x80, 0xc5, 0x40,
  0x03, 0x80, 0xce, 0x80, 0x05, 0x80, 0xcc, 0x80, 0x07, 0x40, 0xca, 0x40, 0x0a, 0x40, 0x85, 0x41,
  0x06, 0x01, 0x43, 0x0f, 0x40, 0xc4, 0x0e, 0x40, 0xc4, 0x0e, 0x40, 0xc4, 0x0e, 0x40, 0xc4, 0x0e,
  0x40, 0xc4, 0x0e, 0x40, 0xc4, 0x0e, 0x40, 0xc4, 0x02, 0x81, 0xc1, 0x80, 0x40, 0x05, 0x40, 0xc4,
  0x00, 0x40, 0xc7, 0x40, 0x03, 0x40, 0xc4, 0x40, 0xc9, 0x40, 0x02, 0x40, 0xc4, 0x80, 0xca, 0x02,
  0x40, 0xc7, 0x81, 0xc6, 0x40, 0x01, 0x40, 0xc5, 0x40, 0x03, 0x80, 0xc4, 0x80, 0x01, 0x40, 0xc4,
  0x80, 0x05, 0xc4, 0x80, 0x01, 0x40, 0xc4, 0x06, 0x80, 0xc3, 0x80, 0x01, 0x40, 0xc4, 0x06, 0x80,
  0xc3, 0x80, 0x01, 0x40, 0xc4, 0x06, 0x80, 0xc3, 0x80, 0x01, 0x40, 0xc4, 0x06, 0x80, 0xc3, 0x80,
  0x01, 0x40, 0xc4, 0x06, 0x80, 0xc3, 0x80, 0x01, 0x40, 0xc4, 0x06, 0x80, 0xc3, 0x80, 0x01, 0x40,
  0xc4, 0x06, 0x80, 0xc3, 0x80, 0x01, 0x40, 0xc4, 0x06, 0x80, 0xc3, 0x80, 0x01, 0x40, 0xc4, 0x06,
  0x80, 0xc3, 0x80, 0x01, 0x40, 0xc4, 0x06, 0x80, 0xc3, 0x80, 0x01, 0x40, 0xc4, 0x06, 0x80, 0xc3,
  0x80, 0x01, 0x40, 0xc4, 0x06, 0x80, 0xc3, 0x80, 0x01, 0x40, 0xc4, 0x06, 0x80, 0xc3, 0x80, 0x00,
  0x02, 0x81, 0x40, 0x04, 0xc3, 0x80, 0x02, 0x80, 0xc4, 0x40, 0x01, 0x80, 0xc4, 0x40, 0x01, 0x40,
  0xc3, 0x80, 0x03, 0x40, 0x82, 0x15, 0x40, 0x84, 0x02, 0x40, 0xc4, 0x02, 0x40, 0xc4, 0x02, 0x40,
  0xc4, 0x02, 0x40, 0xc4, 0x02, 0x40, 0xc4, 0x02, 0x40, 0xc4, 0x02, 0x40, 0xc4, 0x02, 0x40, 0xc4,
  0x02, 0x40, 0xc4, 0x02, 0x40, 0xc4, 0x02, 0x40, 0xc4, 0x02, 0x40, 0xc4, 0x02, 0x40, 0xc4, 0x02,
  0x40, 0xc4, 0x02, 0x40, 0xc4, 0x02, 0x40, 0xc4, 0x02, 0x40, 0xc4, 0x02, 0x40, 0xc4, 0x02, 0x40,
  0xc4, 0x01, 0x04, 0x81, 0x40, 0x06, 0xc3, 0x80, 0x04, 0x80, 0xc4, 0x04, 0x80, 0xc4, 0x40, 0x03,
  0x40, 0xc3, 0x80, 0x05, 0x40, 0x82, 0x1b, 0x40, 0x84, 0x04, 0x40, 0xc4, 0x04, 0x40, 0xc4, 0x04,
  0x40, 0xc4, 0x04, 0x40, 0xc4, 0x04, 0x40, 0xc4, 0x04, 0x40, 0xc4, 0x04, 0x40, 0xc4, 0x04, 0x40,
  0xc4, 0x04, 0x40, 0xc4, 0x04, 0x40, 0xc4, 0x04, 0x40, 0xc4, 0x04, 0x40, 0xc4, 0x04, 0x40, 0xc4,
  0x04, 0x40, 0xc4, 0x04, 0x40, 0xc4, 0x04, 0x40, 0xc4, 0x04, 0x40, 0xc4, 0x04, 0x40, 0xc4, 0x04,
  0x40, 0xc4, 0x04, 0x40, 0xc4, 0x04, 0x40, 0xc4, 0x04, 0xc5, 0x01, 0x40, 0xc6, 0x80, 0x01, 0x80,
  0xc6, 0x40, 0x01, 0x80, 0xc5, 0x40, 0x02, 0x80, 0xc3, 0x80, 0x40, 0x03, 0x43, 0x06, 0x01, 0x44,
  0x0e, 0x40, 0xc4, 0x0e, 0x40, 0xc4, 0x0e, 0x40, 0xc4, 0x0e, 0x40, 0xc4, 0x0e, 0x40, 0xc4, 0x0e,
  0x40, 0xc4, 0x0e, 0x40, 0xc4, 0x05, 0x40, 0x84, 0x40, 0x01, 0x40, 0xc4, 0x04, 0x40, 0xc4, 0x80,
  0x02, 0x40, 0xc4, 0x03, 0x40, 0xc5, 0x03, 0x40, 0xc4, 0x03, 0xc5, 0x40, 0x03, 0x40, 0xc4, 0x02,
  0xc5, 0x40, 0x04, 0x40, 0xc4, 0x01, 0x80, 0xc4, 0x40, 0x05, 0x40, 0xc4, 0x00, 0x80, 0xc4, 0x80,
  0x06, 0x40, 0xc4, 0x40, 0xc4, 0x80, 0x07, 0x40, 0xca, 0x08, 0x40, 0xca, 0x08, 0x40, 0xca, 0x80,
  0x07, 0x40, 0xcb, 0x40, 0x06, 0x40, 0xc5, 0x40, 0xc5, 0x06, 0x40, 0xc4, 0x40, 0x00, 0x80, 0xc4,
  0x80, 0x05, 0x40, 0xc4, 0x02, 0x80, 0xc4, 0x40, 0x04, 0x40, 0xc4, 0x02, 0x40, 0xc5, 0x40, 0x03,
  0x40, 0xc4, 0x03, 0x80, 0xc4, 0x80, 0x03, 0x40, 0xc4, 0x04, 0x80, 0xc4, 0x80, 0x02, 0x40, 0xc4,
  0x04, 0x40, 0xc5, 0x40, 0x01, 0x40, 0xc4, 0x05, 0x40, 0xc5, 0x00, 0x01, 0x44, 0x02, 0x40, 0xc4,
  0x02, 0x40, 0xc4, 0x02, 0x40, 0xc4, 0x02, 0x40, 0xc4, 0x02, 0x40, 0xc4, 0x02, 0x40, 0xc4, 0x02,
  0x40, 0xc4, 0x02, 0x40, 0xc4, 0x02, 0x40, 0xc4, 0x02, 0x40, 0xc4, 0x02, 0x40, 0xc4, 0x02, 0x40,
  0xc4, 0x02, 0x40, 0xc4, 0x02, 0x40, 0xc4, 0x02, 0x40, 0xc4, 0x02, 0x40, 0xc4, 0x02, 0x40, 0xc4,
  0x02, 0x40, 0xc4, 0x02, 0x40, 0xc4, 0x02, 0x40, 0xc4, 0x02, 0x40, 0xc4, 0x02, 0x40, 0xc4, 0x02,
  0x40, 0xc4, 0x02, 0x40, 0xc4, 0x02, 0x40, 0xc4, 0x02, 0x40, 0xc4, 0x01, 0x00, 0x40, 0x83, 0x40,
  0x01, 0x40, 0x81, 0xc0, 0x81, 0x05, 0x81, 0xc1, 0x80, 0x40, 0x05, 0x40, 0xc3, 0x80, 0x00, 0x40,
  0xc6, 0x40, 0x01, 0x40, 0xc7, 0x04, 0x40, 0xc3, 0x80, 0x40, 0xc8, 0x41, 0xc9, 0x03, 0x40, 0xc3,
  0x80, 0xc9, 0x80, 0xca, 0x80, 0x02, 0x40, 0xc6, 0x81, 0xc8, 0x82, 0xc6, 0x02, 0x40, 0xc5, 0x40,
  0x02, 0x80, 0xc5, 0x40, 0x02, 0x40, 0xc5, 0x02, 0x40, 0xc4, 0x40, 0x04, 0xc4, 0x80, 0x04, 0x80,
  0xc4, 0x02, 0x40, 0xc4, 0x05, 0x80, 0xc3, 0x80, 0x04, 0x40, 0xc4, 0x02, 0x40, 0xc4, 0x05, 0x80,
  0xc3, 0x80, 0x04, 0x40, 0xc4, 0x02, 0x40, 0xc4, 0x05, 0x80, 0xc3, 0x80, 0x04, 0x40, 0xc4, 0x02,
  0x40, 0xc4, 0x05, 0x80, 0xc3, 0x80, 0x04, 0x40, 0xc4, 0x02, 0x40, 0xc4, 0x05, 0x80, 0xc3, 0x80,
  0x04, 0x40, 0xc4, 0x02, 0x40, 0xc4, 0x05, 0x80, 0xc3, 0x80, 0x04, 0x40, 0xc4, 0x02, 0x40, 0xc4,
  0x05, 0x80, 0xc3, 0x80, 0x04, 0x40, 0xc4, 0x02, 0x40, 0xc4, 0x05, 0x80, 0xc3, 0x80, 0x04, 0x40,
  0xc4, 0x02, 0x40, 0xc4, 0x05, 0x80, 0xc3, 0x80, 0x04, 0x40, 0xc4, 0x02, 0x40, 0xc4, 0x05, 0x80,
  0xc3, 0x80, 0x04, 0x40, 0xc4, 0x02, 0x40, 0xc4, 0x05, 0x80, 0xc3, 0x80, 0x04, 0x40, 0xc4, 0x02,
  0x40, 0xc4, 0x05, 0x80, 0xc3, 0x80, 0x04, 0x40, 0xc4, 0x02, 0x40, 0xc4, 0x05, 0x80, 0xc3, 0x80,
  0x04, 0x40, 0xc4, 0x01, 0x00, 0x40, 0x84, 0x02, 0x81, 0xc1, 0x80, 0x40, 0x05, 0x40, 0xc4, 0x00,
  0x40, 0xc7, 0x40, 0x03, 0x40, 0xc4, 0x00, 0xc9, 0x40, 0x02, 0x40, 0xc4, 0x80, 0xc9, 0x80, 0x02,
  0x40, 0xc6, 0x82, 0xc6, 0x40, 0x01, 0x40, 0xc5, 0x40, 0x03, 0x80, 0xc4, 0x40, 0x01, 0x40, 0xc4,
  0x80, 0x05, 0xc4, 0x80, 0x01, 0x40, 0xc4, 0x06, 0xc4, 0x80, 0x01, 0x40, 0xc4, 0x06, 0x80, 0xc3,
  0x80, 0x01, 0x40, 0xc4, 0x06, 0x80, 0xc3, 0x80, 0x01, 0x40, 0xc4, 0x06, 0x80, 0xc3, 0x80, 0x01,
  0x40, 0xc4, 0x06, 0x80, 0xc3, 0x80, 0x01, 0x40, 0xc4, 0x06, 0x80, 0xc3, 0x80, 0x01, 0x40, 0xc4,
  0x06, 0x80, 0xc3, 0x80, 0x01, 0x40, 0xc4, 0x06, 0x80, 0xc3, 0x80, 0x01, 0x40, 0xc4, 0x06, 0x80,
  0xc3, 0x80, 0x01, 0x40, 0xc4, 0x06, 0x80, 0xc3, 0x80, 0x01, 0x40, 0xc4, 0x06, 0x80, 0xc3, 0x80,
  0x01, 0x40, 0xc4, 0x06, 0x80, 0xc3, 0x80, 0x01, 0x40, 0xc4, 0x06, 0x80, 0xc3, 0x80, 0x00, 0x05,
  0x40, 0x81, 0xc2, 0x81, 0x0b, 0x80, 0xc8, 0x80, 0x07, 0x40, 0xcc, 0x40, 0x05, 0xce, 0x04, 0x80,
  0xc5, 0x41, 0x80, 0xc5, 0x80, 0x02, 0x40, 0xc4, 0x80, 0x04, 0x80, 0xc4, 0x40, 0x01, 0x80, 0xc4,
  0x05, 0x40, 0xc4, 0x80, 0x01, 0xc4, 0x80, 0x06, 0x80, 0xc3, 0x80, 0x01, 0xc4, 0x40, 0x06, 0x80,
  0xc4, 0x00, 0x40, 0xc4, 0x40, 0x06, 0x40, 0xc4, 0x00, 0x40, 0xc4, 0x40, 0x06, 0x40, 0xc4, 0x01,
  0xc4, 0x40, 0x06, 0x40, 0xc4, 0x01, 0xc4, 0x80, 0x06, 0x80, 0xc4, 0x01, 0x80, 0xc4, 0x06, 0xc4,
  0x80, 0x01, 0x40, 0xc4, 0x40, 0x04, 0x80, 0xc4, 0x40, 0x02, 0xc5, 0x40, 0x02, 0x40, 0xc5, 0x03,
  0x40, 0xce, 0x40, 0x04, 0x80, 0xcc, 0x80, 0x06, 0x80, 0xca, 0x40, 0x08, 0x40, 0x80, 0xc6, 0x80,
  0x40, 0x0c, 0x44, 0x07, 0x00, 0x40, 0x84, 0x02, 0x81, 0xc1, 0x80, 0x40, 0x06, 0x40, 0xc4, 0x00,
  0x40, 0xc7, 0x40, 0x04, 0x40, 0xc4, 0x00, 0xc9, 0x40, 0x03, 0x40, 0xc4, 0x80, 0xca, 0x03, 0x40,
  0xc6, 0x80, 0x41, 0x80, 0xc5, 0x80, 0x02, 0x40, 0xc5, 0x40, 0x03, 0x40, 0xc5, 0x02, 0x40, 0xc4,
  0x80, 0x05, 0x80, 0xc4, 0x40, 0x01, 0x40, 0xc4, 0x40, 0x05, 0x40, 0xc4, 0x80, 0x01, 0x40, 0xc4,
  0x07, 0xc4, 0x80, 0x01, 0x40, 0xc4, 0x07, 0xc4, 0x80, 0x01, 0x40, 0xc4, 0x07, 0xc4, 0x80, 0x01,
  0x40, 0xc4, 0x07, 0xc4, 0x80, 0x01, 0x40, 0xc4, 0x40, 0x06, 0xc4, 0x80, 0x01, 0x40, 0xc4, 0x80,
  0x05, 0x40, 0xc4, 0x40, 0x01, 0x40, 0xc5, 0x05, 0xc5, 0x02, 0x40, 0xc6, 0x40, 0x01, 0x40, 0xc5,
  0x80, 0x02, 0x40, 0xd0, 0x40, 0x02, 0x40, 0xc4, 0x40, 0xc9, 0x80, 0x03, 0x40, 0xc4, 0x00, 0x80,
  0xc7, 0x80, 0x04, 0x40, 0xc4, 0x01, 0x40, 0xc4, 0x80, 0x40, 0x05, 0x40, 0xc4, 0x03, 0x42, 0x08,
  0x40, 0xc4, 0x0f, 0x40, 0xc4, 0x0f, 0x40, 0xc4, 0x0f, 0x40, 0xc4, 0x0f, 0x40, 0xc4, 0x0f, 0x40,
  0xc4, 0x10, 0x44, 0x0e, 0x04, 0x40, 0x81, 0xc1, 0x80, 0x40, 0x01, 0x40, 0x84, 0x05, 0x80, 0xc6,
  0x80, 0x00, 0x40, 0xc4, 0x04, 0x80, 0xc8, 0x80, 0x40, 0xc4, 0x03, 0x80, 0xca, 0x80, 0xc4, 0x03,
  0xc6, 0x80, 0x40, 0x80, 0xc7, 0x02, 0x40, 0xc4, 0x80, 0x04, 0x80, 0xc5, 0x02, 0x80, 0xc4, 0x40,
  0x04, 0x40, 0xc5, 0x02, 0xc4, 0x80, 0x06, 0x80, 0xc4, 0x02, 0xc4, 0x80, 0x06, 0x80, 0xc4, 0x01,
  0x40, 0xc4, 0x40, 0x06, 0x40, 0xc4, 0x01, 0x40, 0xc4, 0x40, 0x06, 0x40, 0xc4, 0x02, 0xc4, 0x40,
  0x06, 0x40, 0xc4, 0x02, 0xc4, 0x80, 0x06, 0x80, 0xc4, 0x02, 0xc5, 0x06, 0xc5, 0x02, 0x80, 0xc4,
  0x80, 0x04, 0x80, 0xc5, 0x02, 0x40, 0xc5, 0x80, 0x02, 0x80, 0xc6, 0x03, 0x80, 0xd0, 0x04, 0xca,
  0x80, 0xc4, 0x04, 0x40, 0xc8, 0x40, 0x80, 0xc4, 0x06, 0x80, 0xc4, 0x80, 0x40, 0x00, 0x80, 0xc4,
  0x08, 0x42, 0x03, 0x80, 0xc4, 0x0f, 0x80, 0xc4, 0x0f, 0x80, 0xc4, 0x0f, 0x80, 0xc4, 0x0f, 0x80,
  0xc4, 0x0f, 0x80, 0xc4, 0x0f, 0x80, 0xc4, 0x0f, 0x45, 0x01, 0x00, 0x40, 0x84, 0x01, 0x40, 0x80,
  0xc1, 0x40, 0x00, 0x40, 0xc4, 0x00, 0x80, 0xc3, 0x80, 0x00, 0x40, 0xc4, 0x40, 0xc4, 0x80, 0x00,
  0x40, 0xca, 0x80, 0x00, 0x40, 0xc8, 0x80, 0xc0, 0x80, 0x00, 0x40, 0xc5, 0x80, 0x05, 0x40, 0xc4,
  0x80, 0x06, 0x40, 0xc4, 0x40, 0x06, 0x40, 0xc4, 0x07, 0x40, 0xc4, 0x07, 0x40, 0xc4, 0x07, 0x40,
  0xc4, 0x07, 0x40, 0xc4, 0x07, 0x40, 0xc4, 0x07, 0x40, 0xc4, 0x07, 0x40, 0xc4, 0x07, 0x40, 0xc4,
  0x07, 0x40, 0xc4, 0x07, 0x40, 0xc4, 0x07, 0x40, 0xc4, 0x06, 0x04, 0x40, 0x81, 0xc2, 0x81, 0x40,
  0x07, 0x40, 0xca, 0x40, 0x04, 0x40, 0xcc, 0x40, 0x03, 0xce, 0x02, 0x80, 0xc4, 0x80, 0x02, 0x40,
  0xc4, 0x80, 0x01, 0x80, 0xc3, 0x80, 0x04, 0x40, 0xc3, 0x80, 0x01, 0x80, 0xc3, 0x80, 0x05, 0x40,
  0x05, 0x80, 0xc4, 0x80, 0x40, 0x0a, 0x40, 0xc8, 0x80, 0x41, 0x06, 0x80, 0xcb, 0x40, 0x05, 0x80,
  0xcc, 0x06, 0x40, 0x80, 0xc9, 0x80, 0x09, 0x40, 0x80, 0xc6, 0x40, 0x0b, 0x80, 0xc4, 0x40, 0x00,
  0x82, 0xc1, 0x40, 0x04, 0x40, 0xc4, 0x40, 0x00, 0xc4, 0x80, 0x04, 0x80, 0xc4, 0x01, 0x80, 0xc5,
  0x82, 0xc5, 0x80, 0x02, 0xce, 0x04, 0x80, 0xca, 0x80, 0x06, 0x40, 0x80, 0xc6, 0x80, 0x40, 0x0a,
  0x44, 0x06, 0x02, 0x44, 0x07, 0xc4, 0x40, 0x06, 0xc4, 0x40, 0x06, 0xc4, 0x40, 0x06, 0xc4, 0x40,
  0x03, 0x82, 0xc4, 0x83, 0x00, 0x80, 0xca, 0x00, 0x80, 0xca, 0x00, 0x80, 0xca, 0x00, 0x41, 0x80,
  0xc4, 0x80, 0x42, 0x03, 0xc4, 0x40, 0x06, 0xc4, 0x40, 0x06, 0xc4, 0x40, 0x06, 0xc4, 0x40, 0x06,
  0xc4, 0x40, 0x06, 0xc4, 0x40, 0x06, 0xc4, 0x40, 0x06, 0xc4, 0x40, 0x06, 0xc4, 0x40, 0x06, 0xc4,
  0x40, 0x06, 0xc4, 0x80, 0x40, 0x05, 0xc7, 0x80, 0x03, 0x40, 0xc7, 0x04, 0x80, 0xc6, 0x05, 0x80,
  0xc5, 0x40, 0x07, 0x42, 0x01, 0x00, 0x40, 0x84, 0x06, 0x84, 0x40, 0x01, 0x40, 0xc4, 0x06, 0x80,
  0xc3, 0x80, 0x01, 0x40, 0xc4, 0x06, 0x80, 0xc3, 0x80, 0x01, 0x40, 0xc4, 0x06, 0x80, 0xc3, 0x80,
  0x01, 0x40, 0xc4, 0x06, 0x80, 0xc3, 0x80, 0x01, 0x40, 0xc4, 0x06, 0x80, 0xc3, 0x80, 0x01, 0x40,
  0xc4, 0x06, 0x80, 0xc3, 0x80, 0x01, 0x40, 0xc4, 0x06, 0x80, 0xc3, 0x80, 0x01, 0x40, 0xc4, 0x06,
  0x80, 0xc3, 0x80, 0x01, 0x40, 0xc4, 0x06, 0x80, 0xc3, 0x80, 0x01, 0x40, 0xc4, 0x06, 0x80, 0xc3,
  0x80, 0x01, 0x40, 0xc4, 0x06, 0x80, 0xc3, 0x80, 0x01, 0x40, 0xc4, 0x06, 0xc4, 0x80, 0x01, 0x40,
  0xc4, 0x40, 0x04, 0x40, 0xc4, 0x80, 0x01, 0x40, 0xc4, 0x80, 0x04, 0x80, 0xc4, 0x80, 0x02, 0xc6,
  0x41, 0x80, 0xc6, 0x80, 0x02, 0x80, 0xca, 0x80, 0xc3, 0x80, 0x02, 0x40, 0xc9, 0x81, 0xc3, 0x80,
  0x03, 0x40, 0xc7, 0x80, 0x00, 0x80, 0xc3, 0x80, 0x04, 0x40, 0x80, 0xc4, 0x40, 0x01, 0x80, 0xc3,
  0x80, 0x07, 0x41, 0x0b, 0x85, 0x07, 0x86, 0xc4, 0x07, 0xc4, 0x41, 0xc4, 0x40, 0x05, 0x40, 0xc4,
  0x01, 0xc4, 0x80, 0x05, 0x80, 0xc3, 0x80, 0x01, 0x80, 0xc4, 0x05, 0xc4, 0x40, 0x01, 0x40, 0xc4,
  0x40, 0x03, 0x40, 0xc4, 0x03, 0x80, 0xc3, 0x80, 0x03, 0x80, 0xc3, 0x80, 0x03, 0x40, 0xc4, 0x03,
  0xc4, 0x40, 0x04, 0xc4, 0x40, 0x01, 0x40, 0xc4, 0x05, 0x80, 0xc3, 0x40, 0x01, 0x40, 0xc3, 0x80,
  0x05, 0x40, 0xc3, 0x80, 0x01, 0x80, 0xc3, 0x40, 0x06, 0xc4, 0x01, 0xc4, 0x07, 0x80, 0xc3, 0x41,
  0xc3, 0x80, 0x07, 0x40, 0xc3, 0x81, 0xc3, 0x40, 0x08, 0xc9, 0x09, 0x80, 0xc7, 0x80, 0x09, 0x40,
  0xc7, 0x40, 0x0a, 0xc7, 0x0b, 0x80, 0xc5, 0x80, 0x0b, 0x40, 0xc5, 0x40, 0x05, 0x84, 0x40, 0x05,
  0x84, 0x40, 0x04, 0x40, 0x84, 0x00, 0x80, 0xc4, 0x04, 0x40, 0xc4, 0x80, 0x04, 0x40, 0xc4, 0x00,
  0x40, 0xc4, 0x04, 0x40, 0xc5, 0x04, 0x80, 0xc3, 0x80, 0x01, 0xc4, 0x40, 0x03, 0x80, 0xc5, 0x40,
  0x03, 0xc4, 0x40, 0x01, 0x80, 0xc3, 0x80, 0x03, 0xc6, 0x40, 0x03, 0xc4, 0x02, 0x40, 0xc3, 0x80,
  0x02, 0x40, 0xc6, 0x80, 0x02, 0x40, 0xc4, 0x02, 0x40, 0xc4, 0x02, 0x40, 0xc7, 0x02, 0x80, 0xc3,
  0x80, 0x03, 0xc4, 0x40, 0x01, 0x80, 0xc7, 0x40, 0x01, 0x80, 0xc3, 0x40, 0x03, 0x80, 0xc3, 0x80,
  0x01, 0xc3, 0x40, 0xc3, 0x40, 0x01, 0xc4, 0x04, 0x40, 0xc3, 0x80, 0x00, 0x40, 0xc3, 0x00, 0x80,
  0xc2, 0x80, 0x00, 0x40, 0xc3, 0x80, 0x05, 0xc4, 0x00, 0x40, 0xc2, 0x80, 0x00, 0x40, 0xc3, 0x00,
  0x80, 0xc3, 0x80, 0x05, 0xc4, 0x40, 0x80, 0xc2, 0x80, 0x01, 0xc3, 0x00, 0x80, 0xc3, 0x40, 0x05,
  0x80, 0xc3, 0x40, 0xc3, 0x40, 0x01, 0x80, 0xc2, 0x40, 0xc4, 0x06, 0x40, 0xc3, 0x80, 0xc3, 0x02,
  0x80, 0xc7, 0x80, 0x07, 0xc7, 0x80, 0x02, 0x40, 0xc7, 0x40, 0x07, 0x80, 0xc6, 0x40, 0x03, 0xc7,
  0x40, 0x07, 0x40, 0xc6, 0x40, 0x03, 0x80, 0xc6, 0x08, 0x40, 0xc6, 0x04, 0x40, 0xc5, 0x80, 0x09,
  0xc5, 0x80, 0x04, 0x40, 0xc5, 0x40, 0x09, 0x80, 0xc4, 0x40, 0x05, 0xc5, 0x05, 0x40, 0x84, 0x40,
  0x05, 0x40, 0x84, 0x01, 0x80, 0xc3, 0x80, 0x04, 0x40, 0xc4, 0x40, 0x01, 0x40, 0xc4, 0x40, 0x03,
  0x80, 0xc3, 0x80, 0x03, 0x80, 0xc3, 0x80, 0x02, 0x40, 0xc4, 0x40, 0x04, 0xc4, 0x40, 0x01, 0x80,
  0xc3, 0x80, 0x05, 0x80, 0xc3, 0x80, 0x00, 0x40, 0xc4, 0x07, 0xc4, 0x40, 0xc4, 0x40, 0x07, 0x40,
  0xc9, 0x09, 0x80, 0xc7, 0x40, 0x09, 0x40, 0xc6, 0x80, 0x0b, 0xc6, 0x80, 0x0a, 0x80, 0xc7, 0x09,
  0x40, 0xc8, 0x80, 0x08, 0x80, 0xc3, 0x80, 0xc4, 0x40, 0x06, 0x40, 0xc4, 0x00, 0x80, 0xc4, 0x06,
  0xc4, 0x40, 0x01, 0xc4, 0x40, 0x04, 0x80, 0xc4, 0x02, 0x40, 0xc4, 0x03, 0x40, 0xc4, 0x40, 0x03,
  0x80, 0xc3, 0x80, 0x02, 0x80, 0xc3, 0x80, 0x04, 0x40, 0xc4, 0x40, 0x00, 0x40, 0xc4, 0x40, 0x05,
  0x80, 0xc4, 0x00, 0x85, 0x07, 0x86, 0xc4, 0x06, 0x40, 0xc4, 0x41, 0xc4, 0x40, 0x05, 0x40, 0xc4,
  0x01, 0xc4, 0x80, 0x05, 0x80, 0xc3, 0x80, 0x01, 0x80, 0xc4, 0x05, 0xc4, 0x40, 0x01, 0x40, 0xc4,
  0x40, 0x03, 0x40, 0xc4, 0x03, 0x80, 0xc3, 0x40, 0x03, 0x80, 0xc3, 0x80, 0x03, 0x40, 0xc3, 0x80,
  0x03, 0xc4, 0x40, 0x04, 0xc4, 0x02, 0x40, 0xc4, 0x05, 0x80, 0xc3, 0x40, 0x01, 0x40, 0xc3, 0x80,
  0x05, 0x40, 0xc3, 0x80, 0x01, 0x80, 0xc3, 0x40, 0x06, 0xc4, 0x01, 0xc4, 0x07, 0x80, 0xc3, 0x41,
  0xc3, 0x80, 0x07, 0x40, 0xc3, 0x40, 0x80, 0xc3, 0x40, 0x08, 0xc3, 0x80, 0xc4, 0x09, 0x80, 0xc7,
  0x80, 0x09, 0x40, 0xc7, 0x40, 0x0a, 0xc7, 0x0b, 0x80, 0xc5, 0x80, 0x0b, 0x40, 0xc5, 0x40, 0x0c,
  0xc4, 0x80, 0x0c, 0x40, 0xc4, 0x40, 0x0c, 0xc5, 0x09, 0x40, 0xc7, 0x80, 0x09, 0x80, 0xc7, 0x0a,
  0xc7, 0x40, 0x09, 0x40, 0xc5, 0x80, 0x0d, 0x43, 0x0c, 0x01, 0x8e, 0x40, 0x01, 0x40, 0xce, 0x80,
  0x01, 0x40, 0xce, 0x80, 0x01, 0x40, 0xce, 0x80, 0x02, 0x88, 0xc5, 0x40, 0x0a, 0x40, 0xc4, 0x40,
  0x0a, 0x40, 0xc4, 0x80, 0x0b, 0xc4, 0x80, 0x0b, 0x80, 0xc4, 0x0b, 0x80, 0xc4, 0x40, 0x0a, 0x40,
  0xc4, 0x80, 0x0a, 0x40, 0xc4, 0x80, 0x0b, 0xc5, 0x0b, 0xc5, 0x40, 0x0a, 0x80, 0xc4, 0x40, 0x0a,
  0x40, 0xc5, 0x48, 0x01, 0x40, 0xcf, 0x01, 0x80, 0xcf, 0x01, 0x80, 0xcf, 0x01, 0x80, 0xcf, 0x00,
  0x09, 0x40, 0x83, 0x08, 0x80, 0xc4, 0x80, 0x07, 0xc6, 0x80, 0x06, 0x80, 0xc6, 0x80, 0x06, 0xc5,
  0x80, 0x41, 0x06, 0xc4, 0x40, 0x08, 0x40, 0xc4, 0x09, 0x40, 0xc4, 0x09, 0x40, 0xc3, 0x80, 0x09,
  0x40, 0xc3, 0x80, 0x09, 0x40, 0xc3, 0x80, 0x09, 0x40, 0xc3, 0x80, 0x09, 0x80, 0xc3, 0x80, 0x08,
  0x40, 0xc4, 0x40, 0x05, 0x40, 0xc7, 0x06, 0x40, 0xc5, 0x80, 0x07, 0x40, 0xc4, 0x09, 0x40, 0xc5,
  0x80, 0x07, 0x40, 0xc6, 0x80, 0x08, 0x40, 0x80, 0xc4, 0x40, 0x09, 0x80, 0xc3, 0x80, 0x09, 0x40,
  0xc3, 0x80, 0x09, 0x40, 0xc3, 0x80, 0x09, 0x40, 0xc3, 0x80, 0x09, 0x40, 0xc3, 0x80, 0x09, 0x40,
  0xc4, 0x09, 0x40, 0xc4, 0x0a, 0xc4, 0x40, 0x09, 0xc5, 0x41, 0x07, 0x80, 0xc6, 0x80, 0x07, 0xc6,
  0x80, 0x08, 0x80, 0xc4, 0x80, 0x09, 0x40, 0x82, 0xc0, 0x80, 0x00, 0x02, 0x40, 0x83, 0x40, 0x05,
  0x40, 0xc3, 0x80, 0x05, 0x40, 0xc3, 0x80, 0x05, 0x40, 0xc3, 0x80, 0x05, 0x40, 0xc3, 0x80, 0x05,
  0x40, 0xc3, 0x80, 0x05, 0x40, 0xc3, 0x80, 0x05, 0x40, 0xc3, 0x80, 0x05, 0x40, 0xc3, 0x80, 0x05,
  0x40, 0xc3, 0x80, 0x05, 0x40, 0xc3, 0x80, 0x05, 0x40, 0xc3, 0x80, 0x05, 0x40, 0xc3, 0x80, 0x05,
  0x40, 0xc3, 0x80, 0x05, 0x40, 0xc3, 0x80, 0x05, 0x40, 0xc3, 0x80, 0x05, 0x40, 0xc3, 0x80, 0x05,
  0x40, 0xc3, 0x80, 0x05, 0x40, 0xc3, 0x80, 0x05, 0x40, 0xc3, 0x80, 0x05, 0x40, 0xc3, 0x80, 0x05,
  0x40, 0xc3, 0x80, 0x05, 0x40, 0xc3, 0x80, 0x05, 0x40, 0xc3, 0x80, 0x05, 0x40, 0xc3, 0x80, 0x05,
  0x40, 0xc3, 0x80, 0x05, 0x40, 0xc3, 0x80, 0x05, 0x40, 0xc3, 0x80, 0x05, 0x40, 0xc3, 0x80, 0x05,
  0x40, 0xc3, 0x80, 0x05, 0x40, 0xc3, 0x80, 0x05, 0x40, 0xc3, 0x80, 0x05, 0x40, 0xc3, 0x80, 0x05,
  0x40, 0xc3, 0x80, 0x05, 0x40, 0xc3, 0x80, 0x05, 0x40, 0xc3, 0x80, 0x05, 0x40, 0xc3, 0x80, 0x05,
  0x40, 0xc3, 0x80, 0x05, 0x40, 0xc3, 0x80, 0x05, 0x40, 0xc3, 0x80, 0x05, 0x40, 0xc3, 0x80, 0x05,
  0x40, 0xc3, 0x80, 0x05, 0x40, 0xc3, 0x80, 0x05, 0x45, 0x02, 0x00, 0x83, 0x40, 0x0a, 0xc5, 0x80,
  0x08, 0xc6, 0x80, 0x07, 0xc7, 0x40, 0x06, 0x41, 0x80, 0xc4, 0x80, 0x09, 0x80, 0xc4, 0x09, 0x40,
  0xc4, 0x0a, 0xc4, 0x0a, 0xc4, 0x0a, 0xc4, 0x0a, 0xc4, 0x0a, 0xc4, 0x0a, 0xc4, 0x40, 0x09, 0x80,
  0xc4, 0x40, 0x08, 0x40, 0xc7, 0x07, 0x40, 0x80, 0xc5, 0x09, 0x40, 0xc4, 0x08, 0x80, 0xc5, 0x07,
  0xc7, 0x06, 0x80, 0xc4, 0x40, 0x08, 0xc4, 0x40, 0x09, 0xc4, 0x0a, 0xc4, 0x0a, 0xc4, 0x0a, 0xc4,
  0x0a, 0xc4, 0x09, 0x40, 0xc4, 0x09, 0x80, 0xc4, 0x07, 0x40, 0x80, 0xc4, 0x80, 0x06, 0xc7, 0x40,
  0x06, 0xc6, 0x80, 0x07, 0xc5, 0x80, 0x08, 0x80, 0xc0, 0x81, 0x41, 0x08, 0x05, 0x40, 0x81, 0x40,
  0x10, 0x80, 0xc4, 0x80, 0x40, 0x04, 0xc3, 0x04, 0x80, 0xc7, 0x40, 0x02, 0x40, 0xc3, 0x04, 0xc9,
  0x80, 0x01, 0x80, 0xc3, 0x03, 0x40, 0xd0, 0x80, 0x03, 0x80, 0xc3, 0x40, 0x00, 0x40, 0xc9, 0x40,
  0x03, 0x80, 0xc2, 0x80, 0x03, 0xc7, 0x80, 0x04, 0x80, 0xc2, 0x40, 0x04, 0x80, 0xc4, 0x80, 0x11,
  0x40, 0x80, 0x41, 0x3f, 0x3f, 0x0e, 0x02, 0x40, 0x80, 0xc0, 0x80, 0x40, 0x05, 0xc4, 0x04, 0x40,
  0xc4, 0x80, 0x03, 0x80, 0xc4, 0x80, 0x03, 0x40, 0xc4, 0x40, 0x04, 0x40, 0xc2, 0x40, 0x07, 0x40,
  0x12, 0x84, 0x05, 0xc4, 0x05, 0xc4, 0x05, 0xc4, 0x05, 0xc4, 0x05, 0xc4, 0x05, 0xc4, 0x05, 0xc4,
  0x05, 0xc4, 0x05, 0xc4, 0x05, 0xc4, 0x05, 0xc4, 0x40, 0x04, 0xc4, 0x40, 0x03, 0x40, 0xc4, 0x40,
  0x03, 0x40, 0xc4, 0x40, 0x03, 0x40, 0xc4, 0x40, 0x03, 0x40, 0xc4, 0x40, 0x03, 0x40, 0xc4, 0x40,
  0x03, 0x40, 0x84, 0x40, 0x01, 0x09, 0x40, 0x11, 0x80, 0xc0, 0x40, 0x10, 0x80, 0xc0, 0x40, 0x10,
  0x80, 0xc0, 0x80, 0x0d, 0x80, 0xc5, 0x80, 0x40, 0x08, 0x40, 0xca, 0x40, 0x05, 0x80, 0xcc, 0x40,
  0x03, 0x40, 0xce, 0x03, 0xc5, 0x81, 0xc0, 0x81, 0xc4, 0x80, 0x01, 0x40, 0xc4, 0x80, 0x00, 0x80,
  0xc0, 0x40, 0x00, 0x80, 0xc4, 0x01, 0x80, 0xc4, 0x01, 0x80, 0xc0, 0x40, 0x01, 0xc4, 0x01, 0xc4,
  0x80, 0x01, 0x80, 0xc0, 0x40, 0x01, 0x44, 0x01, 0xc4, 0x40, 0x01, 0x80, 0xc0, 0x40, 0x07, 0x40,
  0xc4, 0x40, 0x01, 0x80, 0xc0, 0x40, 0x07, 0x40, 0xc4, 0x40, 0x01, 0x80, 0xc0, 0x40, 0x08, 0xc4,
  0x40, 0x01, 0x80, 0xc0, 0x40, 0x08, 0xc4, 0x80, 0x01, 0x80, 0xc0, 0x40, 0x01, 0x84, 0x01, 0x80,
  0xc4, 0x01, 0x80, 0xc0, 0x40, 0x00, 0x40, 0xc4, 0x01, 0x40, 0xc4, 0x80, 0x00, 0x80, 0xc0, 0x40,
  0x00, 0x80, 0xc4, 0x02, 0xc5, 0x81, 0xc0, 0x81, 0xc4, 0x40, 0x02, 0x40, 0xce, 0x04, 0x40, 0xcc,
  0x40, 0x05, 0x40, 0xc9, 0x80, 0x09, 0x40, 0x80, 0xc4, 0x80, 0x40, 0x0d, 0x80, 0xc0, 0x40, 0x10,
  0x80, 0xc0, 0x40, 0x10, 0x80, 0xc0, 0x40, 0x07, 0x09, 0x41, 0x81, 0x41, 0x0e, 0x80, 0xc7, 0x40,
  0x0a, 0x40, 0xca, 0x80, 0x08, 0x40, 0xcc, 0x80, 0x07, 0x80, 0xcd, 0x40, 0x06, 0xc5, 0x40, 0x01,
  0x40, 0xc4, 0x80, 0x05, 0x40, 0xc4, 0x40, 0x03, 0x40, 0xc4, 0x05, 0x40, 0xc4, 0x05, 0xc4, 0x05,
  0x40, 0xc4, 0x10, 0x40, 0xc4, 0x10, 0x40, 0xc4, 0x10, 0x40, 0xc4, 0x0e, 0x81, 0xc5, 0x85, 0x08,
  0xcd, 0x08, 0xcd, 0x08, 0xcd, 0x08, 0x82, 0xc4, 0x85, 0x0b, 0xc4, 0x40, 0x10, 0xc4, 0x40, 0x10,
  0xc4, 0x40, 0x10, 0xc4, 0x40, 0x0f, 0x40, 0xc4, 0x0e, 0x81, 0xc4, 0x8b, 0x03, 0xd2, 0x03, 0xd2,
  0x03, 0xd2, 0x03, 0xd2, 0x01, 0x1c, 0x40, 0xc0, 0x04, 0x40, 0x83, 0x40, 0x04, 0x81, 0x04, 0x40,
  0xc2, 0x01, 0x80, 0xc7, 0x80, 0x40, 0x00, 0x80, 0xc1, 0x80, 0x03, 0xd0, 0x80, 0xc3, 0x40, 0x03,
  0xc7, 0x83, 0xc7, 0x40, 0x05, 0xc4, 0x80, 0x05, 0x40, 0xc4, 0x40, 0x06, 0xc3, 0x40, 0x08, 0x80,
  0xc2, 0x40, 0x05, 0x80, 0xc2, 0x40, 0x0a, 0xc3, 0x05, 0xc2, 0x80, 0x0b, 0x40, 0xc2, 0x40, 0x03,
  0x40, 0xc2, 0x0d, 0xc2, 0x80, 0x03, 0x40, 0xc2, 0x0d, 0x80, 0xc1, 0x80, 0x03, 0x80, 0xc1, 0x80,
  0x0d, 0x40, 0xc2, 0x03, 0x80, 0xc1, 0x80, 0x0d, 0x40, 0xc2, 0x03, 0x80, 0xc1, 0x80, 0x0d, 0x40,
  0xc2, 0x03, 0x40, 0xc2, 0x0d, 0x80, 0xc1, 0x80, 0x04, 0xc2, 0x40, 0x0c, 0xc2, 0x40, 0x04, 0x80,
  0xc2, 0x0b, 0x80, 0xc2, 0x05, 0x40, 0xc2, 0x80, 0x09, 0x40, 0xc2, 0x80, 0x06, 0xc3, 0x80, 0x07,
  0x40, 0xc3, 0x40, 0x05, 0x80, 0xc5, 0x41, 0x02, 0x40, 0x80, 0xc5, 0x40, 0x03, 0x80, 0xd4, 0x40,
  0x02, 0x80, 0xc2, 0x40, 0x80, 0xca, 0x40, 0x80, 0xc2, 0x04, 0x80, 0xc0, 0x40, 0x01, 0x40, 0x80,
  0xc5, 0x80, 0x40, 0x02, 0x80, 0xc0, 0x06, 0x40, 0x05, 0x43, 0x0a, 0x00, 0x44, 0x08, 0x44, 0x01,
  0x80, 0xc4, 0x06, 0x40, 0xc4, 0x40, 0x00, 0x40, 0xc4, 0x40, 0x05, 0xc4, 0x80, 0x02, 0xc4, 0x80,
  0x04, 0x40, 0xc4, 0x40, 0x02, 0x40, 0xc4, 0x04, 0x80, 0xc3, 0x80, 0x04, 0xc4, 0x80, 0x03, 0xc4,
  0x40, 0x04, 0x40, 0xc4, 0x02, 0x80, 0xc4, 0x06, 0xc4, 0x40, 0x01, 0xc4, 0x40, 0x06, 0x80, 0xc3,
  0x80, 0x00, 0x40, 0xc4, 0x08, 0xc4, 0x00, 0x80, 0xc3, 0x80, 0x08, 0x80, 0xc3, 0x80, 0xc4, 0x09,
  0x40, 0xc8, 0x80, 0x0a, 0x80, 0xc7, 0x07, 0x40, 0x83, 0xc7, 0x82, 0x40, 0x03, 0x80, 0xce, 0x80,
  0x03, 0x80, 0xce, 0x80, 0x03, 0x40, 0x84, 0xc4, 0x84, 0x40, 0x09, 0xc4, 0x40, 0x08, 0x44, 0x80,
  0xc4, 0x80, 0x44, 0x03, 0x80, 0xce, 0x80, 0x03, 0x80, 0xce, 0x80, 0x03, 0x40, 0x84, 0xc4, 0x84,
  0x40, 0x09, 0xc4, 0x40, 0x0e, 0xc4, 0x40, 0x0e, 0xc4, 0x40, 0x0e, 0xc4, 0x40, 0x0e, 0xc4, 0x40,
  0x06, 0x03, 0x43, 0x05, 0x80, 0xc3, 0x05, 0x80, 0xc3, 0x05, 0x80, 0xc3, 0x05, 0x80, 0xc3, 0x05,
  0x80, 0xc3, 0x05, 0x80, 0xc3, 0x05, 0x80, 0xc3, 0x05, 0x80, 0xc3, 0x05, 0x80, 0xc3, 0x05, 0x80,
  0xc3, 0x05, 0x80, 0xc3, 0x05, 0x80, 0xc3, 0x3f, 0x07, 0x44, 0x05, 0x80, 0xc3, 0x05, 0x80, 0xc3,
  0x05, 0x80, 0xc3, 0x05, 0x80, 0xc3, 0x05, 0x80, 0xc3, 0x05, 0x80, 0xc3, 0x05, 0x80, 0xc3, 0x05,
  0x80, 0xc3, 0x05, 0x80, 0xc3, 0x05, 0x80, 0xc3, 0x05, 0x80, 0xc3, 0x05, 0x80, 0xc3, 0x02, 0x06,
  0x41, 0x81, 0x41, 0x0b, 0x40, 0xc6, 0x80, 0x40, 0x08, 0x80, 0xc9, 0x40, 0x06, 0x40, 0xcb, 0x40,
  0x05, 0xcc, 0x80, 0x04, 0x40, 0xc4, 0x40, 0x01, 0x40, 0xc4, 0x04, 0x40, 0xc3, 0x40, 0x03, 0x80,
  0xc3, 0x40, 0x03, 0x40, 0xc3, 0x80, 0x04, 0x43, 0x04, 0x40, 0xc4, 0x40, 0x0d, 0x80, 0xc4, 0x80,
  0x40, 0x0b, 0x40, 0xc7, 0x40, 0x0a, 0x80, 0xc8, 0x40, 0x06, 0x40, 0xcc, 0x40, 0x04, 0xc3, 0x80,
  0x40, 0x80, 0xc7, 0x40, 0x02, 0x40, 0xc3, 0x02, 0x40, 0x80, 0xc6, 0x02, 0x80, 0xc3, 0x04, 0x40,
  0x80, 0xc4, 0x80, 0x01, 0x40, 0xc3, 0x80, 0x05, 0x40, 0xc3, 0x80, 0x01, 0x40, 0xc5, 0x80, 0x04,
  0x80, 0xc2, 0x80, 0x02, 0x80, 0xc6, 0x80, 0x40, 0x01, 0xc3, 0x80, 0x03, 0xc8, 0x80, 0xc4, 0x05,
  0x80, 0xca, 0x80, 0x08, 0x80, 0xc7, 0x80, 0x0b, 0x40, 0xc6, 0x80, 0x0c, 0x40, 0xc5, 0x40, 0x0d,
  0x80, 0xc3, 0x40, 0x03, 0x84, 0x04, 0x40, 0xc3, 0x80, 0x03, 0x80, 0xc3, 0x40, 0x03, 0x40, 0xc3,
  0x80, 0x03, 0x80, 0xc4, 0x80, 0x41, 0x80, 0xc4, 0x40, 0x04, 0xcd, 0x05, 0x40, 0xcb, 0x80, 0x06,
  0x80, 0xc9, 0x80, 0x08, 0x40, 0x80, 0xc5, 0x80, 0x40, 0x0c, 0x43, 0x07, 0x03, 0x41, 0x05, 0x41,
  0x06, 0xc3, 0x40, 0x01, 0x40, 0xc3, 0x04, 0x40, 0xc3, 0x80, 0x01, 0x80, 0xc3, 0x80, 0x03, 0x40,
  0xc3, 0x80, 0x01, 0x80, 0xc3, 0x80, 0x04, 0xc3, 0x40, 0x01, 0x40, 0xc3, 0x40, 0x05, 0x81, 0x40,
  0x03, 0x40, 0x81, 0x40, 0x3f, 0x3f, 0x3f, 0x3f, 0x3f, 0x3f, 0x0e, 0x0c, 0x40, 0x82, 0x41, 0x16,
  0x40, 0xc8, 0x80, 0x40, 0x11, 0x40, 0xcc, 0x80, 0x40, 0x0e, 0x80, 0xcf, 0x40, 0x0c, 0x80, 0xc6,
  0x83, 0xc6, 0x80, 0x0a, 0x80, 0xc4, 0x80, 0x40, 0x05, 0x40, 0xc5, 0x40, 0x08, 0x40, 0xc4, 0x40,
  0x03, 0x41, 0x03, 0x80, 0xc4, 0x08, 0xc4, 0x40, 0x01, 0x40, 0xc5, 0x40, 0x01, 0x40, 0xc3, 0x80,
  0x06, 0x40, 0xc3, 0x40, 0x01, 0x80, 0xc7, 0x80, 0x01, 0x80, 0xc3, 0x40, 0x05, 0xc3, 0x80, 0x01,
  0x80, 0xc9, 0x80, 0x01, 0xc3, 0x80, 0x04, 0x40, 0xc3, 0x40, 0x00, 0x40, 0xc3, 0x80, 0x41, 0x80,
  0xc3, 0x40, 0x00, 0x80, 0xc3, 0x04, 0x40, 0xc3, 0x01, 0x80, 0xc2, 0x40, 0x03, 0x80, 0xc2, 0x80,
  0x00, 0x40, 0xc3, 0x04, 0x80, 0xc2, 0x80, 0x01, 0xc2, 0x80, 0x05, 0x82, 0x40, 0x01, 0xc3, 0x40,
  0x03, 0x80, 0xc2, 0x80, 0x00, 0x40, 0xc2, 0x40, 0x0b, 0xc3, 0x40, 0x03, 0x80, 0xc2, 0x80, 0x00,
  0x40, 0xc2, 0x40, 0x0b, 0xc3, 0x40, 0x03, 0x80, 0xc2, 0x80, 0x01, 0xc2, 0x80, 0x05, 0x82, 0x40,
  0x01, 0xc3, 0x40, 0x03, 0x40, 0xc3, 0x01, 0x80, 0xc2, 0x80, 0x03, 0x80, 0xc2, 0x40, 0x00, 0x40,
  0xc3, 0x04, 0x40, 0xc3, 0x40, 0x00, 0x40, 0xc4, 0x81, 0xc4, 0x01, 0x80, 0xc3, 0x05, 0xc4, 0x01,
  0x80, 0xc9, 0x40, 0x01, 0xc3, 0x80, 0x05, 0x40, 0xc3, 0x80, 0x01, 0x80, 0xc7, 0x40, 0x01, 0x80,
  0xc3, 0x40, 0x06, 0xc4, 0x40, 0x01, 0x40, 0x80, 0xc3, 0x80, 0x40, 0x01, 0x80, 0xc3, 0x80, 0x07,
  0x40, 0xc4, 0x80, 0x09, 0x80, 0xc4, 0x09, 0x80, 0xc5, 0x40, 0x04, 0x40, 0x80, 0xc5, 0x40, 0x0a,
  0x80, 0xd1, 0x40, 0x0c, 0x40, 0xcf, 0x40, 0x0e, 0x40, 0x80, 0xcb, 0x80, 0x12, 0x40, 0x80, 0xc7,
  0x80, 0x40, 0x16, 0x44, 0x0d, 0x04, 0x81, 0xc2, 0x80, 0x40, 0x06, 0x40, 0xc7, 0x40, 0x05, 0xc3,
  0x81, 0xc3, 0x04, 0x40, 0xc2, 0x03, 0xc2, 0x40, 0x04, 0x42, 0x03, 0x80, 0xc1, 0x40, 0x08, 0x42,
  0x80, 0xc1, 0x80, 0x05, 0x40, 0xc7, 0x80, 0x04, 0x80, 0xc4, 0x80, 0xc2, 0x80, 0x03, 0x40, 0xc2,
  0x40, 0x02, 0x80, 0xc1, 0x80, 0x03, 0x80, 0xc1, 0x80, 0x03, 0x80, 0xc1, 0x80, 0x03, 0x80, 0xc1,
  0x80, 0x02, 0x40, 0xc2, 0x80, 0x03, 0x40, 0xc3, 0x81, 0xc3, 0x80, 0x04, 0x80, 0xc5, 0x80, 0xc1,
  0x80, 0x05, 0x40, 0x83, 0x40, 0x00, 0x82, 0x3f, 0x3f, 0x3f, 0x01, 0x05, 0x40, 0x83, 0x40, 0x02,
  0x40, 0x83, 0x40, 0x06, 0xc4, 0x03, 0xc3, 0x80, 0x06, 0x80, 0xc3, 0x40, 0x02, 0x80, 0xc3, 0x40,
  0x05, 0x40, 0xc3, 0x80, 0x02, 0x40, 0xc3, 0x80, 0x06, 0xc4, 0x02, 0x40, 0xc4, 0x06, 0x80, 0xc3,
  0x80, 0x02, 0x80, 0xc3, 0x40, 0x05, 0x40, 0xc4, 0x02, 0x40, 0xc3, 0x80, 0x06, 0xc4, 0x40, 0x01,
  0x40, 0xc4, 0x06, 0x40, 0xc4, 0x02, 0x80, 0xc3, 0x80, 0x07, 0x80, 0xc3, 0x40, 0x02, 0xc4, 0x40,
  0x06, 0x40, 0xc4, 0x02, 0x40, 0xc4, 0x07, 0x40, 0xc3, 0x80, 0x02, 0x80, 0xc3, 0x80, 0x07, 0x80,
  0xc3, 0x40, 0x02, 0xc4, 0x40, 0x07, 0xc4, 0x02, 0x40, 0xc3, 0x80, 0x07, 0x40, 0xc3, 0x80, 0x02,
  0x80, 0xc3, 0x40, 0x07, 0x80, 0xc3, 0x40, 0x02, 0xc4, 0x08, 0x43, 0x04, 0x43, 0x2d, 0x02, 0x4d,
  0x04, 0x80, 0xcd, 0x40, 0x03, 0x80, 0xcd, 0x40, 0x03, 0x80, 0xcd, 0x80, 0x0e, 0x40, 0xc2, 0x40,
  0x0e, 0x40, 0xc2, 0x40, 0x0e, 0x40, 0xc2, 0x40, 0x0e, 0x40, 0xc2, 0x40, 0x0f, 0x43, 0x3f, 0x39,
  0x08, 0x40, 0x81, 0x41, 0x0e, 0x40, 0x80, 0xc6, 0x80, 0x0b, 0x80, 0xca, 0x40, 0x08, 0x80, 0xc2,
  0x80, 0x44, 0xc3, 0x80, 0x06, 0x80, 0xc2, 0x40, 0x06, 0x40, 0xc2, 0x40, 0x04, 0x40, 0xc2, 0x09,
  0x40, 0xc2, 0x04, 0xc2, 0x01, 0x40, 0xc5, 0x40, 0x01, 0x40, 0xc1, 0x80, 0x02, 0x40, 0xc1, 0x80,
  0x01, 0x40, 0xc1, 0x81, 0xc2, 0x40, 0x01, 0xc2, 0x02, 0x80, 0xc1, 0x02, 0x40, 0xc1, 0x02, 0xc1,
  0x80, 0x01, 0x40, 0xc1, 0x40, 0x01, 0x80, 0xc1, 0x02, 0x40, 0xc1, 0x02, 0xc1, 0x40, 0x01, 0x40,
  0xc1, 0x40, 0x01, 0xc2, 0x02, 0x40, 0xc1, 0x81, 0xc2, 0x40, 0x02, 0xc1, 0x80, 0x01, 0xc2, 0x02,
  0x40, 0xc5, 0x40, 0x02, 0x40, 0xc1, 0x80, 0x01, 0x80, 0xc1, 0x02, 0x40, 0xc1, 0x41, 0xc1, 0x40,
  0x02, 0x40, 0xc1, 0x40, 0x01, 0x40, 0xc1, 0x40, 0x01, 0x40, 0xc1, 0x01, 0x80, 0xc1, 0x02, 0x80,
  0xc1, 0x40, 0x02, 0xc2, 0x01, 0x40, 0xc1, 0x01, 0x40, 0xc1, 0x40, 0x00, 0x40, 0xc1, 0x80, 0x03,
  0x80, 0xc1, 0x80, 0x01, 0x41, 0x02, 0x42, 0x00, 0x80, 0xc1, 0x40, 0x04, 0xc2, 0x80, 0x08, 0x80,
  0xc1, 0x80, 0x05, 0x40, 0xc3, 0x40, 0x04, 0x40, 0xc3, 0x07, 0x40, 0xc5, 0x80, 0xc4, 0x80, 0x0a,
  0x80, 0xc8, 0x80, 0x0d, 0x81, 0xc2, 0x80, 0x40, 0x3f, 0x3f, 0x11, 0x03, 0x4a, 0x06, 0x80, 0xca,
  0x80, 0x05, 0x80, 0xca, 0x80, 0x05, 0x8c, 0x3f, 0x3f, 0x3f, 0x3f, 0x3f, 0x3f, 0x37, 0x05, 0x42,
  0x09, 0x40, 0xc4, 0x80, 0x06, 0x80, 0xc7, 0x40, 0x03, 0x80, 0xc9, 0x03, 0xc3, 0x80, 0x41, 0xc3,
  0x40, 0x01, 0x40, 0xc2, 0x40, 0x03, 0xc2, 0x80, 0x01, 0x80, 0xc2, 0x04, 0x80, 0xc2, 0x01, 0x80,
  0xc2, 0x04, 0x80, 0xc2, 0x01, 0x40, 0xc2, 0x80, 0x02, 0x40, 0xc2, 0x80, 0x02, 0xc3, 0x80, 0x40,
  0x80, 0xc3, 0x40, 0x02, 0x40, 0xc8, 0x80, 0x04, 0x80, 0xc7, 0x06, 0x40, 0x80, 0xc3, 0x80, 0x0a,
  0x40, 0x3f, 0x3f, 0x3f, 0x09, 0x08, 0x44, 0x11, 0x80, 0xc3, 0x11, 0x80, 0xc3, 0x11, 0x80, 0xc3,
  0x11, 0x80, 0xc3, 0x0a, 0x40, 0x85, 0xc4, 0x86, 0x03, 0x40, 0xd0, 0x80, 0x03, 0x40, 0xd0, 0x80,
  0x03, 0x40, 0xd0, 0x80, 0x04, 0x45, 0x80, 0xc3, 0x46, 0x0a, 0x80, 0xc3, 0x11, 0x80, 0xc3, 0x11,
  0x80, 0xc3, 0x11, 0x84, 0x22, 0x51, 0x03, 0x40, 0xd0, 0x80, 0x03, 0x40, 0xd0, 0x80, 0x03, 0x40,
  0xd0, 0x80, 0x03, 0x40, 0xd0, 0x80, 0x18, 0x02, 0x40, 0x80, 0xc3, 0x80, 0x40, 0x04, 0x80, 0xc7,
  0x80, 0x02, 0x80, 0xc9, 0x80, 0x01, 0xc3, 0x40, 0x01, 0x40, 0xc3, 0x00, 0x40, 0xc2, 0x80, 0x03,
  0x80, 0xc2, 0x40, 0x00, 0x42, 0x04, 0x80, 0xc2, 0x40, 0x08, 0xc3, 0x07, 0x40, 0xc3, 0x80, 0x06,
  0x40, 0xc3, 0x80, 0x06, 0x80, 0xc3, 0x80, 0x06, 0x80, 0xc3, 0x40, 0x05, 0x40, 0xc4, 0x40, 0x05,
  0x40, 0xc4, 0x45, 0x01, 0xcb, 0x40, 0x00, 0xcb, 0x40, 0x00, 0xcb, 0x40, 0x3f, 0x3f, 0x35, 0x03,
  0x81, 0xc2, 0x80, 0x40, 0x05, 0x40, 0xc8, 0x03, 0x40, 0xca, 0x02, 0xc3, 0x80, 0x40, 0x00, 0x40,
  0xc3, 0x40, 0x01, 0x83, 0x03, 0x40, 0xc2, 0x40, 0x09, 0x80, 0xc2, 0x40, 0x05, 0x40, 0x82, 0xc2,
  0x80, 0x06, 0x80, 0xc3, 0x80, 0x40, 0x07, 0x80, 0xc5, 0x40, 0x06, 0x42, 0x80, 0xc3, 0x80, 0x0a,
  0xc3, 0x00, 0x40, 0x82, 0x40, 0x04, 0xc3, 0x00, 0x40, 0xc3, 0x80, 0x40, 0x00, 0x40, 0x80, 0xc3,
  0x01, 0x80, 0xca, 0x80, 0x02, 0x80, 0xc8, 0x80, 0x04, 0x40, 0x80, 0xc4, 0x80, 0x40, 0x3f, 0x3f,
  0x3f, 0x05, 0x05, 0x44, 0x0a, 0xc3, 0x80, 0x09, 0x40, 0xc3, 0x0a, 0xc3, 0x40, 0x09, 0x40, 0xc2,
  0x80, 0x0a, 0x80, 0xc2, 0x3f, 0x3f, 0x3f, 0x3f, 0x3f, 0x27, 0x00, 0x40, 0x84, 0x08, 0x84, 0x02,
  0x40, 0xc4, 0x07, 0x40, 0xc4, 0x40, 0x01, 0x40, 0xc4, 0x07, 0x40, 0xc4, 0x40, 0x01, 0x40, 0xc4,
  0x07, 0x40, 0xc4, 0x40, 0x01, 0x40, 0xc4, 0x07, 0x40, 0xc4, 0x40, 0x01, 0x40, 0xc4, 0x07, 0x40,
  0xc4, 0x40, 0x01, 0x40, 0xc4, 0x07, 0x40, 0xc4, 0x40, 0x01, 0x40, 0xc4, 0x07, 0x40, 0xc4, 0x40,
  0x01, 0x40, 0xc4, 0x07, 0x40, 0xc4, 0x40, 0x01, 0x40, 0xc4, 0x07, 0x40, 0xc4, 0x40, 0x01, 0x40,
  0xc4, 0x07, 0x40, 0xc4, 0x40, 0x01, 0x40, 0xc4, 0x07, 0x40, 0xc4, 0x40, 0x01, 0x40, 0xc4, 0x07,
  0x40, 0xc4, 0x40, 0x01, 0x40, 0xc4, 0x40, 0x06, 0x80, 0xc4, 0x40, 0x01, 0x40, 0xc5, 0x40, 0x04,
  0x40, 0xc5, 0x40, 0x01, 0x40, 0xc6, 0x80, 0x42, 0x80, 0xc6, 0x40, 0x01, 0x40, 0xd2, 0x40, 0x01,
  0x40, 0xcc, 0x80, 0xc4, 0x40, 0x01, 0x40, 0xc3, 0x80, 0x40, 0xc6, 0x00, 0xc4, 0x40, 0x01, 0x40,
  0xc3, 0x80, 0x01, 0x81, 0xc0, 0x80, 0x40, 0x01, 0xc4, 0x40, 0x01, 0x40, 0xc3, 0x80, 0x10, 0x40,
  0xc3, 0x80, 0x10, 0x40, 0xc3, 0x80, 0x10, 0x40, 0xc3, 0x80, 0x10, 0x40, 0xc3, 0x80, 0x10, 0x40,
  0xc3, 0x80, 0x10, 0x40, 0xc3, 0x80, 0x26, 0x08, 0x49, 0x06, 0x40, 0x80, 0xcb, 0x05, 0x80, 0xcd,
  0x04, 0x80, 0xce, 0x03, 0x80, 0xcf, 0x03, 0xc8, 0x80, 0x01, 0x40, 0xc3, 0x02, 0x40, 0xc8, 0x80,
  0x01, 0x40, 0xc3, 0x02, 0x80, 0xc8, 0x80, 0x01, 0x40, 0xc3, 0x02, 0x80, 0xc8, 0x80, 0x01, 0x40,
  0xc3, 0x02, 0x80, 0xc8, 0x80, 0x01, 0x40, 0xc3, 0x02, 0x80, 0xc8, 0x80, 0x01, 0x40, 0xc3, 0x02,
  0x80, 0xc8, 0x80, 0x01, 0x40, 0xc3, 0x02, 0x40, 0xc8, 0x80, 0x01, 0x40, 0xc3, 0x03, 0x80, 0xc7,
  0x80, 0x01, 0x40, 0xc3, 0x04, 0xc7, 0x80, 0x01, 0x40, 0xc3, 0x05, 0x80, 0xc5, 0x80, 0x01, 0x40,
  0xc3, 0x06, 0x40, 0x80, 0xc3, 0x80, 0x01, 0x40, 0xc3, 0x09, 0x43, 0x01, 0x40, 0xc3, 0x0f, 0x40,
  0xc3, 0x0f, 0x40, 0xc3, 0x0f, 0x40, 0xc3, 0x0f, 0x40, 0xc3, 0x0f, 0x40, 0xc3, 0x0f, 0x40, 0xc3,
  0x0f, 0x40, 0xc3, 0x0f, 0x40, 0xc3, 0x0f, 0x40, 0xc3, 0x01, 0x03, 0x82, 0x06, 0xc4, 0x04, 0x40,
  0xc4, 0x40, 0x03, 0x80, 0xc4, 0x80, 0x03, 0x40, 0xc4, 0x40, 0x04, 0x80, 0xc2, 0x80, 0x07, 0x40,
  0x3f, 0x1c, 0x0f, 0x40, 0xc1, 0x40, 0x07, 0x40, 0xc2, 0x80, 0x06, 0x40, 0x80, 0xc2, 0x80, 0x07,
  0x40, 0xc2, 0x07, 0x40, 0xc2, 0x40, 0x04, 0x41, 0xc3, 0x04, 0x80, 0xc4, 0x40, 0x04, 0x80, 0xc2,
  0x80, 0x07, 0x40, 0x06, 0x03, 0x83, 0x40, 0x02, 0x40, 0xc4, 0x40, 0x01, 0x80, 0xc5, 0x40, 0x00,
  0x40, 0xc6, 0x40, 0x00, 0x40, 0xc1, 0x41, 0xc2, 0x40, 0x00, 0x40, 0x80, 0x01, 0x40, 0xc2, 0x40,
  0x04, 0x40, 0xc2, 0x40, 0x04, 0x40, 0xc2, 0x40, 0x04, 0x40, 0xc2, 0x40, 0x04, 0x40, 0xc2, 0x40,
  0x04, 0x40, 0xc2, 0x40, 0x04, 0x40, 0xc2, 0x40, 0x04, 0x40, 0xc2, 0x40, 0x04, 0x40, 0xc2, 0x40,
  0x04, 0x40, 0xc2, 0x40, 0x04, 0x40, 0xc2, 0x40, 0x3f, 0x3f, 0x02, 0x04, 0x40, 0x80, 0xc2, 0x80,
  0x40, 0x06, 0x40, 0xc7, 0x40, 0x05, 0xc3, 0x81, 0xc3, 0x40, 0x03, 0x80, 0xc2, 0x03, 0x80, 0xc2,
  0x03, 0xc2, 0x40, 0x04, 0xc2, 0x40, 0x02, 0xc2, 0x05, 0xc2, 0x40, 0x02, 0xc2, 0x05, 0x80, 0xc1,
  0x40, 0x02, 0xc2, 0x05, 0x80, 0xc1, 0x40, 0x02, 0xc2, 0x05, 0xc2, 0x40, 0x02, 0xc2, 0x40, 0x04,
  0xc2, 0x03, 0x80, 0xc2, 0x40, 0x02, 0x80, 0xc1, 0x80, 0x04, 0xc3, 0x81, 0xc3, 0x40, 0x05, 0xc7,
  0x40, 0x07, 0x40, 0x81, 0xc0, 0x81, 0x3f, 0x3f, 0x3f, 0x04, 0x00, 0x40, 0x83, 0x40, 0x02, 0x40,
  0x83, 0x08, 0xc3, 0x80, 0x02, 0x40, 0xc3, 0x80, 0x07, 0x80, 0xc3, 0x80, 0x02, 0x80, 0xc3, 0x40,
  0x07, 0xc4, 0x40, 0x02, 0xc4, 0x07, 0x40, 0xc3, 0x80, 0x02, 0x40, 0xc3, 0x80, 0x07, 0x80, 0xc3,
  0x80, 0x02, 0x80, 0xc3, 0x40, 0x07, 0xc4, 0x40, 0x01, 0x40, 0xc4, 0x07, 0x40, 0xc4, 0x02, 0x80,
  0xc3, 0x80, 0x07, 0xc4, 0x40, 0x01, 0x40, 0xc4, 0x06, 0x80, 0xc3, 0x80, 0x02, 0x80, 0xc3, 0x80,
  0x05, 0x40, 0xc4, 0x02, 0x40, 0xc4, 0x06, 0xc4, 0x40, 0x02, 0xc4, 0x40, 0x05, 0x40, 0xc3, 0x80,
  0x02, 0x80, 0xc3, 0x80, 0x06, 0xc4, 0x02, 0x40, 0xc3, 0x80, 0x06, 0x80, 0xc3, 0x40, 0x02, 0x80,
  0xc3, 0x40, 0x05, 0x40, 0xc3, 0x80, 0x02, 0x40, 0xc3, 0x80, 0x07, 0x43, 0x04, 0x43, 0x32, 0x15,
  0x42, 0x08, 0x80, 0xc2, 0x40, 0x0c, 0x80, 0xc1, 0x80, 0x06, 0x40, 0xc4, 0x40, 0x0b, 0x40, 0xc2,
  0x06, 0x40, 0xc5, 0x40, 0x0b, 0xc2, 0x40, 0x06, 0x80, 0xc1, 0x80, 0xc2, 0x40, 0x0a, 0x80, 0xc1,
  0x80, 0x07, 0x80, 0xc0, 0x40, 0x00, 0xc2, 0x40, 0x09, 0x80, 0xc1, 0x80, 0x08, 0x40, 0x02, 0xc2,
  0x40, 0x08, 0x40, 0xc2, 0x40, 0x0c, 0xc2, 0x40, 0x08, 0xc2, 0x40, 0x0d, 0xc2, 0x40, 0x07, 0x80,
  0xc1, 0x80, 0x0e, 0xc2, 0x40, 0x06, 0x40, 0xc2, 0x0f, 0xc2, 0x40, 0x06, 0xc2, 0x40, 0x0f, 0xc2,
  0x40, 0x05, 0x80, 0xc1, 0x80, 0x10, 0xc2, 0x40, 0x04, 0x40, 0xc2, 0x11, 0xc2, 0x40, 0x04, 0xc2,
  0x40, 0x05, 0x80, 0xc3, 0x06, 0xc2, 0x40, 0x03, 0x80, 0xc1, 0x80, 0x05, 0x40, 0xc4, 0x0d, 0x40,
  0xc2, 0x05, 0x40, 0xc5, 0x0d, 0xc2, 0x40, 0x05, 0xc6, 0x0c, 0x80, 0xc1, 0x80, 0x05, 0x80, 0xc2,
  0x40, 0xc2, 0x0b, 0x40, 0xc2, 0x05, 0x40, 0xc2, 0x41, 0xc2, 0x0b, 0xc2, 0x40, 0x05, 0xc2, 0x80,
  0x00, 0x40, 0xc2, 0x0a, 0x80, 0xc1, 0x80, 0x05, 0x80, 0xc1, 0x80, 0x01, 0x40, 0xc2, 0x09, 0x80,
  0xc1, 0x80, 0x05, 0x80, 0xc2, 0x40, 0x01, 0x40, 0xc2, 0x40, 0x07, 0x40, 0xc2, 0x40, 0x05, 0xcc,
  0x06, 0xc2, 0x40, 0x06, 0xcc, 0x05, 0x80, 0xc1, 0x80, 0x07, 0x86, 0xc3, 0x81, 0x04, 0x40, 0xc2,
  0x0f, 0x40, 0xc2, 0x06, 0xc2, 0x40, 0x0f, 0x40, 0xc2, 0x02, 0x15, 0x42, 0x09, 0x80, 0xc2, 0x40,
  0x0c, 0x80, 0xc1, 0x80, 0x07, 0x40, 0xc4, 0x40, 0x0b, 0x40, 0xc2, 0x07, 0x40, 0xc5, 0x40, 0x0b,
  0xc2, 0x40, 0x07, 0x80, 0xc1, 0x80, 0xc2, 0x40, 0x0a, 0x80, 0xc1, 0x80, 0x08, 0x80, 0xc0, 0x40,
  0x00, 0xc2, 0x40, 0x09, 0x80, 0xc1, 0x80, 0x09, 0x40, 0x02, 0xc2, 0x40, 0x08, 0x40, 0xc2, 0x40,
  0x0d, 0xc2, 0x40, 0x08, 0xc2, 0x40, 0x0e, 0xc2, 0x40, 0x07, 0x80, 0xc1, 0x80, 0x0f, 0xc2, 0x40,
  0x06, 0x40, 0xc2, 0x10, 0xc2, 0x40, 0x06, 0xc2, 0x40, 0x10, 0xc2, 0x40, 0x05, 0x80, 0xc1, 0x80,
  0x11, 0xc2, 0x40, 0x04, 0x40, 0xc2, 0x12, 0xc2, 0x40, 0x04, 0xc2, 0x40, 0x04, 0x80, 0xc4, 0x80,
  0x06, 0xc2, 0x40, 0x03, 0x80, 0xc1, 0x80, 0x04, 0xc8, 0x0c, 0x40, 0xc2, 0x04, 0x80, 0xc3, 0x80,
  0xc3, 0x80, 0x0b, 0xc2, 0x40, 0x04, 0xc2, 0x80, 0x02, 0x80, 0xc2, 0x0a, 0x80, 0xc1, 0x80, 0x05,
  0x82, 0x03, 0x40, 0xc2, 0x09, 0x40, 0xc2, 0x0d, 0x80, 0xc2, 0x09, 0xc2, 0x40, 0x0c, 0x80, 0xc2,
  0x80, 0x08, 0x80, 0xc1, 0x80, 0x0c, 0x80, 0xc2, 0x80, 0x08, 0x80, 0xc1, 0x80, 0x0b, 0x40, 0xc3,
  0x80, 0x08, 0x40, 0xc2, 0x40, 0x0a, 0x40, 0xc3, 0x40, 0x09, 0xc2, 0x40, 0x0a, 0x80, 0xc2, 0x80,
  0x0a, 0x80, 0xc1, 0x80, 0x0a, 0x80, 0xc9, 0x40, 0x03, 0x40, 0xc2, 0x0b, 0xca, 0x40, 0x03, 0xc2,
  0x40, 0x0b, 0xca, 0x40, 0x18, 0x42, 0x08, 0x40, 0xc4, 0x80, 0x0d, 0x80, 0xc1, 0x80, 0x07, 0xc8,
  0x40, 0x0a, 0x40, 0xc2, 0x07, 0x80, 0xc3, 0x81, 0xc2, 0x80, 0x0a, 0xc2, 0x40, 0x07, 0xc2, 0x40,
  0x02, 0x80, 0xc2, 0x09, 0x80, 0xc1, 0x80, 0x0f, 0x40, 0xc2, 0x08, 0x40, 0xc2, 0x0d, 0x41, 0x80,
  0xc2, 0x80, 0x08, 0xc2, 0x40, 0x0c, 0x40, 0xc3, 0x80, 0x40, 0x08, 0x80, 0xc1, 0x80, 0x0d, 0x40,
  0xc5, 0x40, 0x06, 0x40, 0xc2, 0x0f, 0x42, 0x80, 0xc2, 0x40, 0x04, 0x40, 0xc2, 0x40, 0x13, 0xc2,
  0x80, 0x04, 0x80, 0xc1, 0x80, 0x0b, 0x40, 0xc2, 0x40, 0x02, 0x40, 0xc2, 0x80, 0x03, 0x80, 0xc1,
  0x80, 0x0d, 0xc4, 0x80, 0xc4, 0x40, 0x02, 0x40, 0xc2, 0x40, 0x0d, 0x40, 0xc8, 0x80, 0x03, 0xc2,
  0x40, 0x05, 0x80, 0xc3, 0x40, 0x03, 0x40, 0x80, 0xc4, 0x80, 0x40, 0x03, 0x80, 0xc1, 0x80, 0x05,
  0x40, 0xc4, 0x40, 0x07, 0x41, 0x05, 0x40, 0xc2, 0x06, 0xc5, 0x40, 0x0f, 0xc2, 0x40, 0x05, 0x80,
  0xc5, 0x40, 0x0e, 0x80, 0xc1, 0x80, 0x05, 0x80, 0xc2, 0x40, 0xc2, 0x40, 0x0d, 0x40, 0xc2, 0x05,
  0x40, 0xc2, 0x40, 0x00, 0xc2, 0x40, 0x0d, 0xc2, 0x40, 0x05, 0xc2, 0x80, 0x01, 0xc2, 0x40, 0x0c,
  0x80, 0xc1, 0x80, 0x05, 0x80, 0xc2, 0x02, 0xc2, 0x40, 0x0b, 0x40, 0xc2, 0x05, 0x40, 0xc2, 0x40,
  0x01, 0x40, 0xc2, 0x40, 0x0b, 0xc2, 0x40, 0x05, 0x80, 0xcb, 0x40, 0x08, 0x80, 0xc1, 0x80, 0x06,
  0x80, 0xcb, 0x40, 0x07, 0x40, 0xc2, 0x07, 0x87, 0xc3, 0x80, 0x40, 0x06, 0x40, 0xc2, 0x40, 0x0e,
  0x40, 0xc2, 0x40, 0x08, 0x80, 0xc1, 0x80, 0x0f, 0x40, 0xc2, 0x40, 0x01, 0x07, 0x40, 0x82, 0x0d,
  0x40, 0xc4, 0x0c, 0x80, 0xc4, 0x40, 0x0b, 0x80, 0xc4, 0x80, 0x0b, 0x80, 0xc4, 0x40, 0x0c, 0x80,
  0xc2, 0x80, 0x0e, 0x41, 0x22, 0x44, 0x0d, 0xc3, 0x80, 0x0c, 0x40, 0xc3, 0x80, 0x0c, 0x80, 0xc3,
  0x80, 0x0b, 0x40, 0xc4, 0x40, 0x0a, 0x80, 0xc5, 0x09, 0x40, 0xc6, 0x40, 0x08, 0x40, 0xc6, 0x40,
  0x09, 0xc5, 0x80, 0x0a, 0x40, 0xc4, 0x80, 0x0b, 0x80, 0xc4, 0x0c, 0xc4, 0x80, 0x05, 0x44, 0x01,
  0xc4, 0x80, 0x05, 0xc4, 0x40, 0x00, 0x80, 0xc4, 0x40, 0x03, 0x80, 0xc4, 0x01, 0x80, 0xc5, 0x42,
  0x80, 0xc4, 0x80, 0x02, 0xce, 0x40, 0x02, 0x40, 0xcc, 0x80, 0x04, 0x40, 0xca, 0x40, 0x07, 0x40,
  0x80, 0xc5, 0x80, 0x17, 0x06, 0x45, 0x14, 0xc4, 0x14, 0x40, 0xc3, 0x40, 0x14, 0x80, 0xc2, 0x80,
  0x15, 0xc3, 0x40, 0x14, 0x40, 0xc2, 0x80, 0x3f, 0x08, 0x45, 0x12, 0xc6, 0x80, 0x10, 0x40, 0xc7,
  0x10, 0x80, 0xc7, 0x40, 0x0f, 0xc8, 0x80, 0x0e, 0x40, 0xc9, 0x0e, 0x80, 0xc9, 0x40, 0x0d, 0xc4,
  0x81, 0xc3, 0x80, 0x0c, 0x40, 0xc4, 0x41, 0xc4, 0x0c, 0x80, 0xc4, 0x01, 0xc4, 0x40, 0x0b, 0xc4,
  0x80, 0x01, 0x80, 0xc3, 0x80, 0x0a, 0x40, 0xc4, 0x40, 0x01, 0x40, 0xc4, 0x0a, 0x80, 0xc4, 0x02,
  0x40, 0xc4, 0x40, 0x09, 0xc4, 0x80, 0x03, 0xc4, 0x80, 0x08, 0x40, 0xc4, 0x40, 0x03, 0x80, 0xc4,
  0x08, 0x80, 0xc4, 0x04, 0x40, 0xc4, 0x40, 0x07, 0xc4, 0x80, 0x45, 0xc5, 0x06, 0x40, 0xd1, 0x40,
  0x05, 0x80, 0xd1, 0x80, 0x05, 0xd3, 0x04, 0x40, 0xd3, 0x40, 0x03, 0xc5, 0x08, 0x40, 0xc4, 0x80,
  0x02, 0x40, 0xc4, 0x80, 0x09, 0xc5, 0x02, 0x80, 0xc4, 0x40, 0x09, 0x80, 0xc4, 0x40, 0x01, 0xc5,
  0x0a, 0x40, 0xc4, 0x80, 0x00, 0x40, 0xc4, 0x80, 0x0b, 0xc5, 0x00, 0x80, 0xc4, 0x40, 0x0b, 0x80,
  0xc4, 0x40, 0x0c, 0x44, 0x14, 0xc3, 0x80, 0x13, 0x80, 0xc3, 0x14, 0xc3, 0x40, 0x13, 0x80, 0xc2,
  0x80, 0x14, 0xc2, 0x80, 0x3f, 0x08, 0x45, 0x12, 0xc6, 0x80, 0x10, 0x40, 0xc7, 0x10, 0x80, 0xc7,
  0x40, 0x0f, 0xc8, 0x80, 0x0e, 0x40, 0xc9, 0x0e, 0x80, 0xc9, 0x40, 0x0d, 0xc4, 0x81, 0xc3, 0x80,
  0x0c, 0x40, 0xc4, 0x41, 0xc4, 0x0c, 0x80, 0xc4, 0x01, 0xc4, 0x40, 0x0b, 0xc4, 0x80, 0x01, 0x80,
  0xc3, 0x80, 0x0a, 0x40, 0xc4, 0x40, 0x01, 0x40, 0xc4, 0x0a, 0x80, 0xc4, 0x02, 0x40, 0xc4, 0x40,
  0x09, 0xc4, 0x80, 0x03, 0xc4, 0x80, 0x08, 0x40, 0xc4, 0x40, 0x03, 0x80, 0xc4, 0x08, 0x80, 0xc4,
  0x04, 0x40, 0xc4, 0x40, 0x07, 0xc4, 0x80, 0x45, 0xc5, 0x06, 0x40, 0xd1, 0x40, 0x05, 0x80, 0xd1,
  0x80, 0x05, 0xd3, 0x04, 0x40, 0xd3, 0x40, 0x03, 0xc5, 0x08, 0x40, 0xc4, 0x80, 0x02, 0x40, 0xc4,
  0x80, 0x09, 0xc5, 0x02, 0x80, 0xc4, 0x40, 0x09, 0x80, 0xc4, 0x40, 0x01, 0xc5, 0x0a, 0x40, 0xc4,
  0x80, 0x00, 0x40, 0xc4, 0x80, 0x0b, 0xc5, 0x00, 0x80, 0xc4, 0x40, 0x0b, 0x80, 0xc4, 0x40, 0x0a,
  0x43, 0x14, 0xc4, 0x80, 0x12, 0x80, 0xc5, 0x80, 0x10, 0x80, 0xc2, 0x80, 0xc3, 0x80, 0x0e, 0x80,
  0xc3, 0x00, 0x40, 0xc3, 0x40, 0x0c, 0x80, 0xc3, 0x02, 0x40, 0xc3, 0x40, 0x0b, 0x44, 0x03, 0x44,
  0x29, 0x45, 0x12, 0xc6, 0x80, 0x10, 0x40, 0xc7, 0x10, 0x80, 0xc7, 0x40, 0x0f, 0xc8, 0x80, 0x0e,
  0x40, 0xc9, 0x0e, 0x80, 0xc9, 0x40, 0x0d, 0xc4, 0x81, 0xc3, 0x80, 0x0c, 0x40, 0xc4, 0x41, 0xc4,
  0x0c, 0x80, 0xc4, 0x01, 0xc4, 0x40, 0x0b, 0xc4, 0x80, 0x01, 0x80, 0xc3, 0x80, 0x0a, 0x40, 0xc4,
  0x40, 0x01, 0x40, 0xc4, 0x0a, 0x80, 0xc4, 0x02, 0x40, 0xc4, 0x40, 0x09, 0xc4, 0x80, 0x03, 0xc4,
  0x80, 0x08, 0x40, 0xc4, 0x40, 0x03, 0x80, 0xc4, 0x08, 0x80, 0xc4, 0x04, 0x40, 0xc4, 0x40, 0x07,
  0xc4, 0x80, 0x45, 0xc5, 0x06, 0x40, 0xd1, 0x40, 0x05, 0x80, 0xd1, 0x80, 0x05, 0xd3, 0x04, 0x40,
  0xd3, 0x40, 0x03, 0xc5, 0x08, 0x40, 0xc4, 0x80, 0x02, 0x40, 0xc4, 0x80, 0x09, 0xc5, 0x02, 0x80,
  0xc4, 0x40, 0x09, 0x80, 0xc4, 0x40, 0x01, 0xc5, 0x0a, 0x40, 0xc4, 0x80, 0x00, 0x40, 0xc4, 0x80,
  0x0b, 0xc5, 0x00, 0x80, 0xc4, 0x40, 0x0b, 0x80, 0xc4, 0x40, 0x07, 0x40, 0xc1, 0x80, 0x40, 0x02,
  0x80, 0xc1, 0x0d, 0x40, 0xc4, 0x80, 0x41, 0xc2, 0x0d, 0xca, 0x80, 0x0c, 0x40, 0xc2, 0x00, 0x40,
  0xc5, 0x0d, 0x40, 0x82, 0x02, 0x40, 0x80, 0xc0, 0x80, 0x3f, 0x06, 0x45, 0x12, 0xc6, 0x80, 0x10,
  0x40, 0xc7, 0x10, 0x80, 0xc7, 0x40, 0x0f, 0xc8, 0x80, 0x0e, 0x40, 0xc9, 0x0e, 0x80, 0xc9, 0x40,
  0x0d, 0xc4, 0x81, 0xc3, 0x80, 0x0c, 0x40, 0xc4, 0x41, 0xc4, 0x0c, 0x80, 0xc4, 0x01, 0xc4, 0x40,
  0x0b, 0xc4, 0x80, 0x01, 0x80, 0xc3, 0x80, 0x0a, 0x40, 0xc4, 0x40, 0x01, 0x40, 0xc4, 0x0a, 0x80,
  0xc4, 0x02, 0x40, 0xc4, 0x40, 0x09, 0xc4, 0x80, 0x03, 0xc4, 0x80, 0x08, 0x40, 0xc4, 0x40, 0x03,
  0x80, 0xc4, 0x08, 0x80, 0xc4, 0x04, 0x40, 0xc4, 0x40, 0x07, 0xc4, 0x80, 0x45, 0xc5, 0x06, 0x40,
  0xd1, 0x40, 0x05, 0x80, 0xd1, 0x80, 0x05, 0xd3, 0x04, 0x40, 0xd3, 0x40, 0x03, 0xc5, 0x08, 0x40,
  0xc4, 0x80, 0x02, 0x40, 0xc4, 0x80, 0x09, 0xc5, 0x02, 0x80, 0xc4, 0x40, 0x09, 0x80, 0xc4, 0x40,
  0x01, 0xc5, 0x0a, 0x40, 0xc4, 0x80, 0x00, 0x40, 0xc4, 0x80, 0x0b, 0xc5, 0x00, 0x80, 0xc4, 0x40,
  0x0b, 0x80, 0xc4, 0x40, 0x07, 0x41, 0x04, 0x42, 0x0d, 0x40, 0xc3, 0x02, 0x40, 0xc2, 0x80, 0x0c,
  0x80, 0xc3, 0x80, 0x01, 0xc4, 0x40, 0x0b, 0x80, 0xc3, 0x80, 0x01, 0xc4, 0x40, 0x0b, 0x40, 0xc3,
  0x40, 0x01, 0x40, 0xc3, 0x0d, 0x40, 0x81, 0x40, 0x03, 0x40, 0x81, 0x3f, 0x05, 0x45, 0x12, 0xc6,
  0x80, 0x10, 0x40, 0xc7, 0x10, 0x80, 0xc7, 0x40, 0x0f, 0xc8, 0x80, 0x0e, 0x40, 0xc9, 0x0e, 0x80,
  0xc9, 0x40, 0x0d, 0xc4, 0x81, 0xc3, 0x80, 0x0c, 0x40, 0xc4, 0x41, 0xc4, 0x0c, 0x80, 0xc4, 0x01,
  0xc4, 0x40, 0x0b, 0xc4, 0x80, 0x01, 0x80, 0xc3, 0x80, 0x0a, 0x40, 0xc4, 0x40, 0x01, 0x40, 0xc4,
  0x0a, 0x80, 0xc4, 0x02, 0x40, 0xc4, 0x40, 0x09, 0xc4, 0x80, 0x03, 0xc4, 0x80, 0x08, 0x40, 0xc4,
  0x40, 0x03, 0x80, 0xc4, 0x08, 0x80, 0xc4, 0x04, 0x40, 0xc4, 0x40, 0x07, 0xc4, 0x80, 0x45, 0xc5,
  0x06, 0x40, 0xd1, 0x40, 0x05, 0x80, 0xd1, 0x80, 0x05, 0xd3, 0x04, 0x40, 0xd3, 0x40, 0x03, 0xc5,
  0x08, 0x40, 0xc4, 0x80, 0x02, 0x40, 0xc4, 0x80, 0x09, 0xc5, 0x02, 0x80, 0xc4, 0x40, 0x09, 0x80,
  0xc4, 0x40, 0x01, 0xc5, 0x0a, 0x40, 0xc4, 0x80, 0x00, 0x40, 0xc4, 0x80, 0x0b, 0xc5, 0x00, 0x80,
  0xc4, 0x40, 0x0b, 0x80, 0xc4, 0x40, 0x0b, 0x41, 0x15, 0x80, 0xc3, 0x40, 0x12, 0x80, 0xc5, 0x40,
  0x11, 0xc1, 0x80, 0x01, 0x80, 0xc0, 0x80, 0x11, 0xc1, 0x40, 0x01, 0x40, 0xc0, 0x80, 0x11, 0xc1,
  0x80, 0x01, 0x80, 0xc0, 0x80, 0x11, 0x40, 0xc5, 0x40, 0x12, 0x80, 0xc3, 0x40, 0x15, 0x41, 0x15,
  0x45, 0x12, 0xc6, 0x80, 0x10, 0x40, 0xc7, 0x10, 0x80, 0xc7, 0x40, 0x0f, 0xc8, 0x80, 0x0e, 0x40,
  0xc9, 0x0e, 0x80, 0xc9, 0x40, 0x0d, 0xc4, 0x81, 0xc3, 0x80, 0x0c, 0x40, 0xc4, 0x41, 0xc4, 0x0c,
  0x80, 0xc4, 0x01, 0xc4, 0x40, 0x0b, 0xc4, 0x80, 0x01, 0x80, 0xc3, 0x80, 0x0a, 0x40, 0xc4, 0x40,
  0x01, 0x40, 0xc4, 0x0a, 0x80, 0xc4, 0x02, 0x40, 0xc4, 0x40, 0x09, 0xc4, 0x80, 0x03, 0xc4, 0x80,
  0x08, 0x40, 0xc4, 0x40, 0x03, 0x80, 0xc4, 0x08, 0x80, 0xc4, 0x04, 0x40, 0xc4, 0x40, 0x07, 0xc4,
  0x80, 0x45, 0xc5, 0x06, 0x40, 0xd1, 0x40, 0x05, 0x80, 0xd1, 0x80, 0x05, 0xd3, 0x04, 0x40, 0xd3,
  0x40, 0x03, 0xc5, 0x08, 0x40, 0xc4, 0x80, 0x02, 0x40, 0xc4, 0x80, 0x09, 0xc5, 0x02, 0x80, 0xc4,
  0x40, 0x09, 0x80, 0xc4, 0x40, 0x01, 0xc5, 0x0a, 0x40, 0xc4, 0x80, 0x00, 0x40, 0xc4, 0x80, 0x0b,
  0xc5, 0x00, 0x80, 0xc4, 0x40, 0x0b, 0x80, 0xc4, 0x40, 0x0b, 0x55, 0x0c, 0x80, 0xd5, 0x40, 0x0a,
  0x40, 0xd6, 0x40, 0x0a, 0x80, 0xd6, 0x40, 0x0a, 0xd7, 0x40, 0x09, 0x80, 0xcb, 0x80, 0x4a, 0x0a,
  0xc4, 0x80, 0x41, 0xc4, 0x40, 0x14, 0x40, 0xc4, 0x40, 0x00, 0x40, 0xc4, 0x40, 0x14, 0x80, 0xc4,
  0x01, 0x40, 0xc4, 0x40, 0x13, 0x40, 0xc4, 0x80, 0x01, 0x40, 0xc4, 0x40, 0x13, 0x80, 0xc4, 0x02,
  0x40, 0xc4, 0x40, 0x13, 0xc4, 0x80, 0x02, 0x40, 0xc4, 0x80, 0x4a, 0x07, 0x80, 0xc4, 0x40, 0x02,
  0x40, 0xcf, 0x40, 0x07, 0xc5, 0x03, 0x40, 0xcf, 0x40, 0x06, 0x40, 0xc4, 0x80, 0x03, 0x40, 0xcf,
  0x40, 0x06, 0x80, 0xc4, 0x04, 0x40, 0xcf, 0x40, 0x05, 0x40, 0xc4, 0x80, 0x45, 0xc4, 0x4a, 0x06,
  0x80, 0xd0, 0x40, 0x10, 0xd1, 0x40, 0x0f, 0x80, 0xd1, 0x40, 0x0f, 0xd2, 0x40, 0x0e, 0x40, 0xc4,
  0x80, 0x06, 0x40, 0xc4, 0x40, 0x0e, 0x80, 0xc4, 0x40, 0x06, 0x40, 0xc4, 0x8b, 0x40, 0x01, 0x40,
  0xc4, 0x80, 0x07, 0x40, 0xd0, 0x40, 0x01, 0x80, 0xc4, 0x40, 0x07, 0x40, 0xd0, 0x40, 0x01, 0xc5,
  0x08, 0x40, 0xd0, 0x40, 0x00, 0x80, 0xc4, 0x80, 0x08, 0x40, 0xd0, 0x40, 0x00, 0x09, 0x41, 0x82,
  0x41, 0x10, 0x80, 0xc8, 0x80, 0x0c, 0x80, 0xcc, 0x40, 0x09, 0x80, 0xce, 0x80, 0x07, 0x80, 0xd0,
  0x80, 0x05, 0x40, 0xc6, 0x80, 0x42, 0x80, 0xc6, 0x40, 0x04, 0xc5, 0x80, 0x06, 0x80, 0xc4, 0x80,
  0x03, 0x80, 0xc4, 0x80, 0x08, 0x80, 0xc4, 0x40, 0x02, 0xc5, 0x09, 0x40, 0xc4, 0x40, 0x01, 0x40,
  0xc4, 0x80, 0x0a, 0xc4, 0x80, 0x01, 0x40, 0xc4, 0x40, 0x12, 0x80, 0xc4, 0x13, 0x80, 0xc4, 0x13,
  0x80, 0xc4, 0x13, 0x80, 0xc4, 0x13, 0x80, 0xc4, 0x13, 0x80, 0xc4, 0x13, 0x40, 0xc4, 0x40, 0x12,
  0x40, 0xc4, 0x80, 0x0a, 0xc4, 0x80, 0x02, 0xc5, 0x09, 0x40, 0xc4, 0x40, 0x02, 0x80, 0xc4, 0x80,
  0x08, 0xc5, 0x04, 0xc6, 0x40, 0x04, 0x40, 0xc5, 0x80, 0x04, 0x40, 0xc7, 0x83, 0xc6, 0x06, 0x80,
  0xd0, 0x40, 0x07, 0x80, 0xce, 0x40, 0x09, 0x40, 0xcc, 0x40, 0x0c, 0x40, 0x80, 0xc6, 0x80, 0x40,
  0x11, 0x40, 0xc1, 0x80, 0x40, 0x14, 0x40, 0xc2, 0x80, 0x14, 0x40, 0x80, 0xc3, 0x15, 0x40, 0xc2,
  0x40, 0x15, 0xc2, 0x40, 0x12, 0x41, 0x80, 0xc2, 0x12, 0x40, 0xc4, 0x40, 0x12, 0x40, 0xc2, 0x80,
  0x40, 0x14, 0x40, 0x0d, 0x04, 0x44, 0x0f, 0x40, 0xc3, 0x80, 0x0f, 0x80, 0xc3, 0x10, 0xc3, 0x40,
  0x0f, 0x40, 0xc3, 0x10, 0x40, 0xc2, 0x40, 0x33, 0x50, 0x02, 0x40, 0xd0, 0x40, 0x01, 0x40, 0xd0,
  0x40, 0x01, 0x40, 0xd0, 0x40, 0x01, 0x40, 0xd0, 0x40, 0x01, 0x40, 0xc4, 0x80, 0x4a, 0x02, 0x40,
  0xc4, 0x40, 0x0d, 0x40, 0xc4, 0x40, 0x0d, 0x40, 0xc4, 0x40, 0x0d, 0x40, 0xc4, 0x40, 0x0d, 0x40,
  0xc4, 0x40, 0x0d, 0x40, 0xc4, 0x80, 0x4a, 0x02, 0x40, 0xcf, 0x40, 0x02, 0x40, 0xcf, 0x40, 0x02,
  0x40, 0xcf, 0x40, 0x02, 0x40, 0xcf, 0x40, 0x02, 0x40, 0xc4, 0x40, 0x0d, 0x40, 0xc4, 0x40, 0x0d,
  0x40, 0xc4, 0x40, 0x0d, 0x40, 0xc4, 0x40, 0x0d, 0x40, 0xc4, 0x40, 0x0d, 0x40, 0xc4, 0x40, 0x0d,
  0x40, 0xc4, 0x8b, 0x40, 0x01, 0x40, 0xd0, 0x40, 0x01, 0x40, 0xd0, 0x40, 0x01, 0x40, 0xd0, 0x40,
  0x01, 0x40, 0xd0, 0x40, 0x00, 0x0a, 0x44, 0x0e, 0x40, 0xc3, 0x40, 0x0e, 0xc3, 0x80, 0x0e, 0x40,
  0xc3, 0x0f, 0x80, 0xc2, 0x40, 0x0e, 0x40, 0xc2, 0x80, 0x33, 0x50, 0x02, 0x40, 0xd0, 0x40, 0x01,
  0x40, 0xd0, 0x40, 0x01, 0x40, 0xd0, 0x40, 0x01, 0x40, 0xd0, 0x40, 0x01, 0x40, 0xc4, 0x80, 0x4a,
  0x02, 0x40, 0xc4, 0x40, 0x0d, 0x40, 0xc4, 0x40, 0x0d, 0x40, 0xc4, 0x40, 0x0d, 0x40, 0xc4, 0x40,
  0x0d, 0x40, 0xc4, 0x40, 0x0d, 0x40, 0xc4, 0x80, 0x4a, 0x02, 0x40, 0xcf, 0x40, 0x02, 0x40, 0xcf,
  0x40, 0x02, 0x40, 0xcf, 0x40, 0x02, 0x40, 0xcf, 0x40, 0x02, 0x40, 0xc4, 0x40, 0x0d, 0x40, 0xc4,
  0x40, 0x0d, 0x40, 0xc4, 0x40, 0x0d, 0x40, 0xc4, 0x40, 0x0d, 0x40, 0xc4, 0x40, 0x0d, 0x40, 0xc4,
  0x40, 0x0d, 0x40, 0xc4, 0x8b, 0x40, 0x01, 0x40, 0xd0, 0x40, 0x01, 0x40, 0xd0, 0x40, 0x01, 0x40,
  0xd0, 0x40, 0x01, 0x40, 0xd0, 0x40, 0x00, 0x07, 0x44, 0x0e, 0x40, 0xc4, 0x40, 0x0c, 0x40, 0xc6,
  0x40, 0x0a, 0x40, 0xc3, 0x80, 0xc3, 0x40, 0x09, 0xc3, 0x80, 0x00, 0x80, 0xc3, 0x40, 0x07, 0xc3,
  0x80, 0x02, 0x80, 0xc3, 0x06, 0x44, 0x04, 0x44, 0x19, 0x50, 0x02, 0x40, 0xd0, 0x40, 0x01, 0x40,
  0xd0, 0x40, 0x01, 0x40, 0xd0, 0x40, 0x01, 0x40, 0xd0, 0x40, 0x01, 0x40, 0xc4, 0x80, 0x4a, 0x02,
  0x40, 0xc4, 0x40, 0x0d, 0x40, 0xc4, 0x40, 0x0d, 0x40, 0xc4, 0x40, 0x0d, 0x40, 0xc4, 0x40, 0x0d,
  0x40, 0xc4, 0x40, 0x0d, 0x40, 0xc4, 0x80, 0x4a, 0x02, 0x40, 0xcf, 0x40, 0x02, 0x40, 0xcf, 0x40,
  0x02, 0x40, 0xcf, 0x40, 0x02, 0x40, 0xcf, 0x40, 0x02, 0x40, 0xc4, 0x40, 0x0d, 0x40, 0xc4, 0x40,
  0x0d, 0x40, 0xc4, 0x40, 0x0d, 0x40, 0xc4, 0x40, 0x0d, 0x40, 0xc4, 0x40, 0x0d, 0x40, 0xc4, 0x40,
  0x0d, 0x40, 0xc4, 0x8b, 0x40, 0x01, 0x40, 0xd0, 0x40, 0x01, 0x40, 0xd0, 0x40, 0x01, 0x40, 0xd0,
  0x40, 0x01, 0x40, 0xd0, 0x40, 0x00, 0x04, 0x40, 0x80, 0x40, 0x04, 0x40, 0x80, 0x40, 0x08, 0x40,
  0xc2, 0x80, 0x02, 0x80, 0xc2, 0x80, 0x07, 0xc4, 0x40, 0x01, 0xc4, 0x07, 0xc4, 0x40, 0x01, 0xc4,
  0x07, 0x80, 0xc2, 0x80, 0x02, 0x80, 0xc2, 0x80, 0x08, 0x40, 0x81, 0x04, 0x40, 0x80, 0x40, 0x30,
  0x50, 0x02, 0x40, 0xd0, 0x40, 0x01, 0x40, 0xd0, 0x40, 0x01, 0x40, 0xd0, 0x40, 0x01, 0x40, 0xd0,
  0x40, 0x01, 0x40, 0xc4, 0x80, 0x4a, 0x02, 0x40, 0xc4, 0x40, 0x0d, 0x40, 0xc4, 0x40, 0x0d, 0x40,
  0xc4, 0x40, 0x0d, 0x40, 0xc4, 0x40, 0x0d, 0x40, 0xc4, 0x40, 0x0d, 0x40, 0xc4, 0x80, 0x4a, 0x02,
  0x40, 0xcf, 0x40, 0x02, 0x40, 0xcf, 0x40, 0x02, 0x40, 0xcf, 0x40, 0x02, 0x40, 0xcf, 0x40, 0x02,
  0x40, 0xc4, 0x40, 0x0d, 0x40, 0xc4, 0x40, 0x0d, 0x40, 0xc4, 0x40, 0x0d, 0x40, 0xc4, 0x40, 0x0d,
  0x40, 0xc4, 0x40, 0x0d, 0x40, 0xc4, 0x40, 0x0d, 0x40, 0xc4, 0x8b, 0x40, 0x01, 0x40, 0xd0, 0x40,
  0x01, 0x40, 0xd0, 0x40, 0x01, 0x40, 0xd0, 0x40, 0x01, 0x40, 0xd0, 0x40, 0x00, 0x44, 0x04, 0x40,
  0xc3, 0x40, 0x04, 0x80, 0xc3, 0x05, 0xc3, 0x40, 0x04, 0x40, 0xc2, 0x80, 0x05, 0x80, 0xc2, 0x40,
  0x18, 0x44, 0x03, 0x40, 0xc4, 0x40, 0x02, 0x40, 0xc4, 0x40, 0x02, 0x40, 0xc4, 0x40, 0x02, 0x40,
  0xc4, 0x40, 0x02, 0x40, 0xc4, 0x40, 0x02, 0x40, 0xc4, 0x40, 0x02, 0x40, 0xc4, 0x40, 0x02, 0x40,
  0xc4, 0x40, 0x02, 0x40, 0xc4, 0x40, 0x02, 0x40, 0xc4, 0x40, 0x02, 0x40, 0xc4, 0x40, 0x02, 0x40,
  0xc4, 0x40, 0x02, 0x40, 0xc4, 0x40, 0x02, 0x40, 0xc4, 0x40, 0x02, 0x40, 0xc4, 0x40, 0x02, 0x40,
  0xc4, 0x40, 0x02, 0x40, 0xc4, 0x40, 0x02, 0x40, 0xc4, 0x40, 0x02, 0x40, 0xc4, 0x40, 0x02, 0x40,
  0xc4, 0x40, 0x02, 0x40, 0xc4, 0x40, 0x02, 0x40, 0xc4, 0x40, 0x02, 0x40, 0xc4, 0x40, 0x02, 0x40,
  0xc4, 0x40, 0x02, 0x40, 0xc4, 0x40, 0x02, 0x40, 0xc4, 0x40, 0x00, 0x04, 0x44, 0x03, 0x80, 0xc3,
  0x40, 0x03, 0xc3, 0x80, 0x03, 0x40, 0xc3, 0x04, 0xc3, 0x40, 0x03, 0x40, 0xc2, 0x40, 0x18, 0x44,
  0x03, 0x40, 0xc4, 0x40, 0x02, 0x40, 0xc4, 0x40, 0x02, 0x40, 0xc4, 0x40, 0x02, 0x40, 0xc4, 0x40,
  0x02, 0x40, 0xc4, 0x40, 0x02, 0x40, 0xc4, 0x40, 0x02, 0x40, 0xc4, 0x40, 0x02, 0x40, 0xc4, 0x40,
  0x02, 0x40, 0xc4, 0x40, 0x02, 0x40, 0xc4, 0x40, 0x02, 0x40, 0xc4, 0x40, 0x02, 0x40, 0xc4, 0x40,
  0x02, 0x40, 0xc4, 0x40, 0x02, 0x40, 0xc4, 0x40, 0x02, 0x40, 0xc4, 0x40, 0x02, 0x40, 0xc4, 0x40,
  0x02, 0x40, 0xc4, 0x40, 0x02, 0x40, 0xc4, 0x40, 0x02, 0x40, 0xc4, 0x40, 0x02, 0x40, 0xc4, 0x40,
  0x02, 0x40, 0xc4, 0x40, 0x02, 0x40, 0xc4, 0x40, 0x02, 0x40, 0xc4, 0x40, 0x02, 0x40, 0xc4, 0x40,
  0x02, 0x40, 0xc4, 0x40, 0x02, 0x40, 0xc4, 0x40, 0x01, 0x04, 0x44, 0x08, 0x40, 0xc4, 0x40, 0x06,
  0x40, 0xc6, 0x40, 0x04, 0x40, 0xc3, 0x80, 0xc3, 0x40, 0x02, 0x40, 0xc3, 0x80, 0x00, 0x80, 0xc3,
  0x02, 0xc3, 0x80, 0x02, 0x80, 0xc3, 0x00, 0x44, 0x04, 0x44, 0x13, 0x44, 0x08, 0x40, 0xc4, 0x40,
  0x07, 0x40, 0xc4, 0x40, 0x07, 0x40, 0xc4, 0x40, 0x07, 0x40, 0xc4, 0x40, 0x07, 0x40, 0xc4, 0x40,
  0x07, 0x40, 0xc4, 0x40, 0x07, 0x40, 0xc4, 0x40, 0x07, 0x40, 0xc4, 0x40, 0x07, 0x40, 0xc4, 0x40,
  0x07, 0x40, 0xc4, 0x40, 0x07, 0x40, 0xc4, 0x40, 0x07, 0x40, 0xc4, 0x40, 0x07, 0x40, 0xc4, 0x40,
  0x07, 0x40, 0xc4, 0x40, 0x07, 0x40, 0xc4, 0x40, 0x07, 0x40, 0xc4, 0x40, 0x07, 0x40, 0xc4, 0x40,
  0x07, 0x40, 0xc4, 0x40, 0x07, 0x40, 0xc4, 0x40, 0x07, 0x40, 0xc4, 0x40, 0x07, 0x40, 0xc4, 0x40,
  0x07, 0x40, 0xc4, 0x40, 0x07, 0x40, 0xc4, 0x40, 0x07, 0x40, 0xc4, 0x40, 0x07, 0x40, 0xc4, 0x40,
  0x07, 0x40, 0xc4, 0x40, 0x03, 0x01, 0x40, 0x80, 0x40, 0x04, 0x40, 0x80, 0x40, 0x02, 0x80, 0xc2,
  0x80, 0x02, 0x80, 0xc2, 0x40, 0x01, 0xc4, 0x01, 0x40, 0xc4, 0x01, 0xc4, 0x40, 0x00, 0x40, 0xc4,
  0x01, 0x80, 0xc2, 0x80, 0x02, 0x80, 0xc2, 0x80, 0x02, 0x40, 0x80, 0x40, 0x04, 0x81, 0x40, 0x24,
  0x44, 0x08, 0x40, 0xc4, 0x40, 0x07, 0x40, 0xc4, 0x40, 0x07, 0x40, 0xc4, 0x40, 0x07, 0x40, 0xc4,
  0x40, 0x07, 0x40, 0xc4, 0x40, 0x07, 0x40, 0xc4, 0x40, 0x07, 0x40, 0xc4, 0x40, 0x07, 0x40, 0xc4,
  0x40, 0x07, 0x40, 0xc4, 0x40, 0x07, 0x40, 0xc4, 0x40, 0x07, 0x40, 0xc4, 0x40, 0x07, 0x40, 0xc4,
  0x40, 0x07, 0x40, 0xc4, 0x40, 0x07, 0x40, 0xc4, 0x40, 0x07, 0x40, 0xc4, 0x40, 0x07, 0x40, 0xc4,
  0x40, 0x07, 0x40, 0xc4, 0x40, 0x07, 0x40, 0xc4, 0x40, 0x07, 0x40, 0xc4, 0x40, 0x07, 0x40, 0xc4,
  0x40, 0x07, 0x40, 0xc4, 0x40, 0x07, 0x40, 0xc4, 0x40, 0x07, 0x40, 0xc4, 0x40, 0x07, 0x40, 0xc4,
  0x40, 0x07, 0x40, 0xc4, 0x40, 0x07, 0x40, 0xc4, 0x40, 0x03, 0x03, 0x49, 0x0f, 0x40, 0xcc, 0x80,
  0x40, 0x0a, 0x40, 0xce, 0x80, 0x40, 0x08, 0x40, 0xd0, 0x40, 0x07, 0x40, 0xd1, 0x80, 0x06, 0x40,
  0xc4, 0x85, 0xc7, 0x40, 0x05, 0x40, 0xc4, 0x40, 0x05, 0x40, 0x80, 0xc5, 0x05, 0x40, 0xc4, 0x40,
  0x07, 0x80, 0xc4, 0x80, 0x04, 0x40, 0xc4, 0x40, 0x08, 0xc5, 0x04, 0x40, 0xc4, 0x40, 0x08, 0x40,
  0xc4, 0x40, 0x03, 0x40, 0xc4, 0x40, 0x09, 0xc4, 0x40, 0x00, 0x43, 0xc4, 0x43, 0x06, 0xc4, 0x80,
  0x00, 0xcb, 0x80, 0x06, 0x80, 0xc3, 0x80, 0x00, 0xcb, 0x80, 0x06, 0x80, 0xc3, 0x80, 0x00, 0xcb,
  0x80, 0x06, 0x80, 0xc3, 0x80, 0x03, 0x40, 0xc4, 0x40, 0x09, 0x80, 0xc3, 0x80, 0x03, 0x40, 0xc4,
  0x40, 0x09, 0xc4, 0x80, 0x03, 0x40, 0xc4, 0x40, 0x08, 0x40, 0xc4, 0x40, 0x03, 0x40, 0xc4, 0x40,
  0x08, 0x80, 0xc4, 0x40, 0x03, 0x40, 0xc4, 0x40, 0x08, 0xc5, 0x04, 0x40, 0xc4, 0x40, 0x07, 0x80,
  0xc4, 0x40, 0x04, 0x40, 0xc4, 0x40, 0x05, 0x40, 0xc6, 0x05, 0x40, 0xc4, 0x84, 0xc8, 0x40, 0x05,
  0x40, 0xd1, 0x40, 0x06, 0x40, 0xd0, 0x40, 0x07, 0x40, 0xce, 0x80, 0x09, 0x40, 0xca, 0x81, 0x40,
  0x08, 0x07, 0x80, 0xc1, 0x80, 0x40, 0x02, 0xc1, 0x80, 0x0c, 0x80, 0xc4, 0x80, 0x40, 0x80, 0xc1,
  0x80, 0x0c, 0xca, 0x40, 0x0b, 0x40, 0xc1, 0x80, 0x00, 0x40, 0xc4, 0x80, 0x0c, 0x40, 0x81, 0x40,
  0x02, 0x81, 0xc0, 0x80, 0x3b, 0x43, 0x0b, 0x44, 0x02, 0x40, 0xc4, 0x0a, 0xc4, 0x80, 0x01, 0x40,
  0xc4, 0x80, 0x09, 0xc4, 0x80, 0x01, 0x40, 0xc5, 0x40, 0x08, 0xc4, 0x80, 0x01, 0x40, 0xc6, 0x08,
  0xc4, 0x80, 0x01, 0x40, 0xc6, 0x80, 0x07, 0xc4, 0x80, 0x01, 0x40, 0xc7, 0x40, 0x06, 0xc4, 0x80,
  0x01, 0x40, 0xc8, 0x06, 0xc4, 0x80, 0x01, 0x40, 0xc8, 0x80, 0x05, 0xc4, 0x80, 0x01, 0x40, 0xc9,
  0x80, 0x04, 0xc4, 0x80, 0x01, 0x40, 0xc4, 0x80, 0xc4, 0x40, 0x03, 0xc4, 0x80, 0x01, 0x40, 0xc4,
  0x40, 0xc5, 0x03, 0xc4, 0x80, 0x01, 0x40, 0xc4, 0x41, 0xc4, 0x80, 0x02, 0xc4, 0x80, 0x01, 0x40,
  0xc4, 0x40, 0x00, 0x80, 0xc4, 0x40, 0x01, 0xc4, 0x80, 0x01, 0x40, 0xc4, 0x40, 0x01, 0x80, 0xc4,
  0x01, 0xc4, 0x80, 0x01, 0x40, 0xc4, 0x40, 0x02, 0xc4, 0x80, 0x00, 0xc4, 0x80, 0x01, 0x40, 0xc4,
  0x40, 0x02, 0x40, 0xc4, 0x40, 0xc4, 0x80, 0x01, 0x40, 0xc4, 0x40, 0x03, 0x80, 0xc9, 0x80, 0x01,
  0x40, 0xc4, 0x40, 0x04, 0xc9, 0x80, 0x01, 0x40, 0xc4, 0x40, 0x04, 0x40, 0xc8, 0x80, 0x01, 0x40,
  0xc4, 0x40, 0x05, 0x80, 0xc7, 0x80, 0x01, 0x40, 0xc4, 0x40, 0x06, 0xc7, 0x80, 0x01, 0x40, 0xc4,
  0x40, 0x06, 0x40, 0xc6, 0x80, 0x01, 0x40, 0xc4, 0x40, 0x07, 0x80, 0xc5, 0x80, 0x01, 0x40, 0xc4,
  0x40, 0x08, 0xc5, 0x80, 0x01, 0x40, 0xc4, 0x40, 0x08, 0x40, 0xc4, 0x80, 0x01, 0x40, 0xc4, 0x40,
  0x09, 0x80, 0xc3, 0x80, 0x00, 0x07, 0x44, 0x15, 0x40, 0xc3, 0x40, 0x15, 0x80, 0xc3, 0x16, 0xc3,
  0x40, 0x15, 0x40, 0xc3, 0x16, 0x80, 0xc2, 0x40, 0x3f, 0x0a, 0x41, 0x82, 0x41, 0x11, 0x80, 0xc8,
  0x80, 0x0d, 0x80, 0xcc, 0x40, 0x0a, 0x80, 0xce, 0x80, 0x08, 0x80, 0xd0, 0x80, 0x06, 0x40, 0xc6,
  0x80, 0x42, 0x80, 0xc6, 0x40, 0x05, 0xc5, 0x80, 0x06, 0x80, 0xc5, 0x04, 0x80, 0xc4, 0x80, 0x08,
  0x80, 0xc4, 0x80, 0x03, 0xc5, 0x0a, 0xc5, 0x02, 0x40, 0xc4, 0x80, 0x0a, 0x80, 0xc4, 0x40, 0x01,
  0x40, 0xc4, 0x40, 0x0a, 0x40, 0xc4, 0x40, 0x01, 0x80, 0xc4, 0x0c, 0xc4, 0x80, 0x01, 0x80, 0xc4,
  0x0c, 0xc4, 0x80, 0x01, 0x80, 0xc4, 0x0c, 0xc4, 0x80, 0x01, 0x80, 0xc4, 0x0c, 0xc4, 0x80, 0x01,
  0x80, 0xc4, 0x0c, 0xc4, 0x80, 0x01, 0x80, 0xc4, 0x0c, 0xc4, 0x80, 0x01, 0x40, 0xc4, 0x40, 0x0a,
  0x40, 0xc4, 0x40, 0x01, 0x40, 0xc4, 0x80, 0x0a, 0x80, 0xc4, 0x40, 0x02, 0xc5, 0x09, 0x40, 0xc5,
  0x03, 0x40, 0xc4, 0x80, 0x08, 0xc5, 0x40, 0x04, 0xc6, 0x40, 0x04, 0x40, 0xc6, 0x05, 0x40, 0xc6,
  0x83, 0xc7, 0x40, 0x06, 0x80, 0xd0, 0x80, 0x08, 0x80, 0xce, 0x80, 0x0a, 0x40, 0xcc, 0x40, 0x0d,
  0x40, 0x80, 0xc6, 0x80, 0x40, 0x12, 0x44, 0x0a, 0x0d, 0x44, 0x14, 0x80, 0xc3, 0x40, 0x14, 0xc3,
  0x80, 0x14, 0x40, 0xc3, 0x15, 0xc3, 0x40, 0x14, 0x40, 0xc2, 0x80, 0x3f, 0x0a, 0x41, 0x82, 0x41,
  0x11, 0x80, 0xc8, 0x80, 0x0d, 0x80, 0xcc, 0x40, 0x0a, 0x80, 0xce, 0x80, 0x08, 0x80, 0xd0, 0x80,
  0x06, 0x40, 0xc6, 0x80, 0x42, 0x80, 0xc6, 0x40, 0x05, 0xc5, 0x80, 0x06, 0x80, 0xc5, 0x04, 0x80,
  0xc4, 0x80, 0x08, 0x80, 0xc4, 0x80, 0x03, 0xc5, 0x0a, 0xc5, 0x02, 0x40, 0xc4, 0x80, 0x0a, 0x80,
  0xc4, 0x40, 0x01, 0x40, 0xc4, 0x40, 0x0a, 0x40, 0xc4, 0x40, 0x01, 0x80, 0xc4, 0x0c, 0xc4, 0x80,
  0x01, 0x80, 0xc4, 0x0c, 0xc4, 0x80, 0x01, 0x80, 0xc4, 0x0c, 0xc4, 0x80, 0x01, 0x80, 0xc4, 0x0c,
  0xc4, 0x80, 0x01, 0x80, 0xc4, 0x0c, 0xc4, 0x80, 0x01, 0x80, 0xc4, 0x0c, 0xc4, 0x80, 0x01, 0x40,
  0xc4, 0x40, 0x0a, 0x40, 0xc4, 0x40, 0x01, 0x40, 0xc4, 0x80, 0x0a, 0x80, 0xc4, 0x40, 0x02, 0xc5,
  0x09, 0x40, 0xc5, 0x03, 0x40, 0xc4, 0x80, 0x08, 0xc5, 0x40, 0x04, 0xc6, 0x40, 0x04, 0x40, 0xc6,
  0x05, 0x40, 0xc6, 0x83, 0xc7, 0x40, 0x06, 0x80, 0xd0, 0x80, 0x08, 0x80, 0xce, 0x80, 0x0a, 0x40,
  0xcc, 0x40, 0x0d, 0x40, 0x80, 0xc6, 0x80, 0x40, 0x12, 0x44, 0x0a, 0x0a, 0x44, 0x14, 0x40, 0xc4,
  0x40, 0x12, 0x40, 0xc6, 0x40, 0x10, 0x40, 0xc3, 0x80, 0xc3, 0x40, 0x0f, 0xc3, 0x80, 0x00, 0x80,
  0xc3, 0x0e, 0xc3, 0x80, 0x02, 0x80, 0xc3, 0x0c, 0x44, 0x04, 0x44, 0x2a, 0x41, 0x82, 0x41, 0x11,
  0x80, 0xc8, 0x80, 0x0d, 0x80, 0xcc, 0x40, 0x0a, 0x80, 0xce, 0x80, 0x08, 0x80, 0xd0, 0x80, 0x06,
  0x40, 0xc6, 0x80, 0x42, 0x80, 0xc6, 0x40, 0x05, 0xc5, 0x80, 0x06, 0x80, 0xc5, 0x04, 0x80, 0xc4,
  0x80, 0x08, 0x80, 0xc4, 0x80, 0x03, 0xc5, 0x0a, 0xc5, 0x02, 0x40, 0xc4, 0x80, 0x0a, 0x80, 0xc4,
  0x40, 0x01, 0x40, 0xc4, 0x40, 0x0a, 0x40, 0xc4, 0x40, 0x01, 0x80, 0xc4, 0x0c, 0xc4, 0x80, 0x01,
  0x80, 0xc4, 0x0c, 0xc4, 0x80, 0x01, 0x80, 0xc4, 0x0c, 0xc4, 0x80, 0x01, 0x80, 0xc4, 0x0c, 0xc4,
  0x80, 0x01, 0x80, 0xc4, 0x0c, 0xc4, 0x80, 0x01, 0x80, 0xc4, 0x0c, 0xc4, 0x80, 0x01, 0x40, 0xc4,
  0x40, 0x0a, 0x40, 0xc4, 0x40, 0x01, 0x40, 0xc4, 0x80, 0x0a, 0x80, 0xc4, 0x40, 0x02, 0xc5, 0x09,
  0x40, 0xc5, 0x03, 0x40, 0xc4, 0x80, 0x08, 0xc5, 0x40, 0x04, 0xc6, 0x40, 0x04, 0x40, 0xc6, 0x05,
  0x40, 0xc6, 0x83, 0xc7, 0x40, 0x06, 0x80, 0xd0, 0x80, 0x08, 0x80, 0xce, 0x80, 0x0a, 0x40, 0xcc,
  0x40, 0x0d, 0x40, 0x80, 0xc6, 0x80, 0x40, 0x12, 0x44, 0x0a, 0x08, 0x80, 0xc1, 0x80, 0x40, 0x01,
  0x40, 0xc1, 0x80, 0x0e, 0x80, 0xc4, 0x80, 0x40, 0x80, 0xc1, 0x80, 0x0d, 0x40, 0xca, 0x40, 0x0d,
  0x80, 0xc1, 0x80, 0x00, 0x40, 0xc4, 0x80, 0x0e, 0x82, 0x40, 0x02, 0x80, 0xc0, 0x81, 0x3f, 0x08,
  0x41, 0x82, 0x41, 0x11, 0x80, 0xc8, 0x80, 0x0d, 0x80, 0xcc, 0x40, 0x0a, 0x80, 0xce, 0x80, 0x08,
  0x80, 0xd0, 0x80, 0x06, 0x40, 0xc6, 0x80, 0x42, 0x80, 0xc6, 0x40, 0x05, 0xc5, 0x80, 0x06, 0x80,
  0xc5, 0x04, 0x80, 0xc4, 0x80, 0x08, 0x80, 0xc4, 0x80, 0x03, 0xc5, 0x0a, 0xc5, 0x02, 0x40, 0xc4,
  0x80, 0x0a, 0x80, 0xc4, 0x40, 0x01, 0x40, 0xc4, 0x40, 0x0a, 0x40, 0xc4, 0x40, 0x01, 0x80, 0xc4,
  0x0c, 0xc4, 0x80, 0x01, 0x80, 0xc4, 0x0c, 0xc4, 0x80, 0x01, 0x80, 0xc4, 0x0c, 0xc4, 0x80, 0x01,
  0x80, 0xc4, 0x0c, 0xc4, 0x80, 0x01, 0x80, 0xc4, 0x0c, 0xc4, 0x80, 0x01, 0x80, 0xc4, 0x0c, 0xc4,
  0x80, 0x01, 0x40, 0xc4, 0x40, 0x0a, 0x40, 0xc4, 0x40, 0x01, 0x40, 0xc4, 0x80, 0x0a, 0x80, 0xc4,
  0x40, 0x02, 0xc5, 0x09, 0x40, 0xc5, 0x03, 0x40, 0xc4, 0x80, 0x08, 0xc5, 0x40, 0x04, 0xc6, 0x40,
  0x04, 0x40, 0xc6, 0x05, 0x40, 0xc6, 0x83, 0xc7, 0x40, 0x06, 0x80, 0xd0, 0x80, 0x08, 0x80, 0xce,
  0x80, 0x0a, 0x40, 0xcc, 0x40, 0x0d, 0x40, 0x80, 0xc6, 0x80, 0x40, 0x12, 0x44, 0x0a, 0x07, 0x40,
  0x80, 0x40, 0x04, 0x40, 0x80, 0x40, 0x0e, 0x80, 0xc2, 0x80, 0x02, 0x80, 0xc2, 0x40, 0x0d, 0xc4,
  0x01, 0x40, 0xc4, 0x0d, 0xc4, 0x40, 0x00, 0x40, 0xc4, 0x0d, 0x80, 0xc2, 0x80, 0x02, 0x80, 0xc2,
  0x80, 0x0e, 0x40, 0x80, 0x40, 0x04, 0x81, 0x40, 0x3f, 0x07, 0x41, 0x82, 0x41, 0x11, 0x80, 0xc8,
  0x80, 0x0d, 0x80, 0xcc, 0x40, 0x0a, 0x80, 0xce, 0x80, 0x08, 0x80, 0xd0, 0x80, 0x06, 0x40, 0xc6,
  0x80, 0x42, 0x80, 0xc6, 0x40, 0x05, 0xc5, 0x80, 0x06, 0x80, 0xc5, 0x04, 0x80, 0xc4, 0x80, 0x08,
  0x80, 0xc4, 0x80, 0x03, 0xc5, 0x0a, 0xc5, 0x02, 0x40, 0xc4, 0x80, 0x0a, 0x80, 0xc4, 0x40, 0x01,
  0x40, 0xc4, 0x40, 0x0a, 0x40, 0xc4, 0x40, 0x01, 0x80, 0xc4, 0x0c, 0xc4, 0x80, 0x01, 0x80, 0xc4,
  0x0c, 0xc4, 0x80, 0x01, 0x80, 0xc4, 0x0c, 0xc4, 0x80, 0x01, 0x80, 0xc4, 0x0c, 0xc4, 0x80, 0x01,
  0x80, 0xc4, 0x0c, 0xc4, 0x80, 0x01, 0x80, 0xc4, 0x0c, 0xc4, 0x80, 0x01, 0x40, 0xc4, 0x40, 0x0a,
  0x40, 0xc4, 0x40, 0x01, 0x40, 0xc4, 0x80, 0x0a, 0x80, 0xc4, 0x40, 0x02, 0xc5, 0x09, 0x40, 0xc5,
  0x03, 0x40, 0xc4, 0x80, 0x08, 0xc5, 0x40, 0x04, 0xc6, 0x40, 0x04, 0x40, 0xc6, 0x05, 0x40, 0xc6,
  0x83, 0xc7, 0x40, 0x06, 0x80, 0xd0, 0x80, 0x08, 0x80, 0xce, 0x80, 0x0a, 0x40, 0xcc, 0x40, 0x0d,
  0x40, 0x80, 0xc6, 0x80, 0x40, 0x12, 0x44, 0x0a, 0x04, 0x80, 0x0a, 0x80, 0x08, 0x80, 0xc1, 0x08,
  0x80, 0xc0, 0x80, 0x06, 0x80, 0xc3, 0x06, 0x80, 0xc2, 0x80, 0x04, 0x40, 0xc5, 0x04, 0x80, 0xc4,
  0x80, 0x04, 0x80, 0xc5, 0x02, 0x80, 0xc5, 0x06, 0x80, 0xc5, 0x00, 0x80, 0xc5, 0x08, 0x80, 0xcb,
  0x0a, 0x80, 0xc9, 0x0c, 0x80, 0xc7, 0x0e, 0xc6, 0x40, 0x0d, 0x80, 0xc7, 0x0c, 0x80, 0xc9, 0x0a,
  0x80, 0xcb, 0x08, 0x80, 0xc5, 0x40, 0x80, 0xc5, 0x06, 0x80, 0xc5, 0x02, 0x80, 0xc5, 0x04, 0x40,
  0xc5, 0x04, 0x80, 0xc4, 0x80, 0x04, 0x80, 0xc3, 0x06, 0x80, 0xc3, 0x06, 0x80, 0xc1, 0x08, 0x80,
  0xc1, 0x08, 0x80, 0x0a, 0x80, 0x1b, 0x14, 0x40, 0x0e, 0x41, 0x82, 0x41, 0x03, 0xc0, 0x80, 0x0b,
  0x80, 0xc8, 0x80, 0x00, 0x80, 0xc2, 0x08, 0x80, 0xcf, 0x40, 0x07, 0x80, 0xcf, 0x80, 0x07, 0x80,
  0xd0, 0x80, 0x06, 0x40, 0xc6, 0x80, 0x42, 0x80, 0xc6, 0x40, 0x05, 0xc5, 0x80, 0x05, 0x40, 0xc6,
  0x04, 0x80, 0xc4, 0x80, 0x06, 0xc7, 0x80, 0x03, 0xc5, 0x06, 0x80, 0xc8, 0x02, 0x40, 0xc4, 0x80,
  0x05, 0x40, 0xc2, 0x40, 0x80, 0xc4, 0x40, 0x01, 0x40, 0xc4, 0x40, 0x05, 0xc2, 0x80, 0x00, 0x40,
  0xc4, 0x40, 0x01, 0x80, 0xc4, 0x05, 0x80, 0xc2, 0x02, 0xc4, 0x80, 0x01, 0x80, 0xc4, 0x04, 0x40,
  0xc2, 0x40, 0x02, 0xc4, 0x80, 0x01, 0x80, 0xc4, 0x04, 0xc2, 0x80, 0x03, 0xc4, 0x80, 0x01, 0x80,
  0xc4, 0x03, 0x80, 0xc2, 0x04, 0xc4, 0x80, 0x01, 0x80, 0xc4, 0x02, 0x40, 0xc2, 0x40, 0x04, 0xc4,
  0x80, 0x01, 0x80, 0xc4, 0x01, 0x40, 0xc2, 0x80, 0x05, 0xc4, 0x80, 0x01, 0x40, 0xc4, 0x40, 0x00,
  0x80, 0xc1, 0x80, 0x05, 0x40, 0xc4, 0x40, 0x01, 0x40, 0xc4, 0x81, 0xc2, 0x06, 0x80, 0xc4, 0x40,
  0x02, 0xc8, 0x40, 0x05, 0x40, 0xc5, 0x03, 0x40, 0xc6, 0x80, 0x06, 0xc5, 0x40, 0x04, 0xc6, 0x40,
  0x04, 0x40, 0xc6, 0x05, 0x40, 0xc6, 0x83, 0xc7, 0x40, 0x06, 0x80, 0xd0, 0x80, 0x07, 0x80, 0xcf,
  0x80, 0x07, 0x40, 0xcf, 0x40, 0x08, 0xc2, 0x80, 0x00, 0x40, 0x80, 0xc6, 0x80, 0x40, 0x0b, 0x81,
  0x04, 0x44, 0x25, 0x06, 0x44, 0x13, 0x40, 0xc3, 0x80, 0x13, 0x80, 0xc3, 0x14, 0xc3, 0x40, 0x13,
  0x40, 0xc3, 0x14, 0x80, 0xc2, 0x40, 0x3d, 0x44, 0x0a, 0x44, 0x02, 0x40, 0xc4, 0x40, 0x09, 0xc4,
  0x40, 0x01, 0x40, 0xc4, 0x40, 0x09, 0xc4, 0x40, 0x01, 0x40, 0xc4, 0x40, 0x09, 0xc4, 0x40, 0x01,
  0x40, 0xc4, 0x40, 0x09, 0xc4, 0x40, 0x01, 0x40, 0xc4, 0x40, 0x09, 0xc4, 0x40, 0x01, 0x40, 0xc4,
  0x40, 0x09, 0xc4, 0x40, 0x01, 0x40, 0xc4, 0x40, 0x09, 0xc4, 0x40, 0x01, 0x40, 0xc4, 0x40, 0x09,
  0xc4, 0x40, 0x01, 0x40, 0xc4, 0x40, 0x09, 0xc4, 0x40, 0x01, 0x40, 0xc4, 0x40, 0x09, 0xc4, 0x40,
  0x01, 0x40, 0xc4, 0x40, 0x09, 0xc4, 0x40, 0x01, 0x40, 0xc4, 0x40, 0x09, 0xc4, 0x40, 0x01, 0x40,
  0xc4, 0x40, 0x09, 0xc4, 0x40, 0x01, 0x40, 0xc4, 0x40, 0x09, 0xc4, 0x40, 0x01, 0x40, 0xc4, 0x40,
  0x09, 0xc4, 0x40, 0x01, 0x40, 0xc4, 0x40, 0x09, 0xc4, 0x40, 0x01, 0x40, 0xc4, 0x40, 0x09, 0xc4,
  0x40, 0x01, 0x40, 0xc4, 0x40, 0x08, 0x40, 0xc4, 0x40, 0x01, 0x40, 0xc4, 0x80, 0x08, 0x80, 0xc4,
  0x40, 0x02, 0xc5, 0x40, 0x06, 0x40, 0xc5, 0x03, 0x80, 0xc5, 0x40, 0x04, 0x40, 0xc5, 0x80, 0x04,
  0xc7, 0x83, 0xc6, 0x40, 0x04, 0x40, 0xd0, 0x80, 0x06, 0x80, 0xce, 0x80, 0x08, 0x40, 0xcc, 0x40,
  0x0b, 0x40, 0x80, 0xc7, 0x40, 0x10, 0x44, 0x09, 0x0c, 0x44, 0x12, 0x40, 0xc3, 0x40, 0x12, 0xc3,
  0x80, 0x12, 0x40, 0xc3, 0x13, 0x80, 0xc2, 0x40, 0x12, 0x40, 0xc2, 0x80, 0x3d, 0x44, 0x0a, 0x44,
  0x02, 0x40, 0xc4, 0x40, 0x09, 0xc4, 0x40, 0x01, 0x40, 0xc4, 0x40, 0x09, 0xc4, 0x40, 0x01, 0x40,
  0xc4, 0x40, 0x09, 0xc4, 0x40, 0x01, 0x40, 0xc4, 0x40, 0x09, 0xc4, 0x40, 0x01, 0x40, 0xc4, 0x40,
  0x09, 0xc4, 0x40, 0x01, 0x40, 0xc4, 0x40, 0x09, 0xc4, 0x40, 0x01, 0x40, 0xc4, 0x40, 0x09, 0xc4,
  0x40, 0x01, 0x40, 0xc4, 0x40, 0x09, 0xc4, 0x40, 0x01, 0x40, 0xc4, 0x40, 0x09, 0xc4, 0x40, 0x01,
  0x40, 0xc4, 0x40, 0x09, 0xc4, 0x40, 0x01, 0x40, 0xc4, 0x40, 0x09, 0xc4, 0x40, 0x01, 0x40, 0xc4,
  0x40, 0x09, 0xc4, 0x40, 0x01, 0x40, 0xc4, 0x40, 0x09, 0xc4, 0x40, 0x01, 0x40, 0xc4, 0x40, 0x09,
  0xc4, 0x40, 0x01, 0x40, 0xc4, 0x40, 0x09, 0xc4, 0x40, 0x01, 0x40, 0xc4, 0x40, 0x09, 0xc4, 0x40,
  0x01, 0x40, 0xc4, 0x40, 0x09, 0xc4, 0x40, 0x01, 0x40, 0xc4, 0x40, 0x08, 0x40, 0xc4, 0x40, 0x01,
  0x40, 0xc4, 0x80, 0x08, 0x80, 0xc4, 0x40, 0x02, 0xc5, 0x40, 0x06, 0x40, 0xc5, 0x03, 0x80, 0xc5,
  0x40, 0x04, 0x40, 0xc5, 0x80, 0x04, 0xc7, 0x83, 0xc6, 0x40, 0x04, 0x40, 0xd0, 0x80, 0x06, 0x80,
  0xce, 0x80, 0x08, 0x40, 0xcc, 0x40, 0x0b, 0x40, 0x80, 0xc7, 0x40, 0x10, 0x44, 0x09, 0x09, 0x44,
  0x12, 0x40, 0xc4, 0x40, 0x10, 0x40, 0xc6, 0x40, 0x0e, 0x40, 0xc3, 0x80, 0xc3, 0x40, 0x0d, 0xc3,
  0x80, 0x00, 0x80, 0xc3, 0x0c, 0xc3, 0x80, 0x02, 0x80, 0xc3, 0x0a, 0x44, 0x04, 0x44, 0x1f, 0x44,
  0x0a, 0x44, 0x02, 0x40, 0xc4, 0x40, 0x09, 0xc4, 0x40, 0x01, 0x40, 0xc4, 0x40, 0x09, 0xc4, 0x40,
  0x01, 0x40, 0xc4, 0x40, 0x09, 0xc4, 0x40, 0x01, 0x40, 0xc4, 0x40, 0x09, 0xc4, 0x40, 0x01, 0x40,
  0xc4, 0x40, 0x09, 0xc4, 0x40, 0x01, 0x40, 0xc4, 0x40, 0x09, 0xc4, 0x40, 0x01, 0x40, 0xc4, 0x40,
  0x09, 0xc4, 0x40, 0x01, 0x40, 0xc4, 0x40, 0x09, 0xc4, 0x40, 0x01, 0x40, 0xc4, 0x40, 0x09, 0xc4,
  0x40, 0x01, 0x40, 0xc4, 0x40, 0x09, 0xc4, 0x40, 0x01, 0x40, 0xc4, 0x40, 0x09, 0xc4, 0x40, 0x01,
  0x40, 0xc4, 0x40, 0x09, 0xc4, 0x40, 0x01, 0x40, 0xc4, 0x40, 0x09, 0xc4, 0x40, 0x01, 0x40, 0xc4,
  0x40, 0x09, 0xc4, 0x40, 0x01, 0x40, 0xc4, 0x40, 0x09, 0xc4, 0x40, 0x01, 0x40, 0xc4, 0x40, 0x09,
  0xc4, 0x40, 0x01, 0x40, 0xc4, 0x40, 0x09, 0xc4, 0x40, 0x01, 0x40, 0xc4, 0x40, 0x08, 0x40, 0xc4,
  0x40, 0x01, 0x40, 0xc4, 0x80, 0x08, 0x80, 0xc4, 0x40, 0x02, 0xc5, 0x40, 0x06, 0x40, 0xc5, 0x03,
  0x80, 0xc5, 0x40, 0x04, 0x40, 0xc5, 0x80, 0x04, 0xc7, 0x83, 0xc6, 0x40, 0x04, 0x40, 0xd0, 0x80,
  0x06, 0x80, 0xce, 0x80, 0x08, 0x40, 0xcc, 0x40, 0x0b, 0x40, 0x80, 0xc7, 0x40, 0x10, 0x44, 0x09,
  0x06, 0x40, 0x80, 0x40, 0x04, 0x40, 0x80, 0x40, 0x0c, 0x40, 0xc2, 0x80, 0x02, 0x80, 0xc2, 0x80,
  0x0b, 0xc4, 0x40, 0x01, 0xc4, 0x0b, 0xc4, 0x40, 0x00, 0x40, 0xc4, 0x0b, 0x80, 0xc2, 0x80, 0x02,
  0x80, 0xc2, 0x80, 0x0c, 0x40, 0x81, 0x04, 0x40, 0x80, 0x40, 0x3a, 0x44, 0x0a, 0x44, 0x02, 0x40,
  0xc4, 0x40, 0x09, 0xc4, 0x40, 0x01, 0x40, 0xc4, 0x40, 0x09, 0xc4, 0x40, 0x01, 0x40, 0xc4, 0x40,
  0x09, 0xc4, 0x40, 0x01, 0x40, 0xc4, 0x40, 0x09, 0xc4, 0x40, 0x01, 0x40, 0xc4, 0x40, 0x09, 0xc4,
  0x40, 0x01, 0x40, 0xc4, 0x40, 0x09, 0xc4, 0x40, 0x01, 0x40, 0xc4, 0x40, 0x09, 0xc4, 0x40, 0x01,
  0x40, 0xc4, 0x40, 0x09, 0xc4, 0x40, 0x01, 0x40, 0xc4, 0x40, 0x09, 0xc4, 0x40, 0x01, 0x40, 0xc4,
  0x40, 0x09, 0xc4, 0x40, 0x01, 0x40, 0xc4, 0x40, 0x09, 0xc4, 0x40, 0x01, 0x40, 0xc4, 0x40, 0x09,
  0xc4, 0x40, 0x01, 0x40, 0xc4, 0x40, 0x09, 0xc4, 0x40, 0x01, 0x40, 0xc4, 0x40, 0x09, 0xc4, 0x40,
  0x01, 0x40, 0xc4, 0x40, 0x09, 0xc4, 0x40, 0x01, 0x40, 0xc4, 0x40, 0x09, 0xc4, 0x40, 0x01, 0x40,
  0xc4, 0x40, 0x09, 0xc4, 0x40, 0x01, 0x40, 0xc4, 0x40, 0x08, 0x40, 0xc4, 0x40, 0x01, 0x40, 0xc4,
  0x80, 0x08, 0x80, 0xc4, 0x40, 0x02, 0xc5, 0x40, 0x06, 0x40, 0xc5, 0x03, 0x80, 0xc5, 0x40, 0x04,
  0x40, 0xc5, 0x80, 0x04, 0xc7, 0x83, 0xc6, 0x40, 0x04, 0x40, 0xd0, 0x80, 0x06, 0x80, 0xce, 0x80,
  0x08, 0x40, 0xcc, 0x40, 0x0b, 0x40, 0x80, 0xc7, 0x40, 0x10, 0x44, 0x09, 0x0c, 0x44, 0x12, 0x80,
  0xc3, 0x40, 0x12, 0xc3, 0x80, 0x12, 0x40, 0xc2, 0x80, 0x13, 0xc3, 0x40, 0x12, 0x40, 0xc2, 0x40,
  0x3c, 0x44, 0x0c, 0x44, 0x00, 0x40, 0xc4, 0x80, 0x0a, 0x80, 0xc4, 0x40, 0x00, 0xc5, 0x40, 0x08,
  0x40, 0xc4, 0x80, 0x01, 0x40, 0xc4, 0x80, 0x08, 0xc5, 0x40, 0x02, 0x80, 0xc4, 0x40, 0x06, 0x40,
  0xc4, 0x80, 0x03, 0x40, 0xc4, 0x80, 0x06, 0xc5, 0x05, 0x80, 0xc4, 0x40, 0x04, 0x40, 0xc4, 0x80,
  0x06, 0xc5, 0x04, 0xc5, 0x07, 0x80, 0xc4, 0x40, 0x02, 0x80, 0xc4, 0x40, 0x08, 0xc5, 0x02, 0xc5,
  0x09, 0x40, 0xc4, 0x40, 0x00, 0x80, 0xc4, 0x40, 0x0a, 0x80, 0xc4, 0x40, 0xc4, 0x80, 0x0b, 0x40,
  0xca, 0x40, 0x0c, 0x80, 0xc8, 0x80, 0x0e, 0xc8, 0x0f, 0x80, 0xc6, 0x40, 0x10, 0xc6, 0x11, 0x40,
  0xc4, 0x40, 0x11, 0x40, 0xc4, 0x40, 0x11, 0x40, 0xc4, 0x40, 0x11, 0x40, 0xc4, 0x40, 0x11, 0x40,
  0xc4, 0x40, 0x11, 0x40, 0xc4, 0x40, 0x11, 0x40, 0xc4, 0x40, 0x11, 0x40, 0xc4, 0x40, 0x11, 0x40,
  0xc4, 0x40, 0x11, 0x40, 0xc4, 0x40, 0x08, 0x01, 0x44, 0x10, 0x40, 0xc4, 0x40, 0x0f, 0x40, 0xc4,
  0x40, 0x0f, 0x40, 0xc4, 0x40, 0x0f, 0x40, 0xc4, 0x40, 0x0f, 0x40, 0xc4, 0x80, 0x45, 0x09, 0x40,
  0xcc, 0x80, 0x40, 0x06, 0x40, 0xce, 0x80, 0x05, 0x40, 0xcf, 0x80, 0x04, 0x40, 0xd0, 0x80, 0x03,
  0x40, 0xc4, 0x40, 0x04, 0x40, 0xc5, 0x03, 0x40, 0xc4, 0x40, 0x05, 0x40, 0xc4, 0x80, 0x02, 0x40,
  0xc4, 0x40, 0x06, 0x80, 0xc3, 0x80, 0x02, 0x40, 0xc4, 0x40, 0x06, 0x80, 0xc3, 0x80, 0x02, 0x40,
  0xc4, 0x40, 0x06, 0x80, 0xc3, 0x80, 0x02, 0x40, 0xc4, 0x40, 0x06, 0xc4, 0x80, 0x02, 0x40, 0xc4,
  0x40, 0x05, 0x80, 0xc4, 0x40, 0x02, 0x40, 0xc4, 0x85, 0xc5, 0x80, 0x03, 0x40, 0xd0, 0x04, 0x40,
  0xcf, 0x40, 0x04, 0x40, 0xcd, 0x40, 0x06, 0x40, 0xc4, 0x85, 0x41, 0x08, 0x40, 0xc4, 0x40, 0x0f,
  0x40, 0xc4, 0x40, 0x0f, 0x40, 0xc4, 0x40, 0x0f, 0x40, 0xc4, 0x40, 0x0f, 0x40, 0xc4, 0x40, 0x0e,
  0x06, 0x42, 0x81, 0x41, 0x0d, 0x40, 0xc8, 0x80, 0x40, 0x09, 0x80, 0xcb, 0x80, 0x07, 0xce, 0x80,
  0x05, 0x80, 0xcf, 0x40, 0x04, 0xc5, 0x80, 0x40, 0x01, 0x40, 0xc5, 0x80, 0x03, 0x40, 0xc4, 0x80,
  0x05, 0xc5, 0x03, 0x40, 0xc4, 0x40, 0x05, 0x80, 0xc4, 0x03, 0x40, 0xc4, 0x06, 0x80, 0xc4, 0x03,
  0x40, 0xc4, 0x06, 0x80, 0xc3, 0x80, 0x03, 0x40, 0xc4, 0x05, 0x40, 0xc4, 0x40, 0x03, 0x40, 0xc4,
  0x02, 0x41, 0x80, 0xc4, 0x80, 0x04, 0x40, 0xc4, 0x02, 0xc6, 0x40, 0x05, 0x40, 0xc4, 0x02, 0xc5,
  0x81, 0x40, 0x04, 0x40, 0xc4, 0x02, 0xc8, 0x80, 0x03, 0x40, 0xc4, 0x02, 0x80, 0xc8, 0x80, 0x02,
  0x40, 0xc4, 0x06, 0x40, 0xc5, 0x02, 0x40, 0xc4, 0x07, 0x40, 0xc4, 0x40, 0x01, 0x40, 0xc4, 0x08,
  0x80, 0xc3, 0x80, 0x01, 0x40, 0xc4, 0x08, 0x80, 0xc3, 0x80, 0x01, 0x40, 0xc4, 0x08, 0xc4, 0x80,
  0x01, 0x40, 0xc4, 0x07, 0x80, 0xc4, 0x80, 0x01, 0x40, 0xc4, 0x02, 0x42, 0x80, 0xc6, 0x40, 0x01,
  0x40, 0xc4, 0x02, 0xca, 0x02, 0x40, 0xc4, 0x02, 0xc9, 0x03, 0x40, 0xc4, 0x02, 0xc7, 0x80, 0x04,
  0x40, 0xc4, 0x02, 0xc4, 0x81, 0x40, 0x04, 0x04, 0x44, 0x0e, 0x80, 0xc3, 0x0f, 0xc3, 0x80, 0x0e,
  0x40, 0xc3, 0x0f, 0x80, 0xc2, 0x40, 0x0f, 0xc2, 0x80, 0x35, 0x40, 0x81, 0xc1, 0x81, 0x40, 0x09,
  0x80, 0xc9, 0x40, 0x06, 0x80, 0xcb, 0x80, 0x04, 0x80, 0xcd, 0x40, 0x02, 0x40, 0xc4, 0x80, 0x40,
  0x01, 0x40, 0xc5, 0x02, 0x80, 0xc3, 0x80, 0x04, 0x40, 0xc4, 0x05, 0x41, 0x05, 0x40, 0xc4, 0x40,
  0x0c, 0x80, 0xc4, 0x40, 0x06, 0x41, 0x82, 0xc6, 0x40, 0x03, 0x40, 0x80, 0xcc, 0x40, 0x02, 0x80,
  0xce, 0x40, 0x01, 0x80, 0xc6, 0x81, 0x41, 0xc4, 0x40, 0x01, 0xc4, 0x80, 0x40, 0x03, 0x40, 0xc4,
  0x40, 0x00, 0x40, 0xc4, 0x05, 0x40, 0xc4, 0x40, 0x00, 0x40, 0xc4, 0x05, 0x80, 0xc4, 0x40, 0x00,
  0x40, 0xc4, 0x40, 0x03, 0x40, 0xc5, 0x40, 0x01, 0xc5, 0x80, 0x41, 0x80, 0xc6, 0x40, 0x01, 0x80,
  0xc9, 0x80, 0xc4, 0x40, 0x02, 0x80, 0xc8, 0x00, 0xc4, 0x40, 0x03, 0x80, 0xc5, 0x80, 0x01, 0xc4,
  0x40, 0x05, 0x43, 0x0a, 0x09, 0x44, 0x0e, 0xc4, 0x0d, 0x40, 0xc3, 0x40, 0x0d, 0x80, 0xc2, 0x80,
  0x0d, 0x40, 0xc2, 0x80, 0x0e, 0x80, 0xc2, 0x40, 0x34, 0x40, 0x81, 0xc1, 0x81, 0x40, 0x09, 0x80,
  0xc9, 0x40, 0x06, 0x80, 0xcb, 0x80, 0x04, 0x80, 0xcd, 0x40, 0x02, 0x40, 0xc4, 0x80, 0x40, 0x01,
  0x40, 0xc5, 0x02, 0x80, 0xc3, 0x80, 0x04, 0x40, 0xc4, 0x05, 0x41, 0x05, 0x40, 0xc4, 0x40, 0x0c,
  0x80, 0xc4, 0x40, 0x06, 0x41, 0x82, 0xc6, 0x40, 0x03, 0x40, 0x80, 0xcc, 0x40, 0x02, 0x80, 0xce,
  0x40, 0x01, 0x80, 0xc6, 0x81, 0x41, 0xc4, 0x40, 0x01, 0xc4, 0x80, 0x40, 0x03, 0x40, 0xc4, 0x40,
  0x00, 0x40, 0xc4, 0x05, 0x40, 0xc4, 0x40, 0x00, 0x40, 0xc4, 0x05, 0x80, 0xc4, 0x40, 0x00, 0x40,
  0xc4, 0x40, 0x03, 0x40, 0xc5, 0x40, 0x01, 0xc5, 0x80, 0x41, 0x80, 0xc6, 0x40, 0x01, 0x80, 0xc9,
  0x80, 0xc4, 0x40, 0x02, 0x80, 0xc8, 0x00, 0xc4, 0x40, 0x03, 0x80, 0xc5, 0x80, 0x01, 0xc4, 0x40,
  0x05, 0x43, 0x0a, 0x06, 0x40, 0x83, 0x40, 0x0c, 0x40, 0xc5, 0x40, 0x0b, 0xc7, 0x40, 0x09, 0xc3,
  0x80, 0x40, 0xc3, 0x40, 0x07, 0x80, 0xc2, 0x80, 0x01, 0x80, 0xc3, 0x06, 0x80, 0xc3, 0x03, 0x80,
  0xc3, 0x30, 0x40, 0x81, 0xc1, 0x81, 0x40, 0x09, 0x80, 0xc9, 0x40, 0x06, 0x80, 0xcb, 0x80, 0x04,
  0x80, 0xcd, 0x40, 0x02, 0x40, 0xc4, 0x80, 0x40, 0x01, 0x40, 0xc5, 0x02, 0x80, 0xc3, 0x80, 0x04,
  0x40, 0xc4, 0x05, 0x41, 0x05, 0x40, 0xc4, 0x40, 0x0c, 0x80, 0xc4, 0x40, 0x06, 0x41, 0x82, 0xc6,
  0x40, 0x03, 0x40, 0x80, 0xcc, 0x40, 0x02, 0x80, 0xce, 0x40, 0x01, 0x80, 0xc6, 0x81, 0x41, 0xc4,
  0x40, 0x01, 0xc4, 0x80, 0x40, 0x03, 0x40, 0xc4, 0x40, 0x00, 0x40, 0xc4, 0x05, 0x40, 0xc4, 0x40,
  0x00, 0x40, 0xc4, 0x05, 0x80, 0xc4, 0x40, 0x00, 0x40, 0xc4, 0x40, 0x03, 0x40, 0xc5, 0x40, 0x01,
  0xc5, 0x80, 0x41, 0x80, 0xc6, 0x40, 0x01, 0x80, 0xc9, 0x80, 0xc4, 0x40, 0x02, 0x80, 0xc8, 0x00,
  0xc4, 0x40, 0x03, 0x80, 0xc5, 0x80, 0x01, 0xc4, 0x40, 0x05, 0x43, 0x0a, 0x04, 0x40, 0x80, 0xc1,
  0x80, 0x02, 0x80, 0xc1, 0x40, 0x06, 0x40, 0xc5, 0x41, 0xc2, 0x07, 0x80, 0xca, 0x07, 0xc2, 0x40,
  0x00, 0x80, 0xc4, 0x40, 0x07, 0x82, 0x02, 0x40, 0x80, 0xc0, 0x80, 0x40, 0x32, 0x40, 0x81, 0xc1,
  0x81, 0x40, 0x09, 0x80, 0xc9, 0x40, 0x06, 0x80, 0xcb, 0x80, 0x04, 0x80, 0xcd, 0x40, 0x02, 0x40,
  0xc4, 0x80, 0x40, 0x01, 0x40, 0xc5, 0x02, 0x80, 0xc3, 0x80, 0x04, 0x40, 0xc4, 0x05, 0x41, 0x05,
  0x40, 0xc4, 0x40, 0x0c, 0x80, 0xc4, 0x40, 0x06, 0x41, 0x82, 0xc6, 0x40, 0x03, 0x40, 0x80, 0xcc,
  0x40, 0x02, 0x80, 0xce, 0x40, 0x01, 0x80, 0xc6, 0x81, 0x41, 0xc4, 0x40, 0x01, 0xc4, 0x80, 0x40,
  0x03, 0x40, 0xc4, 0x40, 0x00, 0x40, 0xc4, 0x05, 0x40, 0xc4, 0x40, 0x00, 0x40, 0xc4, 0x05, 0x80,
  0xc4, 0x40, 0x00, 0x40, 0xc4, 0x40, 0x03, 0x40, 0xc5, 0x40, 0x01, 0xc5, 0x80, 0x41, 0x80, 0xc6,
  0x40, 0x01, 0x80, 0xc9, 0x80, 0xc4, 0x40, 0x02, 0x80, 0xc8, 0x00, 0xc4, 0x40, 0x03, 0x80, 0xc5,
  0x80, 0x01, 0xc4, 0x40, 0x05, 0x43, 0x0a, 0x04, 0x42, 0x04, 0x41, 0x08, 0xc3, 0x40, 0x02, 0xc3,
  0x06, 0x40, 0xc3, 0x80, 0x01, 0x80, 0xc3, 0x80, 0x05, 0x40, 0xc3, 0x80, 0x01, 0x80, 0xc3, 0x80,
  0x06, 0xc3, 0x40, 0x01, 0x40, 0xc3, 0x40, 0x07, 0x81, 0x40, 0x03, 0x40, 0x81, 0x40, 0x31, 0x40,
  0x81, 0xc1, 0x81, 0x40, 0x09, 0x80, 0xc9, 0x40, 0x06, 0x80, 0xcb, 0x80, 0x04, 0x80, 0xcd, 0x40,
  0x02, 0x40, 0xc4, 0x80, 0x40, 0x01, 0x40, 0xc5, 0x02, 0x80, 0xc3, 0x80, 0x04, 0x40, 0xc4, 0x05,
  0x41, 0x05, 0x40, 0xc4, 0x40, 0x0c, 0x80, 0xc4, 0x40, 0x06, 0x41, 0x82, 0xc6, 0x40, 0x03, 0x40,
  0x80, 0xcc, 0x40, 0x02, 0x80, 0xce, 0x40, 0x01, 0x80, 0xc6, 0x81, 0x41, 0xc4, 0x40, 0x01, 0xc4,
  0x80, 0x40, 0x03, 0x40, 0xc4, 0x40, 0x00, 0x40, 0xc4, 0x05, 0x40, 0xc4, 0x40, 0x00, 0x40, 0xc4,
  0x05, 0x80, 0xc4, 0x40, 0x00, 0x40, 0xc4, 0x40, 0x03, 0x40, 0xc5, 0x40, 0x01, 0xc5, 0x80, 0x41,
  0x80, 0xc6, 0x40, 0x01, 0x80, 0xc9, 0x80, 0xc4, 0x40, 0x02, 0x80, 0xc8, 0x00, 0xc4, 0x40, 0x03,
  0x80, 0xc5, 0x80, 0x01, 0xc4, 0x40, 0x05, 0x43, 0x0a, 0x1a, 0x40, 0xc3, 0x40, 0x0c, 0x40, 0xc5,
  0x80, 0x0b, 0xc1, 0x80, 0x41, 0x80, 0xc1, 0x0a, 0x40, 0xc1, 0x40, 0x02, 0xc1, 0x40, 0x09, 0x40,
  0xc1, 0x40, 0x02, 0xc1, 0x40, 0x0a, 0xc1, 0x80, 0x01, 0x80, 0xc1, 0x40, 0x0a, 0x40, 0xc5, 0x80,
  0x0c, 0x40, 0xc3, 0x80, 0x0f, 0x41, 0x22, 0x40, 0x81, 0xc1, 0x81, 0x40, 0x09, 0x80, 0xc9, 0x40,
  0x06, 0x80, 0xcb, 0x80, 0x04, 0x80, 0xcd, 0x40, 0x02, 0x40, 0xc4, 0x80, 0x40, 0x01, 0x40, 0xc5,
  0x02, 0x80, 0xc3, 0x80, 0x04, 0x40, 0xc4, 0x05, 0x41, 0x05, 0x40, 0xc4, 0x40, 0x0c, 0x80, 0xc4,
  0x40, 0x06, 0x41, 0x82, 0xc6, 0x40, 0x03, 0x40, 0x80, 0xcc, 0x40, 0x02, 0x80, 0xce, 0x40, 0x01,
  0x80, 0xc6, 0x81, 0x41, 0xc4, 0x40, 0x01, 0xc4, 0x80, 0x40, 0x03, 0x40, 0xc4, 0x40, 0x00, 0x40,
  0xc4, 0x05, 0x40, 0xc4, 0x40, 0x00, 0x40, 0xc4, 0x05, 0x80, 0xc4, 0x40, 0x00, 0x40, 0xc4, 0x40,
  0x03, 0x40, 0xc5, 0x40, 0x01, 0xc5, 0x80, 0x41, 0x80, 0xc6, 0x40, 0x01, 0x80, 0xc9, 0x80, 0xc4,
  0x40, 0x02, 0x80, 0xc8, 0x00, 0xc4, 0x40, 0x03, 0x80, 0xc5, 0x80, 0x01, 0xc4, 0x40, 0x05, 0x43,
  0x0a, 0x05, 0x40, 0x81, 0xc1, 0x81, 0x40, 0x03, 0x40, 0x80, 0xc2, 0x81, 0x40, 0x09, 0x80, 0xc8,
  0x80, 0x00, 0x40, 0xc8, 0x80, 0x07, 0x80, 0xca, 0x80, 0xcb, 0x40, 0x04, 0x80, 0xd9, 0x03, 0x40,
  0xc4, 0x80, 0x40, 0x01, 0x40, 0xc6, 0x80, 0x42, 0x80, 0xc4, 0x80, 0x02, 0x80, 0xc3, 0x80, 0x04,
  0x40, 0xc4, 0x80, 0x04, 0x40, 0xc4, 0x05, 0x41, 0x05, 0x40, 0xc4, 0x06, 0x80, 0xc3, 0x40, 0x0c,
  0x80, 0xc3, 0x80, 0x06, 0x40, 0xc3, 0x80, 0x06, 0x41, 0x81, 0xc7, 0x86, 0xc5, 0x03, 0x40, 0x80,
  0xd9, 0x02, 0x80, 0xdb, 0x01, 0x80, 0xc6, 0x81, 0x41, 0xc3, 0x8d, 0x01, 0xc4, 0x80, 0x40, 0x03,
  0x40, 0xc3, 0x80, 0x0d, 0x40, 0xc4, 0x05, 0x40, 0xc4, 0x0d, 0x40, 0xc4, 0x05, 0x80, 0xc4, 0x40,
  0x05, 0x40, 0xc0, 0x82, 0x40, 0x00, 0x40, 0xc4, 0x40, 0x03, 0x40, 0xc6, 0x40, 0x03, 0x40, 0xc4,
  0x40, 0x01, 0xc5, 0x80, 0x41, 0x80, 0xc9, 0x81, 0xc6, 0x02, 0x80, 0xcb, 0x80, 0x40, 0xcc, 0x40,
  0x03, 0x80, 0xc9, 0x80, 0x01, 0x80, 0xca, 0x40, 0x05, 0x40, 0xc6, 0x80, 0x40, 0x03, 0x40, 0x80,
  0xc6, 0x80, 0x09, 0x44, 0x09, 0x43, 0x07, 0x05, 0x40, 0x81, 0xc2, 0x80, 0x40, 0x0a, 0x80, 0xc8,
  0x80, 0x06, 0x40, 0xcc, 0x05, 0xcd, 0x80, 0x03, 0x80, 0xc5, 0x80, 0x41, 0xc5, 0x40, 0x01, 0x40,
  0xc4, 0x80, 0x04, 0x80, 0xc4, 0x01, 0x80, 0xc4, 0x05, 0x40, 0xc4, 0x01, 0xc4, 0x80, 0x06, 0x84,
  0x01, 0xc4, 0x40, 0x0c, 0x40, 0xc4, 0x40, 0x0c, 0x40, 0xc4, 0x40, 0x0d, 0xc4, 0x40, 0x0d, 0xc4,
  0x80, 0x06, 0x44, 0x01, 0x80, 0xc4, 0x06, 0xc4, 0x01, 0x40, 0xc4, 0x40, 0x04, 0x80, 0xc4, 0x02,
  0xc5, 0x40, 0x02, 0x40, 0xc4, 0x80, 0x02, 0x40, 0xce, 0x04, 0x80, 0xcc, 0x40, 0x05, 0x80, 0xca,
  0x40, 0x07, 0x40, 0x80, 0xc6, 0x80, 0x0c, 0x40, 0xc1, 0x80, 0x40, 0x0e, 0x40, 0xc2, 0x80, 0x0e,
  0x40, 0x80, 0xc3, 0x10, 0xc2, 0x40, 0x0f, 0xc2, 0x40, 0x0c, 0x41, 0x80, 0xc2, 0x40, 0x0b, 0x40,
  0xc4, 0x80, 0x0c, 0x40, 0xc2, 0x80, 0x40, 0x0e, 0x41, 0x09, 0x04, 0x44, 0x0e, 0x80, 0xc3, 0x40,
  0x0e, 0xc3, 0x80, 0x0e, 0x40, 0xc3, 0x0f, 0x80, 0xc2, 0x80, 0x0f, 0x80, 0xc2, 0x35, 0x40, 0x81,
  0xc1, 0x81, 0x40, 0x0a, 0x80, 0xc8, 0x40, 0x06, 0x40, 0xcb, 0x80, 0x05, 0xcd, 0x80, 0x03, 0x80,
  0xc4, 0x80, 0x42, 0x80, 0xc4, 0x40, 0x01, 0x40, 0xc4, 0x40, 0x04, 0x80, 0xc3, 0x80, 0x01, 0x80,
  0xc3, 0x80, 0x06, 0xc4, 0x01, 0xc4, 0x40, 0x06, 0x80, 0xc3, 0x40, 0x00, 0xc5, 0x86, 0xc4, 0x41,
  0xd1, 0x80, 0x40, 0xd1, 0x80, 0x00, 0xc4, 0x8c, 0x40, 0x00, 0xc4, 0x40, 0x0d, 0x80, 0xc3, 0x80,
  0x0d, 0x80, 0xc4, 0x06, 0x80, 0xc0, 0x82, 0x40, 0x01, 0xc5, 0x40, 0x03, 0x80, 0xc4, 0x02, 0x80,
  0xc5, 0x82, 0xc5, 0x80, 0x03, 0x80, 0xcc, 0x80, 0x05, 0x80, 0xca, 0x80, 0x07, 0x40, 0x80, 0xc6,
  0x80, 0x40, 0x0b, 0x44, 0x06, 0x09, 0x45, 0x0d, 0x80, 0xc3, 0x0d, 0x40, 0xc3, 0x40, 0x0d, 0x80,
  0xc2, 0x80, 0x0d, 0x40, 0xc3, 0x0e, 0x80, 0xc2, 0x40, 0x34, 0x40, 0x81, 0xc1, 0x81, 0x40, 0x0a,
  0x80, 0xc8, 0x40, 0x06, 0x40, 0xcb, 0x80, 0x05, 0xcd, 0x80, 0x03, 0x80, 0xc4, 0x80, 0x42, 0x80,
  0xc4, 0x40, 0x01, 0x40, 0xc4, 0x40, 0x04, 0x80, 0xc3, 0x80, 0x01, 0x80, 0xc3, 0x80, 0x06, 0xc4,
  0x01, 0xc4, 0x40, 0x06, 0x80, 0xc3, 0x40, 0x00, 0xc5, 0x86, 0xc4, 0x41, 0xd1, 0x80, 0x40, 0xd1,
  0x80, 0x00, 0xc4, 0x8c, 0x40, 0x00, 0xc4, 0x40, 0x0d, 0x80, 0xc3, 0x80, 0x0d, 0x80, 0xc4, 0x06,
  0x80, 0xc0, 0x82, 0x40, 0x01, 0xc5, 0x40, 0x03, 0x80, 0xc4, 0x02, 0x80, 0xc5, 0x82, 0xc5, 0x80,
  0x03, 0x80, 0xcc, 0x80, 0x05, 0x80, 0xca, 0x80, 0x07, 0x40, 0x80, 0xc6, 0x80, 0x40, 0x0b, 0x44,
  0x06, 0x06, 0x40, 0x83, 0x40, 0x0d, 0xc5, 0x40, 0x0b, 0xc7, 0x40, 0x09, 0x80, 0xc2, 0x80, 0x40,
  0xc3, 0x40, 0x07, 0x80, 0xc2, 0x80, 0x01, 0x80, 0xc3, 0x40, 0x05, 0x80, 0xc3, 0x03, 0x80, 0xc3,
  0x30, 0x40, 0x81, 0xc1, 0x81, 0x40, 0x0a, 0x80, 0xc8, 0x40, 0x06, 0x40, 0xcb, 0x80, 0x05, 0xcd,
  0x80, 0x03, 0x80, 0xc4, 0x80, 0x42, 0x80, 0xc4, 0x40, 0x01, 0x40, 0xc4, 0x40, 0x04, 0x80, 0xc3,
  0x80, 0x01, 0x80, 0xc3, 0x80, 0x06, 0xc4, 0x01, 0xc4, 0x40, 0x06, 0x80, 0xc3, 0x40, 0x00, 0xc5,
  0x86, 0xc4, 0x41, 0xd1, 0x80, 0x40, 0xd1, 0x80, 0x00, 0xc4, 0x8c, 0x40, 0x00, 0xc4, 0x40, 0x0d,
  0x80, 0xc3, 0x80, 0x0d, 0x80, 0xc4, 0x06, 0x80, 0xc0, 0x82, 0x40, 0x01, 0xc5, 0x40, 0x03, 0x80,
  0xc4, 0x02, 0x80, 0xc5, 0x82, 0xc5, 0x80, 0x03, 0x80, 0xcc, 0x80, 0x05, 0x80, 0xca, 0x80, 0x07,
  0x40, 0x80, 0xc6, 0x80, 0x40, 0x0b, 0x44, 0x06, 0x04, 0x42, 0x04, 0x41, 0x08, 0x80, 0xc2, 0x40,
  0x02, 0xc3, 0x40, 0x05, 0x40, 0xc4, 0x01, 0x80, 0xc3, 0x80, 0x05, 0x40, 0xc4, 0x01, 0x80, 0xc3,
  0x80, 0x06, 0xc3, 0x40, 0x02, 0xc3, 0x40, 0x07, 0x81, 0x40, 0x04, 0x81, 0x40, 0x31, 0x40, 0x81,
  0xc1, 0x81, 0x40, 0x0a, 0x80, 0xc8, 0x40, 0x06, 0x40, 0xcb, 0x80, 0x05, 0xcd, 0x80, 0x03, 0x80,
  0xc4, 0x80, 0x42, 0x80, 0xc4, 0x40, 0x01, 0x40, 0xc4, 0x40, 0x04, 0x80, 0xc3, 0x80, 0x01, 0x80,
  0xc3, 0x80, 0x06, 0xc4, 0x01, 0xc4, 0x40, 0x06, 0x80, 0xc3, 0x40, 0x00, 0xc5, 0x86, 0xc4, 0x41,
  0xd1, 0x80, 0x40, 0xd1, 0x80, 0x00, 0xc4, 0x8c, 0x40, 0x00, 0xc4, 0x40, 0x0d, 0x80, 0xc3, 0x80,
  0x0d, 0x80, 0xc4, 0x06, 0x80, 0xc0, 0x82, 0x40, 0x01, 0xc5, 0x40, 0x03, 0x80, 0xc4, 0x02, 0x80,
  0xc5, 0x82, 0xc5, 0x80, 0x03, 0x80, 0xcc, 0x80, 0x05, 0x80, 0xca, 0x80, 0x07, 0x40, 0x80, 0xc6,
  0x80, 0x40, 0x0b, 0x44, 0x06, 0x00, 0x44, 0x05, 0x40, 0xc3, 0x40, 0x05, 0x80, 0xc2, 0x80, 0x06,
  0xc3, 0x40, 0x05, 0x40, 0xc2, 0x80, 0x06, 0x80, 0xc2, 0x1b, 0x40, 0x84, 0x04, 0x40, 0xc4, 0x04,
  0x40, 0xc4, 0x04, 0x40, 0xc4, 0x04, 0x40, 0xc4, 0x04, 0x40, 0xc4, 0x04, 0x40, 0xc4, 0x04, 0x40,
  0xc4, 0x04, 0x40, 0xc4, 0x04, 0x40, 0xc4, 0x04, 0x40, 0xc4, 0x04, 0x40, 0xc4, 0x04, 0x40, 0xc4,
  0x04, 0x40, 0xc4, 0x04, 0x40, 0xc4, 0x04, 0x40, 0xc4, 0x04, 0x40, 0xc4, 0x04, 0x40, 0xc4, 0x04,
  0x40, 0xc4, 0x04, 0x40, 0xc4, 0x01, 0x04, 0x44, 0x03, 0x80, 0xc3, 0x04, 0xc3, 0x40, 0x03, 0x80,
  0xc2, 0x80, 0x04, 0xc3, 0x04, 0x40, 0xc2, 0x40, 0x17, 0x40, 0x84, 0x03, 0x40, 0xc4, 0x03, 0x40,
  0xc4, 0x03, 0x40, 0xc4, 0x03, 0x40, 0xc4, 0x03, 0x40, 0xc4, 0x03, 0x40, 0xc4, 0x03, 0x40, 0xc4,
  0x03, 0x40, 0xc4, 0x03, 0x40, 0xc4, 0x03, 0x40, 0xc4, 0x03, 0x40, 0xc4, 0x03, 0x40, 0xc4, 0x03,
  0x40, 0xc4, 0x03, 0x40, 0xc4, 0x03, 0x40, 0xc4, 0x03, 0x40, 0xc4, 0x03, 0x40, 0xc4, 0x03, 0x40,
  0xc4, 0x03, 0x40, 0xc4, 0x02, 0x04, 0x84, 0x08, 0xc5, 0x80, 0x06, 0x80, 0xc6, 0x40, 0x04, 0x80,
  0xc2, 0x80, 0x40, 0xc3, 0x40, 0x02, 0x80, 0xc3, 0x01, 0x40, 0xc3, 0x40, 0x00, 0x80, 0xc3, 0x40,
  0x02, 0x80, 0xc3, 0x40, 0x21, 0x40, 0x84, 0x08, 0x40, 0xc4, 0x08, 0x40, 0xc4, 0x08, 0x40, 0xc4,
  0x08, 0x40, 0xc4, 0x08, 0x40, 0xc4, 0x08, 0x40, 0xc4, 0x08, 0x40, 0xc4, 0x08, 0x40, 0xc4, 0x08,
  0x40, 0xc4, 0x08, 0x40, 0xc4, 0x08, 0x40, 0xc4, 0x08, 0x40, 0xc4, 0x08, 0x40, 0xc4, 0x08, 0x40,
  0xc4, 0x08, 0x40, 0xc4, 0x08, 0x40, 0xc4, 0x08, 0x40, 0xc4, 0x08, 0x40, 0xc4, 0x08, 0x40, 0xc4,
  0x04, 0x01, 0x40, 0x80, 0x40, 0x04, 0x42, 0x01, 0x80, 0xc2, 0x40, 0x02, 0xc3, 0x41, 0xc4, 0x01,
  0x40, 0xc3, 0x80, 0x40, 0xc4, 0x01, 0x40, 0xc3, 0x80, 0x00, 0x80, 0xc2, 0x80, 0x02, 0xc3, 0x40,
  0x01, 0x81, 0x40, 0x04, 0x81, 0x40, 0x20, 0x40, 0x84, 0x07, 0x40, 0xc4, 0x07, 0x40, 0xc4, 0x07,
  0x40, 0xc4, 0x07, 0x40, 0xc4, 0x07, 0x40, 0xc4, 0x07, 0x40, 0xc4, 0x07, 0x40, 0xc4, 0x07, 0x40,
  0xc4, 0x07, 0x40, 0xc4, 0x07, 0x40, 0xc4, 0x07, 0x40, 0xc4, 0x07, 0x40, 0xc4, 0x07, 0x40, 0xc4,
  0x07, 0x40, 0xc4, 0x07, 0x40, 0xc4, 0x07, 0x40, 0xc4, 0x07, 0x40, 0xc4, 0x07, 0x40, 0xc4, 0x07,
  0x40, 0xc4, 0x03, 0x03, 0x41, 0x11, 0x80, 0xc1, 0x80, 0x40, 0x04, 0x40, 0x80, 0x07, 0xc4, 0x80,
  0x01, 0x40, 0xc2, 0x07, 0x80, 0xc9, 0x80, 0x09, 0x80, 0xc5, 0x80, 0x40, 0x0a, 0x40, 0xc6, 0x09,
  0x40, 0xc9, 0x08, 0xc2, 0x80, 0x40, 0x00, 0x40, 0xc4, 0x07, 0xc0, 0x80, 0x40, 0x03, 0x40, 0xc3,
  0x80, 0x06, 0x40, 0x02, 0x40, 0x02, 0x80, 0xc3, 0x40, 0x06, 0x40, 0xc4, 0x80, 0x00, 0x80, 0xc3,
  0x05, 0xc8, 0x40, 0xc3, 0x40, 0x03, 0xce, 0x80, 0x02, 0x80, 0xc4, 0x80, 0x42, 0xc6, 0x01, 0x40,
  0xc4, 0x40, 0x04, 0x80, 0xc4, 0x40, 0x00, 0x80, 0xc3, 0x80, 0x06, 0xc4, 0x40, 0x00, 0xc4, 0x40,
  0x06, 0x80, 0xc3, 0x80, 0x00, 0xc4, 0x07, 0x80, 0xc3, 0x80, 0x40, 0xc4, 0x07, 0x40, 0xc3, 0x80,
  0x40, 0xc4, 0x07, 0x40, 0xc3, 0x80, 0x00, 0xc4, 0x40, 0x06, 0x80, 0xc3, 0x40, 0x00, 0xc4, 0x40,
  0x06, 0xc4, 0x40, 0x00, 0x80, 0xc4, 0x05, 0x40, 0xc4, 0x01, 0x40, 0xc4, 0x80, 0x03, 0x40, 0xc4,
  0x40, 0x02, 0x80, 0xc6, 0x80, 0xc6, 0x04, 0xcd, 0x40, 0x05, 0x80, 0xca, 0x40, 0x07, 0x40, 0x80,
  0xc6, 0x40, 0x0c, 0x44, 0x06, 0x05, 0x80, 0xc1, 0x80, 0x40, 0x02, 0xc1, 0x80, 0x08, 0x80, 0xc4,
  0x80, 0x40, 0x80, 0xc1, 0x80, 0x07, 0x40, 0xca, 0x40, 0x07, 0x40, 0xc1, 0x80, 0x00, 0x40, 0xc4,
  0x80, 0x08, 0x40, 0x81, 0x40, 0x02, 0x81, 0xc0, 0x80, 0x30, 0x40, 0x84, 0x02, 0x81, 0xc1, 0x80,
  0x40, 0x05, 0x40, 0xc4, 0x00, 0x40, 0xc7, 0x40, 0x03, 0x40, 0xc4, 0x00, 0xc9, 0x40, 0x02, 0x40,
  0xc4, 0x80, 0xc9, 0x80, 0x02, 0x40, 0xc6, 0x82, 0xc6, 0x40, 0x01, 0x40, 0xc5, 0x40, 0x03, 0x80,
  0xc4, 0x40, 0x01, 0x40, 0xc4, 0x80, 0x05, 0xc4, 0x80, 0x01, 0x40, 0xc4, 0x06, 0xc4, 0x80, 0x01,
  0x40, 0xc4, 0x06, 0x80, 0xc3, 0x80, 0x01, 0x40, 0xc4, 0x06, 0x80, 0xc3, 0x80, 0x01, 0x40, 0xc4,
  0x06, 0x80, 0xc3, 0x80, 0x01, 0x40, 0xc4, 0x06, 0x80, 0xc3, 0x80, 0x01, 0x40, 0xc4, 0x06, 0x80,
  0xc3, 0x80, 0x01, 0x40, 0xc4, 0x06, 0x80, 0xc3, 0x80, 0x01, 0x40, 0xc4, 0x06, 0x80, 0xc3, 0x80,
  0x01, 0x40, 0xc4, 0x06, 0x80, 0xc3, 0x80, 0x01, 0x40, 0xc4, 0x06, 0x80, 0xc3, 0x80, 0x01, 0x40,
  0xc4, 0x06, 0x80, 0xc3, 0x80, 0x01, 0x40, 0xc4, 0x06, 0x80, 0xc3, 0x80, 0x01, 0x40, 0xc4, 0x06,
  0x80, 0xc3, 0x80, 0x00, 0x04, 0x44, 0x0f, 0x40, 0xc3, 0x40, 0x0f, 0x80, 0xc3, 0x10, 0xc3, 0x40,
  0x0f, 0x40, 0xc2, 0x80, 0x10, 0x80, 0xc2, 0x40, 0x37, 0x40, 0x81, 0xc2, 0x81, 0x0b, 0x80, 0xc8,
  0x80, 0x07, 0x40, 0xcc, 0x40, 0x05, 0xce, 0x04, 0x80, 0xc5, 0x41, 0x80, 0xc5, 0x80, 0x02, 0x40,
  0xc4, 0x80, 0x04, 0x80, 0xc4, 0x40, 0x01, 0x80, 0xc4, 0x05, 0x40, 0xc4, 0x80, 0x01, 0xc4, 0x80,
  0x06, 0x80, 0xc3, 0x80, 0x01, 0xc4, 0x40, 0x06, 0x80, 0xc4, 0x00, 0x40, 0xc4, 0x40, 0x06, 0x40,
  0xc4, 0x00, 0x40, 0xc4, 0x40, 0x06, 0x40, 0xc4, 0x01, 0xc4, 0x40, 0x06, 0x40, 0xc4, 0x01, 0xc4,
  0x80, 0x06, 0x80, 0xc4, 0x01, 0x80, 0xc4, 0x06, 0xc4, 0x80, 0x01, 0x40, 0xc4, 0x40, 0x04, 0x80,
  0xc4, 0x40, 0x02, 0xc5, 0x40, 0x02, 0x40, 0xc5, 0x03, 0x40, 0xce, 0x40, 0x04, 0x80, 0xcc, 0x80,
  0x06, 0x80, 0xca, 0x40, 0x08, 0x40, 0x80, 0xc6, 0x80, 0x40, 0x0c, 0x44, 0x07, 0x0a, 0x44, 0x0e,
  0x80, 0xc3, 0x40, 0x0e, 0xc3, 0x80, 0x0e, 0x40, 0xc2, 0x80, 0x0f, 0xc3, 0x40, 0x0e, 0x40, 0xc2,
  0x40, 0x37, 0x40, 0x81, 0xc2, 0x81, 0x0b, 0x80, 0xc8, 0x80, 0x07, 0x40, 0xcc, 0x40, 0x05, 0xce,
  0x04, 0x80, 0xc5, 0x41, 0x80, 0xc5, 0x80, 0x02, 0x40, 0xc4, 0x80, 0x04, 0x80, 0xc4, 0x40, 0x01,
  0x80, 0xc4, 0x05, 0x40, 0xc4, 0x80, 0x01, 0xc4, 0x80, 0x06, 0x80, 0xc3, 0x80, 0x01, 0xc4, 0x40,
  0x06, 0x80, 0xc4, 0x00, 0x40, 0xc4, 0x40, 0x06, 0x40, 0xc4, 0x00, 0x40, 0xc4, 0x40, 0x06, 0x40,
  0xc4, 0x01, 0xc4, 0x40, 0x06, 0x40, 0xc4, 0x01, 0xc4, 0x80, 0x06, 0x80, 0xc4, 0x01, 0x80, 0xc4,
  0x06, 0xc4, 0x80, 0x01, 0x40, 0xc4, 0x40, 0x04, 0x80, 0xc4, 0x40, 0x02, 0xc5, 0x40, 0x02, 0x40,
  0xc5, 0x03, 0x40, 0xce, 0x40, 0x04, 0x80, 0xcc, 0x80, 0x06, 0x80, 0xca, 0x40, 0x08, 0x40, 0x80,
  0xc6, 0x80, 0x40, 0x0c, 0x44, 0x07, 0x07, 0x84, 0x0e, 0x80, 0xc4, 0x80, 0x0c, 0x80, 0xc6, 0x80,
  0x0a, 0x80, 0xc3, 0x40, 0xc3, 0x80, 0x08, 0x80, 0xc3, 0x40, 0x00, 0x40, 0xc3, 0x40, 0x06, 0x40,
  0xc3, 0x40, 0x02, 0x40, 0xc3, 0x40, 0x32, 0x40, 0x81, 0xc2, 0x81, 0x0b, 0x80, 0xc8, 0x80, 0x07,
  0x40, 0xcc, 0x40, 0x05, 0xce, 0x04, 0x80, 0xc5, 0x41, 0x80, 0xc5, 0x80, 0x02, 0x40, 0xc4, 0x80,
  0x04, 0x80, 0xc4, 0x40, 0x01, 0x80, 0xc4, 0x05, 0x40, 0xc4, 0x80, 0x01, 0xc4, 0x80, 0x06, 0x80,
  0xc3, 0x80, 0x01, 0xc4, 0x40, 0x06, 0x80, 0xc4, 0x00, 0x40, 0xc4, 0x40, 0x06, 0x40, 0xc4, 0x00,
  0x40, 0xc4, 0x40, 0x06, 0x40, 0xc4, 0x01, 0xc4, 0x40, 0x06, 0x40, 0xc4, 0x01, 0xc4, 0x80, 0x06,
  0x80, 0xc4, 0x01, 0x80, 0xc4, 0x06, 0xc4, 0x80, 0x01, 0x40, 0xc4, 0x40, 0x04, 0x80, 0xc4, 0x40,
  0x02, 0xc5, 0x40, 0x02, 0x40, 0xc5, 0x03, 0x40, 0xce, 0x40, 0x04, 0x80, 0xcc, 0x80, 0x06, 0x80,
  0xca, 0x40, 0x08, 0x40, 0x80, 0xc6, 0x80, 0x40, 0x0c, 0x44, 0x07, 0x05, 0x80, 0xc1, 0x80, 0x40,
  0x01, 0x40, 0xc1, 0x80, 0x08, 0x80, 0xc4, 0x80, 0x40, 0x80, 0xc1, 0x80, 0x07, 0x40, 0xca, 0x40,
  0x07, 0x80, 0xc1, 0x80, 0x00, 0x40, 0xc4, 0x80, 0x08, 0x82, 0x40, 0x02, 0x80, 0xc0, 0x80, 0x40,
  0x35, 0x40, 0x81, 0xc2, 0x81, 0x0b, 0x80, 0xc8, 0x80, 0x07, 0x40, 0xcc, 0x40, 0x05, 0xce, 0x04,
  0x80, 0xc5, 0x41, 0x80, 0xc5, 0x80, 0x02, 0x40, 0xc4, 0x80, 0x04, 0x80, 0xc4, 0x40, 0x01, 0x80,
  0xc4, 0x05, 0x40, 0xc4, 0x80, 0x01, 0xc4, 0x80, 0x06, 0x80, 0xc3, 0x80, 0x01, 0xc4, 0x40, 0x06,
  0x80, 0xc4, 0x00, 0x40, 0xc4, 0x40, 0x06, 0x40, 0xc4, 0x00, 0x40, 0xc4, 0x40, 0x06, 0x40, 0xc4,
  0x01, 0xc4, 0x40, 0x06, 0x40, 0xc4, 0x01, 0xc4, 0x80, 0x06, 0x80, 0xc4, 0x01, 0x80, 0xc4, 0x06,
  0xc4, 0x80, 0x01, 0x40, 0xc4, 0x40, 0x04, 0x80, 0xc4, 0x40, 0x02, 0xc5, 0x40, 0x02, 0x40, 0xc5,
  0x03, 0x40, 0xce, 0x40, 0x04, 0x80, 0xcc, 0x80, 0x06, 0x80, 0xca, 0x40, 0x08, 0x40, 0x80, 0xc6,
  0x80, 0x40, 0x0c, 0x44, 0x07, 0x04, 0x40, 0x80, 0x40, 0x04, 0x40, 0x80, 0x40, 0x08, 0x80, 0xc2,
  0x80, 0x02, 0x80, 0xc2, 0x40, 0x07, 0xc4, 0x01, 0x40, 0xc4, 0x07, 0xc4, 0x01, 0x40, 0xc4, 0x07,
  0x80, 0xc2, 0x80, 0x02, 0x80, 0xc2, 0x80, 0x08, 0x40, 0x80, 0x40, 0x04, 0x81, 0x40, 0x34, 0x40,
  0x81, 0xc2, 0x81, 0x0b, 0x80, 0xc8, 0x80, 0x07, 0x40, 0xcc, 0x40, 0x05, 0xce, 0x04, 0x80, 0xc5,
  0x41, 0x80, 0xc5, 0x80, 0x02, 0x40, 0xc4, 0x80, 0x04, 0x80, 0xc4, 0x40, 0x01, 0x80, 0xc4, 0x05,
  0x40, 0xc4, 0x80, 0x01, 0xc4, 0x80, 0x06, 0x80, 0xc3, 0x80, 0x01, 0xc4, 0x40, 0x06, 0x80, 0xc4,
  0x00, 0x40, 0xc4, 0x40, 0x06, 0x40, 0xc4, 0x00, 0x40, 0xc4, 0x40, 0x06, 0x40, 0xc4, 0x01, 0xc4,
  0x40, 0x06, 0x40, 0xc4, 0x01, 0xc4, 0x80, 0x06, 0x80, 0xc4, 0x01, 0x80, 0xc4, 0x06, 0xc4, 0x80,
  0x01, 0x40, 0xc4, 0x40, 0x04, 0x80, 0xc4, 0x40, 0x02, 0xc5, 0x40, 0x02, 0x40, 0xc5, 0x03, 0x40,
  0xce, 0x40, 0x04, 0x80, 0xcc, 0x80, 0x06, 0x80, 0xca, 0x40, 0x08, 0x40, 0x80, 0xc6, 0x80, 0x40,
  0x0c, 0x44, 0x07, 0x09, 0x40, 0x81, 0x12, 0x80, 0xc3, 0x10, 0x40, 0xc4, 0x80, 0x0f, 0x40, 0xc4,
  0x80, 0x0f, 0x40, 0xc4, 0x40, 0x10, 0x80, 0xc2, 0x80, 0x12, 0x42, 0x22, 0x40, 0x90, 0x40, 0x03,
  0x40, 0xd0, 0x80, 0x03, 0x40, 0xd0, 0x80, 0x03, 0x40, 0xd0, 0x80, 0x03, 0x40, 0x90, 0x40, 0x22,
  0x42, 0x12, 0x80, 0xc2, 0x80, 0x10, 0x40, 0xc4, 0x40, 0x0f, 0x40, 0xc4, 0x80, 0x0f, 0x40, 0xc4,
  0x80, 0x10, 0x80, 0xc3, 0x12, 0x40, 0x81, 0x09, 0x0f, 0x80, 0x09, 0x40, 0x81, 0xc1, 0x81, 0x40,
  0x00, 0x80, 0xc1, 0x40, 0x06, 0x80, 0xcb, 0x40, 0x04, 0x40, 0xcc, 0x80, 0x05, 0xce, 0x04, 0x80,
  0xc5, 0x80, 0x40, 0x80, 0xc5, 0x80, 0x02, 0x40, 0xc4, 0x80, 0x03, 0xc6, 0x40, 0x01, 0x80, 0xc4,
  0x03, 0x80, 0xc6, 0x80, 0x01, 0xc4, 0x80, 0x02, 0x40, 0xc7, 0x80, 0x01, 0xc4, 0x40, 0x01, 0x40,
  0xc2, 0x81, 0xc4, 0x00, 0x40, 0xc4, 0x40, 0x01, 0xc2, 0x80, 0x00, 0x40, 0xc4, 0x00, 0x40, 0xc4,
  0x40, 0x00, 0x80, 0xc2, 0x40, 0x00, 0x40, 0xc4, 0x01, 0xc4, 0x41, 0xc2, 0x40, 0x01, 0x40, 0xc4,
  0x01, 0xc4, 0x80, 0xc2, 0x80, 0x02, 0x80, 0xc4, 0x01, 0x80, 0xc7, 0x03, 0xc4, 0x80, 0x01, 0x80,
  0xc6, 0x40, 0x02, 0x40, 0xc4, 0x40, 0x02, 0xc5, 0x80, 0x02, 0x40, 0xc5, 0x03, 0x40, 0xce, 0x40,
  0x04, 0x80, 0xcc, 0x80, 0x05, 0xcc, 0x80, 0x05, 0x80, 0xc2, 0x80, 0xc6, 0x80, 0x40, 0x07, 0x40,
  0xc0, 0x40, 0x01, 0x44, 0x1c, 0x04, 0x44, 0x0f, 0x40, 0xc3, 0x80, 0x0f, 0x40, 0xc3, 0x10, 0x80,
  0xc2, 0x80, 0x10, 0xc3, 0x10, 0x40, 0xc2, 0x40, 0x32, 0x40, 0x84, 0x06, 0x84, 0x40, 0x01, 0x40,
  0xc4, 0x06, 0x80, 0xc3, 0x80, 0x01, 0x40, 0xc4, 0x06, 0x80, 0xc3, 0x80, 0x01, 0x40, 0xc4, 0x06,
  0x80, 0xc3, 0x80, 0x01, 0x40, 0xc4, 0x06, 0x80, 0xc3, 0x80, 0x01, 0x40, 0xc4, 0x06, 0x80, 0xc3,
  0x80, 0x01, 0x40, 0xc4, 0x06, 0x80, 0xc3, 0x80, 0x01, 0x40, 0xc4, 0x06, 0x80, 0xc3, 0x80, 0x01,
  0x40, 0xc4, 0x06, 0x80, 0xc3, 0x80, 0x01, 0x40, 0xc4, 0x06, 0x80, 0xc3, 0x80, 0x01, 0x40, 0xc4,
  0x06, 0x80, 0xc3, 0x80, 0x01, 0x40, 0xc4, 0x06, 0x80, 0xc3, 0x80, 0x01, 0x40, 0xc4, 0x06, 0xc4,
  0x80, 0x01, 0x40, 0xc4, 0x40, 0x04, 0x40, 0xc4, 0x80, 0x01, 0x40, 0xc4, 0x80, 0x04, 0x80, 0xc4,
  0x80, 0x02, 0xc6, 0x41, 0x80, 0xc6, 0x80, 0x02, 0x80, 0xca, 0x80, 0xc3, 0x80, 0x02, 0x40, 0xc9,
  0x81, 0xc3, 0x80, 0x03, 0x40, 0xc7, 0x80, 0x00, 0x80, 0xc3, 0x80, 0x04, 0x40, 0x80, 0xc4, 0x40,
  0x01, 0x80, 0xc3, 0x80, 0x07, 0x41, 0x0b, 0x0a, 0x44, 0x0e, 0x40, 0xc3, 0x40, 0x0e, 0x80, 0xc2,
  0x80, 0x0e, 0x40, 0xc3, 0x0f, 0x80, 0xc2, 0x40, 0x0f, 0xc2, 0x80, 0x32, 0x40, 0x84, 0x06, 0x84,
  0x40, 0x01, 0x40, 0xc4, 0x06, 0x80, 0xc3, 0x80, 0x01, 0x40, 0xc4, 0x06, 0x80, 0xc3, 0x80, 0x01,
  0x40, 0xc4, 0x06, 0x80, 0xc3, 0x80, 0x01, 0x40, 0xc4, 0x06, 0x80, 0xc3, 0x80, 0x01, 0x40, 0xc4,
  0x06, 0x80, 0xc3, 0x80, 0x01, 0x40, 0xc4, 0x06, 0x80, 0xc3, 0x80, 0x01, 0x40, 0xc4, 0x06, 0x80,
  0xc3, 0x80, 0x01, 0x40, 0xc4, 0x06, 0x80, 0xc3, 0x80, 0x01, 0x40, 0xc4, 0x06, 0x80, 0xc3, 0x80,
  0x01, 0x40, 0xc4, 0x06, 0x80, 0xc3, 0x80, 0x01, 0x40, 0xc4, 0x06, 0x80, 0xc3, 0x80, 0x01, 0x40,
  0xc4, 0x06, 0xc4, 0x80, 0x01, 0x40, 0xc4, 0x40, 0x04, 0x40, 0xc4, 0x80, 0x01, 0x40, 0xc4, 0x80,
  0x04, 0x80, 0xc4, 0x80, 0x02, 0xc6, 0x41, 0x80, 0xc6, 0x80, 0x02, 0x80, 0xca, 0x80, 0xc3, 0x80,
  0x02, 0x40, 0xc9, 0x81, 0xc3, 0x80, 0x03, 0x40, 0xc7, 0x80, 0x00, 0x80, 0xc3, 0x80, 0x04, 0x40,
  0x80, 0xc4, 0x40, 0x01, 0x80, 0xc3, 0x80, 0x07, 0x41, 0x0b, 0x07, 0x84, 0x0e, 0x80, 0xc4, 0x80,
  0x0c, 0x80, 0xc6, 0x80, 0x0a, 0x40, 0xc3, 0x40, 0xc3, 0x80, 0x08, 0x40, 0xc3, 0x40, 0x01, 0xc3,
  0x80, 0x06, 0x40, 0xc3, 0x40, 0x02, 0x40, 0xc3, 0x80, 0x2d, 0x40, 0x84, 0x06, 0x84, 0x40, 0x01,
  0x40, 0xc4, 0x06, 0x80, 0xc3, 0x80, 0x01, 0x40, 0xc4, 0x06, 0x80, 0xc3, 0x80, 0x01, 0x40, 0xc4,
  0x06, 0x80, 0xc3, 0x80, 0x01, 0x40, 0xc4, 0x06, 0x80, 0xc3, 0x80, 0x01, 0x40, 0xc4, 0x06, 0x80,
  0xc3, 0x80, 0x01, 0x40, 0xc4, 0x06, 0x80, 0xc3, 0x80, 0x01, 0x40, 0xc4, 0x06, 0x80, 0xc3, 0x80,
  0x01, 0x40, 0xc4, 0x06, 0x80, 0xc3, 0x80, 0x01, 0x40, 0xc4, 0x06, 0x80, 0xc3, 0x80, 0x01, 0x40,
  0xc4, 0x06, 0x80, 0xc3, 0x80, 0x01, 0x40, 0xc4, 0x06, 0x80, 0xc3, 0x80, 0x01, 0x40, 0xc4, 0x06,
  0xc4, 0x80, 0x01, 0x40, 0xc4, 0x40, 0x04, 0x40, 0xc4, 0x80, 0x01, 0x40, 0xc4, 0x80, 0x04, 0x80,
  0xc4, 0x80, 0x02, 0xc6, 0x41, 0x80, 0xc6, 0x80, 0x02, 0x80, 0xca, 0x80, 0xc3, 0x80, 0x02, 0x40,
  0xc9, 0x81, 0xc3, 0x80, 0x03, 0x40, 0xc7, 0x80, 0x00, 0x80, 0xc3, 0x80, 0x04, 0x40, 0x80, 0xc4,
  0x40, 0x01, 0x80, 0xc3, 0x80, 0x07, 0x41, 0x0b, 0x04, 0x42, 0x04, 0x40, 0x80, 0x40, 0x08, 0x40,
  0xc2, 0x80, 0x02, 0x80, 0xc2, 0x80, 0x07, 0xc4, 0x40, 0x01, 0xc4, 0x07, 0xc4, 0x40, 0x01, 0xc4,
  0x07, 0x40, 0xc3, 0x02, 0x80, 0xc2, 0x80, 0x08, 0x40, 0x81, 0x04, 0x40, 0x80, 0x40, 0x2f, 0x40,
  0x84, 0x06, 0x84, 0x40, 0x01, 0x40, 0xc4, 0x06, 0x80, 0xc3, 0x80, 0x01, 0x40, 0xc4, 0x06, 0x80,
  0xc3, 0x80, 0x01, 0x40, 0xc4, 0x06, 0x80, 0xc3, 0x80, 0x01, 0x40, 0xc4, 0x06, 0x80, 0xc3, 0x80,
  0x01, 0x40, 0xc4, 0x06, 0x80, 0xc3, 0x80, 0x01, 0x40, 0xc4, 0x06, 0x80, 0xc3, 0x80, 0x01, 0x40,
  0xc4, 0x06, 0x80, 0xc3, 0x80, 0x01, 0x40, 0xc4, 0x06, 0x80, 0xc3, 0x80, 0x01, 0x40, 0xc4, 0x06,
  0x80, 0xc3, 0x80, 0x01, 0x40, 0xc4, 0x06, 0x80, 0xc3, 0x80, 0x01, 0x40, 0xc4, 0x06, 0x80, 0xc3,
  0x80, 0x01, 0x40, 0xc4, 0x06, 0xc4, 0x80, 0x01, 0x40, 0xc4, 0x40, 0x04, 0x40, 0xc4, 0x80, 0x01,
  0x40, 0xc4, 0x80, 0x04, 0x80, 0xc4, 0x80, 0x02, 0xc6, 0x41, 0x80, 0xc6, 0x80, 0x02, 0x80, 0xca,
  0x80, 0xc3, 0x80, 0x02, 0x40, 0xc9, 0x81, 0xc3, 0x80, 0x03, 0x40, 0xc7, 0x80, 0x00, 0x80, 0xc3,
  0x80, 0x04, 0x40, 0x80, 0xc4, 0x40, 0x01, 0x80, 0xc3, 0x80, 0x07, 0x41, 0x0b, 0x09, 0x44, 0x0e,
  0xc3, 0x80, 0x0d, 0x80, 0xc3, 0x0e, 0xc3, 0x40, 0x0d, 0x40, 0xc2, 0x80, 0x0e, 0x80, 0xc2, 0x2f,
  0x85, 0x07, 0x86, 0xc4, 0x06, 0x40, 0xc4, 0x41, 0xc4, 0x40, 0x05, 0x40, 0xc4, 0x01, 0xc4, 0x80,
  0x05, 0x80, 0xc3, 0x80, 0x01, 0x80, 0xc4, 0x05, 0xc4, 0x40, 0x01, 0x40, 0xc4, 0x40, 0x03, 0x40,
  0xc4, 0x03, 0x80, 0xc3, 0x40, 0x03, 0x80, 0xc3, 0x80, 0x03, 0x40, 0xc3, 0x80, 0x03, 0xc4, 0x40,
  0x04, 0xc4, 0x02, 0x40, 0xc4, 0x05, 0x80, 0xc3, 0x40, 0x01, 0x40, 0xc3, 0x80, 0x05, 0x40, 0xc3,
  0x80, 0x01, 0x80, 0xc3, 0x40, 0x06, 0xc4, 0x01, 0xc4, 0x07, 0x80, 0xc3, 0x41, 0xc3, 0x80, 0x07,
  0x40, 0xc3, 0x40, 0x80, 0xc3, 0x40, 0x08, 0xc3, 0x80, 0xc4, 0x09, 0x80, 0xc7, 0x80, 0x09, 0x40,
  0xc7, 0x40, 0x0a, 0xc7, 0x0b, 0x80, 0xc5, 0x80, 0x0b, 0x40, 0xc5, 0x40, 0x0c, 0xc4, 0x80, 0x0c,
  0x40, 0xc4, 0x40, 0x0c, 0xc5, 0x09, 0x40, 0xc7, 0x80, 0x09, 0x80, 0xc7, 0x0a, 0xc7, 0x40, 0x09,
  0x40, 0xc5, 0x80, 0x0d, 0x43, 0x0c, 0x01, 0x44, 0x0f, 0x40, 0xc4, 0x0f, 0x40, 0xc4, 0x0f, 0x40,
  0xc4, 0x0f, 0x40, 0xc4, 0x0f, 0x40, 0xc4, 0x0f, 0x40, 0xc4, 0x0f, 0x40, 0xc4, 0x02, 0x81, 0xc1,
  0x80, 0x40, 0x06, 0x40, 0xc4, 0x00, 0x40, 0xc7, 0x40, 0x04, 0x40, 0xc4, 0x40, 0xc9, 0x40, 0x03,
  0x40, 0xc4, 0x80, 0xca, 0x03, 0x40, 0xc6, 0x80, 0x41, 0x80, 0xc5, 0x80, 0x02, 0x40, 0xc5, 0x40,
  0x03, 0x40, 0xc5, 0x02, 0x40, 0xc4, 0x80, 0x05, 0x80, 0xc4, 0x40, 0x01, 0x40, 0xc4, 0x40, 0x05,
  0x40, 0xc4, 0x80, 0x01, 0x40, 0xc4, 0x07, 0xc4, 0x80, 0x01, 0x40, 0xc4, 0x07, 0xc4, 0x80, 0x01,
  0x40, 0xc4, 0x07, 0xc4, 0x80, 0x01, 0x40, 0xc4, 0x07, 0xc4, 0x80, 0x01, 0x40, 0xc4, 0x40, 0x06,
  0xc4, 0x80, 0x01, 0x40, 0xc4, 0x80, 0x05, 0x40, 0xc4, 0x40, 0x01, 0x40, 0xc5, 0x05, 0xc5, 0x02,
  0x40, 0xc6, 0x40, 0x01, 0x40, 0xc5, 0x80, 0x02, 0x40, 0xd0, 0x40, 0x02, 0x40, 0xc4, 0x40, 0xc9,
  0x80, 0x03, 0x40, 0xc4, 0x00, 0x80, 0xc7, 0x80, 0x04, 0x40, 0xc4, 0x01, 0x40, 0xc4, 0x80, 0x40,
  0x05, 0x40, 0xc4, 0x03, 0x42, 0x08, 0x40, 0xc4, 0x0f, 0x40, 0xc4, 0x0f, 0x40, 0xc4, 0x0f, 0x40,
  0xc4, 0x0f, 0x40, 0xc4, 0x0f, 0x40, 0xc4, 0x10, 0x44, 0x0e, 0x04, 0x41, 0x04, 0x42, 0x07, 0x40,
  0xc3, 0x02, 0x40, 0xc3, 0x06, 0x80, 0xc3, 0x80, 0x01, 0x80, 0xc3, 0x40, 0x05, 0x80, 0xc3, 0x80,
  0x01, 0x80, 0xc3, 0x40, 0x05, 0x40, 0xc3, 0x40, 0x01, 0x40, 0xc3, 0x07, 0x40, 0x81, 0x40, 0x03,
  0x40, 0x81, 0x2c, 0x85, 0x07, 0x86, 0xc4, 0x06, 0x40, 0xc4, 0x41, 0xc4, 0x40, 0x05, 0x40, 0xc4,
  0x01, 0xc4, 0x80, 0x05, 0x80, 0xc3, 0x80, 0x01, 0x80, 0xc4, 0x05, 0xc4, 0x40, 0x01, 0x40, 0xc4,
  0x40, 0x03, 0x40, 0xc4, 0x03, 0x80, 0xc3, 0x40, 0x03, 0x80, 0xc3, 0x80, 0x03, 0x40, 0xc3, 0x80,
  0x03, 0xc4, 0x40, 0x04, 0xc4, 0x02, 0x40, 0xc4, 0x05, 0x80, 0xc3, 0x40, 0x01, 0x40, 0xc3, 0x80,
  0x05, 0x40, 0xc3, 0x80, 0x01, 0x80, 0xc3, 0x40, 0x06, 0xc4, 0x01, 0xc4, 0x07, 0x80, 0xc3, 0x41,
  0xc3, 0x80, 0x07, 0x40, 0xc3, 0x40, 0x80, 0xc3, 0x40, 0x08, 0xc3, 0x80, 0xc4, 0x09, 0x80, 0xc7,
  0x80, 0x09, 0x40, 0xc7, 0x40, 0x0a, 0xc7, 0x0b, 0x80, 0xc5, 0x80, 0x0b, 0x40, 0xc5, 0x40, 0x0c,
  0xc4, 0x80, 0x0c, 0x40, 0xc4, 0x40, 0x0c, 0xc5, 0x09, 0x40, 0xc7, 0x80, 0x09, 0x80, 0xc7, 0x0a,
  0xc7, 0x40, 0x09, 0x40, 0xc5, 0x80, 0x0d, 0x43, 0x0c, 0x09, 0x45, 0x12, 0xc6, 0x80, 0x10, 0x40,
  0xc7, 0x10, 0x80, 0xc7, 0x40, 0x0f, 0xc8, 0x80, 0x0e, 0x40, 0xc9, 0x0e, 0x80, 0xc9, 0x40, 0x0d,
  0xc4, 0x81, 0xc3, 0x80, 0x0c, 0x40, 0xc4, 0x41, 0xc4, 0x0c, 0x80, 0xc4, 0x01, 0xc4, 0x40, 0x0b,
  0xc4, 0x80, 0x01, 0x80, 0xc3, 0x80, 0x0a, 0x40, 0xc4, 0x40, 0x01, 0x40, 0xc4, 0x0a, 0x80, 0xc4,
  0x02, 0x40, 0xc4, 0x40, 0x09, 0xc4, 0x80, 0x03, 0xc4, 0x80, 0x08, 0x40, 0xc4, 0x40, 0x03, 0x80,
  0xc4, 0x08, 0x80, 0xc4, 0x04, 0x40, 0xc4, 0x40, 0x07, 0xc4, 0x80, 0x45, 0xc5, 0x06, 0x40, 0xd1,
  0x40, 0x05, 0x80, 0xd1, 0x80, 0x05, 0xd3, 0x04, 0x40, 0xd3, 0x40, 0x03, 0xc5, 0x08, 0x40, 0xc4,
  0x80, 0x02, 0x40, 0xc4, 0x80, 0x09, 0xc5, 0x02, 0x80, 0xc4, 0x40, 0x09, 0x80, 0xc4, 0x40, 0x01,
  0xc5, 0x0a, 0x40, 0xc4, 0x80, 0x00, 0x40, 0xc4, 0x80, 0x0b, 0xc5, 0x00, 0x80, 0xc4, 0x40, 0x0b,
  0x80, 0xc4, 0x40, 0x12, 0x80, 0xc3, 0x80, 0x13, 0xc3, 0x40, 0x13, 0x40, 0xc2, 0x80, 0x14, 0x40,
  0xc3, 0x15, 0xc5, 0x40, 0x12, 0x80, 0xc4, 0x80, 0x13, 0x80, 0xc3, 0x80, 0x15, 0x41, 0x01, 0x05,
  0x40, 0x81, 0xc1, 0x81, 0x40, 0x09, 0x80, 0xc9, 0x40, 0x06, 0x80, 0xcb, 0x80, 0x04, 0x80, 0xcd,
  0x40, 0x02, 0x40, 0xc4, 0x80, 0x40, 0x01, 0x40, 0xc5, 0x02, 0x80, 0xc3, 0x80, 0x04, 0x40, 0xc4,
  0x05, 0x41, 0x05, 0x40, 0xc4, 0x40, 0x0c, 0x80, 0xc4, 0x40, 0x06, 0x41, 0x82, 0xc6, 0x40, 0x03,
  0x40, 0x80, 0xcc, 0x40, 0x02, 0x80, 0xce, 0x40, 0x01, 0x80, 0xc6, 0x81, 0x41, 0xc4, 0x40, 0x01,
  0xc4, 0x80, 0x40, 0x03, 0x40, 0xc4, 0x40, 0x00, 0x40, 0xc4, 0x05, 0x40, 0xc4, 0x40, 0x00, 0x40,
  0xc4, 0x05, 0x80, 0xc4, 0x40, 0x00, 0x40, 0xc4, 0x40, 0x03, 0x40, 0xc5, 0x40, 0x01, 0xc5, 0x80,
  0x41, 0x80, 0xc6, 0x40, 0x01, 0x80, 0xc9, 0x80, 0xc4, 0x40, 0x02, 0x80, 0xc8, 0x00, 0xc4, 0x40,
  0x03, 0x80, 0xc5, 0x80, 0x00, 0x40, 0xc4, 0x40, 0x05, 0x43, 0x02, 0xc4, 0x40, 0x0c, 0x40, 0xc3,
  0x0e, 0x80, 0xc2, 0x80, 0x0e, 0x80, 0xc2, 0x80, 0x0e, 0x40, 0xc5, 0x40, 0x0c, 0xc5, 0x40, 0x0d,
  0x80, 0xc3, 0x40, 0x0e, 0x42, 0x02, 0x0d, 0x44, 0x13, 0x80, 0xc3, 0x40, 0x13, 0xc3, 0x80, 0x13,
  0x40, 0xc2, 0x80, 0x14, 0xc3, 0x40, 0x13, 0x40, 0xc2, 0x40, 0x3f, 0x07, 0x41, 0x82, 0x41, 0x10,
  0x80, 0xc8, 0x80, 0x0c, 0x80, 0xcc, 0x40, 0x09, 0x80, 0xce, 0x80, 0x07, 0x80, 0xd0, 0x80, 0x05,
  0x40, 0xc6, 0x80, 0x42, 0x80, 0xc6, 0x40, 0x04, 0xc5, 0x80, 0x06, 0x80, 0xc4, 0x80, 0x03, 0x80,
  0xc4, 0x80, 0x08, 0x80, 0xc4, 0x40, 0x02, 0xc5, 0x09, 0x40, 0xc4, 0x40, 0x01, 0x40, 0xc4, 0x80,
  0x0a, 0xc4, 0x80, 0x01, 0x40, 0xc4, 0x40, 0x12, 0x80, 0xc4, 0x13, 0x80, 0xc4, 0x13, 0x80, 0xc4,
  0x13, 0x80, 0xc4, 0x13, 0x80, 0xc4, 0x13, 0x80, 0xc4, 0x13, 0x40, 0xc4, 0x40, 0x12, 0x40, 0xc4,
  0x80, 0x0a, 0xc4, 0x80, 0x02, 0xc5, 0x09, 0x40, 0xc4, 0x40, 0x02, 0x80, 0xc4, 0x80, 0x08, 0xc5,
  0x04, 0xc6, 0x40, 0x04, 0x40, 0xc5, 0x80, 0x04, 0x40, 0xc7, 0x83, 0xc6, 0x06, 0x80, 0xd0, 0x40,
  0x07, 0x80, 0xce, 0x40, 0x09, 0x40, 0xcc, 0x40, 0x0c, 0x40, 0x80, 0xc6, 0x80, 0x40, 0x11, 0x44,
  0x09, 0x0a, 0x44, 0x0d, 0x80, 0xc3, 0x40, 0x0d, 0xc3, 0x80, 0x0d, 0x40, 0xc2, 0x80, 0x0e, 0xc3,
  0x40, 0x0d, 0x40, 0xc2, 0x40, 0x34, 0x40, 0x81, 0xc2, 0x80, 0x40, 0x0a, 0x80, 0xc8, 0x80, 0x06,
  0x40, 0xcc, 0x05, 0xcd, 0x80, 0x03, 0x80, 0xc5, 0x80, 0x41, 0xc5, 0x40, 0x01, 0x40, 0xc4, 0x80,
  0x04, 0x80, 0xc4, 0x01, 0x80, 0xc4, 0x05, 0x40, 0xc4, 0x01, 0xc4, 0x80, 0x06, 0x84, 0x01, 0xc4,
  0x40, 0x0c, 0x40, 0xc4, 0x40, 0x0c, 0x40, 0xc4, 0x40, 0x0d, 0xc4, 0x40, 0x0d, 0xc4, 0x80, 0x06,
  0x44, 0x01, 0x80, 0xc4, 0x06, 0xc4, 0x01, 0x40, 0xc4, 0x40, 0x04, 0x80, 0xc4, 0x02, 0xc5, 0x40,
  0x02, 0x40, 0xc4, 0x80, 0x02, 0x40, 0xce, 0x04, 0x80, 0xcc, 0x40, 0x05, 0x80, 0xca, 0x40, 0x07,
  0x40, 0x80, 0xc6, 0x80, 0x0c, 0x44, 0x06, 0x01, 0x50, 0x02, 0x40, 0xd0, 0x40, 0x01, 0x40, 0xd0,
  0x40, 0x01, 0x40, 0xd0, 0x40, 0x01, 0x40, 0xd0, 0x40, 0x01, 0x40, 0xc4, 0x80, 0x4a, 0x02, 0x40,
  0xc4, 0x40, 0x0d, 0x40, 0xc4, 0x40, 0x0d, 0x40, 0xc4, 0x40, 0x0d, 0x40, 0xc4, 0x40, 0x0d, 0x40,
  0xc4, 0x40, 0x0d, 0x40, 0xc4, 0x80, 0x4a, 0x02, 0x40, 0xcf, 0x40, 0x02, 0x40, 0xcf, 0x40, 0x02,
  0x40, 0xcf, 0x40, 0x02, 0x40, 0xcf, 0x40, 0x02, 0x40, 0xc4, 0x40, 0x0d, 0x40, 0xc4, 0x40, 0x0d,
  0x40, 0xc4, 0x40, 0x0d, 0x40, 0xc4, 0x40, 0x0d, 0x40, 0xc4, 0x40, 0x0d, 0x40, 0xc4, 0x40, 0x0d,
  0x40, 0xc4, 0x8b, 0x40, 0x01, 0x40, 0xd0, 0x40, 0x01, 0x40, 0xd0, 0x40, 0x01, 0x40, 0xd0, 0x40,
  0x01, 0x40, 0xd0, 0x40, 0x0d, 0x80, 0xc3, 0x40, 0x0d, 0x40, 0xc3, 0x40, 0x0e, 0x40, 0xc2, 0x80,
  0x0f, 0x40, 0xc3, 0x0f, 0x40, 0xc5, 0x40, 0x0d, 0x80, 0xc4, 0x80, 0x0e, 0x80, 0xc3, 0x80, 0x10,
  0x41, 0x02, 0x05, 0x40, 0x81, 0xc1, 0x81, 0x40, 0x0a, 0x80, 0xc8, 0x40, 0x06, 0x40, 0xcb, 0x80,
  0x05, 0xcd, 0x80, 0x03, 0x80, 0xc4, 0x80, 0x42, 0x80, 0xc4, 0x40, 0x01, 0x40, 0xc4, 0x40, 0x04,
  0x80, 0xc3, 0x80, 0x01, 0x80, 0xc3, 0x80, 0x06, 0xc4, 0x01, 0xc4, 0x40, 0x06, 0x80, 0xc3, 0x40,
  0x00, 0xc5, 0x86, 0xc4, 0x41, 0xd1, 0x80, 0x40, 0xd1, 0x80, 0x00, 0xc4, 0x8c, 0x40, 0x00, 0xc4,
  0x40, 0x0d, 0x80, 0xc3, 0x80, 0x0d, 0x80, 0xc4, 0x06, 0x80, 0xc0, 0x82, 0x40, 0x01, 0xc5, 0x40,
  0x03, 0x80, 0xc4, 0x02, 0x80, 0xc5, 0x82, 0xc5, 0x80, 0x03, 0x80, 0xcc, 0x80, 0x05, 0x80, 0xca,
  0x80, 0x07, 0x40, 0x80, 0xc6, 0x80, 0x40, 0x0b, 0x80, 0xc2, 0x80, 0x0e, 0xc3, 0x40, 0x0e, 0xc3,
  0x40, 0x0e, 0x80, 0xc5, 0x0c, 0x40, 0xc5, 0x0d, 0x40, 0xc4, 0x40, 0x0e, 0x42, 0x05, 0x03, 0x44,
  0x0e, 0x40, 0xc4, 0x40, 0x0d, 0x40, 0xc4, 0x40, 0x0d, 0x40, 0xc4, 0x40, 0x0d, 0x40, 0xc4, 0x40,
  0x0d, 0x40, 0xc4, 0x40, 0x0d, 0x40, 0xc4, 0x40, 0x0d, 0x40, 0xc4, 0x40, 0x0d, 0x40, 0xc4, 0x40,
  0x0d, 0x40, 0xc4, 0x40, 0x0d, 0x40, 0xc4, 0x41, 0x81, 0x0a, 0x40, 0xc7, 0x80, 0x0a, 0x40, 0xc7,
  0x80, 0x08, 0x80, 0xc7, 0x80, 0x41, 0x08, 0xc7, 0x40, 0x0b, 0xc1, 0x80, 0xc4, 0x40, 0x0b, 0x40,
  0x00, 0x40, 0xc4, 0x40, 0x0d, 0x40, 0xc4, 0x40, 0x0d, 0x40, 0xc4, 0x40, 0x0d, 0x40, 0xc4, 0x40,
  0x0d, 0x40, 0xc4, 0x40, 0x0d, 0x40, 0xc4, 0x40, 0x0d, 0x40, 0xc4, 0x8a, 0x40, 0x02, 0x40, 0xcf,
  0x80, 0x02, 0x40, 0xcf, 0x80, 0x02, 0x40, 0xcf, 0x80, 0x02, 0x40, 0xcf, 0x80, 0x02, 0x44, 0x04,
  0x40, 0xc4, 0x04, 0x40, 0xc4, 0x04, 0x40, 0xc4, 0x04, 0x40, 0xc4, 0x04, 0x40, 0xc4, 0x04, 0x40,
  0xc4, 0x04, 0x40, 0xc4, 0x04, 0x40, 0xc4, 0x04, 0x40, 0xc4, 0x04, 0x40, 0xc4, 0x40, 0x80, 0x40,
  0x01, 0x40, 0xc6, 0x40, 0x01, 0x80, 0xc6, 0x40, 0x80, 0xc6, 0x80, 0x40, 0x00, 0xc7, 0x02, 0xc1,
  0x80, 0xc4, 0x04, 0x40, 0xc4, 0x04, 0x40, 0xc4, 0x04, 0x40, 0xc4, 0x04, 0x40, 0xc4, 0x04, 0x40,
  0xc4, 0x04, 0x40, 0xc4, 0x04, 0x40, 0xc4, 0x04, 0x40, 0xc4, 0x04, 0x40, 0xc4, 0x04, 0x40, 0xc4,
  0x04, 0x40, 0xc4, 0x02, 0x0c, 0x44, 0x12, 0x40, 0xc3, 0x40, 0x12, 0x80, 0xc2, 0x80, 0x12, 0x40,
  0xc3, 0x13, 0x80, 0xc2, 0x40, 0x13, 0xc2, 0x80, 0x3d, 0x43, 0x0b, 0x44, 0x02, 0x40, 0xc4, 0x0a,
  0xc4, 0x80, 0x01, 0x40, 0xc4, 0x80, 0x09, 0xc4, 0x80, 0x01, 0x40, 0xc5, 0x40, 0x08, 0xc4, 0x80,
  0x01, 0x40, 0xc6, 0x08, 0xc4, 0x80, 0x01, 0x40, 0xc6, 0x80, 0x07, 0xc4, 0x80, 0x01, 0x40, 0xc7,
  0x40, 0x06, 0xc4, 0x80, 0x01, 0x40, 0xc8, 0x06, 0xc4, 0x80, 0x01, 0x40, 0xc8, 0x80, 0x05, 0xc4,
  0x80, 0x01, 0x40, 0xc9, 0x80, 0x04, 0xc4, 0x80, 0x01, 0x40, 0xc4, 0x80, 0xc4, 0x40, 0x03, 0xc4,
  0x80, 0x01, 0x40, 0xc4, 0x40, 0xc5, 0x03, 0xc4, 0x80, 0x01, 0x40, 0xc4, 0x41, 0xc4, 0x80, 0x02,
  0xc4, 0x80, 0x01, 0x40, 0xc4, 0x40, 0x00, 0x80, 0xc4, 0x40, 0x01, 0xc4, 0x80, 0x01, 0x40, 0xc4,
  0x40, 0x01, 0x80, 0xc4, 0x01, 0xc4, 0x80, 0x01, 0x40, 0xc4, 0x40, 0x02, 0xc4, 0x80, 0x00, 0xc4,
  0x80, 0x01, 0x40, 0xc4, 0x40, 0x02, 0x40, 0xc4, 0x40, 0xc4, 0x80, 0x01, 0x40, 0xc4, 0x40, 0x03,
  0x80, 0xc9, 0x80, 0x01, 0x40, 0xc4, 0x40, 0x04, 0xc9, 0x80, 0x01, 0x40, 0xc4, 0x40, 0x04, 0x40,
  0xc8, 0x80, 0x01, 0x40, 0xc4, 0x40, 0x05, 0x80, 0xc7, 0x80, 0x01, 0x40, 0xc4, 0x40, 0x06, 0xc7,
  0x80, 0x01, 0x40, 0xc4, 0x40, 0x06, 0x40, 0xc6, 0x80, 0x01, 0x40, 0xc4, 0x40, 0x07, 0x80, 0xc5,
  0x80, 0x01, 0x40, 0xc4, 0x40, 0x08, 0xc5, 0x80, 0x01, 0x40, 0xc4, 0x40, 0x08, 0x40, 0xc4, 0x80,
  0x01, 0x40, 0xc4, 0x40, 0x09, 0x80, 0xc3, 0x80, 0x00, 0x0a, 0x44, 0x0e, 0x40, 0xc3, 0x40, 0x0e,
  0x80, 0xc2, 0x80, 0x0e, 0x40, 0xc3, 0x0f, 0x80, 0xc2, 0x40, 0x0f, 0xc2, 0x80, 0x32, 0x40, 0x84,
  0x02, 0x81, 0xc1, 0x80, 0x40, 0x05, 0x40, 0xc4, 0x00, 0x40, 0xc7, 0x40, 0x03, 0x40, 0xc4, 0x00,
  0xc9, 0x40, 0x02, 0x40, 0xc4, 0x80, 0xc9, 0x80, 0x02, 0x40, 0xc6, 0x82, 0xc6, 0x40, 0x01, 0x40,
  0xc5, 0x40, 0x03, 0x80, 0xc4, 0x40, 0x01, 0x40, 0xc4, 0x80, 0x05, 0xc4, 0x80, 0x01, 0x40, 0xc4,
  0x06, 0xc4, 0x80, 0x01, 0x40, 0xc4, 0x06, 0x80, 0xc3, 0x80, 0x01, 0x40, 0xc4, 0x06, 0x80, 0xc3,
  0x80, 0x01, 0x40, 0xc4, 0x06, 0x80, 0xc3, 0x80, 0x01, 0x40, 0xc4, 0x06, 0x80, 0xc3, 0x80, 0x01,
  0x40, 0xc4, 0x06, 0x80, 0xc3, 0x80, 0x01, 0x40, 0xc4, 0x06, 0x80, 0xc3, 0x80, 0x01, 0x40, 0xc4,
  0x06, 0x80, 0xc3, 0x80, 0x01, 0x40, 0xc4, 0x06, 0x80, 0xc3, 0x80, 0x01, 0x40, 0xc4, 0x06, 0x80,
  0xc3, 0x80, 0x01, 0x40, 0xc4, 0x06, 0x80, 0xc3, 0x80, 0x01, 0x40, 0xc4, 0x06, 0x80, 0xc3, 0x80,
  0x01, 0x40, 0xc4, 0x06, 0x80, 0xc3, 0x80, 0x00, 0x0a, 0x45, 0x0f, 0x80, 0xc3, 0x0f, 0x40, 0xc3,
  0x40, 0x0f, 0x80, 0xc2, 0x80, 0x0f, 0x40, 0xc3, 0x10, 0x80, 0xc2, 0x40, 0x3b, 0x41, 0x82, 0x41,
  0x0c, 0x80, 0xc8, 0x80, 0x08, 0x40, 0xcc, 0x40, 0x05, 0x80, 0xce, 0x40, 0x03, 0x40, 0xd0, 0x03,
  0xc5, 0x80, 0x40, 0x01, 0x41, 0xc5, 0x80, 0x01, 0x40, 0xc4, 0x80, 0x06, 0x80, 0xc4, 0x01, 0x40,
  0xc4, 0x40, 0x06, 0x40, 0xc4, 0x01, 0x40, 0xc4, 0x40, 0x07, 0x44, 0x01, 0x40, 0xc4, 0x80, 0x0f,
  0xc5, 0x80, 0x40, 0x0d, 0x80, 0xc7, 0x80, 0x41, 0x0a, 0xcb, 0x80, 0x40, 0x08, 0x80, 0xcb, 0x80,
  0x40, 0x07, 0x40, 0xcc, 0x40, 0x08, 0x41, 0x80, 0xc9, 0x40, 0x0b, 0x41, 0x80, 0xc6, 0x0e, 0x40,
  0xc5, 0x40, 0x00, 0x44, 0x08, 0x40, 0xc4, 0x40, 0x00, 0xc4, 0x40, 0x08, 0xc4, 0x80, 0x00, 0xc4,
  0x80, 0x07, 0x40, 0xc4, 0x40, 0x00, 0x80, 0xc4, 0x40, 0x06, 0x80, 0xc4, 0x40, 0x00, 0x40, 0xc6,
  0x43, 0x80, 0xc6, 0x02, 0x80, 0xd0, 0x40, 0x03, 0xcf, 0x80, 0x05, 0x80, 0xcc, 0x80, 0x07, 0x40,
  0x80, 0xc8, 0x80, 0x0d, 0x44, 0x07, 0x09, 0x44, 0x0c, 0x40, 0xc3, 0x40, 0x0c, 0x80, 0xc2, 0x80,
  0x0c, 0x40, 0xc3, 0x0d, 0x80, 0xc2, 0x40, 0x0d, 0xc2, 0x80, 0x31, 0x40, 0x81, 0xc2, 0x81, 0x40,
  0x07, 0x40, 0xca, 0x40, 0x04, 0x40, 0xcc, 0x40, 0x03, 0xce, 0x02, 0x80, 0xc4, 0x80, 0x02, 0x40,
  0xc4, 0x80, 0x01, 0x80, 0xc3, 0x80, 0x04, 0x40, 0xc3, 0x80, 0x01, 0x80, 0xc3, 0x80, 0x05, 0x40,
  0x05, 0x80, 0xc4, 0x80, 0x40, 0x0a, 0x40, 0xc8, 0x80, 0x41, 0x06, 0x80, 0xcb, 0x40, 0x05, 0x80,
  0xcc, 0x06, 0x40, 0x80, 0xc9, 0x80, 0x09, 0x40, 0x80, 0xc6, 0x40, 0x0b, 0x80, 0xc4, 0x40, 0x00,
  0x82, 0xc1, 0x40, 0x04, 0x40, 0xc4, 0x40, 0x00, 0xc4, 0x80, 0x04, 0x80, 0xc4, 0x01, 0x80, 0xc5,
  0x82, 0xc5, 0x80, 0x02, 0xce, 0x04, 0x80, 0xca, 0x80, 0x06, 0x40, 0x80, 0xc6, 0x80, 0x40, 0x0a,
  0x44, 0x06, 0x0b, 0x44, 0x10, 0x80, 0xc3, 0x40, 0x10, 0xc3, 0x80, 0x10, 0x40, 0xc3, 0x11, 0xc3,
  0x40, 0x10, 0x40, 0xc2, 0x40, 0x38, 0x52, 0x02, 0x80, 0xd2, 0x40, 0x01, 0x80, 0xd2, 0x40, 0x01,
  0x80, 0xd2, 0x40, 0x01, 0x80, 0xd2, 0x02, 0x4c, 0xc5, 0x40, 0x0e, 0x40, 0xc4, 0x80, 0x0f, 0xc5,
  0x0f, 0x80, 0xc4, 0x40, 0x0e, 0x40, 0xc4, 0x80, 0x0e, 0x40, 0xc4, 0x80, 0x0f, 0xc5, 0x0f, 0x80,
  0xc4, 0x40, 0x0e, 0x40, 0xc4, 0x80, 0x0f, 0xc5, 0x0f, 0x80, 0xc4, 0x40, 0x0e, 0x40, 0xc4, 0x80,
  0x0e, 0x40, 0xc4, 0x80, 0x0f, 0x80, 0xc4, 0x0f, 0x80, 0xc4, 0x40, 0x0e, 0x40, 0xc4, 0x80, 0x0f,
  0xc5, 0x0f, 0x80, 0xc4, 0x8c, 0x40, 0x01, 0x40, 0xd2, 0x40, 0x01, 0x80, 0xd2, 0x40, 0x01, 0x80,
  0xd2, 0x40, 0x01, 0x80, 0xd2, 0x40, 0x00, 0x09, 0x44, 0x0c, 0x40, 0xc3, 0x40, 0x0c, 0x80, 0xc2,
  0x80, 0x0c, 0x40, 0xc3, 0x0d, 0x80, 0xc2, 0x40, 0x0d, 0xc2, 0x80, 0x2e, 0x8e, 0x40, 0x01, 0x40,
  0xce, 0x80, 0x01, 0x40, 0xce, 0x80, 0x01, 0x40, 0xce, 0x80, 0x02, 0x88, 0xc5, 0x40, 0x0a, 0x40,
  0xc4, 0x40, 0x0a, 0x40, 0xc4, 0x80, 0x0b, 0xc4, 0x80, 0x0b, 0x80, 0xc4, 0x0b, 0x80, 0xc4, 0x40,
  0x0a, 0x40, 0xc4, 0x80, 0x0a, 0x40, 0xc4, 0x80, 0x0b, 0xc5, 0x0b, 0xc5, 0x40, 0x0a, 0x80, 0xc4,
  0x40, 0x0a, 0x40, 0xc5, 0x48, 0x01, 0x40, 0xcf, 0x01, 0x80, 0xcf, 0x01, 0x80, 0xcf, 0x01, 0x80,
  0xcf, 0x00, 0x09, 0x40, 0x80, 0x40, 0x12, 0xc3, 0x80, 0x10, 0x40, 0xc4, 0x40, 0x0f, 0x40, 0xc4,
  0x40, 0x10, 0xc4, 0x12, 0x82, 0x39, 0x52, 0x02, 0x80, 0xd2, 0x40, 0x01, 0x80, 0xd2, 0x40, 0x01,
  0x80, 0xd2, 0x40, 0x01, 0x80, 0xd2, 0x02, 0x4c, 0xc5, 0x40, 0x0e, 0x40, 0xc4, 0x80, 0x0f, 0xc5,
  0x0f, 0x80, 0xc4, 0x40, 0x0e, 0x40, 0xc4, 0x80, 0x0e, 0x40, 0xc4, 0x80, 0x0f, 0xc5, 0x0f, 0x80,
  0xc4, 0x40, 0x0e, 0x40, 0xc4, 0x80, 0x0f, 0xc5, 0x0f, 0x80, 0xc4, 0x40, 0x0e, 0x40, 0xc4, 0x80,
  0x0e, 0x40, 0xc4, 0x80, 0x0f, 0x80, 0xc4, 0x0f, 0x80, 0xc4, 0x40, 0x0e, 0x40, 0xc4, 0x80, 0x0f,
  0xc5, 0x0f, 0x80, 0xc4, 0x8c, 0x40, 0x01, 0x40, 0xd2, 0x40, 0x01, 0x80, 0xd2, 0x40, 0x01, 0x80,
  0xd2, 0x40, 0x01, 0x80, 0xd2, 0x40, 0x00, 0x07, 0x40, 0x81, 0x0e, 0x80, 0xc3, 0x0c, 0x40, 0xc4,
  0x80, 0x0b, 0x40, 0xc4, 0x80, 0x0c, 0x80, 0xc3, 0x40, 0x0d, 0x82, 0x40, 0x2e, 0x8e, 0x40, 0x01,
  0x40, 0xce, 0x80, 0x01, 0x40, 0xce, 0x80, 0x01, 0x40, 0xce, 0x80, 0x02, 0x88, 0xc5, 0x40, 0x0a,
  0x40, 0xc4, 0x40, 0x0a, 0x40, 0xc4, 0x80, 0x0b, 0xc4, 0x80, 0x0b, 0x80, 0xc4, 0x0b, 0x80, 0xc4,
  0x40, 0x0a, 0x40, 0xc4, 0x80, 0x0a, 0x40, 0xc4, 0x80, 0x0b, 0xc5, 0x0b, 0xc5, 0x40, 0x0a, 0x80,
  0xc4, 0x40, 0x0a, 0x40, 0xc5, 0x48, 0x01, 0x40, 0xcf, 0x01, 0x80, 0xcf, 0x01, 0x80, 0xcf, 0x01,
  0x80, 0xcf, 0x00, 0xff, 0xc7, 0x51, 0x3f, 0x3f, 0x0f, 0xff, 0xff, 0xcf, 0x63, 0x3f, 0x3f, 0x3f,
  0x3f, 0x1f, 0x12, 0x80, 0xc2, 0x80, 0x40, 0x05, 0x40, 0xc6, 0x80, 0x04, 0xc8, 0x40, 0x02, 0x40,
  0xc9, 0x02, 0x80, 0xc9, 0x40, 0x01, 0xca, 0x40, 0x01, 0x80, 0xc9, 0x40, 0x01, 0x80, 0xc9, 0x03,
  0xc8, 0x80, 0x03, 0x40, 0xc6, 0x80, 0x06, 0x80, 0xc3, 0x40, 0x09, 0x40, 0x3d, 0x03, 0x82, 0x40,
  0x04, 0x82, 0x40, 0x04, 0x82, 0x40, 0x04, 0xc4, 0x03, 0xc4, 0x40, 0x02, 0x80, 0xc3, 0x40, 0x02,
  0x40, 0xc4, 0x80, 0x01, 0x40, 0xc4, 0x80, 0x01, 0x40, 0xc4, 0x80, 0x02, 0x40, 0xc4, 0x80, 0x01,
  0x40, 0xc4, 0x80, 0x01, 0x40, 0xc4, 0x80, 0x02, 0x40, 0xc4, 0x40, 0x01, 0x40, 0xc4, 0x40, 0x01,
  0x40, 0xc4, 0x40, 0x03, 0x40, 0xc2, 0x80, 0x03, 0x40, 0xc2, 0x80, 0x03, 0x40, 0xc2, 0x80, 0x06,
  0x41, 0x06, 0x41, 0x06, 0x41, 0x02, 0x0b, 0x41, 0x81, 0x41, 0x0f, 0x80, 0xc7, 0x80, 0x40, 0x0a,
  0x40, 0xcb, 0x80, 0x08, 0x80, 0xcd, 0x07, 0x40, 0xcd, 0x40, 0x06, 0x40, 0xc6, 0x80, 0x41, 0x81,
  0xc2, 0x07, 0x80, 0xc4, 0x80, 0x05, 0x40, 0x80, 0x40, 0x07, 0xc4, 0x80, 0x10, 0x40, 0xc4, 0x40,
  0x10, 0x80, 0xc4, 0x0e, 0x80, 0xcf, 0x80, 0x05, 0xd0, 0x05, 0x40, 0x82, 0xc4, 0x87, 0x40, 0x08,
  0x40, 0xc4, 0x40, 0x10, 0x40, 0xc4, 0x40, 0x0e, 0x81, 0xc6, 0x85, 0x08, 0xcd, 0x80, 0x07, 0x40,
  0xcd, 0x40, 0x0b, 0x80, 0xc4, 0x11, 0x40, 0xc4, 0x40, 0x11, 0xc5, 0x11, 0x80, 0xc5, 0x40, 0x04,
  0x40, 0xc0, 0x40, 0x08, 0xc6, 0x83, 0xc3, 0x08, 0x40, 0xcd, 0x40, 0x08, 0x40, 0xcc, 0x80, 0x09,
  0x40, 0xcb, 0x40, 0x0b, 0x40, 0x80, 0xc6, 0x80, 0x10, 0x43, 0x06, 0x2f, 0xc0, 0x80, 0x1d, 0xc2,
  0x80, 0x1b, 0xc4, 0x80, 0x19, 0xc5, 0x19, 0xc5, 0x19, 0xc5, 0x19, 0xc5, 0x19, 0xc5, 0x19, 0xc5,
  0x19, 0xc5, 0x19, 0xc5, 0x91, 0x07, 0xd8, 0x40, 0x05, 0x80, 0xd8, 0x40, 0x05, 0x40, 0xd8, 0x40,
  0x06, 0x40, 0xc5, 0x91, 0x40, 0x07, 0x40, 0xc4, 0x80, 0x1a, 0x40, 0xc4, 0x80, 0x1a, 0x40, 0xc4,
  0x80, 0x1a, 0x40, 0xc4, 0x80, 0x1a, 0x40, 0xc4, 0x80, 0x1a, 0x40, 0xc4, 0x80, 0x1a, 0x40, 0xc4,
  0x80, 0x1a, 0x40, 0xc4, 0x80, 0x1a, 0x40, 0xc2, 0x80, 0x1c, 0x40, 0xc0, 0x80, 0x30, 0x2f, 0x40,
  0xc0, 0x40, 0x1c, 0x40, 0xc2, 0x40, 0x1a, 0x40, 0xc4, 0x40, 0x18, 0x40, 0xc6, 0x40, 0x16, 0x40,
  0xc8, 0x40, 0x14, 0x40, 0xca, 0x40, 0x12, 0x40, 0xcc, 0x40, 0x10, 0x40, 0xce, 0x40, 0x0e, 0x40,
  0xc4, 0x81, 0xc2, 0x80, 0x40, 0xc4, 0x40, 0x0c, 0x40, 0xc4, 0x80, 0x00, 0x80, 0xc2, 0x80, 0x00,
  0x40, 0xc4, 0x40, 0x0a, 0x40, 0xc4, 0x80, 0x01, 0x80, 0xc2, 0x80, 0x01, 0x40, 0xc4, 0x40, 0x09,
  0xc4, 0x80, 0x02, 0x80, 0xc2, 0x80, 0x02, 0x40, 0xc4, 0x40, 0x08, 0x40, 0xc2, 0x80, 0x03, 0x80,
  0xc2, 0x80, 0x03, 0x40, 0xc2, 0x80, 0x0a, 0x40, 0xc0, 0x80, 0x04, 0x80, 0xc2, 0x80, 0x04, 0x40,
  0xc0, 0x80, 0x0c, 0x40, 0x05, 0x80, 0xc2, 0x80, 0x05, 0x40, 0x14, 0x80, 0xc2, 0x80, 0x1b, 0x80,
  0xc2, 0x80, 0x1b, 0x80, 0xc2, 0x80, 0x1b, 0x80, 0xc2, 0x80, 0x1b, 0x80, 0xc2, 0x80, 0x1b, 0x80,
  0xc2, 0x80, 0x1b, 0x80, 0xc2, 0x80, 0x1b, 0x80, 0xc2, 0x80, 0x1b, 0x80, 0xc2, 0x80, 0x1b, 0x80,
  0xc2, 0x80, 0x1b, 0x80, 0xc2, 0x80, 0x0d, 0x30, 0x40, 0xc0, 0x40, 0x1c, 0x80, 0xc2, 0x40, 0x1a,
  0x40, 0xc4, 0x40, 0x1a, 0x80, 0xc4, 0x40, 0x1a, 0x80, 0xc4, 0x40, 0x1a, 0x80, 0xc4, 0x40, 0x1a,
  0x80, 0xc4, 0x40, 0x1a, 0x80, 0xc4, 0x40, 0x1a, 0x80, 0xc4, 0x40, 0x1a, 0x80, 0xc4, 0x40, 0x08,
  0x91, 0xc5, 0x40, 0x07, 0xd8, 0x40, 0x06, 0xd9, 0x06, 0xd8, 0x40, 0x06, 0x91, 0xc5, 0x40, 0x18,
  0x80, 0xc4, 0x40, 0x18, 0x80, 0xc4, 0x40, 0x18, 0x80, 0xc4, 0x40, 0x18, 0x80, 0xc4, 0x40, 0x18,
  0x80, 0xc4, 0x40, 0x18, 0x80, 0xc4, 0x40, 0x18, 0x80, 0xc4, 0x40, 0x18, 0x40, 0xc4, 0x40, 0x1a,
  0x80, 0xc2, 0x40, 0x1c, 0x80, 0xc0, 0x40, 0x1e, 0x40, 0x0e, 0x0e, 0x42, 0x1c, 0x80, 0xc2, 0x80,
  0x1b, 0x80, 0xc2, 0x80, 0x1b, 0x80, 0xc2, 0x80, 0x1b, 0x80, 0xc2, 0x80, 0x1b, 0x80, 0xc2, 0x80,
  0x1b, 0x80, 0xc2, 0x80, 0x1b, 0x80, 0xc2, 0x80, 0x1b, 0x80, 0xc2, 0x80, 0x1b, 0x80, 0xc2, 0x80,
  0x1b, 0x80, 0xc2, 0x80, 0x1b, 0x80, 0xc2, 0x80, 0x14, 0x80, 0x05, 0x80, 0xc2, 0x80, 0x05, 0x80,
  0x0c, 0x80, 0xc0, 0x80, 0x04, 0x80, 0xc2, 0x80, 0x04, 0x80, 0xc0, 0x80, 0x0a, 0x80, 0xc2, 0x80,
  0x03, 0x80, 0xc2, 0x80, 0x03, 0x80, 0xc2, 0x80, 0x09, 0xc4, 0x80, 0x02, 0x80, 0xc2, 0x80, 0x02,
  0x80, 0xc4, 0x40, 0x08, 0x40, 0xc4, 0x80, 0x01, 0x80, 0xc2, 0x80, 0x01, 0x80, 0xc4, 0x40, 0x0a,
  0x40, 0xc4, 0x80, 0x00, 0x80, 0xc2, 0x80, 0x00, 0x80, 0xc4, 0x40, 0x0c, 0x40, 0xc4, 0x81, 0xc2,
  0x81, 0xc4, 0x40, 0x0e, 0x40, 0xce, 0x40, 0x10, 0x40, 0xcc, 0x40, 0x12, 0x40, 0xca, 0x40, 0x14,
  0x40, 0xc8, 0x40, 0x16, 0x40, 0xc6, 0x40, 0x18, 0x40, 0xc4, 0x40, 0x1a, 0x40, 0xc2, 0x40, 0x1c,
  0x40, 0xc0, 0x40, 0x2f, 0x18, 0x80, 0x1c, 0x80, 0xc0, 0x80, 0x1a, 0x80, 0xc2, 0x80, 0x18, 0x80,
  0xc4, 0x80, 0x16, 0x80, 0xc5, 0x40, 0x15, 0x80, 0xc5, 0x40, 0x15, 0x80, 0xc5, 0x40, 0x09, 0x40,
  0x0a, 0x80, 0xc5, 0x40, 0x09, 0x80, 0xc0, 0x80, 0x08, 0x80, 0xc5, 0x40, 0x09, 0x80, 0xc2, 0x80,
  0x06, 0x80, 0xc5, 0x40, 0x09, 0x80, 0xc4, 0x80, 0x04, 0x80, 0xc5, 0x40, 0x0a, 0x80, 0xc5, 0x80,
  0x02, 0x80, 0xc5, 0x40, 0x0c, 0x80, 0xc5, 0x80, 0x00, 0x80, 0xc5, 0x40, 0x0e, 0x80, 0xcc, 0x40,
  0x10, 0x80, 0xca, 0x40, 0x12, 0x80, 0xc8, 0x40, 0x14, 0x80, 0xc6, 0x40, 0x16, 0x80, 0xc4, 0x40,
  0x18, 0x80, 0xc2, 0x40, 0x1a, 0x80, 0xc0, 0x40, 0x1c, 0x40, 0x30, 0x00, 0x40, 0xcd, 0x40, 0x01,
  0x40, 0xcd, 0x40, 0x01, 0x40, 0xc0, 0x80, 0x09, 0x80, 0xc0, 0x40, 0x01, 0x40, 0xc0, 0x80, 0x09,
  0x80, 0xc0, 0x40, 0x01, 0x40, 0xc0, 0x80, 0x09, 0x80, 0xc0, 0x40, 0x01, 0x40, 0xc0, 0x80, 0x09,
  0x80, 0xc0, 0x40, 0x01, 0x40, 0xc0, 0x80, 0x09, 0x80, 0xc0, 0x40, 0x01, 0x40, 0xc0, 0x80, 0x09,
  0x80, 0xc0, 0x40, 0x01, 0x40, 0xc0, 0x80, 0x09, 0x80, 0xc0, 0x40, 0x01, 0x40, 0xc0, 0x80, 0x09,
  0x80, 0xc0, 0x40, 0x01, 0x40, 0xc0, 0x80, 0x09, 0x80, 0xc0, 0x40, 0x01, 0x40, 0xc0, 0x80, 0x09,
  0x80, 0xc0, 0x40, 0x01, 0x40, 0xc0, 0x80, 0x09, 0x80, 0xc0, 0x40, 0x01, 0x40, 0xc0, 0x80, 0x09,
  0x80, 0xc0, 0x40, 0x01, 0x40, 0xc0, 0x80, 0x09, 0x80, 0xc0, 0x40, 0x01, 0x40, 0xc0, 0x80, 0x09,
  0x80, 0xc0, 0x40, 0x01, 0x40, 0xc0, 0x80, 0x09, 0x80, 0xc0, 0x40, 0x01, 0x40, 0xc0, 0x80, 0x09,
  0x80, 0xc0, 0x40, 0x01, 0x40, 0xc0, 0x80, 0x09, 0x80, 0xc0, 0x40, 0x01, 0x40, 0xc0, 0x80, 0x09,
  0x80, 0xc0, 0x40, 0x01, 0x40, 0xc0, 0x80, 0x09, 0x80, 0xc0, 0x40, 0x01, 0x40, 0xc0, 0x80, 0x09,
  0x80, 0xc0, 0x40, 0x01, 0x40, 0xc0, 0x80, 0x09, 0x80, 0xc0, 0x40, 0x01, 0x40, 0xc0, 0x80, 0x09,
  0x80, 0xc0, 0x40, 0x01, 0x40, 0xc0, 0x80, 0x09, 0x80, 0xc0, 0x40, 0x01, 0x40, 0xc0, 0x80, 0x09,
  0x80, 0xc0, 0x40, 0x01, 0x40, 0xc0, 0x80, 0x09, 0x80, 0xc0, 0x40, 0x01, 0x40, 0xc0, 0x80, 0x09,
  0x80, 0xc0, 0x40, 0x01, 0x40, 0xc0, 0x80, 0x09, 0x80, 0xc0, 0x40, 0x01, 0x40, 0xc0, 0x80, 0x09,
  0x80, 0xc0, 0x40, 0x01, 0x40, 0xc0, 0x80, 0x09, 0x80, 0xc0, 0x40, 0x01, 0x40, 0xc0, 0x80, 0x09,
  0x80, 0xc0, 0x40, 0x01, 0x40, 0xc0, 0x80, 0x09, 0x80, 0xc0, 0x40, 0x01, 0x40, 0xc0, 0x80, 0x09,
  0x80, 0xc0, 0x40, 0x01, 0x40, 0xc0, 0x80, 0x09, 0x80, 0xc0, 0x40, 0x01, 0x40, 0xc0, 0x80, 0x09,
  0x80, 0xc0, 0x40, 0x01, 0x40, 0xc0, 0x80, 0x09, 0x80, 0xc0, 0x40, 0x01, 0x40, 0xc0, 0x80, 0x09,
  0x80, 0xc0, 0x40, 0x01, 0x40, 0xc0, 0x80, 0x09, 0x80, 0xc0, 0x40, 0x01, 0x40, 0xc0, 0x80, 0x09,
  0x80, 0xc0, 0x40, 0x01, 0x40, 0xc0, 0x80, 0x09, 0x80, 0xc0, 0x40, 0x01, 0x40, 0xc0, 0x80, 0x09,
  0x80, 0xc0, 0x40, 0x01, 0x40, 0xcd, 0x40, 0x02, 0x8d, 0x01,
};
const CoverageGlyph coverageGlyphs36[] PROGMEM = {
  {0, 32, 7, 0, 7, 0, 0},
  {0, 33, 11, 28, 11, 0, -27},
  {85, 34, 19, 27, 19, 0, -27},
  {160, 35, 24, 27, 22, -1, -27},
  {322, 36, 22, 34, 22, 0, -30},
  {530, 37, 30, 29, 30, 0, -28},
  {769, 38, 24, 28, 23, 0, -27},
  {933, 39, 11, 27, 11, 0, -27},
  {970, 40, 12, 33, 12, 0, -28},
  {1080, 41, 12, 33, 12, 0, -28},
  {1187, 42, 19, 27, 19, 0, -27},
  {1275, 43, 23, 20, 23, 0, -20},
  {1341, 44, 12, 12, 12, 0, -5},
  {1381, 45, 16, 13, 16, 0, -13},
  {1398, 46, 11, 7, 11, 0, -6},
  {1421, 47, 14, 32, 13, -1, -28},
  {1527, 48, 24, 28, 24, 0, -27},
  {1689, 49, 14, 27, 14, 0, -27},
  {1804, 50, 22, 27, 22, 0, -27},
  {1920, 51, 23, 28, 23, 0, -27},
  {2046, 52, 23, 27, 23, 0, -27},
  {2161, 53, 22, 28, 22, 0, -27},
  {2290, 54, 23, 28, 23, 0, -27},
  {2451, 55, 20, 27, 20, 0, -27},
  {2536, 56, 23, 28, 23, 0, -27},
  {2694, 57, 23, 28, 23, 0, -27},
  {2857, 58, 11, 20, 11, 0, -19},
  {2903, 59, 11, 26, 11, 0, -19},
  {2967, 60, 23, 21, 23, 0, -21},
  {3060, 61, 23, 17, 23, 0, -17},
  {3101, 62, 23, 21, 23, 0, -21},
  {3195, 63, 19, 28, 19, 0, -27},
  {3298, 64, 36, 35, 36, 0, -27},
  {3617, 65, 26, 27, 26, 0, -27},
  {3755, 66, 23, 27, 23, 0, -27},
  {3906, 67, 26, 28, 26, 0, -27},
  {4040, 68, 25, 27, 25, 0, -27},
  {4210, 69, 21, 27, 21, 0, -27},
  {4320, 70, 20, 27, 20, 0, -27},
  {4421, 71, 26, 28, 26, 0, -27},
  {4566, 72, 26, 27, 26, 0, -27},
  {4736, 73, 9, 27, 9, 0, -27},
  {4843, 74, 19, 28, 19, 0, -27},
  {4964, 75, 24, 27, 24, 0, -27},
  {5143, 76, 19, 27, 19, 0, -27},
  {5250, 77, 32, 27, 32, 0, -27},
  {5488, 78, 25, 27, 25, 0, -27},
  {5697, 79, 27, 28, 27, 0, -27},
  {5856, 80, 22, 27, 22, 0, -27},
  {5996, 81, 27, 30, 27, 0, -27},
  {6169, 82, 23, 27, 22, 0, -27},
  {6339, 83, 22, 28, 22, 0, -27},
  {6477, 84, 23, 27, 23, 0, -27},
  {6579, 85, 25, 28, 25, 0, -27},
  {6757, 86, 26, 27, 26, 0, -27},
  {6911, 87, 37, 27, 36, 0, -27},
  {7173, 88, 25, 27, 25, 0, -27},
  {7328, 89, 25, 27, 25, 0, -27},
  {7463, 90, 23, 27, 23, 0, -27},
  {7561, 91, 12, 33, 12, 0, -28},
  {7694, 92, 14, 32, 13, -1, -28},
  {7800, 93, 12, 33, 12, 0, -28},
  {7896, 94, 16, 26, 16, 0, -26},
  {7964, 95, 18, 5, 16, -1, 0},
  {7974, 96, 16, 28, 16, 0, -28},
  {8000, 97, 20, 21, 20, 0, -20},
  {8123, 98, 22, 28, 22, 0, -27},
  {8280, 99, 20, 21, 20, 0, -20},
  {8378, 100, 22, 28, 22, 0, -27},
  {8523, 101, 20, 21, 20, 0, -20},
  {8627, 102, 14, 28, 13, 0, -28},
  {8717, 103, 22, 28, 22, 0, -20},
  {8881, 104, 21, 27, 21, 0, -27},
  {9040, 105, 9, 28, 9, 0, -28},
  {9122, 106, 11, 36, 9, -2, -28},
  {9230, 107, 21, 27, 20, 0, -27},
  {9371, 108, 9, 27, 9, 0, -27},
  {9452, 109, 32, 20, 32, 0, -20},
  {9652, 110, 21, 20, 21, 0, -20},
  {9791, 111, 21, 21, 21, 0, -20},
  {9908, 112, 22, 28, 22, 0, -20},
  {10068, 113, 22, 28, 22, 0, -20},
  {10218, 114, 14, 20, 14, 0, -20},
  {10298, 115, 19, 21, 19, 0, -20},
  {10402, 116, 13, 26, 13, 0, -25},
  {10485, 117, 21, 21, 21, 0, -20},
  {10628, 118, 20, 20, 20, 0, -20},
  {10733, 119, 30, 20, 29, 0, -20},
  {10925, 120, 20, 20, 19, 0, -20},
  {11043, 121, 20, 28, 20, 0, -20},
  {11177, 122, 19, 20, 19, 0, -20},
  {11248, 123, 16, 33, 16, 0, -28},
  {11371, 124, 12, 44, 12, 0, -35},
  {11546, 125, 16, 33, 16, 0, -28},
  {11644, 126, 23, 15, 23, 0, -15},
  {11702, 160, 7, 0, 7, 0, 0},
  {11702, 161, 11, 27, 11, 0, -20},
  {11781, 162, 20, 27, 20, 0, -27},
  {11944, 163, 23, 27, 23, 0, -27},
  {12037, 164, 26, 24, 26, 0, -23},
  {12203, 165, 21, 27, 19, -1, -27},
  {12337, 166, 11, 32, 11, 0, -27},
  {12415, 167, 20, 33, 20, 0, -27},
  {12588, 168, 18, 28, 18, 0, -28},
  {12635, 169, 32, 28, 32, 0, -27},
  {12885, 170, 16, 26, 16, 0, -26},
  {12971, 171, 22, 19, 22, 0, -19},
  {13086, 172, 20, 15, 20, 0, -15},
  {13120, 173, 0, 0, 1, 0, 0},
  {13120, 174, 23, 27, 23, 0, -27},
  {13307, 175, 19, 27, 19, 0, -27},
  {13326, 176, 15, 27, 15, 0, -27},
  {13397, 177, 23, 21, 23, 0, -21},
  {13463, 178, 14, 29, 14, 0, -29},
  {13535, 179, 15, 29, 15, 0, -29},
  {13618, 180, 16, 28, 16, 0, -28},
  {13642, 181, 23, 28, 23, 0, -20},
  {13815, 182, 21, 27, 21, 0, -27},
  {13946, 183, 11, 15, 11, 0, -15},
  {13970, 184, 12, 10, 12, 0, -1},
  {14004, 185, 10, 29, 10, 0, -29},
  {14075, 186, 16, 26, 16, 0, -26},
  {14154, 187, 22, 19, 22, 0, -19},
  {14271, 188, 31, 27, 30, 0, -27},
  {14474, 189, 32, 27, 32, 0, -27},
  {14676, 190, 34, 27, 34, 0, -27},
  {14908, 191, 19, 28, 19, 0, -20},
  {15012, 192, 26, 35, 26, 0, -35},
  {15170, 193, 26, 35, 26, 0, -35},
  {15327, 194, 26, 35, 26, 0, -35},
  {15498, 195, 26, 34, 26, 0, -34},
  {15668, 196, 26, 35, 26, 0, -35},
  {15846, 197, 26, 36, 26, 0, -36},
  {16025, 198, 36, 27, 36, 0, -27},
  {16189, 199, 26, 36, 26, 0, -27},
  {16356, 200, 21, 35, 21, 0, -35},
  {16485, 201, 21, 35, 21, 0, -35},
  {16615, 202, 21, 35, 21, 0, -35},
  {16758, 203, 21, 35, 21, 0, -35},
  {16909, 204, 10, 35, 9, -1, -35},
  {17035, 205, 10, 35, 9, 0, -35},
  {17161, 206, 15, 35, 9, -3, -35},
  {17301, 207, 15, 35, 9, -3, -35},
  {17450, 208, 27, 27, 25, -2, -27},
  {17617, 209, 25, 34, 25, 0, -34},
  {17861, 210, 27, 36, 27, 0, -35},
  {18040, 211, 27, 36, 27, 0, -35},
  {18219, 212, 27, 36, 27, 0, -35},
  {18410, 213, 27, 35, 27, 0, -34},
  {18606, 214, 27, 36, 27, 0, -35},
  {18808, 215, 23, 20, 23, 0, -20},
  {18902, 216, 27, 30, 27, 0, -28},
  {19107, 217, 25, 36, 25, 0, -35},
  {19304, 218, 25, 36, 25, 0, -35},
  {19502, 219, 25, 36, 25, 0, -35},
  {19712, 220, 25, 36, 25, 0, -35},
  {19932, 221, 25, 35, 25, 0, -35},
  {20087, 222, 23, 27, 23, 0, -27},
  {20224, 223, 23, 27, 23, 0, -27},
  {20391, 224, 20, 29, 20, 0, -28},
  {20532, 225, 20, 29, 20, 0, -28},
  {20675, 226, 20, 29, 20, 0, -28},
  {20828, 227, 20, 28, 20, 0, -27},
  {20983, 228, 20, 29, 20, 0, -28},
  {21145, 229, 20, 32, 20, 0, -31},
  {21313, 230, 32, 21, 32, 0, -20},
  {21479, 231, 20, 29, 20, 0, -20},
  {21610, 232, 20, 29, 20, 0, -28},
  {21733, 233, 20, 29, 20, 0, -28},
  {21857, 234, 20, 29, 20, 0, -28},
  {21992, 235, 20, 29, 20, 0, -28},
  {22133, 236, 11, 28, 9, -2, -28},
  {22214, 237, 10, 28, 9, 0, -28},
  {22293, 238, 15, 28, 9, -3, -28},
  {22385, 239, 14, 28, 9, -3, -28},
  {22483, 240, 20, 29, 20, 0, -28},
  {22645, 241, 21, 27, 21, 0, -27},
  {22820, 242, 21, 29, 21, 0, -28},
  {22957, 243, 21, 29, 21, 0, -28},
  {23094, 244, 21, 29, 21, 0, -28},
  {23243, 245, 21, 28, 21, 0, -27},
  {23397, 246, 21, 29, 21, 0, -28},
  {23555, 247, 23, 21, 23, 0, -21},
  {23624, 248, 21, 23, 21, 0, -21},
  {23765, 249, 21, 29, 21, 0, -28},
  {23927, 250, 21, 29, 21, 0, -28},
  {24090, 251, 21, 29, 21, 0, -28},
  {24264, 252, 21, 29, 21, 0, -28},
  {24445, 253, 20, 36, 20, 0, -28},
  {24598, 254, 22, 35, 22, 0, -27},
  {24778, 255, 20, 36, 20, 0, -28},
  {24953, 260, 26, 35, 26, 0, -27},
  {25119, 261, 20, 28, 20, 0, -20},
  {25270, 262, 26, 36, 26, 0, -35},
  {25425, 263, 20, 29, 20, 0, -28},
  {25543, 280, 21, 35, 21, 0, -27},
  {25682, 281, 20, 27, 20, 0, -20},
  {25806, 321, 21, 27, 20, -1, -27},
  {25917, 322, 11, 27, 9, -1, -27},
  {26004, 323, 25, 35, 25, 0, -35},
  {26233, 324, 21, 28, 21, 0, -28},
  {26392, 346, 22, 36, 22, 0, -35},
  {26550, 347, 19, 29, 19, 0, -28},
  {26674, 377, 23, 35, 23, 0, -35},
  {26791, 378, 19, 28, 19, 0, -28},
  {26882, 379, 23, 35, 23, 0, -35},
  {26999, 380, 19, 28, 19, 0, -28},
  {27091, 8211, 18, 13, 18, 0, -13},
  {27097, 8212, 36, 13, 36, 0, -13},
  {27106, 8226, 14, 17, 14, 0, -17},
  {27149, 8230, 28, 7, 28, 0, -6},
  {27222, 8364, 24, 28, 24, 0, -27},
  {27339, 8592, 33, 27, 33, 0, -25},
  {27422, 8593, 33, 27, 33, 0, -27},
  {27575, 8594, 33, 27, 33, 0, -25},
  {27674, 8595, 33, 28, 33, 0, -27},
  {27828, 10003, 31, 22, 31, 0, -22},
  {27931, 10005, 18, 44, 18, 0, -35},
};
const CoverageFont coverageFont36 = {coveragePixels36, coverageGlyphs36, 218, 36, 9};
const uint8_t coveragePixels48[] PROGMEM = {
  0x02, 0x40, 0xc6, 0x40, 0x05, 0x40, 0xc6, 0x40, 0x05, 0x40, 0xc6, 0x40, 0x05, 0x40, 0xc6, 0x40,
  0x05, 0x40, 0xc6, 0x40, 0x05, 0x40, 0xc6, 0x40, 0x05, 0x40, 0xc6, 0x40, 0x05, 0x40, 0xc6, 0x40,
  0x05, 0x40, 0xc6, 0x40, 0x06, 0xc6, 0x40, 0x06, 0xc6, 0x40, 0x06, 0xc6, 0x07, 0xc6, 0x07, 0xc6,
  0x07, 0xc6, 0x07, 0xc6, 0x07, 0xc6, 0x07, 0xc6, 0x07, 0xc6, 0x07, 0xc6, 0x07, 0xc6, 0x07, 0xc6,
  0x07, 0xc6, 0x07, 0x80, 0xc4, 0x80, 0x35, 0x41, 0x81, 0x40, 0x08, 0x40, 0xc4, 0x80, 0x06, 0x40,
  0xc6, 0x40, 0x05, 0x80, 0xc6, 0x80, 0x05, 0x80, 0xc6, 0x80, 0x05, 0x80, 0xc6, 0x80, 0x05, 0x40,
  0xc6, 0x40, 0x06, 0x40, 0xc4, 0x40, 0x09, 0x42, 0x05, 0x03, 0xc5, 0x80, 0x02, 0x80, 0xc5, 0x40,
  0x06, 0xc5, 0x80, 0x02, 0x80, 0xc5, 0x40, 0x06, 0xc5, 0x80, 0x02, 0x40, 0xc5, 0x40, 0x06, 0xc5,
  0x80, 0x02, 0x40, 0xc5, 0x07, 0xc5, 0x80, 0x02, 0x40, 0xc5, 0x07, 0x80, 0xc4, 0x80, 0x02, 0x40,
  0xc5, 0x07, 0x80, 0xc4, 0x80, 0x02, 0x40, 0xc5, 0x07, 0x80, 0xc4, 0x80, 0x02, 0x40, 0xc5, 0x07,
  0x80, 0xc4, 0x40, 0x02, 0x40, 0xc5, 0x07, 0x80, 0xc4, 0x40, 0x03, 0xc5, 0x07, 0x80, 0xc4, 0x40,
  0x03, 0xc4, 0x80, 0x07, 0x40, 0xc4, 0x40, 0x03, 0xc4, 0x80, 0x07, 0x40, 0xc4, 0x40, 0x03, 0xc4,
  0x80, 0x07, 0x40, 0xc4, 0x40, 0x03, 0xc4, 0x80, 0x07, 0x40, 0x84, 0x04, 0x84, 0x40, 0x3f, 0x3f,
  0x3f, 0x3f, 0x3f, 0x3f, 0x3f, 0x37, 0x08, 0x40, 0xc4, 0x06, 0xc4, 0x40, 0x0b, 0x40, 0xc4, 0x06,
  0xc4, 0x40, 0x0b, 0x80, 0xc4, 0x05, 0x40, 0xc4, 0x0c, 0x80, 0xc3, 0x80, 0x05, 0x40, 0xc4, 0x0c,
  0xc4, 0x80, 0x05, 0x80, 0xc3, 0x80, 0x0c, 0xc4, 0x40, 0x05, 0x80, 0xc3, 0x80, 0x0b, 0x40, 0xc4,
  0x40, 0x05, 0xc4, 0x40, 0x0b, 0x40, 0xc4, 0x06, 0xc4, 0x40, 0x07, 0x43, 0x80, 0xc4, 0x46, 0xc4,
  0x44, 0x02, 0x80, 0xd9, 0x80, 0x02, 0x80, 0xd9, 0x80, 0x02, 0xda, 0x40, 0x02, 0xda, 0x40, 0x01,
  0x40, 0xda, 0x03, 0x43, 0x80, 0xc4, 0x46, 0xc4, 0x44, 0x07, 0x80, 0xc3, 0x80, 0x05, 0x40, 0xc4,
  0x0c, 0xc4, 0x80, 0x05, 0x80, 0xc4, 0x0c, 0xc4, 0x40, 0x05, 0x80, 0xc3, 0x80, 0x0b, 0x40, 0xc4,
  0x40, 0x05, 0xc4, 0x80, 0x0b, 0x40, 0xc4, 0x06, 0xc4, 0x40, 0x0b, 0x80, 0xc4, 0x05, 0x40, 0xc4,
  0x40, 0x06, 0x40, 0xd9, 0x80, 0x02, 0x80, 0xd9, 0x80, 0x02, 0x80, 0xd9, 0x40, 0x02, 0xda, 0x40,
  0x01, 0x40, 0xda, 0x03, 0x43, 0x80, 0xc4, 0x45, 0x80, 0xc4, 0x44, 0x07, 0x80, 0xc3, 0x80, 0x05,
  0x40, 0xc4, 0x0c, 0xc4, 0x80, 0x05, 0x80, 0xc4, 0x0c, 0xc4, 0x40, 0x05, 0x80, 0xc3, 0x80, 0x0b,
  0x40, 0xc4, 0x40, 0x05, 0xc4, 0x80, 0x0b, 0x40, 0xc4, 0x06, 0xc4, 0x40, 0x0b, 0x80, 0xc4, 0x05,
  0x40, 0xc4, 0x40, 0x0b, 0x80, 0xc3, 0x80, 0x05, 0x40, 0xc4, 0x0c, 0xc4, 0x80, 0x05, 0x80, 0xc4,
  0x08, 0x0d, 0x41, 0x1a, 0x40, 0xc1, 0x80, 0x19, 0x40, 0xc1, 0x80, 0x19, 0x40, 0xc1, 0x80, 0x18,
  0x41, 0xc1, 0x80, 0x40, 0x14, 0x40, 0x80, 0xc8, 0x80, 0x40, 0x0e, 0x80, 0xce, 0x40, 0x0a, 0x40,
  0xd1, 0x80, 0x08, 0x40, 0xd3, 0x80, 0x06, 0x40, 0xd5, 0x40, 0x05, 0x80, 0xd6, 0x04, 0x40, 0xc7,
  0x80, 0x41, 0xc1, 0x80, 0x00, 0x40, 0xc7, 0x80, 0x03, 0x80, 0xc6, 0x40, 0x01, 0x40, 0xc1, 0x80,
  0x02, 0xc7, 0x03, 0x80, 0xc6, 0x02, 0x40, 0xc1, 0x80, 0x02, 0x40, 0xc6, 0x03, 0xc6, 0x80, 0x02,
  0x40, 0xc1, 0x80, 0x03, 0xc6, 0x40, 0x02, 0xc6, 0x80, 0x02, 0x40, 0xc1, 0x80, 0x0e, 0xc7, 0x40,
  0x01, 0x40, 0xc1, 0x80, 0x0e, 0x80, 0xc7, 0x40, 0x00, 0x40, 0xc1, 0x80, 0x0e, 0x40, 0xc9, 0x80,
  0xc1, 0x80, 0x0f, 0xcd, 0x41, 0x0d, 0x40, 0xcf, 0x80, 0x40, 0x0b, 0x40, 0xd0, 0x80, 0x40, 0x0b,
  0x80, 0xd0, 0x80, 0x0b, 0x40, 0x80, 0xd0, 0x0d, 0x40, 0x80, 0xce, 0x0f, 0x40, 0xcc, 0x80, 0x0e,
  0x40, 0xc1, 0x80, 0x40, 0x80, 0xc8, 0x0e, 0x40, 0xc1, 0x80, 0x02, 0xc7, 0x40, 0x0d, 0x40, 0xc1,
  0x80, 0x03, 0xc6, 0x80, 0x01, 0x80, 0xc5, 0x40, 0x03, 0x40, 0xc1, 0x80, 0x03, 0x80, 0xc5, 0x80,
  0x01, 0x80, 0xc5, 0x80, 0x03, 0x40, 0xc1, 0x80, 0x03, 0x80, 0xc5, 0x80, 0x01, 0x80, 0xc6, 0x03,
  0x40, 0xc1, 0x80, 0x03, 0xc6, 0x80, 0x01, 0x40, 0xc6, 0x80, 0x02, 0x40, 0xc1, 0x80, 0x02, 0x80,
  0xc6, 0x40, 0x02, 0xc8, 0x40, 0x00, 0x40, 0xc1, 0x80, 0x00, 0x40, 0x80, 0xc7, 0x40, 0x02, 0x80,
  0xd7, 0x80, 0x04, 0xd7, 0x40, 0x04, 0x40, 0xd5, 0x40, 0x06, 0x40, 0xd3, 0x40, 0x09, 0x80, 0xcf,
  0x80, 0x40, 0x0c, 0x40, 0x80, 0xca, 0x80, 0x40, 0x11, 0x41, 0x80, 0xc1, 0x80, 0x41, 0x17, 0x40,
  0xc1, 0x80, 0x19, 0x40, 0xc1, 0x80, 0x19, 0x40, 0xc1, 0x80, 0x1a, 0x42, 0x0c, 0x2e, 0x40, 0x80,
  0xc3, 0x80, 0x40, 0x1e, 0xc8, 0x80, 0x0c, 0x80, 0xc2, 0x80, 0x0a, 0xcb, 0x0a, 0x40, 0xc3, 0x0a,
  0x80, 0xcb, 0x80, 0x08, 0x40, 0xc3, 0x40, 0x09, 0x40, 0xc4, 0x80, 0x41, 0x80, 0xc4, 0x08, 0xc3,
  0x80, 0x0a, 0x40, 0xc3, 0x80, 0x03, 0xc4, 0x40, 0x06, 0x80, 0xc3, 0x0b, 0x80, 0xc3, 0x40, 0x03,
  0x80, 0xc3, 0x80, 0x05, 0x40, 0xc3, 0x40, 0x0b, 0x80, 0xc3, 0x40, 0x03, 0x40, 0xc3, 0x80, 0x05,
  0xc3, 0x80, 0x0c, 0x80, 0xc3, 0x40, 0x03, 0x40, 0xc3, 0x80, 0x04, 0x80, 0xc3, 0x0d, 0x80, 0xc3,
  0x40, 0x03, 0x40, 0xc3, 0x80, 0x03, 0x40, 0xc3, 0x40, 0x0d, 0x80, 0xc3, 0x40, 0x03, 0x80, 0xc3,
  0x80, 0x03, 0xc3, 0x40, 0x0e, 0x80, 0xc3, 0x80, 0x03, 0x80, 0xc3, 0x40, 0x02, 0x80, 0xc2, 0x80,
  0x0f, 0x40, 0xc4, 0x80, 0x41, 0x80, 0xc4, 0x02, 0x40, 0xc3, 0x11, 0x80, 0xcb, 0x80, 0x02, 0xc3,
  0x40, 0x12, 0xcb, 0x02, 0x80, 0xc2, 0x80, 0x13, 0x40, 0xc8, 0x80, 0x02, 0x40, 0xc3, 0x16, 0x80,
  0xc4, 0x80, 0x40, 0x03, 0xc3, 0x40, 0x19, 0x40, 0x06, 0x80, 0xc2, 0x80, 0x21, 0x40, 0xc3, 0x21,
  0x40, 0xc3, 0x40, 0x21, 0xc3, 0x80, 0x03, 0x80, 0xc4, 0x80, 0x40, 0x15, 0x80, 0xc3, 0x02, 0x40,
  0xc8, 0x80, 0x13, 0x40, 0xc3, 0x40, 0x02, 0xca, 0x80, 0x12, 0xc3, 0x80, 0x02, 0x80, 0xcb, 0x80,
  0x10, 0x80, 0xc3, 0x02, 0x40, 0xc4, 0x80, 0x41, 0x80, 0xc4, 0x0f, 0x40, 0xc3, 0x40, 0x02, 0x80,
  0xc3, 0x80, 0x03, 0xc4, 0x40, 0x0e, 0xc3, 0x40, 0x03, 0x80, 0xc3, 0x40, 0x03, 0x80, 0xc3, 0x40,
  0x0d, 0x80, 0xc2, 0x80, 0x04, 0x80, 0xc3, 0x04, 0x40, 0xc3, 0x80, 0x0c, 0x40, 0xc3, 0x05, 0x80,
  0xc3, 0x04, 0x40, 0xc3, 0x80, 0x0c, 0xc3, 0x40, 0x05, 0x80, 0xc3, 0x04, 0x40, 0xc3, 0x80, 0x0b,
  0x80, 0xc2, 0x80, 0x06, 0x80, 0xc3, 0x40, 0x03, 0x80, 0xc3, 0x40, 0x0a, 0x40, 0xc3, 0x07, 0x80,
  0xc3, 0x80, 0x03, 0xc4, 0x40, 0x0a, 0xc3, 0x40, 0x07, 0x40, 0xc4, 0x80, 0x41, 0x80, 0xc4, 0x0a,
  0x80, 0xc2, 0x80, 0x09, 0x80, 0xcb, 0x80, 0x09, 0x40, 0xc3, 0x0a, 0x40, 0xca, 0x80, 0x09, 0x40,
  0xc3, 0x40, 0x0b, 0x40, 0xc8, 0x80, 0x1e, 0x80, 0xc4, 0x80, 0x40, 0x22, 0x41, 0x09, 0x0a, 0x44,
  0x18, 0x80, 0xc6, 0x80, 0x40, 0x13, 0x40, 0xca, 0x80, 0x11, 0x80, 0xcc, 0x80, 0x0f, 0x40, 0xce,
  0x40, 0x0e, 0xd0, 0x0d, 0x40, 0xc6, 0x80, 0x40, 0x80, 0xc6, 0x40, 0x0c, 0x80, 0xc5, 0x40, 0x03,
  0x80, 0xc4, 0x80, 0x0c, 0x80, 0xc4, 0x80, 0x04, 0x40, 0xc4, 0x80, 0x0c, 0xc5, 0x40, 0x05, 0xc4,
  0x80, 0x0c, 0x80, 0xc4, 0x40, 0x04, 0x40, 0xc4, 0x80, 0x0c, 0x80, 0xc4, 0x80, 0x04, 0xc5, 0x40,
  0x0c, 0x40, 0xc5, 0x40, 0x02, 0x80, 0xc5, 0x0e, 0xc6, 0x00, 0x40, 0xc6, 0x40, 0x0e, 0x80, 0xcd,
  0x80, 0x10, 0xcc, 0x80, 0x11, 0x40, 0xca, 0x80, 0x13, 0x80, 0xc8, 0x40, 0x13, 0x80, 0xc8, 0x40,
  0x13, 0xcb, 0x05, 0x80, 0xc4, 0x40, 0x04, 0x40, 0xcc, 0x80, 0x04, 0x80, 0xc4, 0x40, 0x04, 0xce,
  0x80, 0x03, 0xc5, 0x40, 0x03, 0x80, 0xc6, 0x41, 0xc6, 0x80, 0x01, 0x40, 0xc5, 0x03, 0x40, 0xc6,
  0x40, 0x01, 0x40, 0xc6, 0x40, 0x00, 0x80, 0xc5, 0x03, 0x80, 0xc5, 0x80, 0x03, 0x80, 0xc6, 0x40,
  0xc5, 0x80, 0x03, 0xc6, 0x40, 0x04, 0x80, 0xcc, 0x40, 0x03, 0xc6, 0x06, 0x80, 0xcb, 0x04, 0xc6,
  0x40, 0x06, 0x80, 0xc9, 0x80, 0x04, 0x80, 0xc5, 0x80, 0x07, 0xc9, 0x05, 0x80, 0xc6, 0x80, 0x06,
  0x80, 0xc7, 0x40, 0x06, 0xc8, 0x80, 0x42, 0x80, 0xc9, 0x80, 0x06, 0x80, 0xd7, 0x40, 0x06, 0xd8,
  0x40, 0x06, 0xd8, 0x40, 0x06, 0x80, 0xcd, 0x40, 0x00, 0x80, 0xc6, 0x07, 0x40, 0x80, 0xc8, 0x80,
  0x40, 0x03, 0x80, 0xc6, 0x09, 0x42, 0x80, 0x42, 0x0f, 0x03, 0xc5, 0x80, 0x07, 0xc5, 0x80, 0x07,
  0xc5, 0x80, 0x07, 0xc5, 0x80, 0x07, 0xc5, 0x80, 0x07, 0x80, 0xc4, 0x80, 0x07, 0x80, 0xc4, 0x80,
  0x07, 0x80, 0xc4, 0x80, 0x07, 0x80, 0xc4, 0x40, 0x07, 0x80, 0xc4, 0x40, 0x07, 0x80, 0xc4, 0x40,
  0x07, 0x40, 0xc4, 0x40, 0x07, 0x40, 0xc4, 0x40, 0x07, 0x40, 0xc4, 0x40, 0x07, 0x40, 0x84, 0x3f,
  0x3f, 0x3f, 0x3f, 0x30, 0x18, 0x40, 0xc5, 0x80, 0x08, 0x80, 0xc5, 0x08, 0x40, 0xc5, 0x80, 0x08,
  0x80, 0xc5, 0x40, 0x07, 0x40, 0xc6, 0x08, 0x80, 0xc5, 0x80, 0x08, 0xc6, 0x40, 0x07, 0x40, 0xc6,
  0x08, 0x80, 0xc5, 0x80, 0x08, 0xc6, 0x40, 0x07, 0x40, 0xc6, 0x08, 0x40, 0xc6, 0x08, 0x80, 0xc5,
  0x80, 0x08, 0xc6, 0x40, 0x08, 0xc6, 0x40, 0x07, 0x40, 0xc6, 0x08, 0x40, 0xc6, 0x08, 0x80, 0xc5,
  0x80, 0x08, 0x80, 0xc5, 0x80, 0x08, 0x80, 0xc5, 0x80, 0x08, 0xc6, 0x80, 0x08, 0xc6, 0x40, 0x08,
  0xc6, 0x40, 0x08, 0xc6, 0x40, 0x08, 0xc6, 0x40, 0x08, 0xc6, 0x80, 0x08, 0x80, 0xc5, 0x80, 0x08,
  0x80, 0xc5, 0x80, 0x08, 0x40, 0xc6, 0x08, 0x40, 0xc6, 0x09, 0xc6, 0x40, 0x08, 0xc6, 0x80, 0x08,
  0x80, 0xc5, 0x80, 0x08, 0x40, 0xc6, 0x09, 0xc6, 0x40, 0x08, 0x80, 0xc5, 0x80, 0x08, 0x40, 0xc6,
  0x09, 0xc6, 0x40, 0x08, 0x80, 0xc5, 0x80, 0x09, 0xc6, 0x09, 0x80, 0xc5, 0x80, 0x09, 0xc6, 0x09,
  0x80, 0xc5, 0x40, 0x09, 0x85, 0x40, 0x00, 0x11, 0xc5, 0x80, 0x09, 0x80, 0xc5, 0x40, 0x08, 0x40,
  0xc5, 0x80, 0x09, 0x80, 0xc5, 0x40, 0x08, 0x40, 0xc5, 0x80, 0x09, 0xc6, 0x09, 0x80, 0xc5, 0x40,
  0x08, 0x40, 0xc6, 0x09, 0xc6, 0x09, 0xc6, 0x40, 0x08, 0x80, 0xc5, 0x80, 0x08, 0x40, 0xc6, 0x09,
  0xc6, 0x40, 0x08, 0xc6, 0x40, 0x08, 0x80, 0xc5, 0x80, 0x08, 0x80, 0xc5, 0x80, 0x08, 0x40, 0xc6,
  0x08, 0x40, 0xc6, 0x09, 0xc6, 0x40, 0x08, 0xc6, 0x40, 0x08, 0xc6, 0x40, 0x08, 0xc6, 0x40, 0x08,
  0xc6, 0x40, 0x08, 0xc6, 0x40, 0x08, 0xc6, 0x40, 0x08, 0xc6, 0x40, 0x08, 0xc6, 0x40, 0x07, 0x40,
  0xc6, 0x08, 0x40, 0xc6, 0x08, 0x80, 0xc5, 0x80, 0x08, 0x80, 0xc5, 0x80, 0x08, 0xc6, 0x40, 0x07,
  0x40, 0xc6, 0x08, 0x80, 0xc6, 0x08, 0xc6, 0x80, 0x08, 0xc6, 0x40, 0x07, 0x80, 0xc6, 0x08, 0xc6,
  0x40, 0x07, 0x40, 0xc6, 0x08, 0x80, 0xc5, 0x80, 0x08, 0xc6, 0x08, 0x40, 0xc5, 0x80, 0x08, 0xc6,
  0x09, 0x85, 0x40, 0x08, 0x09, 0x40, 0xc3, 0x14, 0x40, 0xc3, 0x14, 0x40, 0xc3, 0x0f, 0x80, 0x40,
  0x02, 0x40, 0xc2, 0x80, 0x03, 0x80, 0x40, 0x08, 0x40, 0xc1, 0x80, 0x01, 0x40, 0xc2, 0x80, 0x01,
  0x40, 0xc2, 0x08, 0xc4, 0x40, 0x00, 0xc2, 0x80, 0x00, 0x80, 0xc3, 0x80, 0x06, 0x80, 0xc5, 0x80,
  0xc2, 0x80, 0xc6, 0x06, 0x40, 0x80, 0xcf, 0x40, 0x08, 0x40, 0x80, 0xcb, 0x40, 0x0c, 0x40, 0x80,
  0xc7, 0x40, 0x0e, 0x40, 0x80, 0xc7, 0x80, 0x0c, 0x40, 0xcc, 0x80, 0x08, 0x40, 0xd0, 0x80, 0x06,
  0x80, 0xc5, 0x40, 0xc2, 0x81, 0xc5, 0x07, 0xc3, 0x80, 0x00, 0x40, 0xc2, 0x80, 0x00, 0x40, 0xc3,
  0x40, 0x07, 0x40, 0xc1, 0x40, 0x01, 0x40, 0xc2, 0x80, 0x02, 0x80, 0xc1, 0x09, 0x80, 0x03, 0x40,
  0xc3, 0x03, 0x41, 0x0e, 0x40, 0xc3, 0x14, 0x40, 0xc3, 0x14, 0x40, 0x83, 0x3f, 0x3f, 0x3f, 0x3f,
  0x3f, 0x3f, 0x10, 0x2a, 0x80, 0xc4, 0x80, 0x17, 0x80, 0xc4, 0x80, 0x17, 0x80, 0xc4, 0x80, 0x17,
  0x80, 0xc4, 0x80, 0x17, 0x80, 0xc4, 0x80, 0x17, 0x80, 0xc4, 0x80, 0x17, 0x80, 0xc4, 0x80, 0x17,
  0x80, 0xc4, 0x80, 0x17, 0x80, 0xc4, 0x80, 0x0e, 0x80, 0xd6, 0x80, 0x05, 0x80, 0xd6, 0x80, 0x05,
  0x80, 0xd6, 0x80, 0x05, 0x80, 0xd6, 0x80, 0x05, 0x80, 0xd6, 0x80, 0x05, 0x80, 0xd6, 0x80, 0x0e,
  0x80, 0xc4, 0x80, 0x17, 0x80, 0xc4, 0x80, 0x17, 0x80, 0xc4, 0x80, 0x17, 0x80, 0xc4, 0x80, 0x17,
  0x80, 0xc4, 0x80, 0x17, 0x80, 0xc4, 0x80, 0x17, 0x80, 0xc4, 0x80, 0x17, 0x80, 0xc4, 0x80, 0x17,
  0x80, 0xc4, 0x80, 0x3f, 0x09, 0x03, 0xc6, 0x06, 0x40, 0xc5, 0x80, 0x06, 0x40, 0xc5, 0x80, 0x06,
  0x40, 0xc5, 0x40, 0x06, 0x80, 0xc5, 0x07, 0x80, 0xc4, 0x80, 0x07, 0xc5, 0x40, 0x07, 0xc5, 0x08,
  0xc4, 0x80, 0x07, 0x40, 0xc4, 0x40, 0x07, 0x40, 0xc4, 0x08, 0x80, 0xc4, 0x08, 0x80, 0xc3, 0x80,
  0x08, 0xc4, 0x40, 0x08, 0x84, 0x07, 0x02, 0x4e, 0x04, 0x80, 0xce, 0x40, 0x03, 0x80, 0xce, 0x40,
  0x03, 0x80, 0xce, 0x40, 0x03, 0x80, 0xce, 0x40, 0x03, 0x80, 0xce, 0x40, 0x03, 0x40, 0x8e, 0x40,
  0x3f, 0x3f, 0x3f, 0x28, 0x04, 0x40, 0x82, 0x09, 0x80, 0xc4, 0x40, 0x06, 0x40, 0xc6, 0x06, 0x80,
  0xc6, 0x40, 0x05, 0x80, 0xc6, 0x40, 0x05, 0x80, 0xc6, 0x40, 0x05, 0x40, 0xc5, 0x80, 0x07, 0x40,
  0xc3, 0x80, 0x0a, 0x42, 0x05, 0x0b, 0x85, 0x0b, 0x40, 0xc5, 0x0b, 0x40, 0xc4, 0x80, 0x0b, 0x80,
  0xc4, 0x80, 0x0b, 0xc5, 0x40, 0x0a, 0x40, 0xc5, 0x0b, 0x80, 0xc4, 0x80, 0x0b, 0xc5, 0x40, 0x0b,
  0xc5, 0x0b, 0x40, 0xc5, 0x0b, 0x80, 0xc4, 0x80, 0x0b, 0xc5, 0x40, 0x0a, 0x40, 0xc5, 0x0b, 0x40,
  0xc4, 0x80, 0x0b, 0x80, 0xc4, 0x80, 0x0b, 0xc5, 0x40, 0x0a, 0x40, 0xc5, 0x0b, 0x80, 0xc4, 0x80,
  0x0b, 0x80, 0xc4, 0x40, 0x0b, 0xc5, 0x40, 0x0a, 0x40, 0xc5, 0x0b, 0x80, 0xc4, 0x80, 0x0b, 0xc5,
  0x40, 0x0b, 0xc5, 0x0b, 0x40, 0xc5, 0x0b, 0x80, 0xc4, 0x80, 0x0b, 0xc5, 0x40, 0x0a, 0x40, 0xc5,
  0x0b, 0x40, 0xc4, 0x80, 0x0b, 0x80, 0xc4, 0x80, 0x0b, 0xc5, 0x40, 0x0a, 0x40, 0xc5, 0x0b, 0x80,
  0xc4, 0x80, 0x0b, 0xc5, 0x40, 0x0b, 0xc5, 0x0b, 0x40, 0xc5, 0x0b, 0x80, 0xc4, 0x80, 0x0b, 0xc5,
  0x40, 0x0a, 0x40, 0xc5, 0x0b, 0x40, 0xc4, 0x80, 0x0b, 0x80, 0xc4, 0x80, 0x0b, 0xc5, 0x40, 0x0b,
  0x45, 0x0b, 0x0c, 0x44, 0x16, 0x40, 0x80, 0xc7, 0x80, 0x40, 0x10, 0x40, 0xcc, 0x80, 0x40, 0x0d,
  0x80, 0xcf, 0x40, 0x0b, 0x80, 0xd1, 0x40, 0x09, 0x80, 0xd3, 0x40, 0x07, 0x40, 0xc8, 0x82, 0xc9,
  0x07, 0xc7, 0x80, 0x04, 0x40, 0xc7, 0x80, 0x05, 0x80, 0xc6, 0x80, 0x06, 0x40, 0xc7, 0x05, 0xc7,
  0x08, 0x80, 0xc6, 0x40, 0x03, 0x40, 0xc6, 0x80, 0x09, 0xc6, 0x80, 0x03, 0x80, 0xc6, 0x0a, 0x80,
  0xc6, 0x03, 0x80, 0xc5, 0x80, 0x0a, 0x40, 0xc6, 0x40, 0x02, 0xc6, 0x80, 0x0b, 0xc6, 0x40, 0x02,
  0xc6, 0x40, 0x0b, 0xc6, 0x80, 0x01, 0x40, 0xc6, 0x40, 0x0b, 0xc6, 0x80, 0x01, 0x40, 0xc6, 0x40,
  0x0b, 0x80, 0xc5, 0x80, 0x01, 0x40, 0xc6, 0x0c, 0x80, 0xc5, 0x80, 0x01, 0x40, 0xc6, 0x0c, 0x80,
  0xc6, 0x01, 0x40, 0xc6, 0x0c, 0x80, 0xc5, 0x80, 0x01, 0x40, 0xc6, 0x40, 0x0b, 0x80, 0xc5, 0x80,
  0x01, 0x40, 0xc6, 0x40, 0x0b, 0x80, 0xc5, 0x80, 0x02, 0xc6, 0x40, 0x0b, 0xc6, 0x80, 0x02, 0xc6,
  0x80, 0x0b, 0xc6, 0x40, 0x02, 0x80, 0xc5, 0x80, 0x0a, 0x40, 0xc6, 0x40, 0x02, 0x80, 0xc6, 0x0a,
  0x80, 0xc6, 0x03, 0x40, 0xc6, 0x40, 0x09, 0xc6, 0x80, 0x04, 0xc7, 0x08, 0x80, 0xc6, 0x40, 0x04,
  0x80, 0xc6, 0x80, 0x06, 0x40, 0xc7, 0x06, 0xc7, 0x80, 0x04, 0x40, 0xc7, 0x80, 0x06, 0x80, 0xc8,
  0x82, 0xc9, 0x08, 0x80, 0xd3, 0x40, 0x09, 0xd2, 0x40, 0x0b, 0xd0, 0x40, 0x0d, 0x80, 0xcd, 0x40,
  0x10, 0x80, 0xc8, 0x80, 0x40, 0x15, 0x45, 0x0b, 0x08, 0x80, 0xc6, 0x08, 0x40, 0xc8, 0x07, 0x80,
  0xc9, 0x05, 0x40, 0xcb, 0x03, 0x40, 0x80, 0xcc, 0x02, 0x40, 0xce, 0x02, 0x80, 0xce, 0x02, 0x80,
  0xc5, 0x81, 0xc6, 0x02, 0x80, 0xc4, 0x40, 0x00, 0x40, 0xc6, 0x02, 0x80, 0xc2, 0x80, 0x02, 0x40,
  0xc6, 0x02, 0x80, 0xc0, 0x80, 0x40, 0x03, 0x40, 0xc6, 0x02, 0x80, 0x40, 0x05, 0x40, 0xc6, 0x0a,
  0x40, 0xc6, 0x0a, 0x40, 0xc6, 0x0a, 0x40, 0xc6, 0x0a, 0x40, 0xc6, 0x0a, 0x40, 0xc6, 0x0a, 0x40,
  0xc6, 0x0a, 0x40, 0xc6, 0x0a, 0x40, 0xc6, 0x0a, 0x40, 0xc6, 0x0a, 0x40, 0xc6, 0x0a, 0x40, 0xc6,
  0x0a, 0x40, 0xc6, 0x0a, 0x40, 0xc6, 0x0a, 0x40, 0xc6, 0x0a, 0x40, 0xc6, 0x0a, 0x40, 0xc6, 0x0a,
  0x40, 0xc6, 0x0a, 0x40, 0xc6, 0x0a, 0x40, 0xc6, 0x0a, 0x40, 0xc6, 0x0a, 0x40, 0xc6, 0x0a, 0x40,
  0xc6, 0x0a, 0x40, 0xc6, 0x01, 0x0a, 0x45, 0x13, 0x40, 0x80, 0xc7, 0x81, 0x0e, 0x40, 0xcd, 0x80,
  0x0b, 0x80, 0xd0, 0x40, 0x08, 0x80, 0xd2, 0x07, 0x40, 0xd3, 0x80, 0x06, 0xc8, 0x80, 0x41, 0x80,
  0xc8, 0x40, 0x04, 0x80, 0xc6, 0x80, 0x05, 0x80, 0xc7, 0x04, 0xc6, 0x80, 0x07, 0x80, 0xc6, 0x40,
  0x03, 0xc6, 0x09, 0xc6, 0x40, 0x02, 0x40, 0xc6, 0x09, 0x80, 0xc5, 0x40, 0x02, 0x40, 0xc5, 0x80,
  0x09, 0x80, 0xc5, 0x40, 0x14, 0x80, 0xc5, 0x40, 0x14, 0xc6, 0x14, 0x40, 0xc5, 0x80, 0x13, 0x40,
  0xc6, 0x40, 0x13, 0xc6, 0x80, 0x13, 0x80, 0xc6, 0x40, 0x12, 0x80, 0xc6, 0x40, 0x12, 0x80, 0xc6,
  0x80, 0x12, 0xc7, 0x80, 0x12, 0xc7, 0x80, 0x11, 0x40, 0xc7, 0x80, 0x11, 0x40, 0xc7, 0x80, 0x11,
  0x40, 0xc7, 0x80, 0x11, 0x40, 0xc7, 0x80, 0x11, 0x40, 0xc7, 0x80, 0x11, 0x80, 0xc7, 0x80, 0x11,
  0x80, 0xc7, 0x80, 0x11, 0x80, 0xc7, 0x80, 0x11, 0x80, 0xd7, 0x03, 0xd8, 0x03, 0xd8, 0x03, 0xd8,
  0x03, 0xd8, 0x03, 0xd8, 0x01, 0x0b, 0x45, 0x14, 0x40, 0x80, 0xc7, 0x80, 0x40, 0x0f, 0x80, 0xcd,
  0x40, 0x0c, 0xd0, 0x80, 0x0a, 0xd2, 0x80, 0x08, 0xd4, 0x80, 0x06, 0x80, 0xc8, 0x81, 0x40, 0x80,
  0xc8, 0x40, 0x05, 0xc7, 0x40, 0x05, 0x80, 0xc6, 0x80, 0x04, 0x40, 0xc6, 0x40, 0x07, 0x80, 0xc6,
  0x04, 0x40, 0xc5, 0x80, 0x08, 0x40, 0xc6, 0x04, 0x40, 0x85, 0x40, 0x09, 0xc6, 0x16, 0xc6, 0x15,
  0x40, 0xc5, 0x80, 0x15, 0xc6, 0x40, 0x13, 0x40, 0xc7, 0x0e, 0x40, 0x83, 0xc8, 0x40, 0x0e, 0xcb,
  0x80, 0x10, 0xc9, 0x80, 0x40, 0x11, 0xc9, 0x81, 0x11, 0xcc, 0x80, 0x0f, 0xce, 0x40, 0x13, 0x40,
  0xc8, 0x15, 0x80, 0xc6, 0x80, 0x15, 0xc7, 0x15, 0x40, 0xc6, 0x40, 0x14, 0x40, 0xc6, 0x40, 0x01,
  0x40, 0xc6, 0x0a, 0x40, 0xc6, 0x40, 0x02, 0xc6, 0x40, 0x09, 0x80, 0xc6, 0x40, 0x02, 0xc7, 0x40,
  0x07, 0x40, 0xc7, 0x03, 0x80, 0xc7, 0x40, 0x05, 0x80, 0xc7, 0x80, 0x03, 0x40, 0xc9, 0x83, 0xc9,
  0x40, 0x04, 0x80, 0xd5, 0x80, 0x06, 0x80, 0xd3, 0x80, 0x08, 0x80, 0xd1, 0x80, 0x0a, 0x40, 0xcf,
  0x40, 0x0d, 0x40, 0x80, 0xc9, 0x80, 0x40, 0x13, 0x45, 0x0b, 0x0e, 0x40, 0xc8, 0x40, 0x13, 0x80,
  0xc8, 0x40, 0x12, 0x40, 0xc9, 0x40, 0x12, 0xca, 0x40, 0x11, 0x80, 0xca, 0x40, 0x10, 0x40, 0xcb,
  0x40, 0x10, 0xcc, 0x40, 0x0f, 0x80, 0xcc, 0x40, 0x0e, 0x40, 0xc6, 0x80, 0xc5, 0x40, 0x0e, 0xc6,
  0x40, 0x80, 0xc5, 0x40, 0x0d, 0x80, 0xc5, 0x80, 0x00, 0x80, 0xc5, 0x40, 0x0c, 0x40, 0xc6, 0x01,
  0x80, 0xc5, 0x40, 0x0c, 0x80, 0xc5, 0x40, 0x01, 0x80, 0xc5, 0x40, 0x0b, 0x40, 0xc5, 0x80, 0x02,
  0x80, 0xc5, 0x40, 0x0b, 0xc6, 0x03, 0x80, 0xc5, 0x40, 0x0a, 0x80, 0xc5, 0x40, 0x03, 0x80, 0xc5,
  0x40, 0x09, 0x40, 0xc5, 0x80, 0x04, 0x80, 0xc5, 0x40, 0x09, 0xc6, 0x40, 0x04, 0x80, 0xc5, 0x40,
  0x08, 0x80, 0xc5, 0x80, 0x05, 0x80, 0xc5, 0x40, 0x07, 0x40, 0xc6, 0x06, 0x80, 0xc5, 0x40, 0x07,
  0x80, 0xc5, 0x40, 0x06, 0x80, 0xc5, 0x40, 0x06, 0x40, 0xc5, 0x80, 0x07, 0x80, 0xc5, 0x40, 0x06,
  0xc6, 0x08, 0x80, 0xc5, 0x40, 0x05, 0x40, 0xda, 0x80, 0x01, 0x40, 0xda, 0x80, 0x01, 0x40, 0xda,
  0x80, 0x01, 0x40, 0xda, 0x80, 0x01, 0x40, 0xda, 0x80, 0x01, 0x40, 0xda, 0x80, 0x12, 0x80, 0xc5,
  0x40, 0x16, 0x80, 0xc5, 0x40, 0x16, 0x80, 0xc5, 0x40, 0x16, 0x80, 0xc5, 0x40, 0x16, 0x80, 0xc5,
  0x40, 0x16, 0x80, 0xc5, 0x40, 0x04, 0x03, 0x40, 0xd4, 0x06, 0x80, 0xd4, 0x06, 0x80, 0xd4, 0x06,
  0x80, 0xd4, 0x06, 0xd5, 0x06, 0xd5, 0x06, 0xc5, 0x80, 0x15, 0xc5, 0x80, 0x14, 0x40, 0xc5, 0x40,
  0x14, 0x40, 0xc5, 0x40, 0x14, 0x40, 0xc5, 0x40, 0x14, 0x40, 0xc5, 0x15, 0x80, 0xc5, 0x02, 0x80,
  0xc4, 0x81, 0x0a, 0x80, 0xc5, 0x00, 0x80, 0xc9, 0x80, 0x08, 0x80, 0xc5, 0x80, 0xcc, 0x40, 0x06,
  0x80, 0xd4, 0x06, 0xd5, 0x80, 0x05, 0xc8, 0x80, 0x42, 0x80, 0xc8, 0x40, 0x04, 0x81, 0xc4, 0x80,
  0x06, 0x80, 0xc7, 0x08, 0x41, 0x80, 0x08, 0x80, 0xc6, 0x40, 0x14, 0xc6, 0x80, 0x14, 0x80, 0xc5,
  0x80, 0x14, 0x40, 0xc5, 0x80, 0x14, 0x40, 0xc6, 0x14, 0x40, 0xc5, 0x80, 0x02, 0x80, 0xc5, 0x40,
  0x09, 0x80, 0xc5, 0x80, 0x02, 0x80, 0xc5, 0x80, 0x09, 0xc6, 0x40, 0x02, 0x40, 0xc6, 0x40, 0x07,
  0x80, 0xc6, 0x40, 0x02, 0x40, 0xc7, 0x40, 0x05, 0x80, 0xc6, 0x80, 0x04, 0x80, 0xc7, 0x80, 0x42,
  0x80, 0xc8, 0x40, 0x05, 0xd4, 0x80, 0x06, 0x40, 0xd2, 0x80, 0x08, 0x40, 0xd0, 0x80, 0x0b, 0x80,
  0xcd, 0x40, 0x0d, 0x40, 0x80, 0xc8, 0x80, 0x40, 0x13, 0x45, 0x0a, 0x0c, 0x44, 0x15, 0x40, 0x80,
  0xc7, 0x80, 0x40, 0x0f, 0x40, 0xcc, 0x80, 0x0d, 0x80, 0xcf, 0x40, 0x0a, 0x80, 0xd1, 0x40, 0x08,
  0x40, 0xd3, 0x40, 0x06, 0x40, 0xd4, 0x80, 0x06, 0x80, 0xc7, 0x40, 0x03, 0x80, 0xc7, 0x40, 0x04,
  0x40, 0xc6, 0x80, 0x06, 0x40, 0xc6, 0x80, 0x04, 0x80, 0xc6, 0x08, 0x80, 0xc6, 0x04, 0xc6, 0x40,
  0x09, 0x86, 0x03, 0x40, 0xc6, 0x15, 0x80, 0xc5, 0x80, 0x15, 0xc6, 0x40, 0x03, 0x40, 0x80, 0xc3,
  0x80, 0x40, 0x09, 0xc6, 0x02, 0x80, 0xc9, 0x40, 0x07, 0xc6, 0x01, 0xcc, 0x80, 0x05, 0x40, 0xc6,
  0x00, 0xce, 0x80, 0x04, 0x40, 0xc6, 0x80, 0xcf, 0x80, 0x03, 0x40, 0xca, 0x80, 0x42, 0x80, 0xc8,
  0x40, 0x02, 0x40, 0xc9, 0x40, 0x05, 0x80, 0xc6, 0x80, 0x02, 0x40, 0xc8, 0x08, 0xc7, 0x02, 0x40,
  0xc7, 0x40, 0x08, 0x40, 0xc6, 0x40, 0x01, 0x40, 0xc7, 0x0a, 0xc6, 0x80, 0x02, 0xc6, 0x80, 0x0a,
  0x80, 0xc5, 0x80, 0x02, 0xc6, 0x80, 0x0a, 0x80, 0xc5, 0x80, 0x02, 0x80, 0xc5, 0x80, 0x0a, 0x80,
  0xc5, 0x80, 0x02, 0x80, 0xc6, 0x0a, 0xc6, 0x40, 0x02, 0x40, 0xc6, 0x40, 0x08, 0x40, 0xc6, 0x40,
  0x03, 0x80, 0xc6, 0x08, 0xc7, 0x04, 0x40, 0xc7, 0x40, 0x05, 0x80, 0xc6, 0x80, 0x05, 0x80, 0xc7,
  0x80, 0x42, 0x80, 0xc8, 0x07, 0xd4, 0x40, 0x07, 0x40, 0xd2, 0x80, 0x09, 0x40, 0xd0, 0x40, 0x0c,
  0x80, 0xcc, 0x80, 0x40, 0x0e, 0x40, 0x80, 0xc8, 0x80, 0x40, 0x14, 0x45, 0x0a, 0x00, 0xd7, 0x80,
  0x00, 0xd7, 0x80, 0x00, 0xd7, 0x80, 0x00, 0xd7, 0x80, 0x00, 0xd7, 0x80, 0x00, 0xd7, 0x80, 0x10,
  0x40, 0xc6, 0x40, 0x10, 0x80, 0xc6, 0x10, 0x40, 0xc6, 0x40, 0x10, 0x80, 0xc6, 0x10, 0x40, 0xc6,
  0x40, 0x10, 0x80, 0xc6, 0x10, 0x40, 0xc6, 0x40, 0x10, 0x80, 0xc6, 0x10, 0x40, 0xc6, 0x40, 0x10,
  0x80, 0xc6, 0x10, 0x40, 0xc6, 0x40, 0x10, 0x80, 0xc6, 0x10, 0x40, 0xc6, 0x40, 0x10, 0x80, 0xc6,
  0x10, 0x40, 0xc6, 0x40, 0x10, 0x80, 0xc6, 0x10, 0x40, 0xc6, 0x40, 0x10, 0x80, 0xc6, 0x10, 0x40,
  0xc6, 0x40, 0x10, 0x80, 0xc6, 0x10, 0x40, 0xc6, 0x40, 0x10, 0x80, 0xc6, 0x10, 0x40, 0xc6, 0x40,
  0x10, 0x80, 0xc5, 0x80, 0x10, 0x40, 0xc6, 0x40, 0x10, 0x80, 0xc5, 0x80, 0x10, 0x40, 0xc6, 0x40,
  0x10, 0x80, 0xc5, 0x80, 0x10, 0x40, 0xc6, 0x40, 0x0d, 0x0b, 0x45, 0x14, 0x40, 0x80, 0xc8, 0x80,
  0x0f, 0x40, 0xcd, 0x80, 0x0c, 0x80, 0xd0, 0x40, 0x09, 0xd3, 0x40, 0x07, 0x80, 0xd4, 0x06, 0x40,
  0xc7, 0x80, 0x43, 0x80, 0xc7, 0x80, 0x05, 0x80, 0xc6, 0x80, 0x05, 0x40, 0xc7, 0x05, 0xc6, 0x80,
  0x07, 0x40, 0xc6, 0x40, 0x04, 0xc6, 0x40, 0x08, 0xc6, 0x40, 0x04, 0xc6, 0x09, 0x80, 0xc5, 0x40,
  0x04, 0xc6, 0x09, 0xc6, 0x40, 0x04, 0x80, 0xc5, 0x40, 0x08, 0xc6, 0x05, 0x40, 0xc6, 0x07, 0x80,
  0xc5, 0x80, 0x06, 0x80, 0xc5, 0x80, 0x40, 0x04, 0x80, 0xc6, 0x08, 0x80, 0xc6, 0x83, 0xc7, 0x40,
  0x09, 0x80, 0xcf, 0x80, 0x40, 0x0b, 0x40, 0x80, 0xcb, 0x80, 0x40, 0x0d, 0x80, 0xcd, 0x80, 0x40,
  0x0a, 0x80, 0xd1, 0x80, 0x08, 0x80, 0xd4, 0x06, 0x80, 0xc7, 0x40, 0x03, 0x40, 0x80, 0xc7, 0x04,
  0x40, 0xc6, 0x80, 0x07, 0x40, 0xc6, 0x80, 0x03, 0x80, 0xc6, 0x09, 0x80, 0xc6, 0x03, 0xc6, 0x80,
  0x09, 0x40, 0xc6, 0x40, 0x01, 0x40, 0xc6, 0x40, 0x0a, 0xc6, 0x80, 0x01, 0x40, 0xc6, 0x40, 0x0a,
  0xc6, 0x80, 0x01, 0x40, 0xc6, 0x80, 0x09, 0x40, 0xc6, 0x80, 0x02, 0xc7, 0x09, 0x80, 0xc6, 0x40,
  0x02, 0xc7, 0x80, 0x07, 0x40, 0xc7, 0x40, 0x02, 0x40, 0xc8, 0x40, 0x03, 0x40, 0x80, 0xc7, 0x80,
  0x04, 0x80, 0xd6, 0x06, 0x80, 0xd4, 0x40, 0x07, 0x80, 0xd2, 0x40, 0x09, 0x40, 0xcf, 0x80, 0x0d,
  0x40, 0x80, 0xc9, 0x80, 0x40, 0x13, 0x46, 0x0a, 0x0b, 0x45, 0x13, 0x40, 0x80, 0xc8, 0x80, 0x40,
  0x0f, 0x80, 0xcc, 0x80, 0x40, 0x0b, 0x40, 0xd0, 0x40, 0x09, 0x40, 0xd2, 0x40, 0x08, 0xd4, 0x40,
  0x06, 0x80, 0xc8, 0x80, 0x41, 0x80, 0xc8, 0x05, 0x40, 0xc7, 0x40, 0x05, 0x80, 0xc6, 0x80, 0x04,
  0x80, 0xc6, 0x40, 0x07, 0x80, 0xc6, 0x04, 0xc6, 0x80, 0x09, 0xc6, 0x40, 0x02, 0x40, 0xc6, 0x0a,
  0x80, 0xc5, 0x80, 0x02, 0x40, 0xc6, 0x0a, 0x40, 0xc6, 0x02, 0x40, 0xc5, 0x80, 0x0a, 0x40, 0xc6,
  0x40, 0x01, 0x40, 0xc6, 0x0a, 0x40, 0xc6, 0x40, 0x01, 0x40, 0xc6, 0x0a, 0x80, 0xc6, 0x40, 0x02,
  0xc6, 0x40, 0x09, 0xc7, 0x80, 0x02, 0xc7, 0x40, 0x07, 0x80, 0xc7, 0x80, 0x02, 0x40, 0xc7, 0x40,
  0x05, 0x80, 0xc8, 0x80, 0x03, 0xc8, 0x80, 0x42, 0x80, 0xca, 0x80, 0x03, 0x40, 0xd0, 0x80, 0xc5,
  0x80, 0x04, 0x80, 0xce, 0x40, 0x80, 0xc5, 0x80, 0x05, 0x80, 0xcc, 0x40, 0x00, 0x80, 0xc5, 0x40,
  0x06, 0x40, 0xc9, 0x80, 0x40, 0x01, 0xc6, 0x40, 0x08, 0x40, 0x80, 0xc3, 0x81, 0x40, 0x03, 0xc6,
  0x15, 0x40, 0xc6, 0x15, 0x80, 0xc5, 0x80, 0x03, 0x86, 0x40, 0x09, 0xc6, 0x40, 0x03, 0x80, 0xc5,
  0x80, 0x08, 0x80, 0xc6, 0x04, 0x40, 0xc6, 0x40, 0x06, 0x40, 0xc6, 0x80, 0x05, 0xc7, 0x80, 0x04,
  0x80, 0xc7, 0x06, 0x80, 0xc9, 0x80, 0xc9, 0x40, 0x07, 0xd3, 0x80, 0x08, 0x40, 0xd2, 0x0a, 0x40,
  0xcf, 0x80, 0x0d, 0x80, 0xcc, 0x80, 0x0f, 0x40, 0x80, 0xc8, 0x80, 0x14, 0x42, 0x80, 0x42, 0x0b,
  0x04, 0x40, 0x82, 0x09, 0x80, 0xc4, 0x40, 0x06, 0x40, 0xc6, 0x06, 0x80, 0xc6, 0x40, 0x05, 0x80,
  0xc6, 0x40, 0x05, 0x80, 0xc6, 0x40, 0x05, 0x40, 0xc5, 0x80, 0x07, 0x40, 0xc3, 0x80, 0x0a, 0x42,
  0x3f, 0x3f, 0x02, 0x40, 0x82, 0x09, 0x80, 0xc4, 0x40, 0x06, 0x40, 0xc6, 0x06, 0x80, 0xc6, 0x40,
  0x05, 0x80, 0xc6, 0x40, 0x05, 0x80, 0xc6, 0x40, 0x05, 0x40, 0xc5, 0x80, 0x07, 0x40, 0xc3, 0x80,
  0x0a, 0x42, 0x05, 0x05, 0x82, 0x40, 0x08, 0x40, 0xc4, 0x80, 0x07, 0xc6, 0x40, 0x05, 0x40, 0xc6,
  0x80, 0x05, 0x40, 0xc6, 0x80, 0x05, 0x40, 0xc6, 0x80, 0x06, 0x80, 0xc5, 0x40, 0x07, 0x80, 0xc3,
  0x40, 0x09, 0x42, 0x3f, 0x3f, 0x2e, 0xc6, 0x06, 0x40, 0xc5, 0x80, 0x06, 0x40, 0xc5, 0x80, 0x06,
  0x40, 0xc5, 0x40, 0x06, 0x80, 0xc5, 0x07, 0x80, 0xc4, 0x80, 0x07, 0xc5, 0x40, 0x07, 0xc5, 0x08,
  0xc4, 0x80, 0x07, 0x40, 0xc4, 0x40, 0x07, 0x40, 0xc4, 0x08, 0x80, 0xc4, 0x08, 0x80, 0xc3, 0x80,
  0x08, 0xc4, 0x40, 0x08, 0x84, 0x07, 0x1a, 0x40, 0x1a, 0x40, 0x80, 0xc0, 0x80, 0x18, 0x40, 0x80,
  0xc2, 0x80, 0x16, 0x40, 0xc5, 0x80, 0x14, 0x80, 0xc7, 0x80, 0x11, 0x40, 0x80, 0xc9, 0x80, 0x0f,
  0x40, 0x80, 0xcb, 0x80, 0x0d, 0x40, 0xcd, 0x80, 0x40, 0x0a, 0x40, 0x80, 0xcd, 0x80, 0x40, 0x0a,
  0x40, 0x80, 0xcc, 0x80, 0x40, 0x0b, 0x40, 0xcd, 0x80, 0x40, 0x0c, 0x40, 0xcb, 0x80, 0x40, 0x0f,
  0x40, 0xc9, 0x80, 0x40, 0x11, 0x40, 0xc7, 0x40, 0x14, 0x40, 0xc6, 0x80, 0x40, 0x14, 0x40, 0xc9,
  0x80, 0x12, 0x40, 0xcb, 0x80, 0x40, 0x10, 0x40, 0xcd, 0x80, 0x10, 0x40, 0x80, 0xcc, 0x80, 0x40,
  0x0f, 0x40, 0x80, 0xcd, 0x80, 0x10, 0x80, 0xcd, 0x80, 0x40, 0x0f, 0x40, 0xcc, 0x80, 0x11, 0x40,
  0x80, 0xc9, 0x80, 0x13, 0x40, 0x80, 0xc7, 0x80, 0x16, 0x80, 0xc5, 0x80, 0x18, 0x40, 0x80, 0xc2,
  0x80, 0x1a, 0x40, 0x80, 0xc0, 0x80, 0x1d, 0x40, 0x02, 0x03, 0x96, 0x40, 0x05, 0x40, 0xd6, 0x40,
  0x05, 0x40, 0xd6, 0x40, 0x05, 0x40, 0xd6, 0x40, 0x05, 0x40, 0xd6, 0x40, 0x05, 0x40, 0xd6, 0x40,
  0x06, 0x56, 0x3f, 0x3f, 0x03, 0x56, 0x06, 0x40, 0xd6, 0x40, 0x05, 0x40, 0xd6, 0x40, 0x05, 0x40,
  0xd6, 0x40, 0x05, 0x40, 0xd6, 0x40, 0x05, 0x40, 0xd6, 0x40, 0x05, 0x40, 0x96, 0x40, 0x3f, 0x3f,
  0x1d, 0x02, 0x40, 0x1d, 0x40, 0xc0, 0x80, 0x40, 0x1a, 0x40, 0xc2, 0x80, 0x40, 0x18, 0x40, 0xc5,
  0x40, 0x16, 0x40, 0xc7, 0x80, 0x14, 0x40, 0xc9, 0x80, 0x40, 0x11, 0x40, 0xcc, 0x40, 0x0f, 0x40,
  0x80, 0xcd, 0x80, 0x0f, 0x40, 0x80, 0xcd, 0x80, 0x40, 0x0f, 0x40, 0x80, 0xcc, 0x80, 0x40, 0x0f,
  0x40, 0x80, 0xcd, 0x40, 0x10, 0x40, 0x80, 0xcb, 0x80, 0x11, 0x40, 0x80, 0xc9, 0x80, 0x14, 0x40,
  0x80, 0xc6, 0x80, 0x14, 0x40, 0x80, 0xc6, 0x80, 0x12, 0x40, 0xc9, 0x80, 0x0f, 0x40, 0x80, 0xcb,
  0x80, 0x0d, 0x40, 0xcd, 0x40, 0x0b, 0x40, 0x80, 0xcc, 0x80, 0x40, 0x0b, 0x40, 0xcd, 0x80, 0x40,
  0x0a, 0x40, 0x80, 0xcd, 0x80, 0x0d, 0x40, 0xcc, 0x40, 0x0f, 0x40, 0xc9, 0x80, 0x40, 0x11, 0x40,
  0xc7, 0x80, 0x40, 0x13, 0x40, 0xc5, 0x80, 0x16, 0x40, 0xc3, 0x40, 0x18, 0x40, 0xc0, 0x80, 0x40,
  0x1a, 0x41, 0x19, 0x09, 0x44, 0x0f, 0x40, 0x80, 0xc8, 0x80, 0x40, 0x0a, 0x80, 0xcc, 0x80, 0x08,
  0xd0, 0x40, 0x05, 0xd2, 0x40, 0x03, 0x80, 0xd3, 0x03, 0xc7, 0x81, 0x40, 0x80, 0xc8, 0x40, 0x01,
  0x40, 0xc6, 0x40, 0x04, 0x80, 0xc6, 0x80, 0x01, 0x80, 0xc5, 0x80, 0x06, 0xc7, 0x01, 0xc6, 0x40,
  0x06, 0x80, 0xc6, 0x01, 0x86, 0x07, 0x40, 0xc6, 0x10, 0x80, 0xc6, 0x10, 0xc6, 0x80, 0x0f, 0x80,
  0xc6, 0x40, 0x0e, 0xc8, 0x0d, 0x40, 0xc8, 0x40, 0x0c, 0x80, 0xc8, 0x40, 0x0c, 0x80, 0xc8, 0x40,
  0x0c, 0x40, 0xc7, 0x80, 0x0e, 0xc7, 0x40, 0x0e, 0x40, 0xc6, 0x40, 0x0f, 0x40, 0xc5, 0x40, 0x10,
  0x80, 0xc5, 0x11, 0x80, 0xc5, 0x11, 0x80, 0xc4, 0x80, 0x12, 0x45, 0x3f, 0x05, 0x40, 0x81, 0x40,
  0x12, 0x40, 0xc4, 0x80, 0x10, 0x40, 0xc6, 0x40, 0x0f, 0x80, 0xc6, 0x80, 0x0f, 0x80, 0xc6, 0x80,
  0x0f, 0x80, 0xc6, 0x80, 0x10, 0xc6, 0x40, 0x10, 0x40, 0xc4, 0x40, 0x13, 0x42, 0x0b, 0x12, 0x40,
  0x88, 0x41, 0x1f, 0x40, 0x80, 0xce, 0x80, 0x40, 0x1a, 0x80, 0xd4, 0x80, 0x16, 0x40, 0xd8, 0x40,
  0x12, 0x40, 0x80, 0xda, 0x80, 0x10, 0x40, 0xcc, 0x84, 0xcc, 0x40, 0x0d, 0x40, 0xc9, 0x80, 0x40,
  0x08, 0x40, 0x81, 0xc8, 0x40, 0x0b, 0x40, 0xc7, 0x80, 0x40, 0x0e, 0x40, 0x80, 0xc7, 0x0b, 0xc7,
  0x40, 0x12, 0x40, 0xc6, 0x80, 0x09, 0x80, 0xc6, 0x40, 0x15, 0x80, 0xc5, 0x40, 0x07, 0x40, 0xc6,
  0x07, 0x40, 0x83, 0x40, 0x0a, 0x80, 0xc5, 0x07, 0xc6, 0x40, 0x04, 0x40, 0x80, 0xc7, 0x80, 0x00,
  0x40, 0xc4, 0x02, 0xc5, 0x40, 0x05, 0x40, 0xc5, 0x40, 0x04, 0x80, 0xcb, 0x80, 0xc4, 0x02, 0x40,
  0xc4, 0x80, 0x05, 0x80, 0xc5, 0x04, 0x80, 0xd2, 0x03, 0xc5, 0x40, 0x04, 0xc5, 0x40, 0x03, 0x80,
  0xd3, 0x03, 0x80, 0xc4, 0x40, 0x03, 0x40, 0xc5, 0x03, 0x40, 0xd4, 0x03, 0x40, 0xc4, 0x80, 0x03,
  0x80, 0xc4, 0x80, 0x03, 0x80, 0xc6, 0x80, 0x43, 0x80, 0xc7, 0x04, 0xc5, 0x03, 0xc5, 0x40, 0x02,
  0x40, 0xc5, 0x80, 0x06, 0x40, 0xc6, 0x04, 0x80, 0xc4, 0x03, 0xc5, 0x03, 0x80, 0xc5, 0x08, 0x40,
  0xc5, 0x04, 0x80, 0xc4, 0x40, 0x01, 0x40, 0xc5, 0x03, 0x80, 0xc4, 0x40, 0x09, 0xc5, 0x04, 0x80,
  0xc4, 0x40, 0x01, 0x40, 0xc5, 0x03, 0xc5, 0x0a, 0xc5, 0x04, 0x80, 0xc4, 0x40, 0x01, 0x40, 0xc4,
  0x80, 0x03, 0xc4, 0x80, 0x0a, 0x80, 0xc4, 0x04, 0x80, 0xc4, 0x40, 0x01, 0x40, 0xc4, 0x80, 0x03,
  0xc4, 0x80, 0x0a, 0x80, 0xc4, 0x04, 0x80, 0xc4, 0x40, 0x01, 0x40, 0xc4, 0x80, 0x03, 0xc4, 0x80,
  0x0a, 0x80, 0xc4, 0x04, 0x80, 0xc4, 0x02, 0x40, 0xc4, 0x80, 0x03, 0xc5, 0x0a, 0x80, 0xc4, 0x04,
  0x80, 0xc4, 0x02, 0x40, 0xc5, 0x03, 0xc5, 0x0a, 0xc5, 0x04, 0xc5, 0x02, 0x40, 0xc5, 0x03, 0x80,
  0xc4, 0x80, 0x08, 0x40, 0xc5, 0x04, 0xc4, 0x80, 0x03, 0xc5, 0x03, 0x80, 0xc5, 0x08, 0x80, 0xc5,
  0x03, 0x40, 0xc4, 0x40, 0x03, 0xc5, 0x40, 0x02, 0x40, 0xc6, 0x40, 0x05, 0x80, 0xc6, 0x03, 0x80,
  0xc4, 0x04, 0x80, 0xc4, 0x80, 0x03, 0x80, 0xc6, 0x80, 0x42, 0x80, 0xc8, 0x80, 0x01, 0x80, 0xc4,
  0x80, 0x04, 0x40, 0xc5, 0x03, 0x40, 0xdd, 0x40, 0x05, 0xc5, 0x40, 0x03, 0x80, 0xdb, 0x80, 0x06,
  0x80, 0xc5, 0x04, 0x80, 0xcc, 0x81, 0xca, 0x80, 0x07, 0x40, 0xc5, 0x80, 0x04, 0x40, 0xca, 0x80,
  0x00, 0x40, 0xc9, 0x80, 0x09, 0xc6, 0x40, 0x05, 0x80, 0xc6, 0x80, 0x40, 0x02, 0x40, 0xc6, 0x80,
  0x40, 0x0a, 0x40, 0xc6, 0x40, 0x07, 0x42, 0x08, 0x44, 0x0e, 0x80, 0xc6, 0x80, 0x27, 0xc8, 0x40,
  0x25, 0x40, 0xc9, 0x80, 0x40, 0x0b, 0x40, 0x80, 0xc0, 0x80, 0x13, 0x40, 0xcb, 0x83, 0x41, 0x82,
  0xc5, 0x15, 0x80, 0xd8, 0x40, 0x15, 0x80, 0xd7, 0x80, 0x17, 0x80, 0xd6, 0x19, 0x40, 0x80, 0xd0,
  0x80, 0x40, 0x1d, 0x40, 0x81, 0xc7, 0x82, 0x40, 0x3f, 0x0b, 0x80, 0xc8, 0x17, 0xc9, 0x40, 0x15,
  0x40, 0xc9, 0x80, 0x15, 0x80, 0xca, 0x15, 0xcb, 0x40, 0x13, 0x40, 0xcb, 0x80, 0x13, 0x80, 0xcc,
  0x13, 0xcd, 0x40, 0x11, 0x80, 0xc6, 0x80, 0xc5, 0x80, 0x11, 0xc6, 0x80, 0x40, 0xc6, 0x10, 0x40,
  0xc6, 0x40, 0x00, 0xc6, 0x80, 0x0f, 0x80, 0xc6, 0x01, 0x80, 0xc6, 0x0f, 0xc6, 0x80, 0x01, 0x40,
  0xc6, 0x40, 0x0d, 0x40, 0xc6, 0x40, 0x02, 0xc6, 0x80, 0x0d, 0x80, 0xc6, 0x03, 0x80, 0xc6, 0x0d,
  0xc6, 0x80, 0x03, 0x40, 0xc6, 0x40, 0x0b, 0x40, 0xc6, 0x40, 0x04, 0xc6, 0x80, 0x0b, 0x80, 0xc6,
  0x05, 0x80, 0xc6, 0x0b, 0xc6, 0x80, 0x05, 0x40, 0xc6, 0x40, 0x09, 0x40, 0xc6, 0x40, 0x06, 0xc6,
  0x80, 0x09, 0x80, 0xc6, 0x07, 0x80, 0xc6, 0x09, 0xc7, 0x87, 0xc7, 0x40, 0x07, 0x40, 0xd7, 0x80,
  0x07, 0x80, 0xd8, 0x07, 0xd9, 0x40, 0x05, 0x40, 0xd9, 0x80, 0x05, 0x80, 0xda, 0x05, 0xc6, 0x80,
  0x0b, 0x40, 0xc6, 0x40, 0x03, 0x40, 0xc6, 0x40, 0x0c, 0xc6, 0x80, 0x03, 0x80, 0xc6, 0x0d, 0x80,
  0xc6, 0x03, 0xc6, 0x80, 0x0d, 0x40, 0xc6, 0x40, 0x01, 0x40, 0xc6, 0x40, 0x0e, 0xc6, 0x80, 0x01,
  0x80, 0xc6, 0x0f, 0x80, 0xc6, 0x01, 0xc6, 0x80, 0x0f, 0x40, 0xc6, 0x41, 0xc6, 0x40, 0x10, 0xc6,
  0x80, 0x01, 0x80, 0xce, 0x81, 0x41, 0x09, 0x80, 0xd2, 0x80, 0x40, 0x07, 0x80, 0xd4, 0x80, 0x06,
  0x80, 0xd5, 0x80, 0x05, 0x80, 0xd6, 0x80, 0x04, 0x80, 0xd7, 0x04, 0x80, 0xc5, 0x80, 0x06, 0x40,
  0x80, 0xc7, 0x40, 0x03, 0x80, 0xc5, 0x80, 0x08, 0x80, 0xc6, 0x80, 0x03, 0x80, 0xc5, 0x80, 0x09,
  0xc6, 0x80, 0x03, 0x80, 0xc5, 0x80, 0x09, 0x80, 0xc5, 0x80, 0x03, 0x80, 0xc5, 0x80, 0x09, 0x80,
  0xc5, 0x80, 0x03, 0x80, 0xc5, 0x80, 0x09, 0xc6, 0x40, 0x03, 0x80, 0xc5, 0x80, 0x08, 0x40, 0xc6,
  0x04, 0x80, 0xc5, 0x80, 0x07, 0x40, 0xc6, 0x40, 0x04, 0x80, 0xc5, 0x80, 0x46, 0x80, 0xc6, 0x80,
  0x05, 0x80, 0xd4, 0x40, 0x06, 0x80, 0xd1, 0x80, 0x40, 0x08, 0x80, 0xd3, 0x80, 0x40, 0x06, 0x80,
  0xd5, 0x80, 0x05, 0x80, 0xc6, 0x86, 0xc9, 0x04, 0x80, 0xc5, 0x80, 0x08, 0x80, 0xc6, 0x80, 0x03,
  0x80, 0xc5, 0x80, 0x09, 0x80, 0xc6, 0x40, 0x02, 0x80, 0xc5, 0x80, 0x0a, 0xc6, 0x80, 0x02, 0x80,
  0xc5, 0x80, 0x0a, 0x80, 0xc6, 0x02, 0x80, 0xc5, 0x80, 0x0a, 0x40, 0xc6, 0x02, 0x80, 0xc5, 0x80,
  0x0a, 0x80, 0xc6, 0x40, 0x01, 0x80, 0xc5, 0x80, 0x0a, 0xc7, 0x02, 0x80, 0xc5, 0x80, 0x09, 0x80,
  0xc7, 0x02, 0x80, 0xc5, 0x80, 0x06, 0x41, 0x80, 0xc7, 0x80, 0x02, 0x80, 0xd8, 0x40, 0x02, 0x80,
  0xd7, 0x80, 0x03, 0x80, 0xd6, 0x80, 0x04, 0x80, 0xd5, 0x80, 0x05, 0x80, 0xd4, 0x40, 0x06, 0x80,
  0xd0, 0x81, 0x40, 0x06, 0x0e, 0x45, 0x18, 0x40, 0x80, 0xc8, 0x81, 0x40, 0x12, 0x40, 0x80, 0xcd,
  0x80, 0x40, 0x0f, 0x80, 0xd1, 0x80, 0x0d, 0x80, 0xd3, 0x80, 0x0b, 0x80, 0xd5, 0x80, 0x09, 0x80,
  0xd7, 0x80, 0x07, 0x40, 0xc9, 0x41, 0x01, 0x41, 0x80, 0xc8, 0x40, 0x06, 0xc8, 0x40, 0x07, 0x40,
  0xc7, 0x80, 0x05, 0x80, 0xc7, 0x40, 0x09, 0x40, 0xc7, 0x05, 0xc7, 0x40, 0x0b, 0x40, 0xc6, 0x40,
  0x03, 0x40, 0xc6, 0x80, 0x0d, 0xc6, 0x80, 0x03, 0x80, 0xc6, 0x0e, 0x80, 0xc6, 0x03, 0xc6, 0x80,
  0x0f, 0x46, 0x03, 0xc6, 0x80, 0x19, 0x40, 0xc6, 0x40, 0x19, 0x40, 0xc6, 0x40, 0x19, 0x40, 0xc6,
  0x1a, 0x40, 0xc6, 0x1a, 0x40, 0xc6, 0x1a, 0x40, 0xc6, 0x40, 0x19, 0x40, 0xc6, 0x40, 0x1a, 0xc6,
  0x40, 0x1a, 0xc6, 0x80, 0x1a, 0x80, 0xc6, 0x0e, 0x40, 0xc6, 0x03, 0x40, 0xc6, 0x80, 0x0d, 0x80,
  0xc5, 0x80, 0x04, 0xc7, 0x40, 0x0b, 0x40, 0xc6, 0x80, 0x04, 0x80, 0xc7, 0x0b, 0xc7, 0x06, 0xc8,
  0x40, 0x07, 0x40, 0xc7, 0x80, 0x06, 0x40, 0xc8, 0x80, 0x41, 0x02, 0x40, 0x80, 0xc8, 0x40, 0x07,
  0x80, 0xd7, 0x40, 0x09, 0xd6, 0x80, 0x0b, 0xd4, 0x80, 0x0d, 0x80, 0xd1, 0x40, 0x0f, 0x40, 0xce,
  0x80, 0x40, 0x12, 0x40, 0x80, 0xc9, 0x80, 0x40, 0x18, 0x45, 0x0d, 0x01, 0x80, 0xcd, 0x81, 0x41,
  0x0d, 0x80, 0xd2, 0x40, 0x0b, 0x80, 0xd4, 0x40, 0x09, 0x80, 0xd5, 0x80, 0x08, 0x80, 0xd7, 0x07,
  0x80, 0xd7, 0x80, 0x06, 0x80, 0xc5, 0x80, 0x45, 0x81, 0xc9, 0x80, 0x05, 0x80, 0xc5, 0x80, 0x08,
  0x40, 0xc8, 0x40, 0x04, 0x80, 0xc5, 0x80, 0x0a, 0x80, 0xc6, 0x80, 0x04, 0x80, 0xc5, 0x80, 0x0b,
  0x80, 0xc6, 0x40, 0x03, 0x80, 0xc5, 0x80, 0x0c, 0xc6, 0x80, 0x03, 0x80, 0xc5, 0x80, 0x0c, 0x80,
  0xc6, 0x03, 0x80, 0xc5, 0x80, 0x0c, 0x40, 0xc6, 0x40, 0x02, 0x80, 0xc5, 0x80, 0x0d, 0xc6, 0x40,
  0x02, 0x80, 0xc5, 0x80, 0x0d, 0xc6, 0x80, 0x02, 0x80, 0xc5, 0x80, 0x0d, 0x80, 0xc5, 0x80, 0x02,
  0x80, 0xc5, 0x80, 0x0d, 0x80, 0xc5, 0x80, 0x02, 0x80, 0xc5, 0x80, 0x0d, 0x80, 0xc5, 0x80, 0x02,
  0x80, 0xc5, 0x80, 0x0d, 0x80, 0xc5, 0x80, 0x02, 0x80, 0xc5, 0x80, 0x0d, 0x80, 0xc5, 0x80, 0x02,
  0x80, 0xc5, 0x80, 0x0d, 0xc6, 0x80, 0x02, 0x80, 0xc5, 0x80, 0x0d, 0xc6, 0x40, 0x02, 0x80, 0xc5,
  0x80, 0x0c, 0x40, 0xc6, 0x40, 0x02, 0x80, 0xc5, 0x80, 0x0c, 0x80, 0xc6, 0x03, 0x80, 0xc5, 0x80,
  0x0c, 0xc6, 0x80, 0x03, 0x80, 0xc5, 0x80, 0x0b, 0x80, 0xc6, 0x40, 0x03, 0x80, 0xc5, 0x80, 0x0a,
  0x80, 0xc6, 0x80, 0x04, 0x80, 0xc5, 0x80, 0x08, 0x40, 0xc8, 0x40, 0x04, 0x80, 0xc5, 0x80, 0x46,
  0x80, 0xc9, 0x80, 0x05, 0x80, 0xd8, 0x06, 0x80, 0xd7, 0x07, 0x80, 0xd5, 0x80, 0x08, 0x80, 0xd4,
  0x40, 0x09, 0x80, 0xd2, 0x80, 0x0b, 0x80, 0xcd, 0x81, 0x41, 0x0b, 0x01, 0x80, 0xd5, 0x80, 0x03,
  0x80, 0xd5, 0x80, 0x03, 0x80, 0xd5, 0x80, 0x03, 0x80, 0xd5, 0x80, 0x03, 0x80, 0xd5, 0x80, 0x03,
  0x80, 0xd5, 0x80, 0x03, 0x80, 0xc5, 0x80, 0x4e, 0x04, 0x80, 0xc5, 0x80, 0x13, 0x80, 0xc5, 0x80,
  0x13, 0x80, 0xc5, 0x80, 0x13, 0x80, 0xc5, 0x80, 0x13, 0x80, 0xc5, 0x80, 0x13, 0x80, 0xc5, 0x80,
  0x13, 0x80, 0xc5, 0x80, 0x13, 0x80, 0xc6, 0x8d, 0x40, 0x04, 0x80, 0xd4, 0x80, 0x04, 0x80, 0xd4,
  0x80, 0x04, 0x80, 0xd4, 0x80, 0x04, 0x80, 0xd4, 0x80, 0x04, 0x80, 0xd4, 0x80, 0x04, 0x80, 0xc5,
  0x80, 0x4e, 0x04, 0x80, 0xc5, 0x80, 0x13, 0x80, 0xc5, 0x80, 0x13, 0x80, 0xc5, 0x80, 0x13, 0x80,
  0xc5, 0x80, 0x13, 0x80, 0xc5, 0x80, 0x13, 0x80, 0xc5, 0x80, 0x13, 0x80, 0xc5, 0x80, 0x13, 0x80,
  0xc5, 0x80, 0x13, 0x80, 0xd5, 0x80, 0x03, 0x80, 0xd5, 0x80, 0x03, 0x80, 0xd5, 0x80, 0x03, 0x80,
  0xd5, 0x80, 0x03, 0x80, 0xd5, 0x80, 0x03, 0x80, 0xd5, 0x80, 0x01, 0x01, 0x80, 0xd5, 0x40, 0x02,
  0x80, 0xd5, 0x40, 0x02, 0x80, 0xd5, 0x40, 0x02, 0x80, 0xd5, 0x40, 0x02, 0x80, 0xd5, 0x40, 0x02,
  0x80, 0xd5, 0x40, 0x02, 0x80, 0xc5, 0x80, 0x4e, 0x03, 0x80, 0xc5, 0x80, 0x12, 0x80, 0xc5, 0x80,
  0x12, 0x80, 0xc5, 0x80, 0x12, 0x80, 0xc5, 0x80, 0x12, 0x80, 0xc5, 0x80, 0x12, 0x80, 0xc5, 0x80,
  0x12, 0x80, 0xc5, 0x80, 0x12, 0x80, 0xc5, 0x80, 0x12, 0x80, 0xc5, 0x80, 0x4d, 0x04, 0x80, 0xd4,
  0x04, 0x80, 0xd4, 0x04, 0x80, 0xd4, 0x04, 0x80, 0xd4, 0x04, 0x80, 0xd4, 0x04, 0x80, 0xc6, 0x8d,
  0x04, 0x80, 0xc5, 0x80, 0x12, 0x80, 0xc5, 0x80, 0x12, 0x80, 0xc5, 0x80, 0x12, 0x80, 0xc5, 0x80,
  0x12, 0x80, 0xc5, 0x80, 0x12, 0x80, 0xc5, 0x80, 0x12, 0x80, 0xc5, 0x80, 0x12, 0x80, 0xc5, 0x80,
  0x12, 0x80, 0xc5, 0x80, 0x12, 0x80, 0xc5, 0x80, 0x12, 0x80, 0xc5, 0x80, 0x12, 0x80, 0xc5, 0x80,
  0x12, 0x80, 0xc5, 0x80, 0x10, 0x0e, 0x45, 0x19, 0x81, 0xc7, 0x81, 0x13, 0x40, 0x80, 0xcd, 0x80,
  0x40, 0x0f, 0x80, 0xd1, 0x40, 0x0d, 0x80, 0xd3, 0x80, 0x0b, 0x80, 0xd5, 0x80, 0x09, 0x80, 0xd7,
  0x80, 0x07, 0x40, 0xc9, 0x41, 0x01, 0x41, 0x80, 0xc8, 0x40, 0x06, 0xc8, 0x40, 0x07, 0x40, 0xc7,
  0x80, 0x05, 0x80, 0xc7, 0x40, 0x09, 0x40, 0xc7, 0x05, 0xc7, 0x40, 0x0b, 0x40, 0xc6, 0x40, 0x03,
  0x40, 0xc6, 0x80, 0x0d, 0xc6, 0x80, 0x03, 0x80, 0xc6, 0x40, 0x0d, 0x47, 0x03, 0xc6, 0x80, 0x1a,
  0xc6, 0x80, 0x19, 0x40, 0xc6, 0x40, 0x19, 0x40, 0xc6, 0x40, 0x19, 0x40, 0xc6, 0x08, 0x40, 0x8d,
  0x02, 0x40, 0xc6, 0x08, 0x40, 0xcd, 0x40, 0x01, 0x40, 0xc6, 0x08, 0x40, 0xcd, 0x40, 0x01, 0x40,
  0xc6, 0x40, 0x07, 0x40, 0xcd, 0x40, 0x01, 0x40, 0xc6, 0x40, 0x07, 0x40, 0xcd, 0x40, 0x02, 0xc6,
  0x80, 0x07, 0x40, 0xcd, 0x40, 0x02, 0xc6, 0x80, 0x0f, 0xc6, 0x03, 0x80, 0xc6, 0x0f, 0xc6, 0x03,
  0x40, 0xc6, 0x80, 0x0d, 0x40, 0xc6, 0x04, 0xc7, 0x40, 0x0c, 0xc6, 0x80, 0x04, 0x80, 0xc7, 0x0b,
  0x80, 0xc6, 0x40, 0x05, 0xc8, 0x40, 0x08, 0x80, 0xc7, 0x06, 0x40, 0xc8, 0x80, 0x41, 0x02, 0x40,
  0x80, 0xc8, 0x40, 0x07, 0x80, 0xd7, 0x80, 0x09, 0xd7, 0x0b, 0xd5, 0x0d, 0x80, 0xd1, 0x80, 0x0f,
  0x40, 0x80, 0xce, 0x40, 0x12, 0x40, 0x80, 0xc9, 0x80, 0x40, 0x18, 0x46, 0x0c, 0x01, 0x80, 0xc5,
  0x80, 0x0d, 0x40, 0xc6, 0x03, 0x80, 0xc5, 0x80, 0x0d, 0x40, 0xc6, 0x03, 0x80, 0xc5, 0x80, 0x0d,
  0x40, 0xc6, 0x03, 0x80, 0xc5, 0x80, 0x0d, 0x40, 0xc6, 0x03, 0x80, 0xc5, 0x80, 0x0d, 0x40, 0xc6,
  0x03, 0x80, 0xc5, 0x80, 0x0d, 0x40, 0xc6, 0x03, 0x80, 0xc5, 0x80, 0x0d, 0x40, 0xc6, 0x03, 0x80,
  0xc5, 0x80, 0x0d, 0x40, 0xc6, 0x03, 0x80, 0xc5, 0x80, 0x0d, 0x40, 0xc6, 0x03, 0x80, 0xc5, 0x80,
  0x0d, 0x40, 0xc6, 0x03, 0x80, 0xc5, 0x80, 0x0d, 0x40, 0xc6, 0x03, 0x80, 0xc5, 0x80, 0x0d, 0x40,
  0xc6, 0x03, 0x80, 0xc5, 0x80, 0x0d, 0x40, 0xc6, 0x03, 0x80, 0xc5, 0x80, 0x0d, 0x40, 0xc6, 0x03,
  0x80, 0xc5, 0x8f, 0xc6, 0x03, 0x80, 0xdc, 0x03, 0x80, 0xdc, 0x03, 0x80, 0xdc, 0x03, 0x80, 0xdc,
  0x03, 0x80, 0xdc, 0x03, 0x80, 0xc5, 0x8f, 0xc6, 0x03, 0x80, 0xc5, 0x80, 0x0d, 0x40, 0xc6, 0x03,
  0x80, 0xc5, 0x80, 0x0d, 0x40, 0xc6, 0x03, 0x80, 0xc5, 0x80, 0x0d, 0x40, 0xc6, 0x03, 0x80, 0xc5,
  0x80, 0x0d, 0x40, 0xc6, 0x03, 0x80, 0xc5, 0x80, 0x0d, 0x40, 0xc6, 0x03, 0x80, 0xc5, 0x80, 0x0d,
  0x40, 0xc6, 0x03, 0x80, 0xc5, 0x80, 0x0d, 0x40, 0xc6, 0x03, 0x80, 0xc5, 0x80, 0x0d, 0x40, 0xc6,
  0x03, 0x80, 0xc5, 0x80, 0x0d, 0x40, 0xc6, 0x03, 0x80, 0xc5, 0x80, 0x0d, 0x40, 0xc6, 0x03, 0x80,
  0xc5, 0x80, 0x0d, 0x40, 0xc6, 0x03, 0x80, 0xc5, 0x80, 0x0d, 0x40, 0xc6, 0x03, 0x80, 0xc5, 0x80,
  0x0d, 0x40, 0xc6, 0x03, 0x80, 0xc5, 0x80, 0x0d, 0x40, 0xc6, 0x01, 0x01, 0x80, 0xc5, 0x80, 0x03,
  0x80, 0xc5, 0x80, 0x03, 0x80, 0xc5, 0x80, 0x03, 0x80, 0xc5, 0x80, 0x03, 0x80, 0xc5, 0x80, 0x03,
  0x80, 0xc5, 0x80, 0x03, 0x80, 0xc5, 0x80, 0x03, 0x80, 0xc5, 0x80, 0x03, 0x80, 0xc5, 0x80, 0x03,
  0x80, 0xc5, 0x80, 0x03, 0x80, 0xc5, 0x80, 0x03, 0x80, 0xc5, 0x80, 0x03, 0x80, 0xc5, 0x80, 0x03,
  0x80, 0xc5, 0x80, 0x03, 0x80, 0xc5, 0x80, 0x03, 0x80, 0xc5, 0x80, 0x03, 0x80, 0xc5, 0x80, 0x03,
  0x80, 0xc5, 0x80, 0x03, 0x80, 0xc5, 0x80, 0x03, 0x80, 0xc5, 0x80, 0x03, 0x80, 0xc5, 0x80, 0x03,
  0x80, 0xc5, 0x80, 0x03, 0x80, 0xc5, 0x80, 0x03, 0x80, 0xc5, 0x80, 0x03, 0x80, 0xc5, 0x80, 0x03,
  0x80, 0xc5, 0x80, 0x03, 0x80, 0xc5, 0x80, 0x03, 0x80, 0xc5, 0x80, 0x03, 0x80, 0xc5, 0x80, 0x03,
  0x80, 0xc5, 0x80, 0x03, 0x80, 0xc5, 0x80, 0x03, 0x80, 0xc5, 0x80, 0x03, 0x80, 0xc5, 0x80, 0x03,
  0x80, 0xc5, 0x80, 0x03, 0x80, 0xc5, 0x80, 0x01, 0x0f, 0x80, 0xc5, 0x40, 0x11, 0x80, 0xc5, 0x80,
  0x11, 0x80, 0xc5, 0x80, 0x11, 0x80, 0xc5, 0x80, 0x11, 0x80, 0xc5, 0x80, 0x11, 0x80, 0xc5, 0x80,
  0x11, 0x80, 0xc5, 0x80, 0x11, 0x80, 0xc5, 0x80, 0x11, 0x80, 0xc5, 0x80, 0x11, 0x80, 0xc5, 0x80,
  0x11, 0x80, 0xc5, 0x80, 0x11, 0x80, 0xc5, 0x80, 0x11, 0x80, 0xc5, 0x80, 0x11, 0x80, 0xc5, 0x80,
  0x11, 0x80, 0xc5, 0x80, 0x11, 0x80, 0xc5, 0x80, 0x11, 0x80, 0xc5, 0x80, 0x11, 0x80, 0xc5, 0x80,
  0x11, 0x80, 0xc5, 0x80, 0x11, 0x80, 0xc5, 0x80, 0x11, 0x80, 0xc5, 0x80, 0x11, 0x80, 0xc5, 0x80,
  0x11, 0x80, 0xc5, 0x80, 0x11, 0x80, 0xc5, 0x80, 0x01, 0x47, 0x07, 0x80, 0xc5, 0x80, 0x01, 0x80,
  0xc5, 0x80, 0x07, 0xc6, 0x40, 0x01, 0x80, 0xc6, 0x07, 0xc6, 0x40, 0x01, 0x40, 0xc6, 0x40, 0x05,
  0x40, 0xc6, 0x40, 0x01, 0x40, 0xc7, 0x04, 0x40, 0xc7, 0x03, 0xc8, 0x80, 0x41, 0x80, 0xc7, 0x40,
  0x03, 0x40, 0xd3, 0x05, 0x80, 0xd1, 0x40, 0x06, 0x80, 0xcf, 0x40, 0x08, 0x40, 0xcd, 0x40, 0x0b,
  0x40, 0x80, 0xc7, 0x80, 0x40, 0x10, 0x45, 0x0a, 0x01, 0x80, 0xc5, 0x80, 0x0b, 0x80, 0xc7, 0x02,
  0x80, 0xc5, 0x80, 0x0a, 0x80, 0xc7, 0x40, 0x02, 0x80, 0xc5, 0x80, 0x09, 0x40, 0xc7, 0x40, 0x03,
  0x80, 0xc5, 0x80, 0x08, 0x40, 0xc7, 0x80, 0x04, 0x80, 0xc5, 0x80, 0x08, 0xc7, 0x80, 0x05, 0x80,
  0xc5, 0x80, 0x07, 0x80, 0xc7, 0x06, 0x80, 0xc5, 0x80, 0x06, 0x80, 0xc7, 0x40, 0x06, 0x80, 0xc5,
  0x80, 0x05, 0x40, 0xc7, 0x40, 0x07, 0x80, 0xc5, 0x80, 0x04, 0x40, 0xc7, 0x80, 0x08, 0x80, 0xc5,
  0x80, 0x04, 0xc7, 0x80, 0x09, 0x80, 0xc5, 0x80, 0x03, 0x80, 0xc6, 0x80, 0x0a, 0x80, 0xc5, 0x80,
  0x02, 0x80, 0xc7, 0x0b, 0x80, 0xc5, 0x80, 0x01, 0x40, 0xc7, 0x40, 0x0b, 0x80, 0xc5, 0x80, 0x00,
  0x40, 0xc7, 0x40, 0x0c, 0x80, 0xc5, 0x80, 0x40, 0xc7, 0x80, 0x0d, 0x80, 0xc5, 0x80, 0xc7, 0x80,
  0x0e, 0x80, 0xcf, 0x0e, 0x80, 0xcf, 0x80, 0x0d, 0x80, 0xd0, 0x40, 0x0c, 0x80, 0xd1, 0x0c, 0x80,
  0xd1, 0x80, 0x0b, 0x80, 0xc8, 0x80, 0x40, 0xc7, 0x40, 0x0a, 0x80, 0xc7, 0x80, 0x01, 0x80, 0xc7,
  0x40, 0x09, 0x80, 0xc7, 0x03, 0x80, 0xc6, 0x80, 0x09, 0x80, 0xc6, 0x04, 0x40, 0xc7, 0x80, 0x08,
  0x80, 0xc5, 0x80, 0x05, 0x80, 0xc7, 0x40, 0x07, 0x80, 0xc5, 0x80, 0x06, 0x80, 0xc7, 0x07, 0x80,
  0xc5, 0x80, 0x06, 0x40, 0xc7, 0x80, 0x06, 0x80, 0xc5, 0x80, 0x07, 0x80, 0xc7, 0x40, 0x05, 0x80,
  0xc5, 0x80, 0x08, 0x80, 0xc7, 0x05, 0x80, 0xc5, 0x80, 0x08, 0x40, 0xc7, 0x80, 0x04, 0x80, 0xc5,
  0x80, 0x09, 0x80, 0xc7, 0x40, 0x03, 0x80, 0xc5, 0x80, 0x0a, 0x80, 0xc7, 0x03, 0x80, 0xc5, 0x80,
  0x0a, 0x40, 0xc7, 0x80, 0x02, 0x80, 0xc5, 0x80, 0x0b, 0x80, 0xc7, 0x40, 0x01, 0x80, 0xc5, 0x80,
  0x11, 0x80, 0xc5, 0x80, 0x11, 0x80, 0xc5, 0x80, 0x11, 0x80, 0xc5, 0x80, 0x11, 0x80, 0xc5, 0x80,
  0x11, 0x80, 0xc5, 0x80, 0x11, 0x80, 0xc5, 0x80, 0x11, 0x80, 0xc5, 0x80, 0x11, 0x80, 0xc5, 0x80,
  0x11, 0x80, 0xc5, 0x80, 0x11, 0x80, 0xc5, 0x80, 0x11, 0x80, 0xc5, 0x80, 0x11, 0x80, 0xc5, 0x80,
  0x11, 0x80, 0xc5, 0x80, 0x11, 0x80, 0xc5, 0x80, 0x11, 0x80, 0xc5, 0x80, 0x11, 0x80, 0xc5, 0x80,
  0x11, 0x80, 0xc5, 0x80, 0x11, 0x80, 0xc5, 0x80, 0x11, 0x80, 0xc5, 0x80, 0x11, 0x80, 0xc5, 0x80,
  0x11, 0x80, 0xc5, 0x80, 0x11, 0x80, 0xc5, 0x80, 0x11, 0x80, 0xc5, 0x80, 0x11, 0x80, 0xc5, 0x80,
  0x11, 0x80, 0xc5, 0x80, 0x11, 0x80, 0xc5, 0x80, 0x11, 0x80, 0xc5, 0x80, 0x11, 0x80, 0xc5, 0x80,
  0x11, 0x80, 0xd4, 0x80, 0x02, 0x80, 0xd4, 0x80, 0x02, 0x80, 0xd4, 0x80, 0x02, 0x80, 0xd4, 0x80,
  0x02, 0x80, 0xd4, 0x80, 0x02, 0x80, 0xd4, 0x80, 0x00, 0x01, 0x80, 0xc7, 0x80, 0x12, 0xc8, 0x03,
  0x80, 0xc8, 0x11, 0x80, 0xc8, 0x03, 0x80, 0xc8, 0x40, 0x10, 0xc9, 0x03, 0x80, 0xc8, 0x80, 0x0f,
  0x40, 0xc9, 0x03, 0x80, 0xc9, 0x40, 0x0e, 0x80, 0xc9, 0x03, 0x80, 0xc9, 0x80, 0x0d, 0x40, 0xca,
  0x03, 0x80, 0xca, 0x0d, 0x80, 0xca, 0x03, 0x80, 0xca, 0x40, 0x0c, 0xcb, 0x03, 0x80, 0xca, 0x80,
  0x0b, 0x40, 0xcb, 0x03, 0x80, 0xcb, 0x40, 0x0a, 0xcc, 0x03, 0x80, 0xcb, 0x80, 0x09, 0x40, 0xcc,
  0x03, 0x80, 0xcc, 0x09, 0x80, 0xcc, 0x03, 0x80, 0xc5, 0x80, 0xc5, 0x40, 0x08, 0xc5, 0x80, 0xc6,
  0x03, 0x80, 0xc5, 0x40, 0x80, 0xc5, 0x07, 0x80, 0xc5, 0x40, 0xc6, 0x03, 0x80, 0xc5, 0x41, 0xc5,
  0x40, 0x06, 0xc5, 0x80, 0x00, 0xc6, 0x03, 0x80, 0xc5, 0x40, 0x00, 0xc5, 0x80, 0x05, 0x40, 0xc5,
  0x40, 0x00, 0xc6, 0x03, 0x80, 0xc5, 0x40, 0x00, 0x80, 0xc5, 0x05, 0x80, 0xc5, 0x01, 0xc6, 0x03,
  0x80, 0xc5, 0x40, 0x00, 0x40, 0xc5, 0x80, 0x04, 0xc5, 0x80, 0x01, 0xc6, 0x03, 0x80, 0xc5, 0x40,
  0x01, 0x80, 0xc5, 0x03, 0x80, 0xc5, 0x02, 0xc6, 0x03, 0x80, 0xc5, 0x40, 0x01, 0x40, 0xc5, 0x40,
  0x02, 0xc5, 0x80, 0x02, 0xc6, 0x03, 0x80, 0xc5, 0x40, 0x02, 0xc5, 0x80, 0x01, 0x40, 0xc5, 0x40,
  0x02, 0xc6, 0x03, 0x80, 0xc5, 0x40, 0x02, 0x80, 0xc5, 0x01, 0x80, 0xc5, 0x03, 0xc6, 0x03, 0x80,
  0xc5, 0x40, 0x02, 0x40, 0xc5, 0x80, 0x40, 0xc5, 0x80, 0x03, 0xc6, 0x03, 0x80, 0xc5, 0x40, 0x03,
  0x80, 0xc5, 0x80, 0xc5, 0x04, 0xc6, 0x03, 0x80, 0xc5, 0x40, 0x03, 0x40, 0xcb, 0x80, 0x04, 0xc6,
  0x03, 0x80, 0xc5, 0x40, 0x04, 0xcb, 0x40, 0x04, 0xc6, 0x03, 0x80, 0xc5, 0x40, 0x04, 0x80, 0xca,
  0x05, 0xc6, 0x03, 0x80, 0xc5, 0x40, 0x04, 0x40, 0xc9, 0x80, 0x05, 0xc6, 0x03, 0x80, 0xc5, 0x40,
  0x05, 0x80, 0xc8, 0x06, 0xc6, 0x03, 0x80, 0xc5, 0x40, 0x05, 0x40, 0xc7, 0x80, 0x06, 0xc6, 0x03,
  0x80, 0xc5, 0x40, 0x06, 0xc7, 0x40, 0x06, 0xc6, 0x03, 0x80, 0xc5, 0x40, 0x06, 0x80, 0xc6, 0x07,
  0xc6, 0x03, 0x80, 0xc5, 0x40, 0x06, 0x40, 0xc5, 0x80, 0x07, 0xc6, 0x03, 0x80, 0xc5, 0x40, 0x07,
  0x80, 0xc4, 0x08, 0xc6, 0x03, 0x80, 0xc5, 0x40, 0x07, 0x40, 0x84, 0x08, 0xc6, 0x01, 0x01, 0x80,
  0xc5, 0x0e, 0xc6, 0x40, 0x03, 0x80, 0xc5, 0x80, 0x0d, 0xc6, 0x40, 0x03, 0x80, 0xc6, 0x40, 0x0c,
  0xc6, 0x40, 0x03, 0x80, 0xc7, 0x0c, 0xc6, 0x40, 0x03, 0x80, 0xc7, 0x80, 0x0b, 0xc6, 0x40, 0x03,
  0x80, 0xc8, 0x40, 0x0a, 0xc6, 0x40, 0x03, 0x80, 0xc9, 0x0a, 0xc6, 0x40, 0x03, 0x80, 0xc9, 0x80,
  0x09, 0xc6, 0x40, 0x03, 0x80, 0xca, 0x80, 0x08, 0xc6, 0x40, 0x03, 0x80, 0xcb, 0x40, 0x07, 0xc6,
  0x40, 0x03, 0x80, 0xcc, 0x07, 0xc6, 0x40, 0x03, 0x80, 0xcc, 0x80, 0x06, 0xc6, 0x40, 0x03, 0x80,
  0xcd, 0x40, 0x05, 0xc6, 0x40, 0x03, 0x80, 0xc5, 0x81, 0xc6, 0x05, 0xc6, 0x40, 0x03, 0x80, 0xc5,
  0x80, 0x00, 0xc6, 0x80, 0x04, 0xc6, 0x40, 0x03, 0x80, 0xc5, 0x80, 0x00, 0x40, 0xc6, 0x40, 0x03,
  0xc6, 0x40, 0x03, 0x80, 0xc5, 0x80, 0x01, 0x80, 0xc6, 0x03, 0xc6, 0x40, 0x03, 0x80, 0xc5, 0x80,
  0x02, 0xc6, 0x80, 0x02, 0xc6, 0x40, 0x03, 0x80, 0xc5, 0x80, 0x02, 0x40, 0xc6, 0x40, 0x01, 0xc6,
  0x40, 0x03, 0x80, 0xc5, 0x80, 0x03, 0x80, 0xc6, 0x01, 0xc6, 0x40, 0x03, 0x80, 0xc5, 0x80, 0x04,
  0xc6, 0x80, 0x00, 0xc6, 0x40, 0x03, 0x80, 0xc5, 0x80, 0x04, 0x40, 0xc6, 0x40, 0xc6, 0x40, 0x03,
  0x80, 0xc5, 0x80, 0x05, 0x80, 0xcd, 0x40, 0x03, 0x80, 0xc5, 0x80, 0x06, 0x80, 0xcc, 0x40, 0x03,
  0x80, 0xc5, 0x80, 0x06, 0x40, 0xcc, 0x40, 0x03, 0x80, 0xc5, 0x80, 0x07, 0x40, 0xcb, 0x40, 0x03,
  0x80, 0xc5, 0x80, 0x08, 0x80, 0xca, 0x40, 0x03, 0x80, 0xc5, 0x80, 0x09, 0xca, 0x40, 0x03, 0x80,
  0xc5, 0x80, 0x09, 0x40, 0xc9, 0x40, 0x03, 0x80, 0xc5, 0x80, 0x0a, 0x80, 0xc8, 0x40, 0x03, 0x80,
  0xc5, 0x80, 0x0b, 0xc8, 0x40, 0x03, 0x80, 0xc5, 0x80, 0x0b, 0x40, 0xc7, 0x40, 0x03, 0x80, 0xc5,
  0x80, 0x0c, 0x80, 0xc6, 0x40, 0x03, 0x80, 0xc5, 0x80, 0x0d, 0xc6, 0x40, 0x03, 0x80, 0xc5, 0x80,
  0x0d, 0x40, 0xc5, 0x40, 0x01, 0x0e, 0x45, 0x19, 0x40, 0x80, 0xc9, 0x80, 0x40, 0x13, 0x40, 0x80,
  0xcd, 0x80, 0x40, 0x10, 0x80, 0xd1, 0x80, 0x0e, 0x80, 0xd3, 0x80, 0x0c, 0x80, 0xd5, 0x80, 0x0a,
  0x80, 0xd7, 0x80, 0x08, 0x40, 0xc8, 0x80, 0x41, 0x01, 0x41, 0x80, 0xc8, 0x40, 0x07, 0xc8, 0x40,
  0x07, 0x40, 0xc8, 0x06, 0x80, 0xc7, 0x0a, 0x40, 0xc7, 0x40, 0x05, 0xc7, 0x40, 0x0b, 0x40, 0xc7,
  0x04, 0x40, 0xc6, 0x80, 0x0d, 0x80, 0xc6, 0x40, 0x03, 0x80, 0xc6, 0x0e, 0x40, 0xc6, 0x80, 0x03,
  0xc6, 0x80, 0x0f, 0x80, 0xc5, 0x80, 0x03, 0xc6, 0x80, 0x0f, 0x80, 0xc6, 0x02, 0x40, 0xc6, 0x40,
  0x0f, 0x40, 0xc6, 0x02, 0x40, 0xc6, 0x40, 0x0f, 0x40, 0xc6, 0x40, 0x01, 0x40, 0xc6, 0x10, 0x40,
  0xc6, 0x40, 0x01, 0x40, 0xc6, 0x11, 0xc6, 0x40, 0x01, 0x40, 0xc6, 0x10, 0x40, 0xc6, 0x40, 0x01,
  0x40, 0xc6, 0x40, 0x0f, 0x40, 0xc6, 0x40, 0x01, 0x40, 0xc6, 0x40, 0x0f, 0x40, 0xc6, 0x03, 0xc6,
  0x40, 0x0f, 0x80, 0xc6, 0x03, 0xc6, 0x80, 0x0f, 0x80, 0xc6, 0x03, 0x80, 0xc6, 0x0f, 0xc6, 0x80,
  0x03, 0x40, 0xc6, 0x80, 0x0d, 0x80, 0xc6, 0x40, 0x04, 0xc7, 0x40, 0x0b, 0x40, 0xc7, 0x05, 0x80,
  0xc7, 0x0b, 0xc7, 0x80, 0x06, 0xc8, 0x40, 0x07, 0x40, 0xc8, 0x07, 0x40, 0xc8, 0x80, 0x40, 0x02,
  0x41, 0x80, 0xc8, 0x40, 0x08, 0x80, 0xd7, 0x80, 0x0a, 0xd6, 0x80, 0x0c, 0x80, 0xd3, 0x80, 0x0e,
  0x80, 0xd1, 0x80, 0x10, 0x40, 0x80, 0xcd, 0x80, 0x40, 0x13, 0x40, 0x80, 0xc9, 0x80, 0x40, 0x19,
  0x45, 0x0e, 0x01, 0x80, 0xce, 0x81, 0x40, 0x0a, 0x80, 0xd2, 0x80, 0x08, 0x80, 0xd4, 0x40, 0x06,
  0x80, 0xd5, 0x40, 0x05, 0x80, 0xd6, 0x40, 0x04, 0x80, 0xd7, 0x04, 0x80, 0xc5, 0x80, 0x04, 0x41,
  0x80, 0xc8, 0x40, 0x03, 0x80, 0xc5, 0x80, 0x08, 0x80, 0xc6, 0x80, 0x03, 0x80, 0xc5, 0x80, 0x09,
  0xc7, 0x03, 0x80, 0xc5, 0x80, 0x09, 0x40, 0xc6, 0x40, 0x02, 0x80, 0xc5, 0x80, 0x09, 0x40, 0xc6,
  0x40, 0x02, 0x80, 0xc5, 0x80, 0x0a, 0xc6, 0x80, 0x02, 0x80, 0xc5, 0x80, 0x0a, 0xc6, 0x80, 0x02,
  0x80, 0xc5, 0x80, 0x09, 0x40, 0xc6, 0x40, 0x02, 0x80, 0xc5, 0x80, 0x09, 0x80, 0xc6, 0x40, 0x02,
  0x80, 0xc5, 0x80, 0x09, 0xc7, 0x03, 0x80, 0xc5, 0x80, 0x07, 0x40, 0xc7, 0x80, 0x03, 0x80, 0xc5,
  0x80, 0x46, 0x80, 0xc8, 0x40, 0x03, 0x80, 0xd6, 0x80, 0x04, 0x80, 0xd6, 0x05, 0x80, 0xd5, 0x40,
  0x05, 0x80, 0xd3, 0x80, 0x07, 0x80, 0xd1, 0x80, 0x40, 0x08, 0x80, 0xc6, 0x87, 0x41, 0x0b, 0x80,
  0xc5, 0x80, 0x15, 0x80, 0xc5, 0x80, 0x15, 0x80, 0xc5, 0x80, 0x15, 0x80, 0xc5, 0x80, 0x15, 0x80,
  0xc5, 0x80, 0x15, 0x80, 0xc5, 0x80, 0x15, 0x80, 0xc5, 0x80, 0x15, 0x80, 0xc5, 0x80, 0x15, 0x80,
  0xc5, 0x80, 0x15, 0x80, 0xc5, 0x80, 0x15, 0x80, 0xc5, 0x80, 0x13, 0x0e, 0x45, 0x19, 0x40, 0x80,
  0xc9, 0x80, 0x40, 0x13, 0x40, 0x80, 0xcd, 0x80, 0x40, 0x10, 0x80, 0xd1, 0x80, 0x0e, 0x80, 0xd3,
  0x80, 0x0c, 0x80, 0xd5, 0x80, 0x0a, 0x80, 0xd7, 0x80, 0x08, 0x40, 0xc8, 0x80, 0x41, 0x01, 0x41,
  0x80, 0xc8, 0x40, 0x07, 0xc8, 0x40, 0x07, 0x40, 0xc8, 0x06, 0x80, 0xc7, 0x0a, 0x40, 0xc7, 0x40,
  0x05, 0xc7, 0x40, 0x0b, 0x40, 0xc7, 0x04, 0x40, 0xc6, 0x80, 0x0d, 0x80, 0xc6, 0x40, 0x03, 0x80,
  0xc6, 0x0e, 0x40, 0xc6, 0x80, 0x03, 0xc6, 0x80, 0x0f, 0x80, 0xc5, 0x80, 0x03, 0xc6, 0x80, 0x0f,
  0x80, 0xc6, 0x02, 0x40, 0xc6, 0x40, 0x0f, 0x40, 0xc6, 0x02, 0x40, 0xc6, 0x40, 0x0f, 0x40, 0xc6,
  0x40, 0x01, 0x40, 0xc6, 0x10, 0x40, 0xc6, 0x40, 0x01, 0x40, 0xc6, 0x11, 0xc6, 0x40, 0x01, 0x40,
  0xc6, 0x10, 0x40, 0xc6, 0x40, 0x01, 0x40, 0xc6, 0x40, 0x0f, 0x40, 0xc6, 0x40, 0x01, 0x40, 0xc6,
  0x40, 0x0f, 0x40, 0xc6, 0x03, 0xc6, 0x40, 0x0f, 0x80, 0xc6, 0x03, 0xc6, 0x80, 0x0f, 0x80, 0xc6,
  0x03, 0x80, 0xc6, 0x05, 0xc5, 0x40, 0x02, 0xc6, 0x80, 0x03, 0x40, 0xc6, 0x80, 0x04, 0x40, 0xc5,
  0x01, 0x80, 0xc6, 0x40, 0x04, 0xc7, 0x40, 0x04, 0x80, 0xc4, 0x80, 0x40, 0xc7, 0x05, 0x80, 0xc7,
  0x05, 0x80, 0xcc, 0x80, 0x06, 0xc8, 0x40, 0x04, 0xcc, 0x07, 0x40, 0xc8, 0x80, 0x40, 0x02, 0x40,
  0xca, 0x40, 0x08, 0x80, 0xd7, 0x80, 0x0a, 0xd6, 0x80, 0x0c, 0x80, 0xd4, 0x0e, 0x80, 0xd3, 0x80,
  0x0e, 0x40, 0x80, 0xd2, 0x40, 0x0f, 0x40, 0x80, 0xc9, 0x81, 0xc5, 0x40, 0x12, 0x45, 0x03, 0xc6,
  0x1c, 0x40, 0xc5, 0x80, 0x1c, 0x40, 0xc5, 0x40, 0x01, 0x01, 0x80, 0xce, 0x81, 0x40, 0x0a, 0x80,
  0xd2, 0x80, 0x08, 0x80, 0xd4, 0x40, 0x06, 0x80, 0xd5, 0x80, 0x05, 0x80, 0xd6, 0x40, 0x04, 0x80,
  0xd7, 0x04, 0x80, 0xc5, 0x80, 0x04, 0x41, 0x80, 0xc8, 0x80, 0x03, 0x80, 0xc5, 0x80, 0x08, 0x80,
  0xc7, 0x03, 0x80, 0xc5, 0x80, 0x09, 0x80, 0xc6, 0x40, 0x02, 0x80, 0xc5, 0x80, 0x09, 0x40, 0xc6,
  0x40, 0x02, 0x80, 0xc5, 0x80, 0x0a, 0xc6, 0x80, 0x02, 0x80, 0xc5, 0x80, 0x0a, 0xc6, 0x80, 0x02,
  0x80, 0xc5, 0x80, 0x0a, 0xc6, 0x80, 0x02, 0x80, 0xc5, 0x80, 0x09, 0x40, 0xc6, 0x40, 0x02, 0x80,
  0xc5, 0x80, 0x09, 0xc7, 0x40, 0x02, 0x80, 0xc5, 0x80, 0x08, 0x80, 0xc7, 0x03, 0x80, 0xc5, 0x80,
  0x46, 0x80, 0xc8, 0x80, 0x03, 0x80, 0xd7, 0x04, 0x80, 0xd6, 0x40, 0x04, 0x80, 0xd5, 0x40, 0x05,
  0x80, 0xd4, 0x40, 0x06, 0x80, 0xd2, 0x80, 0x08, 0x80, 0xc6, 0x84, 0xc7, 0x08, 0x80, 0xc5, 0x80,
  0x04, 0x80, 0xc6, 0x80, 0x07, 0x80, 0xc5, 0x80, 0x05, 0xc7, 0x07, 0x80, 0xc5, 0x80, 0x05, 0x40,
  0xc6, 0x80, 0x06, 0x80, 0xc5, 0x80, 0x06, 0xc7, 0x06, 0x80, 0xc5, 0x80, 0x06, 0x40, 0xc6, 0x80,
  0x05, 0x80, 0xc5, 0x80, 0x07, 0xc7, 0x40, 0x04, 0x80, 0xc5, 0x80, 0x07, 0x40, 0xc6, 0x80, 0x04,
  0x80, 0xc5, 0x80, 0x08, 0x80, 0xc6, 0x40, 0x03, 0x80, 0xc5, 0x80, 0x08, 0x40, 0xc7, 0x03, 0x80,
  0xc5, 0x80, 0x09, 0x80, 0xc6, 0x40, 0x02, 0x80, 0xc5, 0x80, 0x09, 0x40, 0xc7, 0x02, 0x80, 0xc5,
  0x80, 0x0a, 0x80, 0xc6, 0x80, 0x0b, 0x45, 0x14, 0x40, 0x80, 0xc8, 0x80, 0x40, 0x0e, 0x80, 0xce,
  0x40, 0x0a, 0x40, 0xd1, 0x80, 0x08, 0x40, 0xd3, 0x80, 0x06, 0x40, 0xd5, 0x40, 0x05, 0x80, 0xc9,
  0x81, 0xca, 0x04, 0x40, 0xc7, 0x80, 0x40, 0x04, 0x40, 0xc7, 0x80, 0x03, 0x80, 0xc6, 0x40, 0x08,
  0xc7, 0x03, 0x80, 0xc6, 0x09, 0x40, 0xc6, 0x03, 0xc6, 0x80, 0x0a, 0xc6, 0x40, 0x02, 0xc6, 0x80,
  0x15, 0xc7, 0x40, 0x14, 0x80, 0xc7, 0x40, 0x13, 0x40, 0xc9, 0x41, 0x11, 0xcc, 0x80, 0x41, 0x0d,
  0x40, 0xcf, 0x80, 0x40, 0x0b, 0x40, 0xd0, 0x80, 0x40, 0x0b, 0x80, 0xd0, 0x80, 0x0b, 0x40, 0x80,
  0xd0, 0x0d, 0x40, 0x80, 0xce, 0x0f, 0x41, 0x80, 0xca, 0x80, 0x12, 0x40, 0x80, 0xc8, 0x15, 0xc7,
  0x40, 0x15, 0xc6, 0x80, 0x01, 0x80, 0xc5, 0x40, 0x0b, 0x80, 0xc5, 0x80, 0x01, 0x80, 0xc5, 0x80,
  0x0b, 0x80, 0xc5, 0x80, 0x01, 0x80, 0xc6, 0x0b, 0xc6, 0x80, 0x01, 0x40, 0xc6, 0x80, 0x09, 0x80,
  0xc6, 0x40, 0x02, 0xc8, 0x40, 0x05, 0x40, 0x80, 0xc7, 0x40, 0x02, 0x80, 0xca, 0x82, 0xc9, 0x80,
  0x04, 0xd7, 0x40, 0x04, 0x40, 0xd5, 0x40, 0x06, 0x40, 0xd3, 0x40, 0x09, 0x80, 0xcf, 0x80, 0x40,
  0x0c, 0x40, 0x80, 0xca, 0x80, 0x40, 0x11, 0x47, 0x0a, 0x00, 0xdb, 0x80, 0x01, 0xdb, 0x80, 0x01,
  0xdb, 0x80, 0x01, 0xdb, 0x80, 0x01, 0xdb, 0x80, 0x01, 0xdb, 0x80, 0x01, 0x4a, 0xc6, 0x49, 0x0c,
  0x40, 0xc6, 0x16, 0x40, 0xc6, 0x16, 0x40, 0xc6, 0x16, 0x40, 0xc6, 0x16, 0x40, 0xc6, 0x16, 0x40,
  0xc6, 0x16, 0x40, 0xc6, 0x16, 0x40, 0xc6, 0x16, 0x40, 0xc6, 0x16, 0x40, 0xc6, 0x16, 0x40, 0xc6,
  0x16, 0x40, 0xc6, 0x16, 0x40, 0xc6, 0x16, 0x40, 0xc6, 0x16, 0x40, 0xc6, 0x16, 0x40, 0xc6, 0x16,
  0x40, 0xc6, 0x16, 0x40, 0xc6, 0x16, 0x40, 0xc6, 0x16, 0x40, 0xc6, 0x16, 0x40, 0xc6, 0x16, 0x40,
  0xc6, 0x16, 0x40, 0xc6, 0x16, 0x40, 0xc6, 0x16, 0x40, 0xc6, 0x16, 0x40, 0xc6, 0x16, 0x40, 0xc6,
  0x16, 0x40, 0xc6, 0x0b, 0x01, 0x80, 0xc5, 0x80, 0x0c, 0x40, 0xc6, 0x40, 0x02, 0x80, 0xc5, 0x80,
  0x0c, 0x40, 0xc6, 0x40, 0x02, 0x80, 0xc5, 0x80, 0x0c, 0x40, 0xc6, 0x40, 0x02, 0x80, 0xc5, 0x80,
  0x0c, 0x40, 0xc6, 0x40, 0x02, 0x80, 0xc5, 0x80, 0x0c, 0x40, 0xc6, 0x40, 0x02, 0x80, 0xc5, 0x80,
  0x0c, 0x40, 0xc6, 0x40, 0x02, 0x80, 0xc5, 0x80, 0x0c, 0x40, 0xc6, 0x40, 0x02, 0x80, 0xc5, 0x80,
  0x0c, 0x40, 0xc6, 0x40, 0x02, 0x80, 0xc5, 0x80, 0x0c, 0x40, 0xc6, 0x40, 0x02, 0x80, 0xc5, 0x80,
  0x0c, 0x40, 0xc6, 0x40, 0x02, 0x80, 0xc5, 0x80, 0x0c, 0x40, 0xc6, 0x40, 0x02, 0x80, 0xc5, 0x80,
  0x0c, 0x40, 0xc6, 0x40, 0x02, 0x80, 0xc5, 0x80, 0x0c, 0x40, 0xc6, 0x40, 0x02, 0x80, 0xc5, 0x80,
  0x0c, 0x40, 0xc6, 0x40, 0x02, 0x80, 0xc5, 0x80, 0x0c, 0x40, 0xc6, 0x40, 0x02, 0x80, 0xc5, 0x80,
  0x0c, 0x40, 0xc6, 0x40, 0x02, 0x80, 0xc5, 0x80, 0x0c, 0x40, 0xc6, 0x40, 0x02, 0x80, 0xc5, 0x80,
  0x0c, 0x40, 0xc6, 0x40, 0x02, 0x80, 0xc5, 0x80, 0x0c, 0x40, 0xc6, 0x40, 0x02, 0x80, 0xc5, 0x80,
  0x0c, 0x40, 0xc6, 0x40, 0x02, 0x80, 0xc5, 0x80, 0x0c, 0x40, 0xc6, 0x40, 0x02, 0x80, 0xc5, 0x80,
  0x0c, 0x40, 0xc6, 0x40, 0x02, 0x80, 0xc5, 0x80, 0x0c, 0x40, 0xc6, 0x40, 0x02, 0x80, 0xc5, 0x80,
  0x0c, 0x40, 0xc6, 0x40, 0x02, 0x80, 0xc6, 0x0c, 0x80, 0xc6, 0x03, 0x40, 0xc6, 0x40, 0x0b, 0xc7,
  0x03, 0x40, 0xc7, 0x0a, 0x80, 0xc6, 0x80, 0x04, 0xc8, 0x40, 0x07, 0x80, 0xc7, 0x40, 0x04, 0x40,
  0xc8, 0x80, 0x40, 0x02, 0x41, 0xc9, 0x06, 0xd8, 0x40, 0x06, 0x40, 0xd6, 0x80, 0x08, 0x40, 0xd4,
  0x80, 0x0a, 0x40, 0xd2, 0x80, 0x0d, 0x80, 0xce, 0x80, 0x40, 0x10, 0x40, 0x80, 0xc9, 0x80, 0x40,
  0x15, 0x46, 0x0c, 0x40, 0xc6, 0x80, 0x0f, 0x40, 0xc6, 0x80, 0x00, 0xc7, 0x0f, 0x80, 0xc6, 0x40,
  0x00, 0x80, 0xc6, 0x40, 0x0e, 0xc7, 0x01, 0x40, 0xc6, 0x80, 0x0d, 0x40, 0xc6, 0x80, 0x02, 0xc7,
  0x0d, 0x80, 0xc6, 0x40, 0x02, 0x80, 0xc6, 0x40, 0x0c, 0xc7, 0x03, 0x40, 0xc6, 0x80, 0x0b, 0x40,
  0xc6, 0x80, 0x04, 0xc7, 0x0b, 0x80, 0xc6, 0x40, 0x04, 0x80, 0xc6, 0x40, 0x0a, 0xc7, 0x05, 0x40,
  0xc6, 0x80, 0x09, 0x40, 0xc6, 0x80, 0x06, 0xc7, 0x09, 0x80, 0xc6, 0x40, 0x06, 0x80, 0xc6, 0x40,
  0x08, 0xc7, 0x07, 0x40, 0xc6, 0x80, 0x07, 0x40, 0xc6, 0x80, 0x08, 0xc7, 0x07, 0x40, 0xc6, 0x40,
  0x08, 0x80, 0xc6, 0x07, 0x80, 0xc6, 0x09, 0x40, 0xc6, 0x40, 0x06, 0xc6, 0x80, 0x0a, 0xc6, 0x80,
  0x05, 0x40, 0xc6, 0x40, 0x0a, 0x80, 0xc6, 0x05, 0x80, 0xc6, 0x0b, 0x40, 0xc6, 0x40, 0x04, 0xc6,
  0x80, 0x0c, 0xc6, 0x80, 0x03, 0x40, 0xc6, 0x40, 0x0c, 0x80, 0xc6, 0x03, 0x80, 0xc6, 0x0d, 0x40,
  0xc6, 0x40, 0x02, 0xc6, 0x80, 0x0e, 0xc6, 0x80, 0x01, 0x40, 0xc6, 0x40, 0x0e, 0x80, 0xc6, 0x01,
  0x80, 0xc6, 0x0f, 0x40, 0xc6, 0x40, 0x00, 0xc6, 0x80, 0x10, 0xc6, 0x80, 0x40, 0xc6, 0x40, 0x10,
  0x80, 0xc6, 0x80, 0xc6, 0x11, 0x40, 0xcd, 0x80, 0x12, 0xcd, 0x13, 0x40, 0xcb, 0x80, 0x14, 0xcb,
  0x40, 0x14, 0x80, 0xca, 0x15, 0x40, 0xc9, 0x80, 0x16, 0xc9, 0x40, 0x16, 0x80, 0xc8, 0x0b, 0x80,
  0xc6, 0x40, 0x0a, 0x40, 0xc5, 0x80, 0x0b, 0xc7, 0x00, 0x40, 0xc6, 0x80, 0x0a, 0x80, 0xc6, 0x0a,
  0x40, 0xc6, 0x80, 0x00, 0x40, 0xc6, 0x80, 0x0a, 0xc7, 0x40, 0x09, 0x80, 0xc6, 0x40, 0x01, 0xc7,
  0x09, 0x40, 0xc7, 0x40, 0x09, 0x80, 0xc6, 0x02, 0x80, 0xc6, 0x40, 0x08, 0x80, 0xc7, 0x80, 0x09,
  0xc6, 0x80, 0x02, 0x40, 0xc6, 0x40, 0x08, 0x80, 0xc8, 0x08, 0x40, 0xc6, 0x40, 0x03, 0xc6, 0x80,
  0x08, 0xc9, 0x40, 0x07, 0x80, 0xc6, 0x40, 0x03, 0x80, 0xc6, 0x07, 0x40, 0xc9, 0x40, 0x07, 0x80,
  0xc6, 0x04, 0x40, 0xc6, 0x40, 0x06, 0x80, 0xc9, 0x80, 0x07, 0xc6, 0x80, 0x04, 0x40, 0xc6, 0x40,
  0x06, 0xcb, 0x06, 0x40, 0xc6, 0x40, 0x05, 0xc6, 0x80, 0x06, 0xcb, 0x40, 0x05, 0x40, 0xc6, 0x06,
  0x80, 0xc6, 0x05, 0x40, 0xcb, 0x80, 0x05, 0x80, 0xc5, 0x80, 0x06, 0x40, 0xc6, 0x05, 0x80, 0xc5,
  0x80, 0xc4, 0x80, 0x05, 0xc6, 0x40, 0x07, 0xc6, 0x40, 0x04, 0xc5, 0x80, 0x40, 0xc5, 0x04, 0x40,
  0xc6, 0x40, 0x07, 0x80, 0xc5, 0x80, 0x04, 0xc5, 0x40, 0x00, 0xc5, 0x40, 0x03, 0x40, 0xc6, 0x08,
  0x40, 0xc6, 0x03, 0x40, 0xc5, 0x01, 0x80, 0xc4, 0x80, 0x03, 0x80, 0xc5, 0x80, 0x08, 0x40, 0xc6,
  0x03, 0x80, 0xc4, 0x80, 0x01, 0x80, 0xc4, 0x80, 0x03, 0xc6, 0x40, 0x09, 0xc6, 0x40, 0x02, 0xc5,
  0x40, 0x01, 0x40, 0xc5, 0x03, 0xc6, 0x0a, 0x80, 0xc5, 0x80, 0x01, 0x40, 0xc5, 0x03, 0xc5, 0x40,
  0x01, 0x40, 0xc5, 0x80, 0x0a, 0x40, 0xc5, 0x80, 0x01, 0x40, 0xc4, 0x80, 0x03, 0x80, 0xc4, 0x80,
  0x01, 0x80, 0xc5, 0x40, 0x0b, 0xc6, 0x01, 0x80, 0xc4, 0x80, 0x03, 0x40, 0xc5, 0x01, 0xc6, 0x40,
  0x0b, 0x80, 0xc5, 0x40, 0x00, 0xc5, 0x40, 0x04, 0xc5, 0x01, 0xc6, 0x0c, 0x40, 0xc5, 0x80, 0x40,
  0xc5, 0x05, 0x80, 0xc4, 0x41, 0xc5, 0x80, 0x0c, 0x40, 0xc5, 0x81, 0xc4, 0x80, 0x05, 0x40, 0xc4,
  0x81, 0xc5, 0x40, 0x0d, 0xcc, 0x40, 0x05, 0x40, 0xcc, 0x0e, 0x80, 0xcb, 0x07, 0xcb, 0x80, 0x0e,
  0x40, 0xca, 0x80, 0x07, 0x80, 0xca, 0x40, 0x0f, 0xca, 0x80, 0x07, 0x40, 0xca, 0x40, 0x0f, 0x80,
  0xc9, 0x40, 0x08, 0xca, 0x10, 0x40, 0xc9, 0x09, 0x80, 0xc8, 0x80, 0x10, 0x40, 0xc8, 0x80, 0x09,
  0x40, 0xc8, 0x40, 0x11, 0xc8, 0x40, 0x09, 0x40, 0xc8, 0x12, 0x80, 0xc7, 0x0b, 0xc7, 0x80, 0x12,
  0x40, 0xc6, 0x80, 0x0b, 0x80, 0xc6, 0x40, 0x13, 0xc6, 0x40, 0x0b, 0x40, 0xc6, 0x40, 0x09, 0x00,
  0x80, 0xc6, 0x40, 0x0c, 0x80, 0xc6, 0x80, 0x01, 0x40, 0xc7, 0x0b, 0x40, 0xc7, 0x03, 0x80, 0xc6,
  0x80, 0x0a, 0xc7, 0x40, 0x04, 0xc7, 0x40, 0x08, 0x40, 0xc6, 0x80, 0x05, 0x40, 0xc6, 0x80, 0x08,
  0xc7, 0x40, 0x06, 0xc7, 0x40, 0x06, 0x80, 0xc6, 0x80, 0x07, 0x40, 0xc7, 0x05, 0x40, 0xc7, 0x09,
  0x80, 0xc6, 0x80, 0x04, 0x80, 0xc6, 0x40, 0x0a, 0xc7, 0x40, 0x02, 0x40, 0xc6, 0x80, 0x0b, 0x40,
  0xc6, 0x80, 0x02, 0xc7, 0x40, 0x0c, 0x80, 0xc6, 0x40, 0x00, 0x80, 0xc6, 0x80, 0x0d, 0x40, 0xc7,
  0x40, 0xc7, 0x0f, 0x80, 0xce, 0x40, 0x10, 0xcd, 0x80, 0x11, 0x40, 0xcc, 0x13, 0x80, 0xca, 0x40,
  0x14, 0xca, 0x15, 0x80, 0xc8, 0x40, 0x15, 0xc9, 0x80, 0x14, 0x80, 0xca, 0x40, 0x12, 0x40, 0xcc,
  0x12, 0xcd, 0x80, 0x10, 0x80, 0xce, 0x40, 0x0e, 0x40, 0xc7, 0x40, 0xc7, 0x0e, 0x80, 0xc6, 0x40,
  0x00, 0x80, 0xc6, 0x80, 0x0c, 0x40, 0xc6, 0x80, 0x02, 0xc7, 0x40, 0x0b, 0xc7, 0x40, 0x02, 0x40,
  0xc6, 0x80, 0x0a, 0x80, 0xc6, 0x80, 0x04, 0xc7, 0x40, 0x08, 0x40, 0xc7, 0x05, 0x40, 0xc7, 0x08,
  0xc7, 0x40, 0x06, 0x80, 0xc6, 0x80, 0x06, 0x80, 0xc6, 0x80, 0x08, 0xc7, 0x40, 0x04, 0x40, 0xc7,
  0x40, 0x08, 0x40, 0xc7, 0x04, 0x80, 0xc6, 0x80, 0x0a, 0xc7, 0x80, 0x02, 0x40, 0xc7, 0x0b, 0x40,
  0xc7, 0x40, 0x01, 0xc7, 0x40, 0x0c, 0x80, 0xc6, 0x80, 0x00, 0x80, 0xc6, 0x80, 0x0e, 0x40, 0xc6,
  0x80, 0x00, 0xc7, 0x40, 0x0d, 0xc7, 0x40, 0x00, 0x40, 0xc6, 0x80, 0x0c, 0x80, 0xc6, 0x80, 0x02,
  0xc7, 0x40, 0x0b, 0xc7, 0x03, 0x40, 0xc6, 0x80, 0x0a, 0x80, 0xc6, 0x80, 0x04, 0x80, 0xc6, 0x40,
  0x09, 0xc7, 0x05, 0x40, 0xc7, 0x08, 0x80, 0xc6, 0x40, 0x06, 0x80, 0xc6, 0x40, 0x06, 0x40, 0xc6,
  0x80, 0x08, 0xc7, 0x06, 0x80, 0xc6, 0x40, 0x08, 0x40, 0xc6, 0x40, 0x04, 0x40, 0xc6, 0x80, 0x0a,
  0xc7, 0x04, 0x80, 0xc6, 0x0b, 0x40, 0xc6, 0x80, 0x02, 0x40, 0xc6, 0x80, 0x0c, 0x80, 0xc6, 0x02,
  0xc7, 0x0d, 0x40, 0xc6, 0x80, 0x00, 0x40, 0xc6, 0x40, 0x0e, 0x80, 0xc6, 0x00, 0xc7, 0x10, 0xce,
  0x40, 0x10, 0x80, 0xcc, 0x80, 0x12, 0xcc, 0x40, 0x12, 0x40, 0xca, 0x80, 0x14, 0xca, 0x15, 0x40,
  0xc8, 0x80, 0x16, 0x80, 0xc7, 0x17, 0x40, 0xc6, 0x40, 0x18, 0xc6, 0x40, 0x18, 0xc6, 0x40, 0x18,
  0xc6, 0x40, 0x18, 0xc6, 0x40, 0x18, 0xc6, 0x40, 0x18, 0xc6, 0x40, 0x18, 0xc6, 0x40, 0x18, 0xc6,
  0x40, 0x18, 0xc6, 0x40, 0x18, 0xc6, 0x40, 0x18, 0xc6, 0x40, 0x18, 0xc6, 0x40, 0x0b, 0x01, 0xd9,
  0x80, 0x01, 0x40, 0xd9, 0x80, 0x01, 0x40, 0xd9, 0x80, 0x01, 0x40, 0xd9, 0x80, 0x01, 0x40, 0xd9,
  0x40, 0x01, 0x40, 0xd8, 0x80, 0x03, 0x50, 0xc7, 0x14, 0x80, 0xc6, 0x40, 0x13, 0x40, 0xc6, 0x80,
  0x14, 0xc7, 0x14, 0x80, 0xc6, 0x40, 0x13, 0x40, 0xc6, 0x80, 0x13, 0x40, 0xc6, 0x80, 0x14, 0xc7,
  0x14, 0x80, 0xc6, 0x40, 0x13, 0x40, 0xc6, 0x80, 0x14, 0xc7, 0x14, 0x80, 0xc6, 0x40, 0x13, 0x40,
  0xc6, 0x80, 0x13, 0x40, 0xc6, 0x80, 0x14, 0xc7, 0x14, 0x80, 0xc6, 0x40, 0x13, 0x40, 0xc6, 0x80,
  0x14, 0xc7, 0x14, 0x80, 0xc6, 0x40, 0x13, 0x40, 0xc6, 0x80, 0x13, 0x40, 0xc6, 0x80, 0x14, 0xc7,
  0x14, 0x80, 0xc6, 0x40, 0x13, 0x40, 0xd8, 0x80, 0x02, 0xd9, 0x80, 0x02, 0xd9, 0x80, 0x02, 0xd9,
  0x80, 0x02, 0xd9, 0x80, 0x02, 0xd9, 0x80, 0x00, 0x13, 0x80, 0xca, 0x04, 0x80, 0xca, 0x04, 0x80,
  0xca, 0x04, 0x80, 0xca, 0x04, 0x80, 0xca, 0x04, 0x80, 0xc5, 0x80, 0x43, 0x04, 0x80, 0xc5, 0x40,
  0x08, 0x80, 0xc5, 0x40, 0x08, 0x80, 0xc5, 0x40, 0x08, 0x80, 0xc5, 0x40, 0x08, 0x80, 0xc5, 0x40,
  0x08, 0x80, 0xc5, 0x40, 0x08, 0x80, 0xc5, 0x40, 0x08, 0x80, 0xc5, 0x40, 0x08, 0x80, 0xc5, 0x40,
  0x08, 0x80, 0xc5, 0x40, 0x08, 0x80, 0xc5, 0x40, 0x08, 0x80, 0xc5, 0x40, 0x08, 0x80, 0xc5, 0x40,
  0x08, 0x80, 0xc5, 0x40, 0x08, 0x80, 0xc5, 0x40, 0x08, 0x80, 0xc5, 0x40, 0x08, 0x80, 0xc5, 0x40,
  0x08, 0x80, 0xc5, 0x40, 0x08, 0x80, 0xc5, 0x40, 0x08, 0x80, 0xc5, 0x40, 0x08, 0x80, 0xc5, 0x40,
  0x08, 0x80, 0xc5, 0x40, 0x08, 0x80, 0xc5, 0x40, 0x08, 0x80, 0xc5, 0x40, 0x08, 0x80, 0xc5, 0x40,
  0x08, 0x80, 0xc5, 0x40, 0x08, 0x80, 0xc5, 0x40, 0x08, 0x80, 0xc5, 0x40, 0x08, 0x80, 0xc5, 0x40,
  0x08, 0x80, 0xc5, 0x40, 0x08, 0x80, 0xc5, 0x40, 0x08, 0x80, 0xc5, 0x40, 0x08, 0x80, 0xca, 0x04,
  0x80, 0xca, 0x04, 0x80, 0xca, 0x04, 0x80, 0xca, 0x04, 0x80, 0xca, 0x04, 0x40, 0x8a, 0x01, 0x00,
  0x85, 0x0c, 0xc5, 0x40, 0x0b, 0x80, 0xc4, 0x80, 0x0b, 0x40, 0xc5, 0x0c, 0xc5, 0x40, 0x0b, 0x80,
  0xc4, 0x40, 0x0b, 0x80, 0xc4, 0x80, 0x0b, 0x40, 0xc5, 0x0c, 0xc5, 0x40, 0x0b, 0x80, 0xc4, 0x80,
  0x0b, 0x40, 0xc4, 0x80, 0x0b, 0x40, 0xc5, 0x0c, 0xc5, 0x40, 0x0b, 0x80, 0xc4, 0x80, 0x0b, 0x40,
  0xc5, 0x0c, 0xc5, 0x0c, 0xc5, 0x40, 0x0b, 0x80, 0xc4, 0x80, 0x0b, 0x40, 0xc5, 0x0c, 0xc5, 0x40,
  0x0b, 0x80, 0xc4, 0x40, 0x0b, 0x80, 0xc4, 0x80, 0x0b, 0x40, 0xc5, 0x0c, 0xc5, 0x40, 0x0b, 0x80,
  0xc4, 0x80, 0x0b, 0x40, 0xc4, 0x80, 0x0b, 0x40, 0xc5, 0x0c, 0xc5, 0x40, 0x0b, 0x80, 0xc4, 0x80,
  0x0b, 0x40, 0xc5, 0x0c, 0xc5, 0x0c, 0xc5, 0x40, 0x0b, 0x80, 0xc4, 0x80, 0x0b, 0x40, 0xc5, 0x0c,
  0xc5, 0x40, 0x0b, 0x80, 0xc4, 0x80, 0x0b, 0x40, 0xc4, 0x80, 0x0b, 0x40, 0xc5, 0x0c, 0xc5, 0x40,
  0x0b, 0x80, 0xc4, 0x80, 0x0b, 0x40, 0xc5, 0x0c, 0xc5, 0x0c, 0x45, 0x00, 0x11, 0x40, 0xca, 0x04,
  0x40, 0xca, 0x04, 0x40, 0xca, 0x04, 0x40, 0xca, 0x04, 0x40, 0xca, 0x04, 0x44, 0xc6, 0x09, 0xc6,
  0x09, 0xc6, 0x09, 0xc6, 0x09, 0xc6, 0x09, 0xc6, 0x09, 0xc6, 0x09, 0xc6, 0x09, 0xc6, 0x09, 0xc6,
  0x09, 0xc6, 0x09, 0xc6, 0x09, 0xc6, 0x09, 0xc6, 0x09, 0xc6, 0x09, 0xc6, 0x09, 0xc6, 0x09, 0xc6,
  0x09, 0xc6, 0x09, 0xc6, 0x09, 0xc6, 0x09, 0xc6, 0x09, 0xc6, 0x09, 0xc6, 0x09, 0xc6, 0x09, 0xc6,
  0x09, 0xc6, 0x09, 0xc6, 0x09, 0xc6, 0x09, 0xc6, 0x09, 0xc6, 0x09, 0xc6, 0x09, 0xc6, 0x04, 0x40,
  0xca, 0x04, 0x40, 0xca, 0x04, 0x40, 0xca, 0x04, 0x40, 0xca, 0x04, 0x40, 0xca, 0x04, 0x40, 0x8a,
  0x03, 0x1c, 0x40, 0xc5, 0x0e, 0x80, 0xc5, 0x80, 0x0c, 0x40, 0xc7, 0x0c, 0x80, 0xc7, 0x80, 0x0a,
  0x40, 0xc9, 0x0a, 0x80, 0xc3, 0x40, 0x80, 0xc3, 0x80, 0x08, 0x40, 0xc4, 0x00, 0x40, 0xc4, 0x08,
  0x80, 0xc3, 0x80, 0x01, 0x80, 0xc3, 0x40, 0x07, 0xc4, 0x02, 0x40, 0xc4, 0x06, 0x80, 0xc3, 0x80,
  0x03, 0xc4, 0x40, 0x05, 0xc4, 0x40, 0x03, 0x40, 0xc4, 0x04, 0x80, 0xc3, 0x80, 0x05, 0xc4, 0x40,
  0x03, 0xc4, 0x40, 0x05, 0x80, 0xc4, 0x02, 0x80, 0xc4, 0x07, 0xc4, 0x40, 0x01, 0xc4, 0x40, 0x07,
  0x80, 0xc3, 0x80, 0x3f, 0x3f, 0x3f, 0x3f, 0x3f, 0x3f, 0x22, 0x80, 0xd5, 0x00, 0x80, 0xd5, 0x00,
  0x80, 0xd5, 0x00, 0x80, 0xd5, 0x00, 0x80, 0xd5, 0x00, 0x40, 0x95, 0x00, 0x04, 0x40, 0x85, 0x40,
  0x0d, 0x80, 0xc4, 0x80, 0x0e, 0xc5, 0x0e, 0x40, 0xc4, 0x80, 0x0e, 0x80, 0xc4, 0x0f, 0xc4, 0x40,
  0x0e, 0x40, 0xc4, 0x0f, 0x40, 0x83, 0x3f, 0x3f, 0x3f, 0x3f, 0x3f, 0x3f, 0x3f, 0x3f, 0x3f, 0x26,
  0x09, 0x41, 0x81, 0x42, 0x0f, 0x40, 0xc9, 0x80, 0x40, 0x0a, 0x40, 0xcd, 0x80, 0x08, 0x80, 0xd0,
  0x06, 0x40, 0xd2, 0x05, 0xc8, 0x81, 0xc8, 0x40, 0x03, 0x80, 0xc6, 0x40, 0x03, 0x40, 0xc7, 0x03,
  0xc6, 0x40, 0x05, 0x40, 0xc6, 0x03, 0x42, 0x83, 0x07, 0xc6, 0x40, 0x11, 0xc6, 0x40, 0x10, 0x80,
  0xc6, 0x40, 0x09, 0x42, 0x81, 0xc9, 0x40, 0x05, 0x40, 0x80, 0xd0, 0x40, 0x04, 0x80, 0xd2, 0x40,
  0x02, 0x40, 0xd4, 0x40, 0x02, 0xca, 0x81, 0x40, 0x00, 0xc6, 0x40, 0x01, 0x80, 0xc6, 0x80, 0x40,
  0x05, 0xc6, 0x40, 0x01, 0xc6, 0x80, 0x07, 0xc6, 0x40, 0x01, 0xc6, 0x08, 0xc6, 0x40, 0x01, 0xc6,
  0x07, 0x40, 0xc6, 0x40, 0x01, 0xc6, 0x07, 0xc7, 0x40, 0x01, 0xc6, 0x80, 0x04, 0x40, 0x80, 0xc7,
  0x40, 0x01, 0x80, 0xc7, 0x83, 0xc9, 0x40, 0x01, 0x40, 0xce, 0x80, 0xc5, 0x40, 0x02, 0x80, 0xcc,
  0x40, 0x80, 0xc5, 0x40, 0x03, 0x80, 0xca, 0x80, 0x00, 0x80, 0xc5, 0x40, 0x04, 0x40, 0x80, 0xc6,
  0x80, 0x40, 0x01, 0x80, 0xc5, 0x40, 0x07, 0x44, 0x0d, 0x01, 0x80, 0xc5, 0x40, 0x14, 0xc6, 0x40,
  0x14, 0xc6, 0x40, 0x14, 0xc6, 0x40, 0x14, 0xc6, 0x40, 0x14, 0xc6, 0x40, 0x14, 0xc6, 0x40, 0x14,
  0xc6, 0x40, 0x14, 0xc6, 0x40, 0x03, 0x41, 0x81, 0x41, 0x0a, 0xc6, 0x40, 0x01, 0x40, 0xc7, 0x80,
  0x08, 0xc6, 0x40, 0x00, 0x40, 0xca, 0x40, 0x06, 0xc6, 0x41, 0xcc, 0x40, 0x05, 0xc6, 0x40, 0xce,
  0x05, 0xd6, 0x80, 0x04, 0xc9, 0x80, 0x42, 0x80, 0xc8, 0x40, 0x03, 0xc8, 0x40, 0x05, 0xc7, 0x80,
  0x03, 0xc7, 0x80, 0x07, 0xc7, 0x03, 0xc7, 0x08, 0x80, 0xc6, 0x40, 0x02, 0xc6, 0x80, 0x08, 0x40,
  0xc6, 0x40, 0x02, 0xc6, 0x40, 0x09, 0xc6, 0x80, 0x02, 0xc6, 0x40, 0x09, 0xc6, 0x80, 0x02, 0xc6,
  0x40, 0x09, 0x80, 0xc5, 0x80, 0x02, 0xc6, 0x40, 0x09, 0x80, 0xc5, 0x80, 0x02, 0xc6, 0x40, 0x09,
  0xc6, 0x80, 0x02, 0xc6, 0x40, 0x09, 0xc6, 0x80, 0x02, 0xc6, 0x80, 0x08, 0x40, 0xc6, 0x40, 0x02,
  0xc7, 0x08, 0x80, 0xc6, 0x40, 0x02, 0xc7, 0x80, 0x06, 0x40, 0xc7, 0x03, 0xc8, 0x80, 0x04, 0x40,
  0xc7, 0x80, 0x03, 0xca, 0x80, 0x41, 0x80, 0xc8, 0x04, 0xd6, 0x80, 0x04, 0xc6, 0x40, 0xce, 0x05,
  0xc6, 0x41, 0xcc, 0x06, 0xc6, 0x40, 0x00, 0x40, 0xc9, 0x80, 0x07, 0xc6, 0x40, 0x01, 0x40, 0x80,
  0xc5, 0x80, 0x40, 0x15, 0x43, 0x09, 0x0a, 0x41, 0x81, 0x41, 0x11, 0x80, 0xc9, 0x40, 0x0c, 0x40,
  0xcd, 0x40, 0x09, 0x80, 0xcf, 0x80, 0x07, 0x80, 0xd1, 0x40, 0x05, 0x80, 0xd3, 0x40, 0x04, 0xc7,
  0x80, 0x43, 0x80, 0xc6, 0x80, 0x03, 0x80, 0xc6, 0x80, 0x05, 0x80, 0xc6, 0x03, 0xc6, 0x80, 0x07,
  0xc6, 0x40, 0x01, 0x40, 0xc6, 0x40, 0x07, 0x40, 0xc5, 0x80, 0x01, 0x80, 0xc6, 0x09, 0x85, 0x40,
  0x01, 0x80, 0xc5, 0x80, 0x12, 0xc6, 0x80, 0x12, 0xc6, 0x40, 0x12, 0xc6, 0x40, 0x12, 0xc6, 0x80,
  0x12, 0x80, 0xc5, 0x80, 0x12, 0x80, 0xc6, 0x08, 0x40, 0x85, 0x40, 0x01, 0x40, 0xc6, 0x40, 0x07,
  0x40, 0xc5, 0x80, 0x02, 0xc6, 0x80, 0x07, 0xc6, 0x40, 0x02, 0x80, 0xc6, 0x80, 0x05, 0x80, 0xc6,
  0x04, 0xc7, 0x80, 0x43, 0x80, 0xc6, 0x80, 0x04, 0x80, 0xd3, 0x06, 0x80, 0xd1, 0x40, 0x07, 0x80,
  0xcf, 0x40, 0x09, 0x40, 0xcd, 0x40, 0x0c, 0x80, 0xc9, 0x40, 0x11, 0x41, 0x81, 0x41, 0x09, 0x12,
  0x80, 0xc5, 0x80, 0x14, 0x80, 0xc5, 0x80, 0x14, 0x80, 0xc5, 0x80, 0x14, 0x80, 0xc5, 0x80, 0x14,
  0x80, 0xc5, 0x80, 0x14, 0x80, 0xc5, 0x80, 0x14, 0x80, 0xc5, 0x80, 0x14, 0x80, 0xc5, 0x80, 0x0a,
  0x41, 0x80, 0x41, 0x04, 0x80, 0xc5, 0x80, 0x08, 0x80, 0xc6, 0x80, 0x02, 0x80, 0xc5, 0x80, 0x06,
  0x40, 0xca, 0x40, 0x00, 0x80, 0xc5, 0x80, 0x05, 0x40, 0xcc, 0x00, 0x80, 0xc5, 0x80, 0x04, 0x40,
  0xcd, 0x81, 0xc5, 0x80, 0x04, 0xd6, 0x80, 0x03, 0x80, 0xc8, 0x43, 0xc9, 0x80, 0x03, 0xc7, 0x80,
  0x05, 0x80, 0xc7, 0x80, 0x02, 0x40, 0xc6, 0x80, 0x07, 0x80, 0xc6, 0x80, 0x02, 0x80, 0xc6, 0x40,
  0x07, 0x40, 0xc6, 0x80, 0x02, 0x80, 0xc6, 0x09, 0xc6, 0x80, 0x02, 0x80, 0xc5, 0x80, 0x09, 0x80,
  0xc5, 0x80, 0x02, 0xc6, 0x80, 0x09, 0x80, 0xc5, 0x80, 0x02, 0xc6, 0x80, 0x09, 0x80, 0xc5, 0x80,
  0x02, 0xc6, 0x80, 0x09, 0x80, 0xc5, 0x80, 0x02, 0xc6, 0x80, 0x09, 0x80, 0xc5, 0x80, 0x02, 0x80,
  0xc5, 0x80, 0x09, 0x80, 0xc5, 0x80, 0x02, 0x80, 0xc6, 0x09, 0xc6, 0x80, 0x02, 0x40, 0xc6, 0x40,
  0x07, 0x40, 0xc6, 0x80, 0x02, 0x40, 0xc7, 0x07, 0xc7, 0x80, 0x03, 0xc7, 0x80, 0x05, 0x80, 0xc7,
  0x80, 0x03, 0x40, 0xc8, 0x80, 0x41, 0x80, 0xc9, 0x80, 0x04, 0xd6, 0x80, 0x04, 0x40, 0xcd, 0x81,
  0xc5, 0x80, 0x05, 0x40, 0xcc, 0x00, 0x80, 0xc5, 0x80, 0x06, 0x40, 0xca, 0x40, 0x00, 0x80, 0xc5,
  0x80, 0x08, 0x80, 0xc6, 0x80, 0x02, 0x80, 0xc5, 0x80, 0x0a, 0x44, 0x0e, 0x09, 0x42, 0x81, 0x41,
  0x11, 0x80, 0xc8, 0x80, 0x40, 0x0c, 0x40, 0xcc, 0x80, 0x0a, 0x80, 0xcf, 0x40, 0x07, 0x80, 0xd1,
  0x40, 0x05, 0x80, 0xd3, 0x05, 0xc7, 0x40, 0x03, 0x80, 0xc6, 0x40, 0x03, 0x80, 0xc5, 0x80, 0x06,
  0x40, 0xc6, 0x03, 0xc6, 0x08, 0x80, 0xc5, 0x40, 0x01, 0x40, 0xc5, 0x80, 0x08, 0x40, 0xc5, 0x80,
  0x01, 0x80, 0xc5, 0x40, 0x09, 0xc5, 0x80, 0x01, 0x80, 0xc5, 0x8a, 0xc6, 0x01, 0xd8, 0x01, 0xd8,
  0x01, 0xd8, 0x01, 0xc6, 0x91, 0x01, 0x80, 0xc5, 0x40, 0x12, 0x80, 0xc5, 0x40, 0x12, 0x40, 0xc5,
  0x80, 0x13, 0xc6, 0x40, 0x08, 0xc1, 0x83, 0x40, 0x02, 0x80, 0xc6, 0x07, 0x80, 0xc5, 0x80, 0x02,
  0x40, 0xc7, 0x40, 0x03, 0x40, 0x80, 0xc6, 0x40, 0x03, 0x80, 0xd3, 0x80, 0x05, 0x80, 0xd2, 0x07,
  0x80, 0xd0, 0x09, 0x80, 0xcd, 0x80, 0x0c, 0x80, 0xc9, 0x80, 0x40, 0x10, 0x41, 0x81, 0x42, 0x08,
  0x08, 0x41, 0x82, 0x41, 0x08, 0x40, 0x80, 0xc7, 0x40, 0x05, 0x80, 0xc9, 0x40, 0x04, 0x80, 0xca,
  0x04, 0x40, 0xca, 0x80, 0x04, 0x80, 0xca, 0x80, 0x04, 0xc7, 0x44, 0x04, 0xc6, 0x40, 0x09, 0xc6,
  0x0a, 0xc6, 0x06, 0x43, 0xc6, 0x44, 0x01, 0xcf, 0x40, 0x00, 0xcf, 0x40, 0x00, 0xcf, 0x40, 0x00,
  0xcf, 0x40, 0x00, 0xcf, 0x40, 0x00, 0x43, 0xc6, 0x44, 0x05, 0xc6, 0x0a, 0xc6, 0x0a, 0xc6, 0x0a,
  0xc6, 0x0a, 0xc6, 0x0a, 0xc6, 0x0a, 0xc6, 0x0a, 0xc6, 0x0a, 0xc6, 0x0a, 0xc6, 0x0a, 0xc6, 0x0a,
  0xc6, 0x0a, 0xc6, 0x0a, 0xc6, 0x0a, 0xc6, 0x0a, 0xc6, 0x0a, 0xc6, 0x0a, 0xc6, 0x0a, 0xc6, 0x0a,
  0xc6, 0x06, 0x08, 0x41, 0x80, 0x41, 0x05, 0x45, 0x09, 0x80, 0xc6, 0x80, 0x02, 0x80, 0xc5, 0x80,
  0x06, 0x40, 0xca, 0x40, 0x00, 0x80, 0xc5, 0x80, 0x05, 0x40, 0xcc, 0x40, 0x80, 0xc5, 0x80, 0x04,
  0x40, 0xcd, 0x81, 0xc5, 0x80, 0x04, 0xd6, 0x80, 0x03, 0x80, 0xc8, 0x43, 0xc9, 0x80, 0x03, 0xc7,
  0x80, 0x05, 0x80, 0xc7, 0x80, 0x02, 0x40, 0xc6, 0x80, 0x07, 0x80, 0xc6, 0x80, 0x02, 0x80, 0xc6,
  0x40, 0x07, 0x40, 0xc6, 0x80, 0x02, 0x80, 0xc6, 0x09, 0xc6, 0x80, 0x02, 0x80, 0xc5, 0x80, 0x09,
  0x80, 0xc5, 0x80, 0x02, 0xc6, 0x80, 0x09, 0x80, 0xc5, 0x80, 0x02, 0xc6, 0x40, 0x09, 0x80, 0xc5,
  0x80, 0x02, 0xc6, 0x80, 0x09, 0x80, 0xc5, 0x80, 0x02, 0xc6, 0x80, 0x09, 0x80, 0xc5, 0x80, 0x02,
  0x80, 0xc5, 0x80, 0x09, 0x80, 0xc5, 0x80, 0x02, 0x80, 0xc6, 0x09, 0xc6, 0x80, 0x02, 0x40, 0xc6,
  0x40, 0x07, 0x80, 0xc6, 0x80, 0x03, 0xc7, 0x40, 0x05, 0x40, 0xc7, 0x80, 0x03, 0x80, 0xc7, 0x40,
  0x03, 0x40, 0xc8, 0x80, 0x03, 0x40, 0xd6, 0x80, 0x04, 0x80, 0xce, 0x80, 0xc5, 0x80, 0x05, 0x80,
  0xcc, 0x81, 0xc5, 0x80, 0x06, 0x80, 0xca, 0x80, 0x00, 0x80, 0xc5, 0x80, 0x07, 0x40, 0x80, 0xc7,
  0x40, 0x01, 0x80, 0xc5, 0x80, 0x0a, 0x40, 0x82, 0x41, 0x03, 0x80, 0xc5, 0x80, 0x14, 0x80, 0xc5,
  0x80, 0x14, 0x80, 0xc5, 0x80, 0x05, 0x41, 0x82, 0x09, 0xc6, 0x40, 0x03, 0xc6, 0x40, 0x07, 0x80,
  0xc6, 0x40, 0x03, 0x80, 0xc6, 0x80, 0x40, 0x03, 0x40, 0x80, 0xc6, 0x80, 0x05, 0xd5, 0x40, 0x05,
  0x40, 0xd3, 0x40, 0x07, 0x40, 0xd1, 0x40, 0x09, 0x40, 0x80, 0xcd, 0x80, 0x40, 0x0c, 0x40, 0x80,
  0xc9, 0x80, 0x40, 0x12, 0x45, 0x0b, 0x01, 0x80, 0xc5, 0x15, 0xc6, 0x15, 0xc6, 0x15, 0xc6, 0x15,
  0xc6, 0x15, 0xc6, 0x15, 0xc6, 0x15, 0xc6, 0x15, 0xc6, 0x04, 0x42, 0x80, 0x41, 0x0a, 0xc6, 0x02,
  0x40, 0x80, 0xc6, 0x80, 0x08, 0xc6, 0x01, 0x80, 0xca, 0x40, 0x06, 0xc6, 0x00, 0x40, 0xcc, 0x40,
  0x05, 0xc6, 0x40, 0xce, 0x05, 0xc6, 0x80, 0xce, 0x40, 0x04, 0xc9, 0x81, 0x40, 0x80, 0xc8, 0x80,
  0x04, 0xc8, 0x40, 0x04, 0x80, 0xc7, 0x04, 0xc7, 0x40, 0x06, 0x80, 0xc6, 0x40, 0x03, 0xc6, 0x80,
  0x07, 0x40, 0xc6, 0x40, 0x03, 0xc6, 0x80, 0x08, 0xc6, 0x40, 0x03, 0xc6, 0x40, 0x08, 0xc6, 0x40,
  0x03, 0xc6, 0x40, 0x08, 0xc6, 0x40, 0x03, 0xc6, 0x40, 0x08, 0xc6, 0x40, 0x03, 0xc6, 0x40, 0x08,
  0xc6, 0x40, 0x03, 0xc6, 0x40, 0x08, 0xc6, 0x40, 0x03, 0xc6, 0x40, 0x08, 0xc6, 0x40, 0x03, 0xc6,
  0x40, 0x08, 0xc6, 0x40, 0x03, 0xc6, 0x40, 0x08, 0xc6, 0x40, 0x03, 0xc6, 0x40, 0x08, 0xc6, 0x40,
  0x03, 0xc6, 0x40, 0x08, 0xc6, 0x40, 0x03, 0xc6, 0x40, 0x08, 0xc6, 0x40, 0x03, 0xc6, 0x40, 0x08,
  0xc6, 0x40, 0x03, 0xc6, 0x40, 0x08, 0xc6, 0x40, 0x03, 0xc6, 0x40, 0x08, 0xc6, 0x40, 0x03, 0xc6,
  0x40, 0x08, 0xc6, 0x40, 0x03, 0xc6, 0x40, 0x08, 0xc6, 0x40, 0x01, 0x02, 0x40, 0x80, 0xc0, 0x81,
  0x05, 0x40, 0xc4, 0x80, 0x04, 0xc6, 0x40, 0x03, 0xc6, 0x80, 0x03, 0xc6, 0x80, 0x03, 0x80, 0xc5,
  0x40, 0x04, 0x80, 0xc3, 0x40, 0x06, 0x42, 0x1e, 0x46, 0x04, 0xc6, 0x40, 0x03, 0xc6, 0x40, 0x03,
  0xc6, 0x40, 0x03, 0xc6, 0x40, 0x03, 0xc6, 0x40, 0x03, 0xc6, 0x40, 0x03, 0xc6, 0x40, 0x03, 0xc6,
  0x40, 0x03, 0xc6, 0x40, 0x03, 0xc6, 0x40, 0x03, 0xc6, 0x40, 0x03, 0xc6, 0x40, 0x03, 0xc6, 0x40,
  0x03, 0xc6, 0x40, 0x03, 0xc6, 0x40, 0x03, 0xc6, 0x40, 0x03, 0xc6, 0x40, 0x03, 0xc6, 0x40, 0x03,
  0xc6, 0x40, 0x03, 0xc6, 0x40, 0x03, 0xc6, 0x40, 0x03, 0xc6, 0x40, 0x03, 0xc6, 0x40, 0x03, 0xc6,
  0x40, 0x03, 0xc6, 0x40, 0x03, 0xc6, 0x40, 0x01, 0x05, 0x40, 0x80, 0xc0, 0x80, 0x40, 0x08, 0x40,
  0xc4, 0x80, 0x07, 0xc6, 0x40, 0x05, 0x40, 0xc6, 0x80, 0x06, 0xc6, 0x80, 0x06, 0x80, 0xc5, 0x40,
  0x07, 0x80, 0xc3, 0x40, 0x09, 0x42, 0x27, 0x46, 0x07, 0xc6, 0x40, 0x06, 0xc6, 0x40, 0x06, 0xc6,
  0x40, 0x06, 0xc6, 0x40, 0x06, 0xc6, 0x40, 0x06, 0xc6, 0x40, 0x06, 0xc6, 0x40, 0x06, 0xc6, 0x40,
  0x06, 0xc6, 0x40, 0x06, 0xc6, 0x40, 0x06, 0xc6, 0x40, 0x06, 0xc6, 0x40, 0x06, 0xc6, 0x40, 0x06,
  0xc6, 0x40, 0x06, 0xc6, 0x40, 0x06, 0xc6, 0x40, 0x06, 0xc6, 0x40, 0x06, 0xc6, 0x40, 0x06, 0xc6,
  0x40, 0x06, 0xc6, 0x40, 0x06, 0xc6, 0x40, 0x06, 0xc6, 0x40, 0x06, 0xc6, 0x40, 0x06, 0xc6, 0x40,
  0x06, 0xc6, 0x40, 0x06, 0xc6, 0x40, 0x06, 0xc6, 0x40, 0x06, 0xc6, 0x40, 0x06, 0xc6, 0x40, 0x05,
  0x80, 0xc6, 0x40, 0x02, 0xca, 0x03, 0xc9, 0x80, 0x03, 0xc9, 0x04, 0xc8, 0x40, 0x04, 0xc6, 0x80,
  0x06, 0x84, 0x40, 0x07, 0x01, 0x80, 0xc5, 0x40, 0x12, 0xc6, 0x40, 0x12, 0xc6, 0x40, 0x12, 0xc6,
  0x40, 0x12, 0xc6, 0x40, 0x12, 0xc6, 0x40, 0x12, 0xc6, 0x40, 0x12, 0xc6, 0x40, 0x12, 0xc6, 0x40,
  0x07, 0x47, 0x02, 0xc6, 0x40, 0x06, 0x40, 0xc6, 0x80, 0x02, 0xc6, 0x40, 0x05, 0x40, 0xc7, 0x03,
  0xc6, 0x40, 0x04, 0x40, 0xc7, 0x40, 0x03, 0xc6, 0x40, 0x04, 0xc7, 0x40, 0x04, 0xc6, 0x40, 0x03,
  0x80, 0xc6, 0x40, 0x05, 0xc6, 0x40, 0x02, 0x80, 0xc6, 0x80, 0x06, 0xc6, 0x40, 0x01, 0x40, 0xc6,
  0x80, 0x07, 0xc6, 0x40, 0x00, 0x40, 0xc7, 0x08, 0xc6, 0x41, 0xc7, 0x09, 0xc6, 0x80, 0xc7, 0x40,
  0x09, 0xce, 0x40, 0x0a, 0xce, 0x0b, 0xce, 0x80, 0x0a, 0xcf, 0x40, 0x09, 0xd0, 0x09, 0xc8, 0x80,
  0xc6, 0x80, 0x08, 0xc7, 0x40, 0x00, 0xc7, 0x40, 0x07, 0xc6, 0x80, 0x01, 0x40, 0xc7, 0x40, 0x06,
  0xc6, 0x40, 0x02, 0x80, 0xc6, 0x80, 0x06, 0xc6, 0x40, 0x03, 0xc7, 0x80, 0x05, 0xc6, 0x40, 0x03,
  0x40, 0xc7, 0x40, 0x04, 0xc6, 0x40, 0x04, 0x80, 0xc7, 0x04, 0xc6, 0x40, 0x05, 0xc7, 0x80, 0x03,
  0xc6, 0x40, 0x05, 0x40, 0xc7, 0x40, 0x02, 0xc6, 0x40, 0x06, 0x80, 0xc7, 0x02, 0xc6, 0x40, 0x07,
  0xc7, 0x80, 0x01, 0x80, 0xc5, 0x40, 0x03, 0xc6, 0x40, 0x03, 0xc6, 0x40, 0x03, 0xc6, 0x40, 0x03,
  0xc6, 0x40, 0x03, 0xc6, 0x40, 0x03, 0xc6, 0x40, 0x03, 0xc6, 0x40, 0x03, 0xc6, 0x40, 0x03, 0xc6,
  0x40, 0x03, 0xc6, 0x40, 0x03, 0xc6, 0x40, 0x03, 0xc6, 0x40, 0x03, 0xc6, 0x40, 0x03, 0xc6, 0x40,
  0x03, 0xc6, 0x40, 0x03, 0xc6, 0x40, 0x03, 0xc6, 0x40, 0x03, 0xc6, 0x40, 0x03, 0xc6, 0x40, 0x03,
  0xc6, 0x40, 0x03, 0xc6, 0x40, 0x03, 0xc6, 0x40, 0x03, 0xc6, 0x40, 0x03, 0xc6, 0x40, 0x03, 0xc6,
  0x40, 0x03, 0xc6, 0x40, 0x03, 0xc6, 0x40, 0x03, 0xc6, 0x40, 0x03, 0xc6, 0x40, 0x03, 0xc6, 0x40,
  0x03, 0xc6, 0x40, 0x03, 0xc6, 0x40, 0x03, 0xc6, 0x40, 0x03, 0xc6, 0x40, 0x01, 0x01, 0x46, 0x04,
  0x41, 0x80, 0x41, 0x09, 0x41, 0x81, 0x41, 0x08, 0xc6, 0x02, 0x40, 0xc6, 0x80, 0x05, 0x40, 0xc6,
  0x80, 0x40, 0x06, 0xc6, 0x01, 0x80, 0xc9, 0x03, 0x80, 0xc9, 0x80, 0x05, 0xc6, 0x00, 0x80, 0xca,
  0x80, 0x01, 0xcc, 0x40, 0x04, 0xc6, 0x40, 0xcc, 0x40, 0x80, 0xcd, 0x04, 0xc6, 0x80, 0xdc, 0x80,
  0x03, 0xc9, 0x80, 0x40, 0x80, 0xcb, 0x80, 0x40, 0x81, 0xc8, 0x03, 0xc7, 0x80, 0x04, 0x80, 0xc8,
  0x04, 0x40, 0xc7, 0x03, 0xc7, 0x06, 0xc7, 0x40, 0x05, 0x80, 0xc6, 0x03, 0xc6, 0x80, 0x06, 0x80,
  0xc6, 0x06, 0x40, 0xc6, 0x40, 0x02, 0xc6, 0x40, 0x06, 0x40, 0xc5, 0x80, 0x07, 0xc6, 0x40, 0x02,
  0xc6, 0x40, 0x06, 0x40, 0xc5, 0x80, 0x07, 0xc6, 0x40, 0x02, 0xc6, 0x40, 0x06, 0x40, 0xc5, 0x80,
  0x07, 0xc6, 0x40, 0x02, 0xc6, 0x40, 0x06, 0x40, 0xc5, 0x80, 0x07, 0xc6, 0x40, 0x02, 0xc6, 0x40,
  0x06, 0x40, 0xc5, 0x80, 0x07, 0xc6, 0x40, 0x02, 0xc6, 0x40, 0x06, 0x40, 0xc5, 0x80, 0x07, 0xc6,
  0x40, 0x02, 0xc6, 0x40, 0x06, 0x40, 0xc5, 0x80, 0x07, 0xc6, 0x40, 0x02, 0xc6, 0x40, 0x06, 0x40,
  0xc5, 0x80, 0x07, 0xc6, 0x40, 0x02, 0xc6, 0x40, 0x06, 0x40, 0xc5, 0x80, 0x07, 0xc6, 0x40, 0x02,
  0xc6, 0x40, 0x06, 0x40, 0xc5, 0x80, 0x07, 0xc6, 0x40, 0x02, 0xc6, 0x40, 0x06, 0x40, 0xc5, 0x80,
  0x07, 0xc6, 0x40, 0x02, 0xc6, 0x40, 0x06, 0x40, 0xc5, 0x80, 0x07, 0xc6, 0x40, 0x02, 0xc6, 0x40,
  0x06, 0x40, 0xc5, 0x80, 0x07, 0xc6, 0x40, 0x02, 0xc6, 0x40, 0x06, 0x40, 0xc5, 0x80, 0x07, 0xc6,
  0x40, 0x02, 0xc6, 0x40, 0x06, 0x40, 0xc5, 0x80, 0x07, 0xc6, 0x40, 0x02, 0xc6, 0x40, 0x06, 0x40,
  0xc5, 0x80, 0x07, 0xc6, 0x40, 0x02, 0xc6, 0x40, 0x06, 0x40, 0xc5, 0x80, 0x07, 0xc6, 0x40, 0x00,
  0x01, 0x46, 0x04, 0x41, 0x81, 0x41, 0x09, 0xc6, 0x40, 0x01, 0x40, 0x80, 0xc6, 0x80, 0x07, 0xc6,
  0x40, 0x00, 0x80, 0xca, 0x40, 0x05, 0xc6, 0x41, 0xcc, 0x05, 0xc6, 0x40, 0xcd, 0x80, 0x04, 0xd6,
  0x40, 0x03, 0xc9, 0x83, 0xc8, 0x80, 0x03, 0xc8, 0x40, 0x04, 0x80, 0xc7, 0x03, 0xc7, 0x40, 0x06,
  0x80, 0xc6, 0x03, 0xc6, 0x80, 0x07, 0x40, 0xc6, 0x40, 0x02, 0xc6, 0x80, 0x08, 0xc6, 0x40, 0x02,
  0xc6, 0x40, 0x08, 0xc6, 0x40, 0x02, 0xc6, 0x40, 0x08, 0xc6, 0x40, 0x02, 0xc6, 0x40, 0x08, 0xc6,
  0x40, 0x02, 0xc6, 0x40, 0x08, 0xc6, 0x40, 0x02, 0xc6, 0x40, 0x08, 0xc6, 0x40, 0x02, 0xc6, 0x40,
  0x08, 0xc6, 0x40, 0x02, 0xc6, 0x40, 0x08, 0xc6, 0x40, 0x02, 0xc6, 0x40, 0x08, 0xc6, 0x40, 0x02,
  0xc6, 0x40, 0x08, 0xc6, 0x40, 0x02, 0xc6, 0x40, 0x08, 0xc6, 0x40, 0x02, 0xc6, 0x40, 0x08, 0xc6,
  0x40, 0x02, 0xc6, 0x40, 0x08, 0xc6, 0x40, 0x02, 0xc6, 0x40, 0x08, 0xc6, 0x40, 0x02, 0xc6, 0x40,
  0x08, 0xc6, 0x40, 0x02, 0xc6, 0x40, 0x08, 0xc6, 0x40, 0x02, 0xc6, 0x40, 0x08, 0xc6, 0x40, 0x00,
  0x0a, 0x41, 0x81, 0x41, 0x12, 0x80, 0xc9, 0x40, 0x0d, 0x40, 0xcd, 0x40, 0x0a, 0x80, 0xcf, 0x80,
  0x08, 0x80, 0xd1, 0x80, 0x06, 0x80, 0xd3, 0x40, 0x04, 0x40, 0xc7, 0x80, 0x43, 0x80, 0xc7, 0x04,
  0x80, 0xc6, 0x80, 0x05, 0x80, 0xc6, 0x80, 0x03, 0xc6, 0x80, 0x07, 0x80, 0xc6, 0x02, 0x40, 0xc6,
  0x40, 0x07, 0x40, 0xc6, 0x40, 0x01, 0x80, 0xc6, 0x09, 0xc6, 0x40, 0x01, 0x80, 0xc5, 0x80, 0x09,
  0x80, 0xc5, 0x80, 0x01, 0xc6, 0x80, 0x09, 0x80, 0xc5, 0x80, 0x01, 0xc6, 0x40, 0x09, 0x80, 0xc5,
  0x80, 0x01, 0xc6, 0x40, 0x09, 0x80, 0xc5, 0x80, 0x01, 0xc6, 0x80, 0x09, 0x80, 0xc5, 0x80, 0x01,
  0x80, 0xc5, 0x80, 0x09, 0x80, 0xc5, 0x80, 0x01, 0x80, 0xc6, 0x09, 0xc6, 0x40, 0x01, 0x40, 0xc6,
  0x40, 0x07, 0x40, 0xc6, 0x40, 0x02, 0xc6, 0x80, 0x07, 0xc7, 0x03, 0x80, 0xc6, 0x80, 0x05, 0x80,
  0xc6, 0x80, 0x04, 0xc7, 0x80, 0x43, 0x80, 0xc7, 0x05, 0x80, 0xd3, 0x40, 0x06, 0x80, 0xd1, 0x80,
  0x08, 0x80, 0xcf, 0x80, 0x0a, 0x40, 0xcd, 0x40, 0x0d, 0x80, 0xc9, 0x40, 0x12, 0x41, 0x81, 0x41,
  0x0a, 0x01, 0x46, 0x04, 0x41, 0x81, 0x41, 0x0a, 0xc6, 0x40, 0x01, 0x40, 0xc7, 0x80, 0x08, 0xc6,
  0x40, 0x00, 0x40, 0xca, 0x40, 0x06, 0xc6, 0x41, 0xcc, 0x40, 0x05, 0xc6, 0x40, 0xce, 0x05, 0xd6,
  0x80, 0x04, 0xc9, 0x80, 0x42, 0x80, 0xc8, 0x40, 0x03, 0xc8, 0x40, 0x05, 0xc7, 0x80, 0x03, 0xc7,
  0x80, 0x07, 0xc7, 0x03, 0xc7, 0x08, 0x80, 0xc6, 0x40, 0x02, 0xc6, 0x80, 0x08, 0x40, 0xc6, 0x40,
  0x02, 0xc6, 0x40, 0x09, 0xc6, 0x80, 0x02, 0xc6, 0x40, 0x09, 0xc6, 0x80, 0x02, 0xc6, 0x40, 0x09,
  0x80, 0xc5, 0x80, 0x02, 0xc6, 0x40, 0x09, 0x80, 0xc5, 0x80, 0x02, 0xc6, 0x40, 0x09, 0xc6, 0x80,
  0x02, 0xc6, 0x40, 0x09, 0xc6, 0x80, 0x02, 0xc6, 0x80, 0x08, 0x40, 0xc6, 0x40, 0x02, 0xc7, 0x08,
  0x80, 0xc6, 0x40, 0x02, 0xc7, 0x80, 0x06, 0x40, 0xc7, 0x03, 0xc8, 0x80, 0x04, 0x40, 0xc7, 0x80,
  0x03, 0xca, 0x80, 0x41, 0x80, 0xc8, 0x04, 0xd6, 0x80, 0x04, 0xc6, 0x40, 0xce, 0x05, 0xc6, 0x41,
  0xcc, 0x06, 0xc6, 0x40, 0x00, 0x40, 0xc9, 0x80, 0x07, 0xc6, 0x40, 0x01, 0x40, 0x80, 0xc5, 0x80,
  0x40, 0x08, 0xc6, 0x40, 0x04, 0x43, 0x0b, 0xc6, 0x40, 0x14, 0xc6, 0x40, 0x14, 0xc6, 0x40, 0x14,
  0xc6, 0x40, 0x14, 0xc6, 0x40, 0x14, 0xc6, 0x40, 0x14, 0xc6, 0x40, 0x14, 0xc6, 0x40, 0x14, 0x86,
  0x40, 0x12, 0x08, 0x41, 0x80, 0x41, 0x05, 0x45, 0x09, 0x80, 0xc6, 0x80, 0x02, 0x80, 0xc5, 0x80,
  0x06, 0x40, 0xca, 0x40, 0x00, 0x80, 0xc5, 0x80, 0x05, 0x40, 0xcc, 0x00, 0x80, 0xc5, 0x80, 0x04,
  0x40, 0xcd, 0x81, 0xc5, 0x80, 0x04, 0xd6, 0x80, 0x03, 0x80, 0xc8, 0x43, 0xc9, 0x80, 0x03, 0xc7,
  0x80, 0x05, 0x80, 0xc7, 0x80, 0x02, 0x40, 0xc6, 0x80, 0x07, 0x80, 0xc6, 0x80, 0x02, 0x80, 0xc6,
  0x40, 0x07, 0x40, 0xc6, 0x80, 0x02, 0x80, 0xc6, 0x09, 0xc6, 0x80, 0x02, 0x80, 0xc5, 0x80, 0x09,
  0x80, 0xc5, 0x80, 0x02, 0xc6, 0x80, 0x09, 0x80, 0xc5, 0x80, 0x02, 0xc6, 0x80, 0x09, 0x80, 0xc5,
  0x80, 0x02, 0xc6, 0x80, 0x09, 0x80, 0xc5, 0x80, 0x02, 0xc6, 0x80, 0x09, 0x80, 0xc5, 0x80, 0x02,
  0x80, 0xc5, 0x80, 0x09, 0x80, 0xc5, 0x80, 0x02, 0x80, 0xc6, 0x09, 0xc6, 0x80, 0x02, 0x40, 0xc6,
  0x40, 0x07, 0x40, 0xc6, 0x80, 0x02, 0x40, 0xc7, 0x07, 0xc7, 0x80, 0x03, 0xc7, 0x80, 0x05, 0x80,
  0xc7, 0x80, 0x03, 0x40, 0xc8, 0x80, 0x41, 0x80, 0xc9, 0x80, 0x04, 0xd6, 0x80, 0x04, 0x40, 0xcd,
  0x81, 0xc5, 0x80, 0x05, 0x40, 0xcc, 0x00, 0x80, 0xc5, 0x80, 0x06, 0x40, 0xca, 0x40, 0x00, 0x80,
  0xc5, 0x80, 0x08, 0x80, 0xc6, 0x80, 0x02, 0x80, 0xc5, 0x80, 0x0a, 0x44, 0x04, 0x80, 0xc5, 0x80,
  0x14, 0x80, 0xc5, 0x80, 0x14, 0x80, 0xc5, 0x80, 0x14, 0x80, 0xc5, 0x80, 0x14, 0x80, 0xc5, 0x80,
  0x14, 0x80, 0xc5, 0x80, 0x14, 0x80, 0xc5, 0x80, 0x14, 0x80, 0xc5, 0x80, 0x14, 0x80, 0xc5, 0x80,
  0x14, 0x86, 0x40, 0x01, 0x01, 0x46, 0x03, 0x41, 0x81, 0x40, 0x01, 0xc6, 0x02, 0x80, 0xc4, 0x01,
  0xc6, 0x01, 0xc6, 0x01, 0xc6, 0x00, 0x80, 0xc6, 0x01, 0xc6, 0x40, 0xc7, 0x01, 0xcf, 0x01, 0xcb,
  0x81, 0xc1, 0x01, 0xc8, 0x80, 0x40, 0x06, 0xc7, 0x80, 0x08, 0xc7, 0x09, 0xc6, 0x80, 0x09, 0xc6,
  0x40, 0x09, 0xc6, 0x40, 0x09, 0xc6, 0x40, 0x09, 0xc6, 0x40, 0x09, 0xc6, 0x40, 0x09, 0xc6, 0x40,
  0x09, 0xc6, 0x40, 0x09, 0xc6, 0x40, 0x09, 0xc6, 0x40, 0x09, 0xc6, 0x40, 0x09, 0xc6, 0x40, 0x09,
  0xc6, 0x40, 0x09, 0xc6, 0x40, 0x09, 0xc6, 0x40, 0x09, 0xc6, 0x40, 0x09, 0xc6, 0x40, 0x07, 0x08,
  0x42, 0x81, 0x41, 0x0e, 0x40, 0x80, 0xc9, 0x80, 0x09, 0x40, 0xce, 0x40, 0x06, 0x40, 0xd0, 0x80,
  0x04, 0x40, 0xd2, 0x40, 0x03, 0x80, 0xc7, 0x82, 0xc8, 0x03, 0xc6, 0x80, 0x04, 0x40, 0xc6, 0x40,
  0x01, 0x40, 0xc6, 0x06, 0x40, 0xc5, 0x80, 0x01, 0x40, 0xc6, 0x07, 0x82, 0x43, 0x01, 0x40, 0xc6,
  0x40, 0x10, 0xc7, 0x80, 0x40, 0x0e, 0x80, 0xca, 0x81, 0x40, 0x09, 0x40, 0xce, 0x80, 0x40, 0x07,
  0x40, 0xd0, 0x80, 0x06, 0x40, 0x80, 0xcf, 0x80, 0x07, 0x40, 0x80, 0xce, 0x80, 0x0a, 0x40, 0x81,
  0xca, 0x0e, 0x40, 0x80, 0xc7, 0x40, 0x0f, 0x40, 0xc6, 0x40, 0x00, 0x84, 0xc1, 0x40, 0x07, 0xc6,
  0x40, 0x00, 0x80, 0xc5, 0x80, 0x07, 0xc6, 0x40, 0x00, 0x40, 0xc6, 0x80, 0x04, 0x40, 0xc7, 0x02,
  0xc9, 0x81, 0xc8, 0x80, 0x02, 0x40, 0xd3, 0x04, 0x40, 0xd1, 0x06, 0x40, 0xce, 0x80, 0x09, 0x40,
  0x80, 0xc9, 0x80, 0x0e, 0x42, 0x81, 0x41, 0x08, 0x03, 0x46, 0x09, 0xc6, 0x09, 0xc6, 0x09, 0xc6,
  0x09, 0xc6, 0x09, 0xc6, 0x06, 0x42, 0xc6, 0x44, 0x00, 0x80, 0xce, 0x00, 0x80, 0xce, 0x00, 0x80,
  0xce, 0x00, 0x80, 0xce, 0x00, 0x80, 0xce, 0x00, 0x43, 0xc6, 0x44, 0x04, 0xc6, 0x09, 0xc6, 0x09,
  0xc6, 0x09, 0xc6, 0x09, 0xc6, 0x09, 0xc6, 0x09, 0xc6, 0x09, 0xc6, 0x09, 0xc6, 0x09, 0xc6, 0x09,
  0xc6, 0x09, 0xc6, 0x09, 0xc6, 0x09, 0xc6, 0x40, 0x08, 0xc7, 0x82, 0x40, 0x04, 0x80, 0xc9, 0x80,
  0x04, 0x40, 0xca, 0x05, 0x80, 0xc9, 0x06, 0x80, 0xc8, 0x40, 0x06, 0x40, 0xc7, 0x40, 0x09, 0x43,
  0x02, 0x01, 0x46, 0x09, 0x46, 0x03, 0xc6, 0x40, 0x08, 0xc6, 0x03, 0xc6, 0x40, 0x08, 0xc6, 0x03,
  0xc6, 0x40, 0x08, 0xc6, 0x03, 0xc6, 0x40, 0x08, 0xc6, 0x03, 0xc6, 0x40, 0x08, 0xc6, 0x03, 0xc6,
  0x40, 0x08, 0xc6, 0x03, 0xc6, 0x40, 0x08, 0xc6, 0x03, 0xc6, 0x40, 0x08, 0xc6, 0x03, 0xc6, 0x40,
  0x08, 0xc6, 0x03, 0xc6, 0x40, 0x08, 0xc6, 0x03, 0xc6, 0x40, 0x08, 0xc6, 0x03, 0xc6, 0x40, 0x08,
  0xc6, 0x03, 0xc6, 0x40, 0x08, 0xc6, 0x03, 0xc6, 0x40, 0x08, 0xc6, 0x03, 0xc6, 0x40, 0x08, 0xc6,
  0x03, 0xc6, 0x40, 0x08, 0xc6, 0x03, 0xc6, 0x40, 0x07, 0x40, 0xc6, 0x03, 0x80, 0xc5, 0x80, 0x07,
  0x80, 0xc6, 0x03, 0x80, 0xc6, 0x40, 0x05, 0x40, 0xc7, 0x03, 0x80, 0xc7, 0x40, 0x03, 0x80, 0xc8,
  0x03, 0x40, 0xd6, 0x04, 0xce, 0x80, 0xc6, 0x04, 0x40, 0xcd, 0x40, 0x80, 0xc5, 0x05, 0x80, 0xcb,
  0x80, 0x00, 0x80, 0xc5, 0x06, 0x80, 0xc9, 0x80, 0x01, 0x80, 0xc5, 0x07, 0x40, 0x80, 0xc5, 0x80,
  0x40, 0x02, 0x80, 0xc5, 0x0a, 0x43, 0x0e, 0x46, 0x0b, 0x46, 0x00, 0x80, 0xc6, 0x09, 0x40, 0xc6,
  0x41, 0xc6, 0x40, 0x08, 0x80, 0xc6, 0x01, 0xc6, 0x80, 0x08, 0xc6, 0x80, 0x01, 0x80, 0xc5, 0x80,
  0x08, 0xc6, 0x40, 0x01, 0x40, 0xc6, 0x07, 0x40, 0xc6, 0x03, 0xc6, 0x40, 0x06, 0x80, 0xc5, 0x80,
  0x03, 0x80, 0xc5, 0x80, 0x06, 0xc6, 0x40, 0x03, 0x40, 0xc6, 0x05, 0x40, 0xc5, 0x80, 0x05, 0xc6,
  0x40, 0x04, 0x80, 0xc5, 0x40, 0x05, 0x80, 0xc5, 0x80, 0x04, 0xc6, 0x06, 0x40, 0xc6, 0x03, 0x40,
  0xc5, 0x80, 0x07, 0xc6, 0x03, 0x40, 0xc5, 0x40, 0x07, 0x80, 0xc5, 0x40, 0x02, 0x80, 0xc5, 0x08,
  0x40, 0xc5, 0x80, 0x02, 0xc5, 0x80, 0x09, 0xc6, 0x01, 0x40, 0xc5, 0x40, 0x09, 0x40, 0xc5, 0x40,
  0x00, 0x80, 0xc5, 0x0b, 0xc5, 0x80, 0x00, 0xc5, 0x80, 0x0b, 0x80, 0xc5, 0x40, 0xc5, 0x40, 0x0b,
  0x40, 0xc5, 0x80, 0xc5, 0x0d, 0xcb, 0x80, 0x0d, 0x80, 0xca, 0x40, 0x0d, 0x40, 0xca, 0x0f, 0xc9,
  0x80, 0x0f, 0x80, 0xc8, 0x40, 0x0f, 0x40, 0xc8, 0x11, 0xc7, 0x80, 0x08, 0x46, 0x08, 0x46, 0x08,
  0x46, 0x00, 0x80, 0xc5, 0x80, 0x07, 0xc6, 0x40, 0x06, 0x40, 0xc6, 0x00, 0x40, 0xc6, 0x06, 0x40,
  0xc6, 0x80, 0x06, 0x80, 0xc5, 0x80, 0x01, 0xc6, 0x06, 0x80, 0xc7, 0x06, 0xc6, 0x40, 0x01, 0xc6,
  0x40, 0x05, 0xc8, 0x06, 0xc6, 0x02, 0x80, 0xc5, 0x80, 0x05, 0xc8, 0x40, 0x04, 0x40, 0xc5, 0x80,
  0x02, 0x40, 0xc5, 0x80, 0x04, 0x40, 0xc8, 0x80, 0x04, 0x80, 0xc5, 0x80, 0x03, 0xc6, 0x04, 0x80,
  0xc9, 0x04, 0x80, 0xc5, 0x40, 0x03, 0x80, 0xc5, 0x40, 0x03, 0x80, 0xc9, 0x04, 0xc6, 0x04, 0x40,
  0xc5, 0x80, 0x03, 0xca, 0x40, 0x02, 0x40, 0xc5, 0x80, 0x04, 0x40, 0xc5, 0x80, 0x02, 0x40, 0xc4,
  0x80, 0xc4, 0x80, 0x02, 0x40, 0xc5, 0x40, 0x05, 0xc6, 0x02, 0x80, 0xc4, 0x40, 0xc5, 0x02, 0x80,
  0xc5, 0x40, 0x05, 0x80, 0xc5, 0x40, 0x01, 0x80, 0xc4, 0x00, 0x80, 0xc4, 0x02, 0xc6, 0x06, 0x40,
  0xc5, 0x40, 0x01, 0xc4, 0x80, 0x00, 0x40, 0xc4, 0x40, 0x01, 0xc5, 0x80, 0x07, 0xc5, 0x80, 0x00,
  0x40, 0xc4, 0x40, 0x01, 0xc4, 0x80, 0x00, 0x40, 0xc5, 0x40, 0x07, 0xc6, 0x00, 0x80, 0xc4, 0x02,
  0xc4, 0x80, 0x00, 0x80, 0xc5, 0x08, 0x80, 0xc5, 0x00, 0x80, 0xc3, 0x80, 0x02, 0x80, 0xc4, 0x00,
  0xc5, 0x80, 0x08, 0x40, 0xc5, 0x40, 0xc4, 0x80, 0x02, 0x40, 0xc4, 0x40, 0xc5, 0x80, 0x09, 0xcb,
  0x40, 0x03, 0xcb, 0x40, 0x09, 0x80, 0xca, 0x04, 0x80, 0xca, 0x0a, 0x80, 0xc9, 0x80, 0x04, 0x40,
  0xc9, 0x80, 0x0a, 0x40, 0xc9, 0x40, 0x04, 0x40, 0xc9, 0x40, 0x0b, 0xc9, 0x40, 0x05, 0xc9, 0x40,
  0x0b, 0x80, 0xc8, 0x06, 0x80, 0xc8, 0x0c, 0x40, 0xc7, 0x80, 0x06, 0x40, 0xc7, 0x80, 0x0d, 0xc7,
  0x40, 0x07, 0xc7, 0x40, 0x0d, 0xc7, 0x08, 0xc7, 0x07, 0x00, 0x46, 0x09, 0x46, 0x01, 0xc6, 0x80,
  0x07, 0x40, 0xc6, 0x01, 0x40, 0xc6, 0x07, 0xc6, 0x40, 0x02, 0x80, 0xc5, 0x80, 0x05, 0x80, 0xc5,
  0x80, 0x03, 0x40, 0xc6, 0x05, 0xc6, 0x40, 0x04, 0x80, 0xc5, 0x80, 0x03, 0x80, 0xc5, 0x80, 0x06,
  0xc6, 0x40, 0x01, 0x40, 0xc6, 0x07, 0x40, 0xc5, 0x80, 0x01, 0x80, 0xc5, 0x80, 0x08, 0xc6, 0x41,
  0xc6, 0x09, 0x40, 0xc5, 0x81, 0xc5, 0x40, 0x0a, 0x80, 0xcb, 0x80, 0x0b, 0x40, 0xcb, 0x40, 0x0c,
  0x80, 0xc9, 0x80, 0x0e, 0xc9, 0x0f, 0xc9, 0x0e, 0x80, 0xc9, 0x80, 0x0c, 0x40, 0xcb, 0x40, 0x0b,
  0xcd, 0x0a, 0x80, 0xc5, 0x81, 0xc5, 0x80, 0x09, 0xc6, 0x01, 0xc6, 0x08, 0x80, 0xc5, 0x80, 0x01,
  0x80, 0xc5, 0x80, 0x06, 0x40, 0xc6, 0x03, 0xc6, 0x40, 0x05, 0xc6, 0x40, 0x03, 0x40, 0xc6, 0x04,
  0x80, 0xc6, 0x05, 0xc6, 0x40, 0x03, 0xc6, 0x40, 0x05, 0x40, 0xc6, 0x02, 0x80, 0xc5, 0x80, 0x07,
  0x80, 0xc5, 0x80, 0x00, 0x40, 0xc6, 0x40, 0x08, 0xc6, 0x40, 0x46, 0x0b, 0x46, 0x00, 0x80, 0xc6,
  0x09, 0x40, 0xc6, 0x41, 0xc6, 0x09, 0x80, 0xc6, 0x01, 0xc6, 0x40, 0x08, 0xc6, 0x80, 0x01, 0x80,
  0xc5, 0x80, 0x07, 0x40, 0xc6, 0x40, 0x01, 0x40, 0xc6, 0x07, 0x80, 0xc6, 0x03, 0xc6, 0x40, 0x06,
  0x80, 0xc5, 0x80, 0x03, 0x80, 0xc5, 0x80, 0x06, 0xc6, 0x40, 0x03, 0x40, 0xc6, 0x05, 0x40, 0xc5,
  0x80, 0x05, 0xc6, 0x05, 0x80, 0xc5, 0x40, 0x05, 0x80, 0xc5, 0x40, 0x04, 0xc6, 0x06, 0x40, 0xc5,
  0x80, 0x03, 0x40, 0xc5, 0x80, 0x07, 0xc6, 0x03, 0x40, 0xc5, 0x40, 0x07, 0x80, 0xc5, 0x40, 0x02,
  0x80, 0xc5, 0x08, 0x40, 0xc5, 0x80, 0x02, 0xc5, 0x80, 0x09, 0xc5, 0x80, 0x01, 0x40, 0xc5, 0x40,
  0x09, 0x40, 0xc5, 0x01, 0x80, 0xc5, 0x0b, 0xc5, 0x40, 0x00, 0xc5, 0x80, 0x0b, 0x80, 0xc4, 0x80,
  0x40, 0xc5, 0x40, 0x0b, 0x40, 0xc5, 0x40, 0xc5, 0x0d, 0xcb, 0x80, 0x0d, 0x80, 0xca, 0x40, 0x0d,
  0x40, 0xca, 0x0f, 0xc9, 0x80, 0x0f, 0x80, 0xc8, 0x40, 0x0f, 0x40, 0xc8, 0x11, 0xc7, 0x80, 0x11,
  0x80, 0xc6, 0x12, 0xc6, 0x80, 0x11, 0x40, 0xc6, 0x40, 0x10, 0x40, 0xc7, 0x0d, 0x80, 0xca, 0x80,
  0x0d, 0xcb, 0x0d, 0x40, 0xca, 0x40, 0x0d, 0x80, 0xc9, 0x40, 0x0e, 0x80, 0xc7, 0x80, 0x40, 0x0f,
  0x40, 0x85, 0x41, 0x0f, 0x02, 0x53, 0x04, 0x80, 0xd3, 0x80, 0x03, 0x80, 0xd3, 0x80, 0x03, 0x80,
  0xd3, 0x80, 0x03, 0x80, 0xd3, 0x80, 0x03, 0x80, 0xd3, 0x40, 0x03, 0x40, 0x8b, 0xc6, 0x80, 0x10,
  0x80, 0xc6, 0x10, 0x80, 0xc6, 0x40, 0x0f, 0x40, 0xc6, 0x40, 0x0f, 0x40, 0xc6, 0x80, 0x10, 0xc7,
  0x10, 0x80, 0xc6, 0x40, 0x0f, 0x80, 0xc6, 0x40, 0x0f, 0x40, 0xc6, 0x80, 0x0f, 0x40, 0xc6, 0x80,
  0x10, 0xc7, 0x10, 0x80, 0xc6, 0x40, 0x0f, 0x80, 0xc6, 0x40, 0x0f, 0x40, 0xc6, 0x80, 0x0f, 0x40,
  0xc7, 0x10, 0xc8, 0x8b, 0x03, 0x80, 0xd4, 0x03, 0xd5, 0x03, 0xd5, 0x03, 0xd5, 0x03, 0xd5, 0x01,
  0x21, 0x40, 0x81, 0xc2, 0x80, 0x0b, 0x80, 0xc6, 0x80, 0x09, 0x40, 0xc8, 0x80, 0x09, 0xc9, 0x80,
  0x08, 0x40, 0xc9, 0x80, 0x08, 0x80, 0xc7, 0x80, 0x41, 0x08, 0xc6, 0x80, 0x0b, 0x40, 0xc6, 0x0c,
  0x40, 0xc5, 0x80, 0x0c, 0x40, 0xc5, 0x40, 0x0c, 0x40, 0xc5, 0x40, 0x0c, 0x40, 0xc5, 0x40, 0x0c,
  0x40, 0xc5, 0x40, 0x0c, 0x40, 0xc5, 0x40, 0x0c, 0x40, 0xc5, 0x40, 0x0c, 0x80, 0xc5, 0x40, 0x0c,
  0xc6, 0x40, 0x0b, 0x80, 0xc6, 0x08, 0x40, 0x81, 0xc7, 0x80, 0x08, 0x80, 0xc8, 0x80, 0x09, 0x80,
  0xc7, 0x40, 0x0a, 0x80, 0xc5, 0x40, 0x0c, 0x80, 0xc5, 0x80, 0x40, 0x0b, 0x80, 0xc8, 0x40, 0x09,
  0x80, 0xc9, 0x40, 0x0a, 0x40, 0x80, 0xc7, 0x0c, 0x40, 0xc6, 0x40, 0x0c, 0x80, 0xc5, 0x40, 0x0c,
  0x40, 0xc5, 0x40, 0x0c, 0x40, 0xc5, 0x40, 0x0c, 0x40, 0xc5, 0x40, 0x0c, 0x40, 0xc5, 0x40, 0x0c,
  0x40, 0xc5, 0x40, 0x0c, 0x40, 0xc5, 0x40, 0x0c, 0x40, 0xc5, 0x80, 0x0c, 0x40, 0xc5, 0x80, 0x0d,
  0xc6, 0x40, 0x0c, 0xc7, 0x40, 0x0b, 0x80, 0xc9, 0x40, 0x08, 0x40, 0xc9, 0x80, 0x09, 0x80, 0xc8,
  0x80, 0x0a, 0x80, 0xc7, 0x80, 0x0b, 0x40, 0x80, 0xc5, 0x80, 0x0f, 0x42, 0x80, 0x40, 0x00, 0x04,
  0x45, 0x08, 0x40, 0xc5, 0x80, 0x07, 0x40, 0xc5, 0x80, 0x07, 0x40, 0xc5, 0x80, 0x07, 0x40, 0xc5,
  0x80, 0x07, 0x40, 0xc5, 0x80, 0x07, 0x40, 0xc5, 0x80, 0x07, 0x40, 0xc5, 0x80, 0x07, 0x40, 0xc5,
  0x80, 0x07, 0x40, 0xc5, 0x80, 0x07, 0x40, 0xc5, 0x80, 0x07, 0x40, 0xc5, 0x80, 0x07, 0x40, 0xc5,
  0x80, 0x07, 0x40, 0xc5, 0x80, 0x07, 0x40, 0xc5, 0x80, 0x07, 0x40, 0xc5, 0x80, 0x07, 0x40, 0xc5,
  0x80, 0x07, 0x40, 0xc5, 0x80, 0x07, 0x40, 0xc5, 0x80, 0x07, 0x40, 0xc5, 0x80, 0x07, 0x40, 0xc5,
  0x80, 0x07, 0x40, 0xc5, 0x80, 0x07, 0x40, 0xc5, 0x80, 0x07, 0x40, 0xc5, 0x80, 0x07, 0x40, 0xc5,
  0x80, 0x07, 0x40, 0xc5, 0x80, 0x07, 0x40, 0xc5, 0x80, 0x07, 0x40, 0xc5, 0x80, 0x07, 0x40, 0xc5,
  0x80, 0x07, 0x40, 0xc5, 0x80, 0x07, 0x40, 0xc5, 0x80, 0x07, 0x40, 0xc5, 0x80, 0x07, 0x40, 0xc5,
  0x80, 0x07, 0x40, 0xc5, 0x80, 0x07, 0x40, 0xc5, 0x80, 0x07, 0x40, 0xc5, 0x80, 0x07, 0x40, 0xc5,
  0x80, 0x07, 0x40, 0xc5, 0x80, 0x07, 0x40, 0xc5, 0x80, 0x07, 0x40, 0xc5, 0x80, 0x07, 0x40, 0xc5,
  0x80, 0x07, 0x40, 0xc5, 0x80, 0x07, 0x40, 0xc5, 0x80, 0x07, 0x40, 0xc5, 0x80, 0x07, 0x40, 0xc5,
  0x80, 0x07, 0x40, 0xc5, 0x80, 0x07, 0x40, 0xc5, 0x80, 0x07, 0x40, 0xc5, 0x80, 0x07, 0x40, 0xc5,
  0x80, 0x07, 0x40, 0xc5, 0x80, 0x07, 0x40, 0xc5, 0x80, 0x07, 0x40, 0xc5, 0x80, 0x07, 0x40, 0xc5,
  0x80, 0x07, 0x40, 0xc5, 0x80, 0x07, 0x40, 0xc5, 0x80, 0x07, 0x40, 0xc5, 0x80, 0x07, 0x40, 0xc5,
  0x80, 0x07, 0x40, 0xc5, 0x80, 0x08, 0x45, 0x04, 0x15, 0x40, 0xc3, 0x80, 0x40, 0x0d, 0x40, 0xc6,
  0x80, 0x0b, 0x40, 0xc8, 0x40, 0x09, 0x40, 0xc9, 0x09, 0x40, 0xc9, 0x80, 0x08, 0x41, 0x80, 0xc8,
  0x0c, 0x80, 0xc6, 0x0d, 0xc6, 0x40, 0x0c, 0x80, 0xc5, 0x40, 0x0c, 0x40, 0xc5, 0x40, 0x0c, 0x40,
  0xc5, 0x40, 0x0c, 0x40, 0xc5, 0x40, 0x0c, 0x40, 0xc5, 0x40, 0x0c, 0x40, 0xc5, 0x40, 0x0c, 0x40,
  0xc5, 0x40, 0x0c, 0x40, 0xc5, 0x80, 0x0c, 0x40, 0xc6, 0x0d, 0xc6, 0x80, 0x0c, 0x80, 0xc7, 0x81,
  0x40, 0x09, 0x80, 0xc8, 0x80, 0x0a, 0x40, 0xc7, 0x80, 0x0c, 0x40, 0xc5, 0x80, 0x0b, 0x40, 0x80,
  0xc5, 0x80, 0x09, 0x40, 0xc8, 0x80, 0x08, 0x40, 0xc9, 0x80, 0x08, 0x80, 0xc6, 0x80, 0x40, 0x0a,
  0xc6, 0x40, 0x0b, 0x40, 0xc5, 0x80, 0x0c, 0x40, 0xc5, 0x40, 0x0c, 0x40, 0xc5, 0x40, 0x0c, 0x40,
  0xc5, 0x40, 0x0c, 0x40, 0xc5, 0x40, 0x0c, 0x40, 0xc5, 0x40, 0x0c, 0x40, 0xc5, 0x40, 0x0c, 0x40,
  0xc5, 0x40, 0x0c, 0x80, 0xc5, 0x40, 0x0c, 0xc6, 0x40, 0x0a, 0x40, 0xc7, 0x08, 0x40, 0xc9, 0x80,
  0x08, 0x40, 0xc9, 0x40, 0x08, 0x40, 0xc8, 0x80, 0x09, 0x40, 0xc7, 0x80, 0x0a, 0x40, 0xc5, 0x80,
  0x40, 0x0b, 0x40, 0x80, 0x43, 0x0d, 0x07, 0x43, 0x18, 0x40, 0xc5, 0x80, 0x07, 0x40, 0x84, 0x07,
  0x80, 0xc8, 0x40, 0x05, 0x40, 0xc4, 0x40, 0x05, 0x40, 0xca, 0x80, 0x04, 0x80, 0xc4, 0x06, 0xcc,
  0x80, 0x02, 0x40, 0xc5, 0x05, 0x40, 0xce, 0x81, 0xc5, 0x80, 0x05, 0x80, 0xc5, 0x81, 0xce, 0x40,
  0x05, 0xc5, 0x40, 0x02, 0x80, 0xcc, 0x06, 0xc4, 0x80, 0x04, 0x80, 0xca, 0x40, 0x06, 0xc4, 0x80,
  0x05, 0x40, 0xc8, 0x80, 0x07, 0x84, 0x40, 0x07, 0x80, 0xc5, 0x40, 0x18, 0x43, 0x3f, 0x3f, 0x3f,
  0x3f, 0x05, 0x40, 0x80, 0x40, 0x09, 0x40, 0xc4, 0x07, 0x40, 0xc6, 0x06, 0x80, 0xc6, 0x40, 0x05,
  0x80, 0xc6, 0x40, 0x05, 0x80, 0xc6, 0x40, 0x05, 0x40, 0xc6, 0x07, 0x40, 0xc4, 0x40, 0x09, 0x81,
  0x40, 0x27, 0x40, 0x84, 0x40, 0x07, 0x80, 0xc4, 0x80, 0x07, 0x80, 0xc4, 0x80, 0x07, 0xc5, 0x80,
  0x07, 0xc5, 0x80, 0x07, 0xc5, 0x80, 0x07, 0xc5, 0x80, 0x07, 0xc5, 0x80, 0x07, 0xc5, 0x80, 0x07,
  0xc5, 0x80, 0x07, 0xc5, 0x80, 0x07, 0xc5, 0x80, 0x07, 0xc6, 0x07, 0xc6, 0x07, 0xc6, 0x07, 0xc6,
  0x06, 0x40, 0xc6, 0x06, 0x40, 0xc6, 0x06, 0x40, 0xc6, 0x06, 0x40, 0xc6, 0x06, 0x40, 0xc6, 0x06,
  0x40, 0xc6, 0x06, 0x40, 0xc6, 0x06, 0x40, 0xc6, 0x06, 0x40, 0xc6, 0x03, 0x0b, 0x40, 0xc1, 0x40,
  0x16, 0x40, 0xc1, 0x40, 0x16, 0x40, 0xc1, 0x40, 0x16, 0x40, 0xc1, 0x40, 0x13, 0x40, 0x81, 0xc3,
  0x81, 0x40, 0x0e, 0x80, 0xcb, 0x40, 0x0a, 0x40, 0xce, 0x80, 0x08, 0x40, 0xd1, 0x07, 0xd2, 0x80,
  0x05, 0x80, 0xd3, 0x40, 0x03, 0x40, 0xc7, 0x41, 0xc1, 0x41, 0xc7, 0x03, 0xc7, 0x40, 0x00, 0x40,
  0xc1, 0x40, 0x00, 0x40, 0xc6, 0x40, 0x01, 0x40, 0xc6, 0x40, 0x01, 0x40, 0xc1, 0x40, 0x01, 0x80,
  0xc5, 0x40, 0x01, 0x40, 0xc6, 0x02, 0x40, 0xc1, 0x40, 0x01, 0x40, 0xc5, 0x80, 0x01, 0x80, 0xc5,
  0x80, 0x02, 0x40, 0xc1, 0x40, 0x0b, 0x80, 0xc5, 0x80, 0x02, 0x40, 0xc1, 0x40, 0x0b, 0xc6, 0x40,
  0x02, 0x40, 0xc1, 0x40, 0x0b, 0xc6, 0x40, 0x02, 0x40, 0xc1, 0x40, 0x0b, 0xc6, 0x40, 0x02, 0x40,
  0xc1, 0x40, 0x0b, 0xc6, 0x80, 0x02, 0x40, 0xc1, 0x40, 0x0b, 0x80, 0xc5, 0x80, 0x02, 0x40, 0xc1,
  0x40, 0x0b, 0x80, 0xc6, 0x02, 0x40, 0xc1, 0x40, 0x01, 0x40, 0xc5, 0x80, 0x01, 0x40, 0xc6, 0x80,
  0x01, 0x40, 0xc1, 0x40, 0x01, 0x80, 0xc5, 0x40, 0x02, 0xc7, 0x40, 0x00, 0x40, 0xc1, 0x40, 0x00,
  0x40, 0xc6, 0x40, 0x02, 0x40, 0xc7, 0x41, 0xc1, 0x41, 0xc7, 0x04, 0xd4, 0x40, 0x04, 0x40, 0xd2,
  0x80, 0x06, 0x40, 0xd1, 0x08, 0x40, 0xce, 0x80, 0x0b, 0x80, 0xcb, 0x80, 0x0e, 0x40, 0x80, 0xc5,
  0x80, 0x40, 0x13, 0x40, 0xc1, 0x40, 0x16, 0x40, 0xc1, 0x40, 0x16, 0x40, 0xc1, 0x40, 0x16, 0x40,
  0xc1, 0x40, 0x0a, 0x0d, 0x45, 0x15, 0x40, 0x80, 0xc7, 0x80, 0x40, 0x11, 0x80, 0xcc, 0x40, 0x0d,
  0x40, 0xcf, 0x40, 0x0c, 0xd1, 0x40, 0x0a, 0x80, 0xd2, 0x09, 0x40, 0xc8, 0x82, 0xc7, 0x40, 0x08,
  0x80, 0xc6, 0x80, 0x04, 0xc6, 0x80, 0x08, 0x80, 0xc5, 0x80, 0x05, 0x40, 0xc6, 0x08, 0xc6, 0x40,
  0x06, 0xc6, 0x08, 0xc6, 0x40, 0x06, 0x40, 0x85, 0x08, 0xc6, 0x40, 0x16, 0xc6, 0x40, 0x16, 0xc6,
  0x40, 0x16, 0x80, 0xc5, 0x40, 0x16, 0x80, 0xc5, 0x40, 0x12, 0x40, 0x82, 0xc7, 0x86, 0x0b, 0x80,
  0xd1, 0x40, 0x0a, 0x80, 0xd1, 0x40, 0x0a, 0x80, 0xd1, 0x40, 0x0a, 0x80, 0xd1, 0x40, 0x0a, 0x80,
  0xd1, 0x40, 0x0e, 0x80, 0xc5, 0x80, 0x16, 0x80, 0xc5, 0x80, 0x16, 0x40, 0xc6, 0x16, 0x40, 0xc6,
  0x16, 0x40, 0xc6, 0x16, 0x80, 0xc5, 0x80, 0x16, 0x80, 0xc5, 0x40, 0x15, 0x40, 0xc6, 0x13, 0x40,
  0xd8, 0x04, 0x40, 0xd8, 0x04, 0x40, 0xd8, 0x04, 0x40, 0xd8, 0x04, 0x40, 0xd8, 0x04, 0x40, 0xd8,
  0x02, 0x04, 0x40, 0x16, 0x40, 0x08, 0x40, 0xc0, 0x80, 0x05, 0x40, 0x81, 0xc2, 0x81, 0x40, 0x05,
  0x80, 0xc0, 0x80, 0x06, 0x40, 0xc2, 0x80, 0x02, 0x80, 0xca, 0x80, 0x02, 0x80, 0xc2, 0x80, 0x04,
  0x40, 0xc4, 0x80, 0x40, 0xce, 0x40, 0x80, 0xc4, 0x80, 0x04, 0x80, 0xdb, 0x40, 0x05, 0x80, 0xc9,
  0x81, 0x40, 0x81, 0xca, 0x08, 0x80, 0xc5, 0x80, 0x40, 0x06, 0x40, 0x80, 0xc6, 0x09, 0x40, 0xc4,
  0x80, 0x0a, 0x40, 0xc4, 0x80, 0x09, 0xc4, 0x40, 0x0c, 0x40, 0xc4, 0x08, 0x40, 0xc3, 0x80, 0x0e,
  0x40, 0xc3, 0x80, 0x07, 0xc4, 0x10, 0x80, 0xc3, 0x06, 0x40, 0xc3, 0x40, 0x10, 0x40, 0xc3, 0x40,
  0x05, 0x40, 0xc3, 0x12, 0xc3, 0x80, 0x05, 0x80, 0xc2, 0x80, 0x12, 0x80, 0xc2, 0x80, 0x05, 0x80,
  0xc2, 0x80, 0x12, 0x80, 0xc3, 0x05, 0x80, 0xc2, 0x80, 0x12, 0x40, 0xc3, 0x05, 0x80, 0xc2, 0x80,
  0x12, 0x80, 0xc3, 0x05, 0x80, 0xc2, 0x80, 0x12, 0x80, 0xc2, 0x80, 0x05, 0x80, 0xc3, 0x12, 0x80,
  0xc2, 0x80, 0x05, 0x40, 0xc3, 0x40, 0x11, 0xc3, 0x40, 0x06, 0xc3, 0x80, 0x10, 0x80, 0xc3, 0x07,
  0x80, 0xc3, 0x40, 0x0e, 0x40, 0xc3, 0x80, 0x07, 0x40, 0xc4, 0x0e, 0xc4, 0x40, 0x08, 0x80, 0xc4,
  0x0c, 0x80, 0xc3, 0x80, 0x09, 0x80, 0xc5, 0x40, 0x08, 0x40, 0xc6, 0x40, 0x07, 0x80, 0xc7, 0x80,
  0x41, 0x02, 0x41, 0x80, 0xc8, 0x40, 0x05, 0x80, 0xdb, 0x40, 0x03, 0x40, 0xc4, 0x80, 0xd0, 0x80,
  0xc4, 0x80, 0x04, 0x40, 0xc2, 0x80, 0x01, 0x80, 0xcc, 0x80, 0x01, 0x80, 0xc2, 0x80, 0x06, 0x40,
  0xc0, 0x80, 0x04, 0x80, 0xc8, 0x80, 0x04, 0x80, 0xc0, 0x80, 0x08, 0x40, 0x08, 0x45, 0x07, 0x40,
  0x04, 0x00, 0x80, 0xc5, 0x80, 0x09, 0x80, 0xc5, 0x80, 0x01, 0x40, 0xc6, 0x09, 0xc6, 0x40, 0x02,
  0xc6, 0x40, 0x07, 0x80, 0xc6, 0x03, 0x80, 0xc6, 0x07, 0xc6, 0x40, 0x04, 0xc6, 0x40, 0x05, 0x40,
  0xc6, 0x05, 0x80, 0xc5, 0x80, 0x05, 0x80, 0xc5, 0x80, 0x06, 0xc6, 0x04, 0x40, 0xc6, 0x07, 0x80,
  0xc5, 0x80, 0x03, 0x80, 0xc5, 0x80, 0x07, 0x40, 0xc6, 0x03, 0xc6, 0x09, 0x80, 0xc5, 0x40, 0x01,
  0x40, 0xc5, 0x80, 0x09, 0x40, 0xc5, 0x80, 0x01, 0xc6, 0x40, 0x0a, 0xc6, 0x00, 0x40, 0xc5, 0x80,
  0x0b, 0x40, 0xc5, 0x81, 0xc5, 0x40, 0x0c, 0xcc, 0x80, 0x0d, 0x40, 0xcb, 0x40, 0x0e, 0xcb, 0x0f,
  0x80, 0xc9, 0x40, 0x09, 0x40, 0xd4, 0x40, 0x04, 0x40, 0xd4, 0x40, 0x04, 0x40, 0xd4, 0x40, 0x04,
  0x40, 0xd4, 0x40, 0x05, 0x46, 0xc6, 0x80, 0x45, 0x0d, 0x80, 0xc5, 0x80, 0x0c, 0x46, 0xc6, 0x80,
  0x45, 0x05, 0x40, 0xd4, 0x40, 0x04, 0x40, 0xd4, 0x40, 0x04, 0x40, 0xd4, 0x40, 0x04, 0x40, 0xd4,
  0x40, 0x0c, 0x80, 0xc5, 0x80, 0x13, 0x80, 0xc5, 0x80, 0x13, 0x80, 0xc5, 0x80, 0x13, 0x80, 0xc5,
  0x80, 0x13, 0x80, 0xc5, 0x80, 0x13, 0x80, 0xc5, 0x80, 0x13, 0x80, 0xc5, 0x80, 0x09, 0x03, 0x80,
  0xc4, 0x80, 0x07, 0x80, 0xc4, 0x80, 0x07, 0x80, 0xc4, 0x80, 0x07, 0x80, 0xc4, 0x80, 0x07, 0x80,
  0xc4, 0x80, 0x07, 0x80, 0xc4, 0x80, 0x07, 0x80, 0xc4, 0x80, 0x07, 0x80, 0xc4, 0x80, 0x07, 0x80,
  0xc4, 0x80, 0x07, 0x80, 0xc4, 0x80, 0x07, 0x80, 0xc4, 0x80, 0x07, 0x80, 0xc4, 0x80, 0x07, 0x80,
  0xc4, 0x80, 0x07, 0x80, 0xc4, 0x80, 0x07, 0x80, 0xc4, 0x80, 0x07, 0x80, 0xc4, 0x80, 0x07, 0x46,
  0x3f, 0x3f, 0x86, 0x07, 0x80, 0xc4, 0x80, 0x07, 0x80, 0xc4, 0x80, 0x07, 0x80, 0xc4, 0x80, 0x07,
  0x80, 0xc4, 0x80, 0x07, 0x80, 0xc4, 0x80, 0x07, 0x80, 0xc4, 0x80, 0x07, 0x80, 0xc4, 0x80, 0x07,
  0x80, 0xc4, 0x80, 0x07, 0x80, 0xc4, 0x80, 0x07, 0x80, 0xc4, 0x80, 0x07, 0x80, 0xc4, 0x80, 0x07,
  0x80, 0xc4, 0x80, 0x07, 0x80, 0xc4, 0x80, 0x07, 0x80, 0xc4, 0x80, 0x07, 0x80, 0xc4, 0x80, 0x07,
  0x40, 0x84, 0x40, 0x03, 0x0a, 0x44, 0x12, 0x40, 0xc7, 0x80, 0x40, 0x0d, 0x40, 0xcb, 0x80, 0x0b,
  0x40, 0xcd, 0x80, 0x09, 0x40, 0xcf, 0x80, 0x08, 0x80, 0xd0, 0x07, 0x40, 0xc7, 0x81, 0xc7, 0x80,
  0x06, 0x40, 0xc5, 0x80, 0x03, 0x40, 0xc6, 0x06, 0x80, 0xc5, 0x05, 0x80, 0xc5, 0x06, 0x80, 0xc5,
  0x05, 0x40, 0x85, 0x06, 0x40, 0xc5, 0x40, 0x12, 0x40, 0xc6, 0x40, 0x12, 0xc7, 0x80, 0x40, 0x10,
  0x40, 0xc9, 0x40, 0x0f, 0x80, 0xca, 0x40, 0x0d, 0x40, 0xcc, 0x80, 0x0a, 0x80, 0xcf, 0x40, 0x07,
  0xd2, 0x80, 0x05, 0x80, 0xc4, 0x80, 0x01, 0x80, 0xca, 0x80, 0x04, 0xc5, 0x04, 0x40, 0xc9, 0x40,
  0x03, 0xc5, 0x06, 0x40, 0x80, 0xc6, 0x80, 0x03, 0xc5, 0x40, 0x07, 0x40, 0xc6, 0x03, 0xc6, 0x80,
  0x07, 0x40, 0xc5, 0x03, 0x80, 0xc7, 0x80, 0x40, 0x05, 0xc5, 0x04, 0xc9, 0x80, 0x40, 0x02, 0x40,
  0xc4, 0x80, 0x04, 0x40, 0xcb, 0x41, 0xc5, 0x40, 0x05, 0x40, 0xd1, 0x40, 0x07, 0x40, 0x80, 0xcd,
  0x80, 0x40, 0x0a, 0x40, 0x80, 0xcb, 0x0f, 0x80, 0xc9, 0x80, 0x10, 0x40, 0xc8, 0x80, 0x11, 0x40,
  0xc7, 0x13, 0xc6, 0x40, 0x05, 0x45, 0x06, 0x40, 0xc5, 0x40, 0x05, 0xc5, 0x40, 0x06, 0xc5, 0x80,
  0x05, 0xc5, 0x80, 0x05, 0x40, 0xc5, 0x40, 0x05, 0x80, 0xc5, 0x80, 0x40, 0x01, 0x41, 0xc6, 0x40,
  0x05, 0x40, 0xd2, 0x07, 0xd1, 0x80, 0x07, 0x40, 0xd0, 0x09, 0x40, 0xce, 0x0c, 0x80, 0xca, 0x80,
  0x0f, 0x81, 0xc4, 0x80, 0x40, 0x23, 0x04, 0x40, 0x81, 0x40, 0x05, 0x40, 0x81, 0x40, 0x08, 0x80,
  0xc3, 0x80, 0x03, 0x40, 0xc4, 0x06, 0x40, 0xc5, 0x03, 0xc5, 0x80, 0x05, 0x80, 0xc5, 0x40, 0x01,
  0x40, 0xc5, 0x80, 0x05, 0x80, 0xc5, 0x40, 0x01, 0x40, 0xc5, 0x80, 0x05, 0x40, 0xc5, 0x03, 0x80,
  0xc4, 0x40, 0x06, 0x40, 0xc2, 0x80, 0x05, 0x80, 0xc2, 0x40, 0x09, 0x41, 0x08, 0x40, 0x3f, 0x3f,
  0x3f, 0x3f, 0x3f, 0x3f, 0x3f, 0x3f, 0x3f, 0x3f, 0x3d, 0x11, 0x45, 0x1f, 0x40, 0x80, 0xc9, 0x80,
  0x40, 0x19, 0x40, 0x80, 0xce, 0x40, 0x16, 0x80, 0xd1, 0x80, 0x40, 0x12, 0x40, 0xd5, 0x40, 0x10,
  0x40, 0xd7, 0x80, 0x0e, 0x40, 0xc8, 0x81, 0x44, 0x80, 0xc8, 0x80, 0x0d, 0xc7, 0x80, 0x09, 0x40,
  0xc7, 0x40, 0x0b, 0x80, 0xc6, 0x40, 0x0c, 0x80, 0xc6, 0x0a, 0x40, 0xc5, 0x80, 0x03, 0x40, 0x80,
  0xc3, 0x81, 0x03, 0x40, 0xc5, 0x80, 0x09, 0xc5, 0x80, 0x03, 0x80, 0xc8, 0x80, 0x02, 0x80, 0xc5,
  0x40, 0x07, 0x40, 0xc5, 0x02, 0x40, 0xcb, 0x80, 0x02, 0x80, 0xc4, 0x80, 0x07, 0x80, 0xc4, 0x40,
  0x01, 0x40, 0xcd, 0x80, 0x02, 0xc5, 0x07, 0xc5, 0x02, 0xc7, 0x80, 0xc6, 0x40, 0x01, 0x80, 0xc4,
  0x40, 0x05, 0x40, 0xc4, 0x80, 0x01, 0x40, 0xc4, 0x80, 0x03, 0x40, 0xc4, 0x80, 0x01, 0x40, 0xc4,
  0x80, 0x05, 0x80, 0xc4, 0x40, 0x01, 0x80, 0xc3, 0x80, 0x05, 0x40, 0xc4, 0x40, 0x01, 0xc5, 0x05,
  0x80, 0xc4, 0x02, 0xc4, 0x07, 0x84, 0x40, 0x01, 0x80, 0xc4, 0x05, 0x80, 0xc4, 0x01, 0x40, 0xc3,
  0x80, 0x0f, 0x80, 0xc4, 0x05, 0xc5, 0x01, 0x40, 0xc3, 0x80, 0x0f, 0x80, 0xc4, 0x05, 0xc5, 0x01,
  0x40, 0xc3, 0x80, 0x0f, 0x80, 0xc4, 0x05, 0x80, 0xc4, 0x02, 0xc4, 0x07, 0x84, 0x02, 0x80, 0xc4,
  0x05, 0x80, 0xc4, 0x40, 0x01, 0xc4, 0x80, 0x05, 0x40, 0xc4, 0x02, 0xc5, 0x05, 0x40, 0xc4, 0x40,
  0x01, 0x40, 0xc4, 0x80, 0x03, 0x40, 0xc4, 0x80, 0x02, 0xc4, 0x80, 0x05, 0x40, 0xc5, 0x02, 0xc6,
  0x81, 0xc6, 0x40, 0x01, 0x80, 0xc4, 0x40, 0x06, 0xc5, 0x40, 0x01, 0x40, 0xcd, 0x80, 0x02, 0xc5,
  0x40, 0x06, 0x40, 0xc5, 0x02, 0x40, 0xcb, 0x80, 0x02, 0x80, 0xc4, 0x80, 0x08, 0xc5, 0x80, 0x02,
  0x40, 0xc9, 0x80, 0x02, 0x40, 0xc5, 0x40, 0x08, 0x40, 0xc5, 0x80, 0x03, 0x40, 0x80, 0xc4, 0x80,
  0x03, 0x40, 0xc5, 0x80, 0x0a, 0x80, 0xc5, 0x80, 0x0d, 0x80, 0xc6, 0x40, 0x0a, 0x40, 0xc7, 0x80,
  0x09, 0x40, 0xc7, 0x40, 0x0c, 0x40, 0xc8, 0x80, 0x42, 0x00, 0x41, 0x80, 0xc8, 0x80, 0x0e, 0x40,
  0xd7, 0x80, 0x10, 0x40, 0xd5, 0x80, 0x13, 0x80, 0xd2, 0x40, 0x15, 0x40, 0xcf, 0x80, 0x19, 0x40,
  0x80, 0xc9, 0x80, 0x40, 0x1e, 0x42, 0x82, 0x41, 0x10, 0x07, 0x40, 0x83, 0x40, 0x0d, 0x80, 0xc7,
  0x40, 0x0a, 0xca, 0x80, 0x08, 0xcc, 0x40, 0x06, 0x40, 0xc3, 0x80, 0x03, 0xc3, 0x80, 0x06, 0x40,
  0xc2, 0x80, 0x04, 0x40, 0xc3, 0x10, 0x40, 0xc3, 0x10, 0x40, 0xc3, 0x09, 0x40, 0x81, 0xc8, 0x08,
  0x80, 0xcb, 0x07, 0xc5, 0x83, 0xc3, 0x06, 0x40, 0xc3, 0x40, 0x03, 0x40, 0xc3, 0x06, 0x80, 0xc2,
  0x80, 0x04, 0x40, 0xc3, 0x06, 0x80, 0xc2, 0x40, 0x04, 0x40, 0xc3, 0x06, 0x80, 0xc2, 0x80, 0x03,
  0x40, 0x80, 0xc3, 0x06, 0x40, 0xc4, 0x82, 0xc5, 0x07, 0xcd, 0x40, 0x07, 0xc7, 0x40, 0x80, 0xc2,
  0x40, 0x08, 0x40, 0x83, 0x40, 0x01, 0x44, 0x3f, 0x3f, 0x3f, 0x3f, 0x3f, 0x22, 0x07, 0x40, 0x85,
  0x40, 0x03, 0x40, 0x85, 0x09, 0xc5, 0x80, 0x04, 0xc5, 0x80, 0x08, 0x80, 0xc5, 0x04, 0x80, 0xc5,
  0x08, 0x40, 0xc5, 0x40, 0x03, 0x40, 0xc5, 0x40, 0x08, 0xc6, 0x04, 0xc5, 0x80, 0x08, 0x80, 0xc5,
  0x40, 0x03, 0x80, 0xc5, 0x08, 0x40, 0xc5, 0x80, 0x03, 0x40, 0xc5, 0x40, 0x08, 0xc6, 0x04, 0xc5,
  0x80, 0x08, 0x80, 0xc5, 0x40, 0x03, 0x80, 0xc5, 0x40, 0x07, 0x40, 0xc5, 0x80, 0x03, 0x40, 0xc5,
  0x80, 0x08, 0xc6, 0x40, 0x03, 0xc6, 0x09, 0x80, 0xc5, 0x40, 0x03, 0x80, 0xc5, 0x40, 0x09, 0xc6,
  0x03, 0x40, 0xc6, 0x09, 0x40, 0xc5, 0x80, 0x03, 0x40, 0xc5, 0x40, 0x09, 0x80, 0xc5, 0x40, 0x03,
  0x80, 0xc5, 0x0a, 0xc6, 0x04, 0xc5, 0x80, 0x09, 0x40, 0xc5, 0x80, 0x03, 0x40, 0xc5, 0x40, 0x09,
  0x80, 0xc5, 0x04, 0x80, 0xc5, 0x0a, 0xc5, 0x80, 0x04, 0xc5, 0x80, 0x09, 0x40, 0xc5, 0x40, 0x03,
  0x40, 0xc5, 0x40, 0x09, 0x80, 0xc5, 0x04, 0x80, 0xc4, 0x80, 0x0a, 0x45, 0x05, 0x45, 0x3f, 0x18,
  0x02, 0x80, 0xd2, 0x40, 0x04, 0xd3, 0x40, 0x04, 0xd3, 0x40, 0x04, 0xd3, 0x40, 0x13, 0x80, 0xc3,
  0x40, 0x13, 0x80, 0xc3, 0x40, 0x13, 0x80, 0xc3, 0x40, 0x13, 0x80, 0xc3, 0x40, 0x13, 0x80, 0xc3,
  0x40, 0x13, 0x80, 0xc3, 0x40, 0x14, 0x43, 0x3f, 0x3f, 0x3f, 0x12, 0x0c, 0x44, 0x14, 0x40, 0x80,
  0xc7, 0x80, 0x40, 0x10, 0x80, 0xcb, 0x80, 0x40, 0x0c, 0x40, 0xcf, 0x80, 0x0a, 0x40, 0xc5, 0x80,
  0x44, 0x80, 0xc4, 0x80, 0x08, 0x40, 0xc4, 0x40, 0x07, 0x40, 0x80, 0xc3, 0x80, 0x07, 0xc3, 0x80,
  0x0b, 0x40, 0xc3, 0x40, 0x05, 0x80, 0xc2, 0x80, 0x02, 0x44, 0x05, 0x40, 0xc3, 0x04, 0x40, 0xc3,
  0x02, 0x80, 0xc6, 0x80, 0x03, 0x80, 0xc2, 0x40, 0x03, 0x80, 0xc2, 0x40, 0x02, 0x80, 0xc8, 0x03,
  0xc3, 0x03, 0xc2, 0x80, 0x03, 0x80, 0xc1, 0x80, 0x41, 0x80, 0xc2, 0x40, 0x02, 0x80, 0xc2, 0x40,
  0x01, 0x40, 0xc2, 0x40, 0x03, 0x80, 0xc1, 0x40, 0x02, 0x80, 0xc1, 0x80, 0x02, 0x40, 0xc2, 0x40,
  0x01, 0x40, 0xc2, 0x40, 0x03, 0x80, 0xc1, 0x40, 0x02, 0x80, 0xc1, 0x80, 0x03, 0xc2, 0x80, 0x01,
  0x40, 0xc2, 0x04, 0x80, 0xc1, 0x80, 0x41, 0x80, 0xc2, 0x40, 0x03, 0xc2, 0x80, 0x01, 0x40, 0xc2,
  0x04, 0x80, 0xc8, 0x04, 0xc2, 0x80, 0x01, 0x40, 0xc2, 0x40, 0x03, 0x80, 0xc7, 0x05, 0xc2, 0x80,
  0x01, 0x40, 0xc2, 0x40, 0x03, 0x80, 0xc1, 0x80, 0x00, 0x40, 0xc2, 0x40, 0x04, 0xc2, 0x80, 0x02,
  0xc2, 0x80, 0x03, 0x80, 0xc1, 0x40, 0x01, 0x80, 0xc1, 0x80, 0x03, 0x40, 0xc2, 0x40, 0x02, 0xc3,
  0x03, 0x80, 0xc1, 0x40, 0x01, 0x40, 0xc2, 0x40, 0x02, 0x80, 0xc2, 0x03, 0x40, 0xc2, 0x80, 0x02,
  0x80, 0xc1, 0x40, 0x02, 0xc2, 0x80, 0x01, 0x40, 0xc2, 0x80, 0x04, 0xc3, 0x40, 0x01, 0x43, 0x02,
  0x43, 0x01, 0xc3, 0x40, 0x04, 0x40, 0xc3, 0x40, 0x0c, 0xc3, 0x80, 0x06, 0x80, 0xc3, 0x40, 0x09,
  0x40, 0xc4, 0x08, 0x80, 0xc4, 0x40, 0x05, 0x40, 0x80, 0xc4, 0x40, 0x09, 0x80, 0xc6, 0x82, 0xc6,
  0x40, 0x0b, 0x80, 0xcd, 0x80, 0x0f, 0x80, 0xc9, 0x80, 0x40, 0x12, 0x40, 0x81, 0xc1, 0x81, 0x41,
  0x3f, 0x3f, 0x3f, 0x39, 0x03, 0x40, 0xcf, 0x08, 0x80, 0xcf, 0x08, 0x80, 0xcf, 0x08, 0x80, 0xcf,
  0x3f, 0x3f, 0x3f, 0x3f, 0x3f, 0x3f, 0x3f, 0x3f, 0x3f, 0x3f, 0x3f, 0x3f, 0x2a, 0x19, 0x40, 0x80,
  0xc4, 0x80, 0x0a, 0x80, 0xc8, 0x40, 0x07, 0x80, 0xca, 0x40, 0x05, 0x80, 0xcc, 0x40, 0x03, 0x40,
  0xc5, 0x81, 0xc5, 0x80, 0x03, 0x80, 0xc4, 0x40, 0x02, 0x80, 0xc4, 0x40, 0x02, 0xc4, 0x40, 0x04,
  0x80, 0xc3, 0x40, 0x02, 0xc3, 0x80, 0x05, 0x40, 0xc3, 0x80, 0x02, 0xc3, 0x80, 0x05, 0x40, 0xc3,
  0x80, 0x02, 0xc4, 0x05, 0x40, 0xc3, 0x80, 0x02, 0x80, 0xc3, 0x80, 0x04, 0xc4, 0x40, 0x02, 0x40,
  0xc4, 0x80, 0x42, 0xc5, 0x04, 0xcd, 0x40, 0x04, 0x40, 0xcb, 0x80, 0x06, 0x40, 0xc9, 0x80, 0x09,
  0x80, 0xc6, 0x40, 0x0c, 0x40, 0x81, 0x41, 0x3f, 0x3f, 0x3f, 0x3f, 0x3f, 0x2e, 0x2a, 0x80, 0xc4,
  0x80, 0x17, 0x80, 0xc4, 0x80, 0x17, 0x80, 0xc4, 0x80, 0x17, 0x80, 0xc4, 0x80, 0x17, 0x80, 0xc4,
  0x80, 0x17, 0x80, 0xc4, 0x80, 0x0e, 0x40, 0xd6, 0x80, 0x05, 0x40, 0xd6, 0x80, 0x05, 0x40, 0xd6,
  0x80, 0x05, 0x40, 0xd6, 0x80, 0x05, 0x40, 0xd6, 0x80, 0x05, 0x48, 0x80, 0xc4, 0x80, 0x48, 0x0e,
  0x80, 0xc4, 0x80, 0x17, 0x80, 0xc4, 0x80, 0x17, 0x80, 0xc4, 0x80, 0x17, 0x80, 0xc4, 0x80, 0x17,
  0x80, 0xc4, 0x80, 0x17, 0x46, 0x3f, 0x0c, 0x40, 0xd6, 0x80, 0x05, 0x40, 0xd6, 0x80, 0x05, 0x40,
  0xd6, 0x80, 0x05, 0x40, 0xd6, 0x80, 0x05, 0x40, 0xd6, 0x80, 0x05, 0x40, 0x96, 0x40, 0x21, 0x05,
  0x40, 0x83, 0x41, 0x09, 0x80, 0xc8, 0x40, 0x05, 0x40, 0xcb, 0x80, 0x04, 0xcd, 0x80, 0x02, 0x80,
  0xc4, 0x81, 0x40, 0x80, 0xc5, 0x40, 0x01, 0xc4, 0x80, 0x04, 0x80, 0xc3, 0x80, 0x01, 0xc4, 0x05,
  0x40, 0xc3, 0x80, 0x01, 0x44, 0x05, 0x40, 0xc3, 0x80, 0x0c, 0x80, 0xc3, 0x80, 0x0b, 0x80, 0xc4,
  0x40, 0x0a, 0x80, 0xc4, 0x80, 0x0a, 0x80, 0xc5, 0x09, 0x40, 0xc5, 0x80, 0x09, 0x40, 0xc5, 0x80,
  0x09, 0x80, 0xc5, 0x40, 0x09, 0x80, 0xc4, 0x80, 0x09, 0x40, 0xc5, 0x80, 0x09, 0x40, 0xc6, 0x88,
  0x01, 0x80, 0xcf, 0x01, 0x80, 0xcf, 0x01, 0x80, 0xcf, 0x01, 0x40, 0x8f, 0x3f, 0x3f, 0x3f, 0x3f,
  0x3f, 0x03, 0x05, 0x41, 0x83, 0x40, 0x0a, 0x40, 0xc8, 0x80, 0x07, 0x80, 0xcb, 0x40, 0x04, 0x80,
  0xcd, 0x03, 0x40, 0xc5, 0x80, 0x40, 0x81, 0xc4, 0x80, 0x02, 0x80, 0xc3, 0x80, 0x04, 0x80, 0xc4,
  0x02, 0x40, 0x83, 0x40, 0x05, 0xc4, 0x0d, 0x40, 0xc3, 0x80, 0x0b, 0x41, 0xc4, 0x40, 0x08, 0xc8,
  0x40, 0x09, 0xc6, 0x80, 0x0b, 0xc7, 0x80, 0x40, 0x09, 0x82, 0xc6, 0x80, 0x0d, 0x80, 0xc4, 0x40,
  0x0d, 0x80, 0xc3, 0x80, 0x01, 0x84, 0x06, 0x80, 0xc4, 0x01, 0xc4, 0x80, 0x04, 0x40, 0xc4, 0x80,
  0x01, 0x80, 0xc5, 0x83, 0xc5, 0x40, 0x01, 0x40, 0xcf, 0x03, 0x40, 0xcd, 0x06, 0x80, 0xc9, 0x80,
  0x09, 0x40, 0x85, 0x40, 0x3f, 0x3f, 0x3f, 0x3f, 0x3f, 0x19, 0x07, 0x40, 0x85, 0x0d, 0xc5, 0x40,
  0x0c, 0x40, 0xc4, 0x80, 0x0d, 0xc5, 0x0d, 0x40, 0xc4, 0x40, 0x0d, 0x80, 0xc3, 0x80, 0x0d, 0x40,
  0xc4, 0x0e, 0x40, 0x83, 0x40, 0x3f, 0x3f, 0x3f, 0x3f, 0x3f, 0x3f, 0x3f, 0x3f, 0x3f, 0x2a, 0x01,
  0x46, 0x0b, 0x46, 0x03, 0xc6, 0x40, 0x0a, 0xc6, 0x40, 0x02, 0xc6, 0x40, 0x0a, 0xc6, 0x40, 0x02,
  0xc6, 0x40, 0x0a, 0xc6, 0x40, 0x02, 0xc6, 0x40, 0x0a, 0xc6, 0x40, 0x02, 0xc6, 0x40, 0x0a, 0xc6,
  0x40, 0x02, 0xc6, 0x40, 0x0a, 0xc6, 0x40, 0x02, 0xc6, 0x40, 0x0a, 0xc6, 0x40, 0x02, 0xc6, 0x40,
  0x0a, 0xc6, 0x40, 0x02, 0xc6, 0x40, 0x0a, 0xc6, 0x40, 0x02, 0xc6, 0x40, 0x0a, 0xc6, 0x40, 0x02,
  0xc6, 0x40, 0x0a, 0xc6, 0x40, 0x02, 0xc6, 0x40, 0x0a, 0xc6, 0x40, 0x02, 0xc6, 0x40, 0x0a, 0xc6,
  0x40, 0x02, 0xc6, 0x40, 0x0a, 0xc6, 0x40, 0x02, 0xc6, 0x40, 0x0a, 0xc6, 0x40, 0x02, 0xc6, 0x40,
  0x0a, 0xc6, 0x40, 0x02, 0xc6, 0x80, 0x09, 0x40, 0xc6, 0x40, 0x02, 0xc7, 0x09, 0x80, 0xc6, 0x40,
  0x02, 0xc7, 0x80, 0x07, 0x40, 0xc7, 0x40, 0x02, 0xc9, 0x40, 0x03, 0x40, 0x80, 0xc8, 0x40, 0x02,
  0xcc, 0x80, 0xcb, 0x40, 0x02, 0xd9, 0x40, 0x02, 0xc6, 0x80, 0xca, 0x80, 0xc5, 0x40, 0x02, 0xc6,
  0x00, 0xc9, 0x40, 0x80, 0xc5, 0x40, 0x02, 0xc6, 0x01, 0x80, 0xc6, 0x40, 0x00, 0x80, 0xc5, 0x40,
  0x02, 0xc6, 0x02, 0x40, 0x81, 0xc0, 0x80, 0x40, 0x02, 0x80, 0xc5, 0x40, 0x02, 0xc6, 0x16, 0xc6,
  0x16, 0xc6, 0x16, 0xc6, 0x16, 0xc6, 0x16, 0xc6, 0x16, 0xc6, 0x16, 0xc6, 0x16, 0xc6, 0x16, 0x40,
  0x85, 0x14, 0x08, 0x40, 0x81, 0xcc, 0x40, 0x07, 0x40, 0x80, 0xd0, 0x40, 0x06, 0x80, 0xd2, 0x40,
  0x05, 0x80, 0xd3, 0x40, 0x04, 0x40, 0xd4, 0x40, 0x04, 0xcb, 0x84, 0xc4, 0x40, 0x03, 0x80, 0xcb,
  0x40, 0x02, 0x40, 0xc4, 0x40, 0x03, 0xcc, 0x40, 0x02, 0x40, 0xc4, 0x40, 0x02, 0x40, 0xcc, 0x40,
  0x02, 0x40, 0xc4, 0x40, 0x02, 0x40, 0xcc, 0x40, 0x02, 0x40, 0xc4, 0x40, 0x02, 0x40, 0xcc, 0x40,
  0x02, 0x40, 0xc4, 0x40, 0x02, 0x40, 0xcc, 0x40, 0x02, 0x40, 0xc4, 0x40, 0x02, 0x40, 0xcc, 0x40,
  0x02, 0x40, 0xc4, 0x40, 0x02, 0x40, 0xcc, 0x40, 0x02, 0x40, 0xc4, 0x40, 0x03, 0xcc, 0x40, 0x02,
  0x40, 0xc4, 0x40, 0x03, 0x80, 0xcb, 0x40, 0x02, 0x40, 0xc4, 0x40, 0x04, 0xcb, 0x40, 0x02, 0x40,
  0xc4, 0x40, 0x04, 0x80, 0xca, 0x40, 0x02, 0x40, 0xc4, 0x40, 0x05, 0x80, 0xc9, 0x40, 0x02, 0x40,
  0xc4, 0x40, 0x06, 0x80, 0xc8, 0x40, 0x02, 0x40, 0xc4, 0x40, 0x07, 0x40, 0xc7, 0x40, 0x02, 0x40,
  0xc4, 0x40, 0x09, 0x40, 0x81, 0xc3, 0x40, 0x02, 0x40, 0xc4, 0x40, 0x14, 0x40, 0xc4, 0x40, 0x14,
  0x40, 0xc4, 0x40, 0x14, 0x40, 0xc4, 0x40, 0x14, 0x40, 0xc4, 0x40, 0x14, 0x40, 0xc4, 0x40, 0x14,
  0x40, 0xc4, 0x40, 0x14, 0x40, 0xc4, 0x40, 0x14, 0x40, 0xc4, 0x40, 0x14, 0x40, 0xc4, 0x40, 0x14,
  0x40, 0xc4, 0x40, 0x14, 0x40, 0xc4, 0x40, 0x14, 0x40, 0xc4, 0x40, 0x14, 0x40, 0xc4, 0x40, 0x01,
  0x04, 0x40, 0x82, 0x09, 0x80, 0xc4, 0x40, 0x06, 0x40, 0xc6, 0x06, 0x80, 0xc6, 0x40, 0x05, 0x80,
  0xc6, 0x40, 0x05, 0x80, 0xc6, 0x40, 0x05, 0x40, 0xc5, 0x80, 0x07, 0x40, 0xc3, 0x80, 0x0a, 0x42,
  0x3f, 0x3f, 0x2a, 0x15, 0x80, 0xc1, 0x80, 0x0b, 0x80, 0xc2, 0x40, 0x0a, 0xc5, 0x40, 0x08, 0x40,
  0x80, 0xc4, 0x0a, 0x40, 0xc3, 0x80, 0x0a, 0xc3, 0x80, 0x0a, 0xc3, 0x80, 0x06, 0x41, 0x80, 0xc4,
  0x40, 0x05, 0x40, 0xc6, 0x80, 0x06, 0x40, 0xc5, 0x40, 0x07, 0x40, 0xc2, 0x80, 0x40, 0x15, 0x05,
  0x44, 0x06, 0x40, 0x80, 0xc4, 0x05, 0x80, 0xc6, 0x03, 0x40, 0xc8, 0x03, 0xc9, 0x03, 0xc3, 0x80,
  0xc4, 0x03, 0xc2, 0x40, 0x00, 0xc4, 0x03, 0xc0, 0x80, 0x02, 0xc4, 0x03, 0x40, 0x03, 0xc4, 0x08,
  0xc4, 0x08, 0xc4, 0x08, 0xc4, 0x08, 0xc4, 0x08, 0xc4, 0x08, 0xc4, 0x08, 0xc4, 0x08, 0xc4, 0x08,
  0xc4, 0x08, 0xc4, 0x08, 0xc4, 0x08, 0xc4, 0x08, 0x84, 0x3f, 0x3f, 0x3f, 0x30, 0x07, 0x40, 0x83,
  0x40, 0x0d, 0x80, 0xc7, 0x40, 0x0a, 0xca, 0x80, 0x08, 0xcc, 0x80, 0x06, 0x80, 0xc3, 0x80, 0x03,
  0x80, 0xc3, 0x40, 0x05, 0xc3, 0x80, 0x05, 0xc3, 0x80, 0x04, 0x40, 0xc3, 0x06, 0x40, 0xc3, 0x04,
  0x40, 0xc2, 0x80, 0x07, 0xc3, 0x04, 0x40, 0xc2, 0x80, 0x07, 0xc3, 0x40, 0x03, 0x40, 0xc2, 0x80,
  0x07, 0xc3, 0x40, 0x03, 0x40, 0xc2, 0x80, 0x07, 0xc3, 0x40, 0x03, 0x40, 0xc2, 0x80, 0x07, 0xc3,
  0x04, 0x40, 0xc3, 0x06, 0x40, 0xc3, 0x05, 0xc3, 0x40, 0x05, 0x80, 0xc2, 0x80, 0x05, 0x80, 0xc3,
  0x40, 0x03, 0x80, 0xc3, 0x40, 0x06, 0xc5, 0x81, 0xc4, 0x80, 0x07, 0x40, 0xcb, 0x09, 0x40, 0x80,
  0xc7, 0x80, 0x0c, 0x40, 0x84, 0x40, 0x3f, 0x3f, 0x3f, 0x3f, 0x3f, 0x27, 0x01, 0x85, 0x40, 0x03,
  0x40, 0x85, 0x40, 0x09, 0x80, 0xc5, 0x04, 0x80, 0xc5, 0x0a, 0xc5, 0x80, 0x04, 0xc5, 0x80, 0x09,
  0x40, 0xc5, 0x40, 0x03, 0x80, 0xc5, 0x40, 0x09, 0x80, 0xc5, 0x04, 0xc6, 0x0a, 0xc5, 0x80, 0x03,
  0x40, 0xc5, 0x80, 0x09, 0x80, 0xc5, 0x40, 0x03, 0x80, 0xc5, 0x40, 0x09, 0xc6, 0x04, 0xc6, 0x09,
  0x40, 0xc5, 0x80, 0x03, 0x40, 0xc5, 0x80, 0x09, 0x80, 0xc5, 0x40, 0x03, 0x80, 0xc5, 0x40, 0x09,
  0xc6, 0x03, 0x40, 0xc6, 0x08, 0x40, 0xc5, 0x80, 0x03, 0x40, 0xc5, 0x80, 0x08, 0xc6, 0x04, 0xc6,
  0x08, 0x80, 0xc5, 0x40, 0x03, 0x80, 0xc5, 0x40, 0x07, 0x40, 0xc5, 0x80, 0x03, 0x40, 0xc5, 0x80,
  0x08, 0x80, 0xc5, 0x04, 0xc6, 0x08, 0x40, 0xc5, 0x40, 0x03, 0x80, 0xc5, 0x40, 0x08, 0xc5, 0x80,
  0x03, 0x40, 0xc5, 0x80, 0x08, 0x80, 0xc5, 0x04, 0x80, 0xc5, 0x08, 0x40, 0xc5, 0x40, 0x03, 0x40,
  0xc5, 0x40, 0x08, 0xc5, 0x80, 0x04, 0xc5, 0x80, 0x09, 0x45, 0x05, 0x45, 0x3f, 0x1f, 0x04, 0x40,
  0x83, 0x11, 0x40, 0xc3, 0x0a, 0x40, 0xc5, 0x11, 0xc3, 0x40, 0x09, 0x80, 0xc6, 0x10, 0x80, 0xc2,
  0x80, 0x08, 0x40, 0xc8, 0x0f, 0x40, 0xc3, 0x09, 0x40, 0xc8, 0x0f, 0xc3, 0x40, 0x09, 0x40, 0xc2,
  0x40, 0x80, 0xc3, 0x0e, 0x80, 0xc2, 0x80, 0x0a, 0x40, 0xc0, 0x80, 0x01, 0x80, 0xc3, 0x0d, 0x40,
  0xc3, 0x0b, 0x41, 0x02, 0x80, 0xc3, 0x0c, 0x40, 0xc3, 0x40, 0x10, 0x80, 0xc3, 0x0c, 0x80, 0xc2,
  0x80, 0x11, 0x80, 0xc3, 0x0b, 0x80, 0xc3, 0x12, 0x80, 0xc3, 0x0a, 0x40, 0xc3, 0x40, 0x12, 0x80,
  0xc3, 0x0a, 0xc3, 0x80, 0x13, 0x80, 0xc3, 0x09, 0x80, 0xc3, 0x14, 0x80, 0xc3, 0x08, 0x40, 0xc3,
  0x40, 0x14, 0x80, 0xc3, 0x08, 0xc3, 0x80, 0x15, 0x80, 0xc3, 0x07, 0x80, 0xc2, 0x80, 0x16, 0x80,
  0xc3, 0x06, 0x40, 0xc3, 0x40, 0x07, 0x40, 0x84, 0x40, 0x07, 0x80, 0xc3, 0x06, 0xc3, 0x40, 0x07,
  0x40, 0xc5, 0x80, 0x07, 0x80, 0xc3, 0x05, 0x80, 0xc2, 0x80, 0x08, 0xc6, 0x80, 0x11, 0x40, 0xc3,
  0x08, 0x80, 0xc6, 0x80, 0x11, 0xc3, 0x40, 0x07, 0x40, 0xc7, 0x80, 0x10, 0x80, 0xc2, 0x80, 0x07,
  0x40, 0xc8, 0x80, 0x0f, 0x40, 0xc3, 0x08, 0xc4, 0x00, 0xc3, 0x80, 0x0e, 0x40, 0xc3, 0x40, 0x07,
  0x80, 0xc3, 0x40, 0x00, 0xc3, 0x80, 0x0e, 0x80, 0xc2, 0x80, 0x07, 0x40, 0xc3, 0x80, 0x01, 0xc3,
  0x80, 0x0d, 0x80, 0xc3, 0x08, 0xc3, 0x80, 0x02, 0xc3, 0x80, 0x0c, 0x40, 0xc3, 0x40, 0x07, 0x80,
  0xc3, 0x03, 0xc3, 0x80, 0x0c, 0xc3, 0x80, 0x07, 0x80, 0xc3, 0x40, 0x03, 0xc3, 0x80, 0x0b, 0x80,
  0xc3, 0x08, 0xc4, 0x84, 0xc4, 0x81, 0x40, 0x07, 0x40, 0xc3, 0x40, 0x08, 0xd0, 0x40, 0x07, 0xc3,
  0x80, 0x09, 0xd0, 0x40, 0x06, 0x80, 0xc2, 0x80, 0x0a, 0xd0, 0x40, 0x05, 0x40, 0xc3, 0x40, 0x14,
  0xc3, 0x80, 0x08, 0xc3, 0x40, 0x15, 0xc3, 0x80, 0x07, 0x80, 0xc2, 0x80, 0x16, 0xc3, 0x80, 0x02,
  0x04, 0x40, 0x83, 0x11, 0x40, 0xc3, 0x0b, 0x40, 0xc5, 0x11, 0xc3, 0x40, 0x0a, 0x80, 0xc6, 0x10,
  0x80, 0xc2, 0x80, 0x09, 0x40, 0xc8, 0x0f, 0x40, 0xc3, 0x0a, 0x40, 0xc8, 0x0f, 0xc3, 0x40, 0x0a,
  0x40, 0xc2, 0x40, 0x80, 0xc3, 0x0e, 0x80, 0xc2, 0x80, 0x0b, 0x40, 0xc0, 0x80, 0x01, 0x80, 0xc3,
  0x0d, 0x40, 0xc3, 0x0c, 0x41, 0x02, 0x80, 0xc3, 0x0c, 0x40, 0xc3, 0x40, 0x11, 0x80, 0xc3, 0x0c,
  0x80, 0xc2, 0x80, 0x12, 0x80, 0xc3, 0x0b, 0x80, 0xc3, 0x13, 0x80, 0xc3, 0x0a, 0x40, 0xc3, 0x40,
  0x13, 0x80, 0xc3, 0x0a, 0xc3, 0x80, 0x14, 0x80, 0xc3, 0x09, 0x80, 0xc3, 0x15, 0x80, 0xc3, 0x08,
  0x40, 0xc3, 0x40, 0x15, 0x80, 0xc3, 0x08, 0xc3, 0x80, 0x16, 0x80, 0xc3, 0x07, 0x80, 0xc2, 0x80,
  0x17, 0x80, 0xc3, 0x06, 0x40, 0xc3, 0x40, 0x06, 0x40, 0x85, 0x40, 0x08, 0x80, 0xc3, 0x06, 0xc3,
  0x40, 0x06, 0x80, 0xc7, 0x80, 0x07, 0x80, 0xc3, 0x05, 0x80, 0xc2, 0x80, 0x05, 0x40, 0xcb, 0x10,
  0x40, 0xc3, 0x06, 0xcc, 0x80, 0x0f, 0xc3, 0x40, 0x05, 0x40, 0xc3, 0x80, 0x40, 0x01, 0x40, 0x80,
  0xc3, 0x40, 0x0d, 0x80, 0xc2, 0x80, 0x06, 0x80, 0xc3, 0x05, 0xc3, 0x40, 0x0c, 0x40, 0xc3, 0x07,
  0x44, 0x05, 0xc3, 0x80, 0x0b, 0x40, 0xc3, 0x40, 0x11, 0x40, 0xc3, 0x40, 0x0b, 0x80, 0xc2, 0x80,
  0x11, 0x40, 0xc4, 0x0b, 0x80, 0xc3, 0x11, 0x40, 0xc4, 0x40, 0x0a, 0x40, 0xc3, 0x40, 0x10, 0x80,
  0xc4, 0x80, 0x0b, 0xc3, 0x80, 0x10, 0xc5, 0x40, 0x0b, 0x80, 0xc3, 0x0f, 0x40, 0xc5, 0x40, 0x0b,
  0x40, 0xc3, 0x40, 0x0e, 0x80, 0xc4, 0x80, 0x0d, 0xc3, 0x80, 0x0e, 0x80, 0xc4, 0x40, 0x0d, 0x80,
  0xc2, 0x80, 0x0e, 0xcd, 0x80, 0x05, 0x40, 0xc3, 0x40, 0x0d, 0x40, 0xcd, 0x80, 0x05, 0xc3, 0x40,
  0x0e, 0x40, 0xcd, 0x80, 0x04, 0x80, 0xc2, 0x80, 0x0f, 0x40, 0xcd, 0x80, 0x04, 0x40, 0x85, 0x40,
  0x12, 0x40, 0xc3, 0x40, 0x09, 0x40, 0xc8, 0x80, 0x11, 0xc3, 0x80, 0x09, 0x80, 0xcb, 0x0f, 0x80,
  0xc3, 0x09, 0x40, 0xcc, 0x80, 0x0d, 0x40, 0xc3, 0x40, 0x09, 0x80, 0xc3, 0x40, 0x02, 0x40, 0xc4,
  0x0d, 0xc3, 0x80, 0x0a, 0x83, 0x40, 0x04, 0x80, 0xc3, 0x0c, 0x80, 0xc2, 0x80, 0x15, 0x80, 0xc3,
  0x0b, 0x40, 0xc3, 0x40, 0x11, 0x42, 0x80, 0xc3, 0x80, 0x0b, 0xc3, 0x40, 0x11, 0x80, 0xc6, 0x80,
  0x0b, 0x80, 0xc2, 0x80, 0x12, 0x80, 0xc4, 0x80, 0x40, 0x0b, 0x40, 0xc3, 0x13, 0x80, 0xc7, 0x40,
  0x09, 0xc3, 0x40, 0x13, 0x43, 0x80, 0xc4, 0x40, 0x07, 0x80, 0xc2, 0x80, 0x19, 0x40, 0xc3, 0x80,
  0x06, 0x40, 0xc3, 0x10, 0x44, 0x05, 0xc4, 0x05, 0x40, 0xc3, 0x40, 0x0f, 0x40, 0xc4, 0x04, 0x80,
  0xc4, 0x05, 0x80, 0xc2, 0x80, 0x11, 0xc5, 0x82, 0xc5, 0x80, 0x04, 0x80, 0xc3, 0x12, 0x40, 0xcd,
  0x04, 0x40, 0xc3, 0x40, 0x07, 0x40, 0x84, 0x40, 0x04, 0x40, 0xca, 0x80, 0x05, 0xc3, 0x80, 0x07,
  0x40, 0xc5, 0x80, 0x06, 0x80, 0xc6, 0x80, 0x40, 0x05, 0x80, 0xc3, 0x08, 0x80, 0xc5, 0x80, 0x09,
  0x43, 0x07, 0x40, 0xc3, 0x40, 0x07, 0x80, 0xc6, 0x80, 0x15, 0xc3, 0x80, 0x07, 0x40, 0xc7, 0x80,
  0x14, 0x80, 0xc2, 0x80, 0x08, 0xc8, 0x80, 0x13, 0x40, 0xc3, 0x40, 0x07, 0x80, 0xc3, 0x40, 0x80,
  0xc2, 0x80, 0x13, 0xc3, 0x40, 0x07, 0x80, 0xc3, 0x40, 0x00, 0x80, 0xc2, 0x80, 0x12, 0x80, 0xc2,
  0x80, 0x07, 0x40, 0xc3, 0x80, 0x01, 0x80, 0xc2, 0x80, 0x11, 0x40, 0xc3, 0x08, 0xc3, 0x80, 0x02,
  0x80, 0xc2, 0x80, 0x11, 0xc3, 0x40, 0x07, 0x80, 0xc3, 0x03, 0x80, 0xc2, 0x80, 0x10, 0x80, 0xc2,
  0x80, 0x07, 0x40, 0xc3, 0x40, 0x03, 0x80, 0xc2, 0x80, 0x0f, 0x40, 0xc3, 0x08, 0xc4, 0x84, 0xc4,
  0x81, 0x40, 0x0b, 0x40, 0xc3, 0x40, 0x08, 0xd0, 0x40, 0x0b, 0x80, 0xc2, 0x80, 0x09, 0xd0, 0x40,
  0x0a, 0x80, 0xc3, 0x0a, 0xd0, 0x40, 0x09, 0x40, 0xc3, 0x40, 0x14, 0xc3, 0x80, 0x0c, 0xc3, 0x80,
  0x15, 0xc3, 0x80, 0x0b, 0x80, 0xc3, 0x16, 0xc3, 0x80, 0x02, 0x0c, 0x41, 0x14, 0x80, 0xc3, 0x40,
  0x11, 0x80, 0xc5, 0x40, 0x0f, 0x40, 0xc7, 0x0f, 0x40, 0xc7, 0x0f, 0x40, 0xc7, 0x10, 0xc6, 0x80,
  0x10, 0x40, 0xc5, 0x12, 0x40, 0x82, 0x40, 0x3f, 0x1d, 0x40, 0xc5, 0x11, 0x40, 0xc5, 0x11, 0x80,
  0xc5, 0x11, 0xc6, 0x10, 0x80, 0xc5, 0x80, 0x0f, 0x80, 0xc6, 0x40, 0x0d, 0x40, 0x80, 0xc7, 0x0d,
  0x40, 0xc8, 0x40, 0x0c, 0x80, 0xc8, 0x40, 0x0c, 0x80, 0xc8, 0x40, 0x0c, 0x40, 0xc7, 0x80, 0x0e,
  0xc7, 0x40, 0x0e, 0x40, 0xc6, 0x80, 0x0f, 0x40, 0xc6, 0x10, 0x80, 0xc6, 0x07, 0x40, 0x85, 0x40,
  0x00, 0x80, 0xc6, 0x07, 0x80, 0xc5, 0x40, 0x00, 0x40, 0xc6, 0x40, 0x06, 0xc6, 0x40, 0x00, 0x40,
  0xc7, 0x05, 0x80, 0xc6, 0x02, 0xc8, 0x80, 0x42, 0xc7, 0x80, 0x02, 0x80, 0xd3, 0x40, 0x03, 0x80,
  0xd1, 0x40, 0x05, 0xd0, 0x80, 0x07, 0x80, 0xcd, 0x40, 0x09, 0x40, 0x80, 0xc9, 0x80, 0x0e, 0x41,
  0x82, 0x42, 0x07, 0x09, 0x85, 0x40, 0x1a, 0x40, 0xc5, 0x1b, 0x80, 0xc4, 0x80, 0x1b, 0xc5, 0x1b,
  0x40, 0xc4, 0x40, 0x1b, 0x80, 0xc4, 0x1c, 0xc4, 0x40, 0x1b, 0x40, 0x83, 0x40, 0x3f, 0x3f, 0x80,
  0xc8, 0x17, 0xc9, 0x40, 0x15, 0x40, 0xc9, 0x80, 0x15, 0x80, 0xca, 0x15, 0xcb, 0x40, 0x13, 0x40,
  0xcb, 0x80, 0x13, 0x80, 0xcc, 0x13, 0xcd, 0x40, 0x11, 0x80, 0xc6, 0x80, 0xc5, 0x80, 0x11, 0xc6,
  0x80, 0x40, 0xc6, 0x10, 0x40, 0xc6, 0x40, 0x00, 0xc6, 0x80, 0x0f, 0x80, 0xc6, 0x01, 0x80, 0xc6,
  0x0f, 0xc6, 0x80, 0x01, 0x40, 0xc6, 0x40, 0x0d, 0x40, 0xc6, 0x40, 0x02, 0xc6, 0x80, 0x0d, 0x80,
  0xc6, 0x03, 0x80, 0xc6, 0x0d, 0xc6, 0x80, 0x03, 0x40, 0xc6, 0x40, 0x0b, 0x40, 0xc6, 0x40, 0x04,
  0xc6, 0x80, 0x0b, 0x80, 0xc6, 0x05, 0x80, 0xc6, 0x0b, 0xc6, 0x80, 0x05, 0x40, 0xc6, 0x40, 0x09,
  0x40, 0xc6, 0x40, 0x06, 0xc6, 0x80, 0x09, 0x80, 0xc6, 0x07, 0x80, 0xc6, 0x09, 0xc7, 0x87, 0xc7,
  0x40, 0x07, 0x40, 0xd7, 0x80, 0x07, 0x80, 0xd8, 0x07, 0xd9, 0x40, 0x05, 0x40, 0xd9, 0x80, 0x05,
  0x80, 0xda, 0x05, 0xc6, 0x80, 0x0b, 0x40, 0xc6, 0x40, 0x03, 0x40, 0xc6, 0x40, 0x0c, 0xc6, 0x80,
  0x03, 0x80, 0xc6, 0x0d, 0x80, 0xc6, 0x03, 0xc6, 0x80, 0x0d, 0x40, 0xc6, 0x40, 0x01, 0x40, 0xc6,
  0x40, 0x0e, 0xc6, 0x80, 0x01, 0x80, 0xc6, 0x0f, 0x80, 0xc6, 0x01, 0xc6, 0x80, 0x0f, 0x40, 0xc6,
  0x41, 0xc6, 0x40, 0x10, 0xc6, 0x80, 0x10, 0x40, 0x85, 0x1a, 0x80, 0xc4, 0x80, 0x19, 0x40, 0xc5,
  0x1a, 0x80, 0xc4, 0x40, 0x1a, 0xc4, 0x80, 0x1a, 0x80, 0xc4, 0x1b, 0xc4, 0x40, 0x1a, 0x40, 0x83,
  0x40, 0x3f, 0x3f, 0x80, 0xc8, 0x17, 0xc9, 0x40, 0x15, 0x40, 0xc9, 0x80, 0x15, 0x80, 0xca, 0x15,
  0xcb, 0x40, 0x13, 0x40, 0xcb, 0x80, 0x13, 0x80, 0xcc, 0x13, 0xcd, 0x40, 0x11, 0x80, 0xc6, 0x80,
  0xc5, 0x80, 0x11, 0xc6, 0x80, 0x40, 0xc6, 0x10, 0x40, 0xc6, 0x40, 0x00, 0xc6, 0x80, 0x0f, 0x80,
  0xc6, 0x01, 0x80, 0xc6, 0x0f, 0xc6, 0x80, 0x01, 0x40, 0xc6, 0x40, 0x0d, 0x40, 0xc6, 0x40, 0x02,
  0xc6, 0x80, 0x0d, 0x80, 0xc6, 0x03, 0x80, 0xc6, 0x0d, 0xc6, 0x80, 0x03, 0x40, 0xc6, 0x40, 0x0b,
  0x40, 0xc6, 0x40, 0x04, 0xc6, 0x80, 0x0b, 0x80, 0xc6, 0x05, 0x80, 0xc6, 0x0b, 0xc6, 0x80, 0x05,
  0x40, 0xc6, 0x40, 0x09, 0x40, 0xc6, 0x40, 0x06, 0xc6, 0x80, 0x09, 0x80, 0xc6, 0x07, 0x80, 0xc6,
  0x09, 0xc7, 0x87, 0xc7, 0x40, 0x07, 0x40, 0xd7, 0x80, 0x07, 0x80, 0xd8, 0x07, 0xd9, 0x40, 0x05,
  0x40, 0xd9, 0x80, 0x05, 0x80, 0xda, 0x05, 0xc6, 0x80, 0x0b, 0x40, 0xc6, 0x40, 0x03, 0x40, 0xc6,
  0x40, 0x0c, 0xc6, 0x80, 0x03, 0x80, 0xc6, 0x0d, 0x80, 0xc6, 0x03, 0xc6, 0x80, 0x0d, 0x40, 0xc6,
  0x40, 0x01, 0x40, 0xc6, 0x40, 0x0e, 0xc6, 0x80, 0x01, 0x80, 0xc6, 0x0f, 0x80, 0xc6, 0x01, 0xc6,
  0x80, 0x0f, 0x40, 0xc6, 0x41, 0xc6, 0x40, 0x10, 0xc6, 0x80, 0x0d, 0x85, 0x40, 0x19, 0x80, 0xc6,
  0x18, 0x80, 0xc8, 0x16, 0x80, 0xc9, 0x80, 0x14, 0x80, 0xc4, 0x80, 0x40, 0xc4, 0x80, 0x12, 0x40,
  0xc4, 0x80, 0x01, 0x40, 0xc4, 0x80, 0x10, 0x40, 0xc5, 0x03, 0x80, 0xc4, 0x80, 0x0e, 0x40, 0xc5,
  0x40, 0x04, 0x80, 0xc4, 0x40, 0x3f, 0x38, 0x80, 0xc8, 0x17, 0xc9, 0x40, 0x15, 0x40, 0xc9, 0x80,
  0x15, 0x80, 0xca, 0x15, 0xcb, 0x40, 0x13, 0x40, 0xcb, 0x80, 0x13, 0x80, 0xcc, 0x13, 0xcd, 0x40,
  0x11, 0x80, 0xc6, 0x80, 0xc5, 0x80, 0x11, 0xc6, 0x80, 0x40, 0xc6, 0x10, 0x40, 0xc6, 0x40, 0x00,
  0xc6, 0x80, 0x0f, 0x80, 0xc6, 0x01, 0x80, 0xc6, 0x0f, 0xc6, 0x80, 0x01, 0x40, 0xc6, 0x40, 0x0d,
  0x40, 0xc6, 0x40, 0x02, 0xc6, 0x80, 0x0d, 0x80, 0xc6, 0x03, 0x80, 0xc6, 0x0d, 0xc6, 0x80, 0x03,
  0x40, 0xc6, 0x40, 0x0b, 0x40, 0xc6, 0x40, 0x04, 0xc6, 0x80, 0x0b, 0x80, 0xc6, 0x05, 0x80, 0xc6,
  0x0b, 0xc6, 0x80, 0x05, 0x40, 0xc6, 0x40, 0x09, 0x40, 0xc6, 0x40, 0x06, 0xc6, 0x80, 0x09, 0x80,
  0xc6, 0x07, 0x80, 0xc6, 0x09, 0xc7, 0x87, 0xc7, 0x40, 0x07, 0x40, 0xd7, 0x80, 0x07, 0x80, 0xd8,
  0x07, 0xd9, 0x40, 0x05, 0x40, 0xd9, 0x80, 0x05, 0x80, 0xda, 0x05, 0xc6, 0x80, 0x0b, 0x40, 0xc6,
  0x40, 0x03, 0x40, 0xc6, 0x40, 0x0c, 0xc6, 0x80, 0x03, 0x80, 0xc6, 0x0d, 0x80, 0xc6, 0x03, 0xc6,
  0x80, 0x0d, 0x40, 0xc6, 0x40, 0x01, 0x40, 0xc6, 0x40, 0x0e, 0xc6, 0x80, 0x01, 0x80, 0xc6, 0x0f,
  0x80, 0xc6, 0x01, 0xc6, 0x80, 0x0f, 0x40, 0xc6, 0x41, 0xc6, 0x40, 0x10, 0xc6, 0x80, 0x0a, 0x40,
  0x80, 0xc1, 0x80, 0x40, 0x03, 0x40, 0xc2, 0x40, 0x11, 0x40, 0xc5, 0x80, 0x02, 0x80, 0xc2, 0x40,
  0x10, 0x40, 0xc8, 0x81, 0xc3, 0x11, 0x80, 0xcd, 0x80, 0x11, 0xc3, 0x40, 0x00, 0x40, 0xc7, 0x40,
  0x11, 0xc3, 0x03, 0x80, 0xc4, 0x40, 0x12, 0x43, 0x05, 0x42, 0x3f, 0x3d, 0x80, 0xc8, 0x17, 0xc9,
  0x40, 0x15, 0x40, 0xc9, 0x80, 0x15, 0x80, 0xca, 0x15, 0xcb, 0x40, 0x13, 0x40, 0xcb, 0x80, 0x13,
  0x80, 0xcc, 0x13, 0xcd, 0x40, 0x11, 0x80, 0xc6, 0x80, 0xc5, 0x80, 0x11, 0xc6, 0x80, 0x40, 0xc6,
  0x10, 0x40, 0xc6, 0x40, 0x00, 0xc6, 0x80, 0x0f, 0x80, 0xc6, 0x01, 0x80, 0xc6, 0x0f, 0xc6, 0x80,
  0x01, 0x40, 0xc6, 0x40, 0x0d, 0x40, 0xc6, 0x40, 0x02, 0xc6, 0x80, 0x0d, 0x80, 0xc6, 0x03, 0x80,
  0xc6, 0x0d, 0xc6, 0x80, 0x03, 0x40, 0xc6, 0x40, 0x0b, 0x40, 0xc6, 0x40, 0x04, 0xc6, 0x80, 0x0b,
  0x80, 0xc6, 0x05, 0x80, 0xc6, 0x0b, 0xc6, 0x80, 0x05, 0x40, 0xc6, 0x40, 0x09, 0x40, 0xc6, 0x40,
  0x06, 0xc6, 0x80, 0x09, 0x80, 0xc6, 0x07, 0x80, 0xc6, 0x09, 0xc7, 0x87, 0xc7, 0x40, 0x07, 0x40,
  0xd7, 0x80, 0x07, 0x80, 0xd8, 0x07, 0xd9, 0x40, 0x05, 0x40, 0xd9, 0x80, 0x05, 0x80, 0xda, 0x05,
  0xc6, 0x80, 0x0b, 0x40, 0xc6, 0x40, 0x03, 0x40, 0xc6, 0x40, 0x0c, 0xc6, 0x80, 0x03, 0x80, 0xc6,
  0x0d, 0x80, 0xc6, 0x03, 0xc6, 0x80, 0x0d, 0x40, 0xc6, 0x40, 0x01, 0x40, 0xc6, 0x40, 0x0e, 0xc6,
  0x80, 0x01, 0x80, 0xc6, 0x0f, 0x80, 0xc6, 0x01, 0xc6, 0x80, 0x0f, 0x40, 0xc6, 0x41, 0xc6, 0x40,
  0x10, 0xc6, 0x80, 0x09, 0x40, 0x81, 0x40, 0x05, 0x40, 0x82, 0x12, 0x80, 0xc3, 0x80, 0x03, 0x40,
  0xc4, 0x10, 0x40, 0xc5, 0x40, 0x02, 0xc5, 0x80, 0x0f, 0x80, 0xc5, 0x40, 0x01, 0x40, 0xc6, 0x0f,
  0x80, 0xc5, 0x40, 0x02, 0xc5, 0x80, 0x10, 0xc5, 0x03, 0x80, 0xc4, 0x40, 0x10, 0x40, 0xc3, 0x40,
  0x04, 0x80, 0xc2, 0x80, 0x13, 0x41, 0x08, 0x40, 0x3f, 0x3c, 0x80, 0xc8, 0x17, 0xc9, 0x40, 0x15,
  0x40, 0xc9, 0x80, 0x15, 0x80, 0xca, 0x15, 0xcb, 0x40, 0x13, 0x40, 0xcb, 0x80, 0x13, 0x80, 0xcc,
  0x13, 0xcd, 0x40, 0x11, 0x80, 0xc6, 0x80, 0xc5, 0x80, 0x11, 0xc6, 0x80, 0x40, 0xc6, 0x10, 0x40,
  0xc6, 0x40, 0x00, 0xc6, 0x80, 0x0f, 0x80, 0xc6, 0x01, 0x80, 0xc6, 0x0f, 0xc6, 0x80, 0x01, 0x40,
  0xc6, 0x40, 0x0d, 0x40, 0xc6, 0x40, 0x02, 0xc6, 0x80, 0x0d, 0x80, 0xc6, 0x03, 0x80, 0xc6, 0x0d,
  0xc6, 0x80, 0x03, 0x40, 0xc6, 0x40, 0x0b, 0x40, 0xc6, 0x40, 0x04, 0xc6, 0x80, 0x0b, 0x80, 0xc6,
  0x05, 0x80, 0xc6, 0x0b, 0xc6, 0x80, 0x05, 0x40, 0xc6, 0x40, 0x09, 0x40, 0xc6, 0x40, 0x06, 0xc6,
  0x80, 0x09, 0x80, 0xc6, 0x07, 0x80, 0xc6, 0x09, 0xc7, 0x87, 0xc7, 0x40, 0x07, 0x40, 0xd7, 0x80,
  0x07, 0x80, 0xd8, 0x07, 0xd9, 0x40, 0x05, 0x40, 0xd9, 0x80, 0x05, 0x80, 0xda, 0x05, 0xc6, 0x80,
  0x0b, 0x40, 0xc6, 0x40, 0x03, 0x40, 0xc6, 0x40, 0x0c, 0xc6, 0x80, 0x03, 0x80, 0xc6, 0x0d, 0x80,
  0xc6, 0x03, 0xc6, 0x80, 0x0d, 0x40, 0xc6, 0x40, 0x01, 0x40, 0xc6, 0x40, 0x0e, 0xc6, 0x80, 0x01,
  0x80, 0xc6, 0x0f, 0x80, 0xc6, 0x01, 0xc6, 0x80, 0x0f, 0x40, 0xc6, 0x41, 0xc6, 0x40, 0x10, 0xc6,
  0x80, 0x10, 0x40, 0x1d, 0x40, 0xc3, 0x80, 0x1a, 0x80, 0xc6, 0x18, 0x40, 0xc3, 0x80, 0xc2, 0x80,
  0x17, 0xc2, 0x40, 0x01, 0x40, 0xc2, 0x40, 0x16, 0xc2, 0x03, 0x80, 0xc1, 0x40, 0x16, 0xc2, 0x03,
  0x80, 0xc1, 0x40, 0x16, 0xc2, 0x80, 0x01, 0x40, 0xc2, 0x17, 0x40, 0xc7, 0x80, 0x18, 0x80, 0xc6,
  0x1a, 0x40, 0x80, 0xc2, 0x80, 0x3f, 0x1d, 0x80, 0xc8, 0x17, 0xc9, 0x40, 0x15, 0x40, 0xc9, 0x80,
  0x15, 0x80, 0xca, 0x15, 0xcb, 0x40, 0x13, 0x40, 0xcb, 0x80, 0x13, 0x80, 0xcc, 0x13, 0xcd, 0x40,
  0x11, 0x80, 0xc6, 0x80, 0xc5, 0x80, 0x11, 0xc6, 0x80, 0x40, 0xc6, 0x10, 0x40, 0xc6, 0x40, 0x00,
  0xc6, 0x80, 0x0f, 0x80, 0xc6, 0x01, 0x80, 0xc6, 0x0f, 0xc6, 0x80, 0x01, 0x40, 0xc6, 0x40, 0x0d,
  0x40, 0xc6, 0x40, 0x02, 0xc6, 0x80, 0x0d, 0x80, 0xc6, 0x03, 0x80, 0xc6, 0x0d, 0xc6, 0x80, 0x03,
  0x40, 0xc6, 0x40, 0x0b, 0x40, 0xc6, 0x40, 0x04, 0xc6, 0x80, 0x0b, 0x80, 0xc6, 0x05, 0x80, 0xc6,
  0x0b, 0xc6, 0x80, 0x05, 0x40, 0xc6, 0x40, 0x09, 0x40, 0xc6, 0x40, 0x06, 0xc6, 0x80, 0x09, 0x80,
  0xc6, 0x07, 0x80, 0xc6, 0x09, 0xc7, 0x87, 0xc7, 0x40, 0x07, 0x40, 0xd7, 0x80, 0x07, 0x80, 0xd8,
  0x07, 0xd9, 0x40, 0x05, 0x40, 0xd9, 0x80, 0x05, 0x80, 0xda, 0x05, 0xc6, 0x80, 0x0b, 0x40, 0xc6,
  0x40, 0x03, 0x40, 0xc6, 0x40, 0x0c, 0xc6, 0x80, 0x03, 0x80, 0xc6, 0x0d, 0x80, 0xc6, 0x03, 0xc6,
  0x80, 0x0d, 0x40, 0xc6, 0x40, 0x01, 0x40, 0xc6, 0x40, 0x0e, 0xc6, 0x80, 0x01, 0x80, 0xc6, 0x0f,
  0x80, 0xc6, 0x01, 0xc6, 0x80, 0x0f, 0x40, 0xc6, 0x41, 0xc6, 0x40, 0x10, 0xc6, 0x80, 0x0e, 0x80,
  0xdc, 0x80, 0x0f, 0x40, 0xdd, 0x80, 0x0f, 0x80, 0xdd, 0x80, 0x0f, 0xde, 0x80, 0x0e, 0x80, 0xde,
  0x80, 0x0e, 0xdf, 0x80, 0x0d, 0x40, 0xcf, 0x80, 0x4e, 0x0e, 0xc6, 0x80, 0x41, 0x80, 0xc5, 0x80,
  0x1c, 0x40, 0xc6, 0x40, 0x01, 0x80, 0xc5, 0x80, 0x1c, 0x80, 0xc6, 0x02, 0x80, 0xc5, 0x80, 0x1c,
  0xc6, 0x80, 0x02, 0x80, 0xc5, 0x80, 0x1b, 0x80, 0xc6, 0x03, 0x80, 0xc5, 0x80, 0x1b, 0xc6, 0x80,
  0x03, 0x80, 0xc5, 0x80, 0x1a, 0x40, 0xc6, 0x40, 0x03, 0x80, 0xc5, 0x80, 0x1a, 0xc7, 0x04, 0x80,
  0xc6, 0x8d, 0x40, 0x0a, 0x40, 0xc6, 0x80, 0x04, 0x80, 0xd4, 0x80, 0x0a, 0x80, 0xc6, 0x05, 0x80,
  0xd4, 0x80, 0x0a, 0xc6, 0x80, 0x05, 0x80, 0xd4, 0x80, 0x09, 0x80, 0xc6, 0x40, 0x05, 0x80, 0xd4,
  0x80, 0x09, 0xc7, 0x06, 0x80, 0xd4, 0x80, 0x08, 0x40, 0xc6, 0x40, 0x06, 0x80, 0xc6, 0x8d, 0x40,
  0x08, 0xc7, 0x87, 0xc6, 0x80, 0x16, 0x40, 0xd6, 0x80, 0x16, 0x80, 0xd6, 0x80, 0x16, 0xd7, 0x80,
  0x15, 0x80, 0xd7, 0x80, 0x15, 0xd8, 0x80, 0x14, 0x40, 0xc6, 0x80, 0x09, 0x80, 0xc5, 0x80, 0x14,
  0xc7, 0x0a, 0x80, 0xc5, 0x80, 0x13, 0x40, 0xc6, 0x80, 0x0a, 0x80, 0xd6, 0x03, 0x80, 0xc6, 0x40,
  0x0a, 0x80, 0xd6, 0x03, 0xc7, 0x0b, 0x80, 0xd6, 0x02, 0x80, 0xc6, 0x80, 0x0b, 0x80, 0xd6, 0x02,
  0xc7, 0x0c, 0x80, 0xd6, 0x01, 0x40, 0xc6, 0x80, 0x0c, 0x80, 0xd6, 0x01, 0x0e, 0x45, 0x18, 0x40,
  0x80, 0xc8, 0x81, 0x40, 0x12, 0x40, 0x80, 0xcd, 0x80, 0x40, 0x0f, 0x80, 0xd1, 0x80, 0x0d, 0x80,
  0xd3, 0x80, 0x0b, 0x80, 0xd5, 0x80, 0x09, 0x80, 0xd7, 0x80, 0x07, 0x40, 0xc9, 0x41, 0x01, 0x41,
  0x80, 0xc8, 0x40, 0x06, 0xc8, 0x40, 0x07, 0x40, 0xc7, 0x80, 0x05, 0x80, 0xc7, 0x40, 0x09, 0x40,
  0xc7, 0x05, 0xc7, 0x40, 0x0b, 0x40, 0xc6, 0x40, 0x03, 0x40, 0xc6, 0x80, 0x0d, 0xc6, 0x80, 0x03,
  0x80, 0xc6, 0x0e, 0x80, 0xc6, 0x03, 0xc6, 0x80, 0x0f, 0x46, 0x03, 0xc6, 0x80, 0x19, 0x40, 0xc6,
  0x40, 0x19, 0x40, 0xc6, 0x40, 0x19, 0x40, 0xc6, 0x1a, 0x40, 0xc6, 0x1a, 0x40, 0xc6, 0x1a, 0x40,
  0xc6, 0x40, 0x19, 0x40, 0xc6, 0x40, 0x1a, 0xc6, 0x40, 0x1a, 0xc6, 0x80, 0x1a, 0x80, 0xc6, 0x0e,
  0x40, 0xc6, 0x03, 0x40, 0xc6, 0x80, 0x0d, 0x80, 0xc5, 0x80, 0x04, 0xc7, 0x40, 0x0b, 0x40, 0xc6,
  0x80, 0x04, 0x80, 0xc7, 0x0b, 0xc7, 0x06, 0xc8, 0x40, 0x07, 0x40, 0xc7, 0x80, 0x06, 0x40, 0xc8,
  0x80, 0x41, 0x02, 0x40, 0x80, 0xc8, 0x40, 0x07, 0x80, 0xd7, 0x40, 0x09, 0xd6, 0x80, 0x0b, 0xd4,
  0x80, 0x0d, 0x80, 0xd1, 0x40, 0x0f, 0x40, 0xce, 0x80, 0x40, 0x12, 0x40, 0x80, 0xc9, 0x80, 0x40,
  0x18, 0x40, 0xc2, 0x80, 0x40, 0x1c, 0x40, 0xc2, 0x80, 0x40, 0x1c, 0x80, 0xc4, 0x80, 0x1b, 0x40,
  0x80, 0xc4, 0x80, 0x1d, 0x80, 0xc3, 0x1d, 0x40, 0xc3, 0x1d, 0x80, 0xc3, 0x19, 0x42, 0x80, 0xc3,
  0x80, 0x19, 0xc7, 0x1a, 0xc5, 0x80, 0x1b, 0xc2, 0x81, 0x40, 0x31, 0x06, 0x85, 0x40, 0x14, 0x40,
  0xc5, 0x15, 0x80, 0xc4, 0x40, 0x15, 0xc5, 0x15, 0x40, 0xc4, 0x40, 0x15, 0x80, 0xc3, 0x80, 0x16,
  0xc4, 0x40, 0x15, 0x40, 0x83, 0x40, 0x3f, 0x20, 0x80, 0xd5, 0x80, 0x03, 0x80, 0xd5, 0x80, 0x03,
  0x80, 0xd5, 0x80, 0x03, 0x80, 0xd5, 0x80, 0x03, 0x80, 0xd5, 0x80, 0x03, 0x80, 0xd5, 0x80, 0x03,
  0x80, 0xc5, 0x80, 0x4e, 0x04, 0x80, 0xc5, 0x80, 0x13, 0x80, 0xc5, 0x80, 0x13, 0x80, 0xc5, 0x80,
  0x13, 0x80, 0xc5, 0x80, 0x13, 0x80, 0xc5, 0x80, 0x13, 0x80, 0xc5, 0x80, 0x13, 0x80, 0xc5, 0x80,
  0x13, 0x80, 0xc6, 0x8d, 0x40, 0x04, 0x80, 0xd4, 0x80, 0x04, 0x80, 0xd4, 0x80, 0x04, 0x80, 0xd4,
  0x80, 0x04, 0x80, 0xd4, 0x80, 0x04, 0x80, 0xd4, 0x80, 0x04, 0x80, 0xc5, 0x80, 0x4e, 0x04, 0x80,
  0xc5, 0x80, 0x13, 0x80, 0xc5, 0x80, 0x13, 0x80, 0xc5, 0x80, 0x13, 0x80, 0xc5, 0x80, 0x13, 0x80,
  0xc5, 0x80, 0x13, 0x80, 0xc5, 0x80, 0x13, 0x80, 0xc5, 0x80, 0x13, 0x80, 0xc5, 0x80, 0x13, 0x80,
  0xd5, 0x80, 0x03, 0x80, 0xd5, 0x80, 0x03, 0x80, 0xd5, 0x80, 0x03, 0x80, 0xd5, 0x80, 0x03, 0x80,
  0xd5, 0x80, 0x03, 0x80, 0xd5, 0x80, 0x01, 0x0d, 0x40, 0x85, 0x14, 0xc5, 0x80, 0x13, 0x40, 0xc5,
  0x14, 0x80, 0xc4, 0x40, 0x13, 0x40, 0xc4, 0x80, 0x14, 0x80, 0xc3, 0x80, 0x15, 0xc4, 0x40, 0x14,
  0x40, 0x83, 0x40, 0x3f, 0x20, 0x80, 0xd5, 0x80, 0x03, 0x80, 0xd5, 0x80, 0x03, 0x80, 0xd5, 0x80,
  0x03, 0x80, 0xd5, 0x80, 0x03, 0x80, 0xd5, 0x80, 0x03, 0x80, 0xd5, 0x80, 0x03, 0x80, 0xc5, 0x80,
  0x4e, 0x04, 0x80, 0xc5, 0x80, 0x13, 0x80, 0xc5, 0x80, 0x13, 0x80, 0xc5, 0x80, 0x13, 0x80, 0xc5,
  0x80, 0x13, 0x80, 0xc5, 0x80, 0x13, 0x80, 0xc5, 0x80, 0x13, 0x80, 0xc5, 0x80, 0x13, 0x80, 0xc6,
  0x8d, 0x40, 0x04, 0x80, 0xd4, 0x80, 0x04, 0x80, 0xd4, 0x80, 0x04, 0x80, 0xd4, 0x80, 0x04, 0x80,
  0xd4, 0x80, 0x04, 0x80, 0xd4, 0x80, 0x04, 0x80, 0xc5, 0x80, 0x4e, 0x04, 0x80, 0xc5, 0x80, 0x13,
  0x80, 0xc5, 0x80, 0x13, 0x80, 0xc5, 0x80, 0x13, 0x80, 0xc5, 0x80, 0x13, 0x80, 0xc5, 0x80, 0x13,
  0x80, 0xc5, 0x80, 0x13, 0x80, 0xc5, 0x80, 0x13, 0x80, 0xc5, 0x80, 0x13, 0x80, 0xd5, 0x80, 0x03,
  0x80, 0xd5, 0x80, 0x03, 0x80, 0xd5, 0x80, 0x03, 0x80, 0xd5, 0x80, 0x03, 0x80, 0xd5, 0x80, 0x03,
  0x80, 0xd5, 0x80, 0x01, 0x0a, 0x85, 0x14, 0x80, 0xc6, 0x12, 0x80, 0xc7, 0x80, 0x10, 0x80, 0xc9,
  0x80, 0x0e, 0x80, 0xc4, 0x41, 0xc4, 0x80, 0x0c, 0x80, 0xc4, 0x80, 0x01, 0x80, 0xc4, 0x80, 0x0a,
  0x40, 0xc4, 0x80, 0x03, 0x80, 0xc4, 0x80, 0x08, 0x40, 0xc5, 0x05, 0xc5, 0x40, 0x3f, 0x19, 0x80,
  0xd5, 0x80, 0x03, 0x80, 0xd5, 0x80, 0x03, 0x80, 0xd5, 0x80, 0x03, 0x80, 0xd5, 0x80, 0x03, 0x80,
  0xd5, 0x80, 0x03, 0x80, 0xd5, 0x80, 0x03, 0x80, 0xc5, 0x80, 0x4e, 0x04, 0x80, 0xc5, 0x80, 0x13,
  0x80, 0xc5, 0x80, 0x13, 0x80, 0xc5, 0x80, 0x13, 0x80, 0xc5, 0x80, 0x13, 0x80, 0xc5, 0x80, 0x13,
  0x80, 0xc5, 0x80, 0x13, 0x80, 0xc5, 0x80, 0x13, 0x80, 0xc6, 0x8d, 0x40, 0x04, 0x80, 0xd4, 0x80,
  0x04, 0x80, 0xd4, 0x80, 0x04, 0x80, 0xd4, 0x80, 0x04, 0x80, 0xd4, 0x80, 0x04, 0x80, 0xd4, 0x80,
  0x04, 0x80, 0xc5, 0x80, 0x4e, 0x04, 0x80, 0xc5, 0x80, 0x13, 0x80, 0xc5, 0x80, 0x13, 0x80, 0xc5,
  0x80, 0x13, 0x80, 0xc5, 0x80, 0x13, 0x80, 0xc5, 0x80, 0x13, 0x80, 0xc5, 0x80, 0x13, 0x80, 0xc5,
  0x80, 0x13, 0x80, 0xc5, 0x80, 0x13, 0x80, 0xd5, 0x80, 0x03, 0x80, 0xd5, 0x80, 0x03, 0x80, 0xd5,
  0x80, 0x03, 0x80, 0xd5, 0x80, 0x03, 0x80, 0xd5, 0x80, 0x03, 0x80, 0xd5, 0x80, 0x01, 0x06, 0x40,
  0x81, 0x40, 0x05, 0x40, 0x81, 0x40, 0x0c, 0x80, 0xc3, 0x80, 0x03, 0x40, 0xc4, 0x0a, 0x40, 0xc5,
  0x40, 0x02, 0xc5, 0x80, 0x09, 0x80, 0xc5, 0x40, 0x01, 0x40, 0xc5, 0x80, 0x09, 0x80, 0xc5, 0x40,
  0x01, 0x40, 0xc5, 0x80, 0x09, 0x40, 0xc5, 0x03, 0x80, 0xc4, 0x40, 0x0a, 0x40, 0xc2, 0x80, 0x05,
  0x80, 0xc2, 0x40, 0x0d, 0x41, 0x08, 0x40, 0x3f, 0x1d, 0x80, 0xd5, 0x80, 0x03, 0x80, 0xd5, 0x80,
  0x03, 0x80, 0xd5, 0x80, 0x03, 0x80, 0xd5, 0x80, 0x03, 0x80, 0xd5, 0x80, 0x03, 0x80, 0xd5, 0x80,
  0x03, 0x80, 0xc5, 0x80, 0x4e, 0x04, 0x80, 0xc5, 0x80, 0x13, 0x80, 0xc5, 0x80, 0x13, 0x80, 0xc5,
  0x80, 0x13, 0x80, 0xc5, 0x80, 0x13, 0x80, 0xc5, 0x80, 0x13, 0x80, 0xc5, 0x80, 0x13, 0x80, 0xc5,
  0x80, 0x13, 0x80, 0xc6, 0x8d, 0x40, 0x04, 0x80, 0xd4, 0x80, 0x04, 0x80, 0xd4, 0x80, 0x04, 0x80,
  0xd4, 0x80, 0x04, 0x80, 0xd4, 0x80, 0x04, 0x80, 0xd4, 0x80, 0x04, 0x80, 0xc5, 0x80, 0x4e, 0x04,
  0x80, 0xc5, 0x80, 0x13, 0x80, 0xc5, 0x80, 0x13, 0x80, 0xc5, 0x80, 0x13, 0x80, 0xc5, 0x80, 0x13,
  0x80, 0xc5, 0x80, 0x13, 0x80, 0xc5, 0x80, 0x13, 0x80, 0xc5, 0x80, 0x13, 0x80, 0xc5, 0x80, 0x13,
  0x80, 0xd5, 0x80, 0x03, 0x80, 0xd5, 0x80, 0x03, 0x80, 0xd5, 0x80, 0x03, 0x80, 0xd5, 0x80, 0x03,
  0x80, 0xd5, 0x80, 0x03, 0x80, 0xd5, 0x80, 0x01, 0x00, 0x85, 0x40, 0x06, 0x80, 0xc5, 0x07, 0x80,
  0xc4, 0x40, 0x06, 0x40, 0xc4, 0x80, 0x07, 0x40, 0xc4, 0x40, 0x07, 0x80, 0xc3, 0x80, 0x08, 0xc4,
  0x08, 0x40, 0x83, 0x40, 0x30, 0x80, 0xc5, 0x80, 0x05, 0x80, 0xc5, 0x80, 0x05, 0x80, 0xc5, 0x80,
  0x05, 0x80, 0xc5, 0x80, 0x05, 0x80, 0xc5, 0x80, 0x05, 0x80, 0xc5, 0x80, 0x05, 0x80, 0xc5, 0x80,
  0x05, 0x80, 0xc5, 0x80, 0x05, 0x80, 0xc5, 0x80, 0x05, 0x80, 0xc5, 0x80, 0x05, 0x80, 0xc5, 0x80,
  0x05, 0x80, 0xc5, 0x80, 0x05, 0x80, 0xc5, 0x80, 0x05, 0x80, 0xc5, 0x80, 0x05, 0x80, 0xc5, 0x80,
  0x05, 0x80, 0xc5, 0x80, 0x05, 0x80, 0xc5, 0x80, 0x05, 0x80, 0xc5, 0x80, 0x05, 0x80, 0xc5, 0x80,
  0x05, 0x80, 0xc5, 0x80, 0x05, 0x80, 0xc5, 0x80, 0x05, 0x80, 0xc5, 0x80, 0x05, 0x80, 0xc5, 0x80,
  0x05, 0x80, 0xc5, 0x80, 0x05, 0x80, 0xc5, 0x80, 0x05, 0x80, 0xc5, 0x80, 0x05, 0x80, 0xc5, 0x80,
  0x05, 0x80, 0xc5, 0x80, 0x05, 0x80, 0xc5, 0x80, 0x05, 0x80, 0xc5, 0x80, 0x05, 0x80, 0xc5, 0x80,
  0x05, 0x80, 0xc5, 0x80, 0x05, 0x80, 0xc5, 0x80, 0x05, 0x80, 0xc5, 0x80, 0x05, 0x80, 0xc5, 0x80,
  0x01, 0x05, 0x40, 0x85, 0x06, 0xc5, 0x40, 0x05, 0x40, 0xc4, 0x80, 0x06, 0xc5, 0x06, 0x40, 0xc4,
  0x40, 0x06, 0x80, 0xc3, 0x80, 0x06, 0x40, 0xc4, 0x07, 0x40, 0x83, 0x40, 0x30, 0x80, 0xc5, 0x80,
  0x05, 0x80, 0xc5, 0x80, 0x05, 0x80, 0xc5, 0x80, 0x05, 0x80, 0xc5, 0x80, 0x05, 0x80, 0xc5, 0x80,
  0x05, 0x80, 0xc5, 0x80, 0x05, 0x80, 0xc5, 0x80, 0x05, 0x80, 0xc5, 0x80, 0x05, 0x80, 0xc5, 0x80,
  0x05, 0x80, 0xc5, 0x80, 0x05, 0x80, 0xc5, 0x80, 0x05, 0x80, 0xc5, 0x80, 0x05, 0x80, 0xc5, 0x80,
  0x05, 0x80, 0xc5, 0x80, 0x05, 0x80, 0xc5, 0x80, 0x05, 0x80, 0xc5, 0x80, 0x05, 0x80, 0xc5, 0x80,
  0x05, 0x80, 0xc5, 0x80, 0x05, 0x80, 0xc5, 0x80, 0x05, 0x80, 0xc5, 0x80, 0x05, 0x80, 0xc5, 0x80,
  0x05, 0x80, 0xc5, 0x80, 0x05, 0x80, 0xc5, 0x80, 0x05, 0x80, 0xc5, 0x80, 0x05, 0x80, 0xc5, 0x80,
  0x05, 0x80, 0xc5, 0x80, 0x05, 0x80, 0xc5, 0x80, 0x05, 0x80, 0xc5, 0x80, 0x05, 0x80, 0xc5, 0x80,
  0x05, 0x80, 0xc5, 0x80, 0x05, 0x80, 0xc5, 0x80, 0x05, 0x80, 0xc5, 0x80, 0x05, 0x80, 0xc5, 0x80,
  0x05, 0x80, 0xc5, 0x80, 0x05, 0x80, 0xc5, 0x80, 0x03, 0x06, 0x85, 0x0c, 0xc6, 0x80, 0x0a, 0x80,
  0xc7, 0x80, 0x08, 0x80, 0xc9, 0x80, 0x06, 0x80, 0xc4, 0x41, 0xc4, 0x80, 0x04, 0x80, 0xc4, 0x80,
  0x01, 0x80, 0xc4, 0x80, 0x02, 0x80, 0xc4, 0x80, 0x03, 0x80, 0xc4, 0x40, 0x00, 0x40, 0xc5, 0x05,
  0xc5, 0x40, 0x3f, 0x01, 0x80, 0xc5, 0x80, 0x0b, 0x80, 0xc5, 0x80, 0x0b, 0x80, 0xc5, 0x80, 0x0b,
  0x80, 0xc5, 0x80, 0x0b, 0x80, 0xc5, 0x80, 0x0b, 0x80, 0xc5, 0x80, 0x0b, 0x80, 0xc5, 0x80, 0x0b,
  0x80, 0xc5, 0x80, 0x0b, 0x80, 0xc5, 0x80, 0x0b, 0x80, 0xc5, 0x80, 0x0b, 0x80, 0xc5, 0x80, 0x0b,
  0x80, 0xc5, 0x80, 0x0b, 0x80, 0xc5, 0x80, 0x0b, 0x80, 0xc5, 0x80, 0x0b, 0x80, 0xc5, 0x80, 0x0b,
  0x80, 0xc5, 0x80, 0x0b, 0x80, 0xc5, 0x80, 0x0b, 0x80, 0xc5, 0x80, 0x0b, 0x80, 0xc5, 0x80, 0x0b,
  0x80, 0xc5, 0x80, 0x0b, 0x80, 0xc5, 0x80, 0x0b, 0x80, 0xc5, 0x80, 0x0b, 0x80, 0xc5, 0x80, 0x0b,
  0x80, 0xc5, 0x80, 0x0b, 0x80, 0xc5, 0x80, 0x0b, 0x80, 0xc5, 0x80, 0x0b, 0x80, 0xc5, 0x80, 0x0b,
  0x80, 0xc5, 0x80, 0x0b, 0x80, 0xc5, 0x80, 0x0b, 0x80, 0xc5, 0x80, 0x0b, 0x80, 0xc5, 0x80, 0x0b,
  0x80, 0xc5, 0x80, 0x0b, 0x80, 0xc5, 0x80, 0x0b, 0x80, 0xc5, 0x80, 0x0b, 0x80, 0xc5, 0x80, 0x05,
  0x01, 0x40, 0x81, 0x40, 0x05, 0x40, 0x81, 0x40, 0x02, 0xc4, 0x40, 0x03, 0x40, 0xc3, 0x80, 0x00,
  0x80, 0xc5, 0x03, 0xc5, 0x40, 0x80, 0xc5, 0x40, 0x01, 0x40, 0xc5, 0x81, 0xc5, 0x40, 0x01, 0x40,
  0xc5, 0x80, 0x40, 0xc4, 0x80, 0x03, 0xc5, 0x40, 0x00, 0x40, 0xc2, 0x80, 0x05, 0x80, 0xc2, 0x40,
  0x03, 0x40, 0x09, 0x40, 0x3d, 0x80, 0xc5, 0x80, 0x09, 0x80, 0xc5, 0x80, 0x09, 0x80, 0xc5, 0x80,
  0x09, 0x80, 0xc5, 0x80, 0x09, 0x80, 0xc5, 0x80, 0x09, 0x80, 0xc5, 0x80, 0x09, 0x80, 0xc5, 0x80,
  0x09, 0x80, 0xc5, 0x80, 0x09, 0x80, 0xc5, 0x80, 0x09, 0x80, 0xc5, 0x80, 0x09, 0x80, 0xc5, 0x80,
  0x09, 0x80, 0xc5, 0x80, 0x09, 0x80, 0xc5, 0x80, 0x09, 0x80, 0xc5, 0x80, 0x09, 0x80, 0xc5, 0x80,
  0x09, 0x80, 0xc5, 0x80, 0x09, 0x80, 0xc5, 0x80, 0x09, 0x80, 0xc5, 0x80, 0x09, 0x80, 0xc5, 0x80,
  0x09, 0x80, 0xc5, 0x80, 0x09, 0x80, 0xc5, 0x80, 0x09, 0x80, 0xc5, 0x80, 0x09, 0x80, 0xc5, 0x80,
  0x09, 0x80, 0xc5, 0x80, 0x09, 0x80, 0xc5, 0x80, 0x09, 0x80, 0xc5, 0x80, 0x09, 0x80, 0xc5, 0x80,
  0x09, 0x80, 0xc5, 0x80, 0x09, 0x80, 0xc5, 0x80, 0x09, 0x80, 0xc5, 0x80, 0x09, 0x80, 0xc5, 0x80,
  0x09, 0x80, 0xc5, 0x80, 0x09, 0x80, 0xc5, 0x80, 0x09, 0x80, 0xc5, 0x80, 0x09, 0x80, 0xc5, 0x80,
  0x04, 0x04, 0x80, 0xcd, 0x81, 0x41, 0x10, 0x80, 0xd2, 0x40, 0x0e, 0x80, 0xd4, 0x40, 0x0c, 0x80,
  0xd5, 0x80, 0x0b, 0x80, 0xd7, 0x0a, 0x80, 0xd7, 0x80, 0x09, 0x80, 0xc5, 0x80, 0x45, 0x81, 0xc9,
  0x80, 0x08, 0x80, 0xc5, 0x80, 0x08, 0x40, 0xc8, 0x40, 0x07, 0x80, 0xc5, 0x80, 0x0a, 0x80, 0xc6,
  0x80, 0x07, 0x80, 0xc5, 0x80, 0x0b, 0x80, 0xc6, 0x40, 0x06, 0x80, 0xc5, 0x80, 0x0c, 0xc6, 0x80,
  0x06, 0x80, 0xc5, 0x80, 0x0c, 0x80, 0xc6, 0x06, 0x80, 0xc5, 0x80, 0x0c, 0x40, 0xc6, 0x40, 0x05,
  0x80, 0xc5, 0x80, 0x0d, 0xc6, 0x40, 0x00, 0x44, 0xc6, 0x80, 0x43, 0x09, 0xc6, 0x80, 0x00, 0x80,
  0xcf, 0x40, 0x08, 0x80, 0xc5, 0x80, 0x00, 0x80, 0xcf, 0x40, 0x08, 0x80, 0xc5, 0x80, 0x00, 0x80,
  0xcf, 0x40, 0x08, 0x80, 0xc5, 0x80, 0x00, 0x80, 0xcf, 0x40, 0x08, 0x80, 0xc5, 0x80, 0x05, 0x80,
  0xc5, 0x80, 0x0d, 0x80, 0xc5, 0x80, 0x05, 0x80, 0xc5, 0x80, 0x0d, 0xc6, 0x80, 0x05, 0x80, 0xc5,
  0x80, 0x0d, 0xc6, 0x40, 0x05, 0x80, 0xc5, 0x80, 0x0c, 0x40, 0xc6, 0x40, 0x05, 0x80, 0xc5, 0x80,
  0x0c, 0x80, 0xc6, 0x06, 0x80, 0xc5, 0x80, 0x0c, 0xc6, 0x80, 0x06, 0x80, 0xc5, 0x80, 0x0b, 0x80,
  0xc6, 0x40, 0x06, 0x80, 0xc5, 0x80, 0x0a, 0x80, 0xc6, 0x80, 0x07, 0x80, 0xc5, 0x80, 0x08, 0x40,
  0xc8, 0x40, 0x07, 0x80, 0xc5, 0x80, 0x46, 0x80, 0xc9, 0x80, 0x08, 0x80, 0xd8, 0x09, 0x80, 0xd7,
  0x0a, 0x80, 0xd5, 0x80, 0x0b, 0x80, 0xd4, 0x40, 0x0c, 0x80, 0xd2, 0x80, 0x0e, 0x80, 0xcd, 0x81,
  0x41, 0x0b, 0x0a, 0x40, 0x80, 0xc1, 0x80, 0x04, 0x80, 0xc2, 0x12, 0x80, 0xc5, 0x80, 0x02, 0xc3,
  0x11, 0x80, 0xc8, 0x81, 0xc2, 0x80, 0x11, 0xce, 0x40, 0x10, 0x40, 0xc3, 0x40, 0x00, 0x80, 0xc7,
  0x11, 0x40, 0xc2, 0x80, 0x02, 0x40, 0x80, 0xc3, 0x80, 0x13, 0x43, 0x04, 0x43, 0x3f, 0x33, 0x80,
  0xc5, 0x0e, 0xc6, 0x40, 0x03, 0x80, 0xc5, 0x80, 0x0d, 0xc6, 0x40, 0x03, 0x80, 0xc6, 0x40, 0x0c,
  0xc6, 0x40, 0x03, 0x80, 0xc7, 0x0c, 0xc6, 0x40, 0x03, 0x80, 0xc7, 0x80, 0x0b, 0xc6, 0x40, 0x03,
  0x80, 0xc8, 0x40, 0x0a, 0xc6, 0x40, 0x03, 0x80, 0xc9, 0x0a, 0xc6, 0x40, 0x03, 0x80, 0xc9, 0x80,
  0x09, 0xc6, 0x40, 0x03, 0x80, 0xca, 0x80, 0x08, 0xc6, 0x40, 0x03, 0x80, 0xcb, 0x40, 0x07, 0xc6,
  0x40, 0x03, 0x80, 0xcc, 0x07, 0xc6, 0x40, 0x03, 0x80, 0xcc, 0x80, 0x06, 0xc6, 0x40, 0x03, 0x80,
  0xcd, 0x40, 0x05, 0xc6, 0x40, 0x03, 0x80, 0xc5, 0x81, 0xc6, 0x05, 0xc6, 0x40, 0x03, 0x80, 0xc5,
  0x80, 0x00, 0xc6, 0x80, 0x04, 0xc6, 0x40, 0x03, 0x80, 0xc5, 0x80, 0x00, 0x40, 0xc6, 0x40, 0x03,
  0xc6, 0x40, 0x03, 0x80, 0xc5, 0x80, 0x01, 0x80, 0xc6, 0x03, 0xc6, 0x40, 0x03, 0x80, 0xc5, 0x80,
  0x02, 0xc6, 0x80, 0x02, 0xc6, 0x40, 0x03, 0x80, 0xc5, 0x80, 0x02, 0x40, 0xc6, 0x40, 0x01, 0xc6,
  0x40, 0x03, 0x80, 0xc5, 0x80, 0x03, 0x80, 0xc6, 0x01, 0xc6, 0x40, 0x03, 0x80, 0xc5, 0x80, 0x04,
  0xc6, 0x80, 0x00, 0xc6, 0x40, 0x03, 0x80, 0xc5, 0x80, 0x04, 0x40, 0xc6, 0x40, 0xc6, 0x40, 0x03,
  0x80, 0xc5, 0x80, 0x05, 0x80, 0xcd, 0x40, 0x03, 0x80, 0xc5, 0x80, 0x06, 0x80, 0xcc, 0x40, 0x03,
  0x80, 0xc5, 0x80, 0x06, 0x40, 0xcc, 0x40, 0x03, 0x80, 0xc5, 0x80, 0x07, 0x40, 0xcb, 0x40, 0x03,
  0x80, 0xc5, 0x80, 0x08, 0x80, 0xca, 0x40, 0x03, 0x80, 0xc5, 0x80, 0x09, 0xca, 0x40, 0x03, 0x80,
  0xc5, 0x80, 0x09, 0x40, 0xc9, 0x40, 0x03, 0x80, 0xc5, 0x80, 0x0a, 0x80, 0xc8, 0x40, 0x03, 0x80,
  0xc5, 0x80, 0x0b, 0xc8, 0x40, 0x03, 0x80, 0xc5, 0x80, 0x0b, 0x40, 0xc7, 0x40, 0x03, 0x80, 0xc5,
  0x80, 0x0c, 0x80, 0xc6, 0x40, 0x03, 0x80, 0xc5, 0x80, 0x0d, 0xc6, 0x40, 0x03, 0x80, 0xc5, 0x80,
  0x0d, 0x40, 0xc5, 0x40, 0x01, 0x0a, 0x85, 0x40, 0x1c, 0x40, 0xc5, 0x1d, 0x80, 0xc4, 0x40, 0x1d,
  0xc4, 0x80, 0x1d, 0x40, 0xc4, 0x40, 0x1d, 0x80, 0xc3, 0x80, 0x1e, 0xc4, 0x40, 0x1d, 0x40, 0x83,
  0x40, 0x3f, 0x25, 0x45, 0x19, 0x40, 0x80, 0xc9, 0x80, 0x40, 0x13, 0x40, 0x80, 0xcd, 0x80, 0x40,
  0x10, 0x80, 0xd1, 0x80, 0x0e, 0x80, 0xd3, 0x80, 0x0c, 0x80, 0xd5, 0x80, 0x0a, 0x80, 0xd7, 0x80,
  0x08, 0x40, 0xc8, 0x80, 0x41, 0x01, 0x41, 0x80, 0xc8, 0x40, 0x07, 0xc8, 0x40, 0x07, 0x40, 0xc8,
  0x06, 0x80, 0xc7, 0x0a, 0x40, 0xc7, 0x40, 0x05, 0xc7, 0x40, 0x0b, 0x40, 0xc7, 0x04, 0x40, 0xc6,
  0x80, 0x0d, 0x80, 0xc6, 0x40, 0x03, 0x80, 0xc6, 0x0e, 0x40, 0xc6, 0x80, 0x03, 0xc6, 0x80, 0x0f,
  0x80, 0xc5, 0x80, 0x03, 0xc6, 0x80, 0x0f, 0x80, 0xc6, 0x02, 0x40, 0xc6, 0x40, 0x0f, 0x40, 0xc6,
  0x02, 0x40, 0xc6, 0x40, 0x0f, 0x40, 0xc6, 0x40, 0x01, 0x40, 0xc6, 0x10, 0x40, 0xc6, 0x40, 0x01,
  0x40, 0xc6, 0x11, 0xc6, 0x40, 0x01, 0x40, 0xc6, 0x10, 0x40, 0xc6, 0x40, 0x01, 0x40, 0xc6, 0x40,
  0x0f, 0x40, 0xc6, 0x40, 0x01, 0x40, 0xc6, 0x40, 0x0f, 0x40, 0xc6, 0x03, 0xc6, 0x40, 0x0f, 0x80,
  0xc6, 0x03, 0xc6, 0x80, 0x0f, 0x80, 0xc6, 0x03, 0x80, 0xc6, 0x0f, 0xc6, 0x80, 0x03, 0x40, 0xc6,
  0x80, 0x0d, 0x80, 0xc6, 0x40, 0x04, 0xc7, 0x40, 0x0b, 0x40, 0xc7, 0x05, 0x80, 0xc7, 0x0b, 0xc7,
  0x80, 0x06, 0xc8, 0x40, 0x07, 0x40, 0xc8, 0x07, 0x40, 0xc8, 0x80, 0x40, 0x02, 0x41, 0x80, 0xc8,
  0x40, 0x08, 0x80, 0xd7, 0x80, 0x0a, 0xd6, 0x80, 0x0c, 0x80, 0xd3, 0x80, 0x0e, 0x80, 0xd1, 0x80,
  0x10, 0x40, 0x80, 0xcd, 0x80, 0x40, 0x13, 0x40, 0x80, 0xc9, 0x80, 0x40, 0x19, 0x45, 0x0e, 0x11,
  0x40, 0x85, 0x1c, 0xc5, 0x40, 0x1b, 0x40, 0xc4, 0x80, 0x1c, 0xc5, 0x1c, 0x40, 0xc4, 0x40, 0x1c,
  0x80, 0xc3, 0x80, 0x1c, 0x40, 0xc4, 0x1d, 0x40, 0x83, 0x40, 0x3f, 0x25, 0x45, 0x19, 0x40, 0x80,
  0xc9, 0x80, 0x40, 0x13, 0x40, 0x80, 0xcd, 0x80, 0x40, 0x10, 0x80, 0xd1, 0x80, 0x0e, 0x80, 0xd3,
  0x80, 0x0c, 0x80, 0xd5, 0x80, 0x0a, 0x80, 0xd7, 0x80, 0x08, 0x40, 0xc8, 0x80, 0x41, 0x01, 0x41,
  0x80, 0xc8, 0x40, 0x07, 0xc8, 0x40, 0x07, 0x40, 0xc8, 0x06, 0x80, 0xc7, 0x0a, 0x40, 0xc7, 0x40,
  0x05, 0xc7, 0x40, 0x0b, 0x40, 0xc7, 0x04, 0x40, 0xc6, 0x80, 0x0d, 0x80, 0xc6, 0x40, 0x03, 0x80,
  0xc6, 0x0e, 0x40, 0xc6, 0x80, 0x03, 0xc6, 0x80, 0x0f, 0x80, 0xc5, 0x80, 0x03, 0xc6, 0x80, 0x0f,
  0x80, 0xc6, 0x02, 0x40, 0xc6, 0x40, 0x0f, 0x40, 0xc6, 0x02, 0x40, 0xc6, 0x40, 0x0f, 0x40, 0xc6,
  0x40, 0x01, 0x40, 0xc6, 0x10, 0x40, 0xc6, 0x40, 0x01, 0x40, 0xc6, 0x11, 0xc6, 0x40, 0x01, 0x40,
  0xc6, 0x10, 0x40, 0xc6, 0x40, 0x01, 0x40, 0xc6, 0x40, 0x0f, 0x40, 0xc6, 0x40, 0x01, 0x40, 0xc6,
  0x40, 0x0f, 0x40, 0xc6, 0x03, 0xc6, 0x40, 0x0f, 0x80, 0xc6, 0x03, 0xc6, 0x80, 0x0f, 0x80, 0xc6,
  0x03, 0x80, 0xc6, 0x0f, 0xc6, 0x80, 0x03, 0x40, 0xc6, 0x80, 0x0d, 0x80, 0xc6, 0x40, 0x04, 0xc7,
  0x40, 0x0b, 0x40, 0xc7, 0x05, 0x80, 0xc7, 0x0b, 0xc7, 0x80, 0x06, 0xc8, 0x40, 0x07, 0x40, 0xc8,
  0x07, 0x40, 0xc8, 0x80, 0x40, 0x02, 0x41, 0x80, 0xc8, 0x40, 0x08, 0x80, 0xd7, 0x80, 0x0a, 0xd6,
  0x80, 0x0c, 0x80, 0xd3, 0x80, 0x0e, 0x80, 0xd1, 0x80, 0x10, 0x40, 0x80, 0xcd, 0x80, 0x40, 0x13,
  0x40, 0x80, 0xc9, 0x80, 0x40, 0x19, 0x45, 0x0e, 0x0e, 0x85, 0x1c, 0xc6, 0x80, 0x1a, 0x80, 0xc7,
  0x80, 0x18, 0x80, 0xc9, 0x80, 0x16, 0x80, 0xc4, 0x41, 0xc4, 0x80, 0x14, 0x80, 0xc4, 0x80, 0x01,
  0x80, 0xc4, 0x80, 0x12, 0x80, 0xc4, 0x80, 0x03, 0x80, 0xc4, 0x40, 0x10, 0x40, 0xc5, 0x05, 0xc5,
  0x40, 0x3f, 0x1e, 0x45, 0x19, 0x40, 0x80, 0xc9, 0x80, 0x40, 0x13, 0x40, 0x80, 0xcd, 0x80, 0x40,
  0x10, 0x80, 0xd1, 0x80, 0x0e, 0x80, 0xd3, 0x80, 0x0c, 0x80, 0xd5, 0x80, 0x0a, 0x80, 0xd7, 0x80,
  0x08, 0x40, 0xc8, 0x80, 0x41, 0x01, 0x41, 0x80, 0xc8, 0x40, 0x07, 0xc8, 0x40, 0x07, 0x40, 0xc8,
  0x06, 0x80, 0xc7, 0x0a, 0x40, 0xc7, 0x40, 0x05, 0xc7, 0x40, 0x0b, 0x40, 0xc7, 0x04, 0x40, 0xc6,
  0x80, 0x0d, 0x80, 0xc6, 0x40, 0x03, 0x80, 0xc6, 0x0e, 0x40, 0xc6, 0x80, 0x03, 0xc6, 0x80, 0x0f,
  0x80, 0xc5, 0x80, 0x03, 0xc6, 0x80, 0x0f, 0x80, 0xc6, 0x02, 0x40, 0xc6, 0x40, 0x0f, 0x40, 0xc6,
  0x02, 0x40, 0xc6, 0x40, 0x0f, 0x40, 0xc6, 0x40, 0x01, 0x40, 0xc6, 0x10, 0x40, 0xc6, 0x40, 0x01,
  0x40, 0xc6, 0x11, 0xc6, 0x40, 0x01, 0x40, 0xc6, 0x10, 0x40, 0xc6, 0x40, 0x01, 0x40, 0xc6, 0x40,
  0x0f, 0x40, 0xc6, 0x40, 0x01, 0x40, 0xc6, 0x40, 0x0f, 0x40, 0xc6, 0x03, 0xc6, 0x40, 0x0f, 0x80,
  0xc6, 0x03, 0xc6, 0x80, 0x0f, 0x80, 0xc6, 0x03, 0x80, 0xc6, 0x0f, 0xc6, 0x80, 0x03, 0x40, 0xc6,
  0x80, 0x0d, 0x80, 0xc6, 0x40, 0x04, 0xc7, 0x40, 0x0b, 0x40, 0xc7, 0x05, 0x80, 0xc7, 0x0b, 0xc7,
  0x80, 0x06, 0xc8, 0x40, 0x07, 0x40, 0xc8, 0x07, 0x40, 0xc8, 0x80, 0x40, 0x02, 0x41, 0x80, 0xc8,
  0x40, 0x08, 0x80, 0xd7, 0x80, 0x0a, 0xd6, 0x80, 0x0c, 0x80, 0xd3, 0x80, 0x0e, 0x80, 0xd1, 0x80,
  0x10, 0x40, 0x80, 0xcd, 0x80, 0x40, 0x13, 0x40, 0x80, 0xc9, 0x80, 0x40, 0x19, 0x45, 0x0e, 0x0b,
  0x40, 0x80, 0xc1, 0x80, 0x40, 0x03, 0x80, 0xc2, 0x40, 0x13, 0x80, 0xc5, 0x80, 0x02, 0xc3, 0x13,
  0x40, 0xc8, 0x81, 0xc3, 0x13, 0x80, 0xcd, 0x80, 0x13, 0xc3, 0x40, 0x00, 0x40, 0xc7, 0x13, 0x40,
  0xc2, 0x80, 0x02, 0x40, 0x80, 0xc4, 0x40, 0x14, 0x43, 0x04, 0x43, 0x3f, 0x23, 0x45, 0x19, 0x40,
  0x80, 0xc9, 0x80, 0x40, 0x13, 0x40, 0x80, 0xcd, 0x80, 0x40, 0x10, 0x80, 0xd1, 0x80, 0x0e, 0x80,
  0xd3, 0x80, 0x0c, 0x80, 0xd5, 0x80, 0x0a, 0x80, 0xd7, 0x80, 0x08, 0x40, 0xc8, 0x80, 0x41, 0x01,
  0x41, 0x80, 0xc8, 0x40, 0x07, 0xc8, 0x40, 0x07, 0x40, 0xc8, 0x06, 0x80, 0xc7, 0x0a, 0x40, 0xc7,
  0x40, 0x05, 0xc7, 0x40, 0x0b, 0x40, 0xc7, 0x04, 0x40, 0xc6, 0x80, 0x0d, 0x80, 0xc6, 0x40, 0x03,
  0x80, 0xc6, 0x0e, 0x40, 0xc6, 0x80, 0x03, 0xc6, 0x80, 0x0f, 0x80, 0xc5, 0x80, 0x03, 0xc6, 0x80,
  0x0f, 0x80, 0xc6, 0x02, 0x40, 0xc6, 0x40, 0x0f, 0x40, 0xc6, 0x02, 0x40, 0xc6, 0x40, 0x0f, 0x40,
  0xc6, 0x40, 0x01, 0x40, 0xc6, 0x10, 0x40, 0xc6, 0x40, 0x01, 0x40, 0xc6, 0x11, 0xc6, 0x40, 0x01,
  0x40, 0xc6, 0x10, 0x40, 0xc6, 0x40, 0x01, 0x40, 0xc6, 0x40, 0x0f, 0x40, 0xc6, 0x40, 0x01, 0x40,
  0xc6, 0x40, 0x0f, 0x40, 0xc6, 0x03, 0xc6, 0x40, 0x0f, 0x80, 0xc6, 0x03, 0xc6, 0x80, 0x0f, 0x80,
  0xc6, 0x03, 0x80, 0xc6, 0x0f, 0xc6, 0x80, 0x03, 0x40, 0xc6, 0x80, 0x0d, 0x80, 0xc6, 0x40, 0x04,
  0xc7, 0x40, 0x0b, 0x40, 0xc7, 0x05, 0x80, 0xc7, 0x0b, 0xc7, 0x80, 0x06, 0xc8, 0x40, 0x07, 0x40,
  0xc8, 0x07, 0x40, 0xc8, 0x80, 0x40, 0x02, 0x41, 0x80, 0xc8, 0x40, 0x08, 0x80, 0xd7, 0x80, 0x0a,
  0xd6, 0x80, 0x0c, 0x80, 0xd3, 0x80, 0x0e, 0x80, 0xd1, 0x80, 0x10, 0x40, 0x80, 0xcd, 0x80, 0x40,
  0x13, 0x40, 0x80, 0xc9, 0x80, 0x40, 0x19, 0x45, 0x0e, 0x0a, 0x40, 0x81, 0x40, 0x05, 0x40, 0x81,
  0x40, 0x14, 0xc4, 0x40, 0x03, 0x40, 0xc3, 0x80, 0x12, 0x80, 0xc5, 0x03, 0xc5, 0x40, 0x11, 0x80,
  0xc5, 0x40, 0x01, 0x40, 0xc5, 0x80, 0x11, 0x80, 0xc5, 0x40, 0x01, 0x40, 0xc5, 0x80, 0x11, 0x40,
  0xc4, 0x80, 0x03, 0xc5, 0x40, 0x12, 0x40, 0xc2, 0x80, 0x05, 0x80, 0xc2, 0x40, 0x15, 0x40, 0x09,
  0x40, 0x3f, 0x22, 0x45, 0x19, 0x40, 0x80, 0xc9, 0x80, 0x40, 0x13, 0x40, 0x80, 0xcd, 0x80, 0x40,
  0x10, 0x80, 0xd1, 0x80, 0x0e, 0x80, 0xd3, 0x80, 0x0c, 0x80, 0xd5, 0x80, 0x0a, 0x80, 0xd7, 0x80,
  0x08, 0x40, 0xc8, 0x80, 0x41, 0x01, 0x41, 0x80, 0xc8, 0x40, 0x07, 0xc8, 0x40, 0x07, 0x40, 0xc8,
  0x06, 0x80, 0xc7, 0x0a, 0x40, 0xc7, 0x40, 0x05, 0xc7, 0x40, 0x0b, 0x40, 0xc7, 0x04, 0x40, 0xc6,
  0x80, 0x0d, 0x80, 0xc6, 0x40, 0x03, 0x80, 0xc6, 0x0e, 0x40, 0xc6, 0x80, 0x03, 0xc6, 0x80, 0x0f,
  0x80, 0xc5, 0x80, 0x03, 0xc6, 0x80, 0x0f, 0x80, 0xc6, 0x02, 0x40, 0xc6, 0x40, 0x0f, 0x40, 0xc6,
  0x02, 0x40, 0xc6, 0x40, 0x0f, 0x40, 0xc6, 0x40, 0x01, 0x40, 0xc6, 0x10, 0x40, 0xc6, 0x40, 0x01,
  0x40, 0xc6, 0x11, 0xc6, 0x40, 0x01, 0x40, 0xc6, 0x10, 0x40, 0xc6, 0x40, 0x01, 0x40, 0xc6, 0x40,
  0x0f, 0x40, 0xc6, 0x40, 0x01, 0x40, 0xc6, 0x40, 0x0f, 0x40, 0xc6, 0x03, 0xc6, 0x40, 0x0f, 0x80,
  0xc6, 0x03, 0xc6, 0x80, 0x0f, 0x80, 0xc6, 0x03, 0x80, 0xc6, 0x0f, 0xc6, 0x80, 0x03, 0x40, 0xc6,
  0x80, 0x0d, 0x80, 0xc6, 0x40, 0x04, 0xc7, 0x40, 0x0b, 0x40, 0xc7, 0x05, 0x80, 0xc7, 0x0b, 0xc7,
  0x80, 0x06, 0xc8, 0x40, 0x07, 0x40, 0xc8, 0x07, 0x40, 0xc8, 0x80, 0x40, 0x02, 0x41, 0x80, 0xc8,
  0x40, 0x08, 0x80, 0xd7, 0x80, 0x0a, 0xd6, 0x80, 0x0c, 0x80, 0xd3, 0x80, 0x0e, 0x80, 0xd1, 0x80,
  0x10, 0x40, 0x80, 0xcd, 0x80, 0x40, 0x13, 0x40, 0x80, 0xc9, 0x80, 0x40, 0x19, 0x45, 0x0e, 0x24,
  0x40, 0xc0, 0x40, 0x0c, 0x40, 0xc0, 0x40, 0x0a, 0x40, 0xc2, 0x40, 0x0a, 0x40, 0xc2, 0x40, 0x08,
  0x40, 0xc4, 0x40, 0x08, 0x40, 0xc4, 0x40, 0x06, 0x40, 0xc6, 0x40, 0x06, 0x40, 0xc6, 0x40, 0x05,
  0x80, 0xc7, 0x40, 0x04, 0x40, 0xc7, 0x80, 0x06, 0x80, 0xc7, 0x40, 0x02, 0x40, 0xc7, 0x80, 0x08,
  0x80, 0xc7, 0x40, 0x00, 0x40, 0xc7, 0x80, 0x0a, 0x80, 0xc7, 0x80, 0xc7, 0x80, 0x0c, 0x80, 0xce,
  0x80, 0x0e, 0x80, 0xcc, 0x80, 0x10, 0x80, 0xca, 0x80, 0x12, 0x80, 0xc8, 0x80, 0x13, 0x40, 0xc8,
  0x40, 0x12, 0x40, 0xca, 0x40, 0x10, 0x40, 0xcc, 0x40, 0x0e, 0x40, 0xce, 0x40, 0x0c, 0x40, 0xc7,
  0x80, 0xc7, 0x40, 0x0a, 0x40, 0xc7, 0x80, 0x00, 0x80, 0xc7, 0x40, 0x08, 0x40, 0xc7, 0x80, 0x02,
  0x80, 0xc7, 0x40, 0x06, 0x40, 0xc7, 0x80, 0x04, 0x80, 0xc7, 0x40, 0x05, 0x40, 0xc6, 0x80, 0x06,
  0x80, 0xc6, 0x40, 0x06, 0x40, 0xc4, 0x80, 0x08, 0x80, 0xc4, 0x40, 0x08, 0x40, 0xc2, 0x80, 0x0a,
  0x40, 0xc2, 0x40, 0x0a, 0x40, 0xc0, 0x80, 0x0c, 0x40, 0xc0, 0x40, 0x0c, 0x40, 0x0e, 0x40, 0x25,
  0x1b, 0x40, 0x15, 0x45, 0x06, 0xc1, 0x40, 0x0f, 0x40, 0x80, 0xc9, 0x80, 0x40, 0x01, 0x80, 0xc2,
  0x80, 0x0c, 0x40, 0x80, 0xcd, 0x80, 0x40, 0xc3, 0x80, 0x0b, 0x80, 0xd5, 0x0b, 0x80, 0xd5, 0x40,
  0x0a, 0x80, 0xd6, 0x0a, 0x80, 0xd7, 0x80, 0x08, 0x40, 0xc8, 0x80, 0x41, 0x01, 0x41, 0x80, 0xc8,
  0x40, 0x07, 0xc8, 0x40, 0x07, 0x80, 0xc8, 0x06, 0x80, 0xc7, 0x08, 0x40, 0xc9, 0x40, 0x05, 0xc7,
  0x40, 0x08, 0xcb, 0x04, 0x40, 0xc6, 0x80, 0x08, 0x80, 0xcb, 0x40, 0x03, 0x80, 0xc6, 0x08, 0x40,
  0xc3, 0x80, 0x40, 0xc6, 0x80, 0x03, 0xc6, 0x80, 0x08, 0xc4, 0x01, 0x80, 0xc5, 0x80, 0x03, 0xc6,
  0x80, 0x07, 0x80, 0xc3, 0x40, 0x01, 0x80, 0xc6, 0x02, 0x40, 0xc6, 0x40, 0x06, 0x40, 0xc3, 0x80,
  0x02, 0x40, 0xc6, 0x02, 0x40, 0xc6, 0x40, 0x06, 0xc3, 0x80, 0x03, 0x40, 0xc6, 0x40, 0x01, 0x40,
  0xc6, 0x06, 0x80, 0xc3, 0x40, 0x03, 0x40, 0xc6, 0x40, 0x01, 0x40, 0xc6, 0x05, 0x40, 0xc3, 0x40,
  0x05, 0xc6, 0x40, 0x01, 0x40, 0xc6, 0x04, 0x40, 0xc3, 0x80, 0x05, 0x40, 0xc6, 0x40, 0x01, 0x40,
  0xc6, 0x40, 0x03, 0x80, 0xc3, 0x06, 0x40, 0xc6, 0x40, 0x01, 0x40, 0xc6, 0x40, 0x02, 0x80, 0xc3,
  0x40, 0x06, 0x40, 0xc6, 0x03, 0xc6, 0x40, 0x01, 0x40, 0xc3, 0x80, 0x07, 0x80, 0xc6, 0x03, 0xc6,
  0x80, 0x01, 0xc4, 0x08, 0x80, 0xc6, 0x03, 0x80, 0xc6, 0x00, 0x80, 0xc3, 0x40, 0x08, 0xc6, 0x80,
  0x03, 0x40, 0xc6, 0x80, 0xc3, 0x80, 0x08, 0x80, 0xc6, 0x40, 0x04, 0xcb, 0x08, 0x40, 0xc7, 0x05,
  0x80, 0xc9, 0x40, 0x08, 0xc7, 0x80, 0x06, 0xc8, 0x80, 0x07, 0x40, 0xc8, 0x07, 0x40, 0xc8, 0x80,
  0x40, 0x02, 0x41, 0x80, 0xc8, 0x40, 0x08, 0x80, 0xd7, 0x80, 0x0a, 0xd6, 0x80, 0x0a, 0x40, 0xd5,
  0x80, 0x0b, 0xd5, 0x80, 0x0b, 0x80, 0xc3, 0x81, 0xcd, 0x80, 0x40, 0x0c, 0xc3, 0x80, 0x01, 0x40,
  0x80, 0xc9, 0x80, 0x40, 0x0f, 0x80, 0xc1, 0x06, 0x45, 0x14, 0x41, 0x1b, 0x08, 0x40, 0x85, 0x1a,
  0x80, 0xc4, 0x80, 0x1a, 0xc5, 0x1a, 0x40, 0xc4, 0x80, 0x1a, 0x80, 0xc4, 0x1b, 0xc4, 0x40, 0x1a,
  0x40, 0xc4, 0x1b, 0x40, 0x83, 0x3f, 0x32, 0x80, 0xc5, 0x80, 0x0c, 0x40, 0xc6, 0x40, 0x02, 0x80,
  0xc5, 0x80, 0x0c, 0x40, 0xc6, 0x40, 0x02, 0x80, 0xc5, 0x80, 0x0c, 0x40, 0xc6, 0x40, 0x02, 0x80,
  0xc5, 0x80, 0x0c, 0x40, 0xc6, 0x40, 0x02, 0x80, 0xc5, 0x80, 0x0c, 0x40, 0xc6, 0x40, 0x02, 0x80,
  0xc5, 0x80, 0x0c, 0x40, 0xc6, 0x40, 0x02, 0x80, 0xc5, 0x80, 0x0c, 0x40, 0xc6, 0x40, 0x02, 0x80,
  0xc5, 0x80, 0x0c, 0x40, 0xc6, 0x40, 0x02, 0x80, 0xc5, 0x80, 0x0c, 0x40, 0xc6, 0x40, 0x02, 0x80,
  0xc5, 0x80, 0x0c, 0x40, 0xc6, 0x40, 0x02, 0x80, 0xc5, 0x80, 0x0c, 0x40, 0xc6, 0x40, 0x02, 0x80,
  0xc5, 0x80, 0x0c, 0x40, 0xc6, 0x40, 0x02, 0x80, 0xc5, 0x80, 0x0c, 0x40, 0xc6, 0x40, 0x02, 0x80,
  0xc5, 0x80, 0x0c, 0x40, 0xc6, 0x40, 0x02, 0x80, 0xc5, 0x80, 0x0c, 0x40, 0xc6, 0x40, 0x02, 0x80,
  0xc5, 0x80, 0x0c, 0x40, 0xc6, 0x40, 0x02, 0x80, 0xc5, 0x80, 0x0c, 0x40, 0xc6, 0x40, 0x02, 0x80,
  0xc5, 0x80, 0x0c, 0x40, 0xc6, 0x40, 0x02, 0x80, 0xc5, 0x80, 0x0c, 0x40, 0xc6, 0x40, 0x02, 0x80,
  0xc5, 0x80, 0x0c, 0x40, 0xc6, 0x40, 0x02, 0x80, 0xc5, 0x80, 0x0c, 0x40, 0xc6, 0x40, 0x02, 0x80,
  0xc5, 0x80, 0x0c, 0x40, 0xc6, 0x40, 0x02, 0x80, 0xc5, 0x80, 0x0c, 0x40, 0xc6, 0x40, 0x02, 0x80,
  0xc5, 0x80, 0x0c, 0x40, 0xc6, 0x40, 0x02, 0x80, 0xc6, 0x0c, 0x80, 0xc6, 0x03, 0x40, 0xc6, 0x40,
  0x0b, 0xc7, 0x03, 0x40, 0xc7, 0x0a, 0x80, 0xc6, 0x80, 0x04, 0xc8, 0x40, 0x07, 0x80, 0xc7, 0x40,
  0x04, 0x40, 0xc8, 0x80, 0x40, 0x02, 0x41, 0xc9, 0x06, 0xd8, 0x40, 0x06, 0x40, 0xd6, 0x80, 0x08,
  0x40, 0xd4, 0x80, 0x0a, 0x40, 0xd2, 0x80, 0x0d, 0x80, 0xce, 0x80, 0x40, 0x10, 0x40, 0x80, 0xc9,
  0x80, 0x40, 0x15, 0x46, 0x0c, 0x10, 0x85, 0x40, 0x18, 0x40, 0xc5, 0x40, 0x18, 0x80, 0xc4, 0x80,
  0x19, 0xc4, 0x80, 0x19, 0x80, 0xc4, 0x40, 0x19, 0xc4, 0x40, 0x19, 0x40, 0xc3, 0x80, 0x1a, 0x40,
  0x83, 0x3f, 0x32, 0x80, 0xc5, 0x80, 0x0c, 0x40, 0xc6, 0x40, 0x02, 0x80, 0xc5, 0x80, 0x0c, 0x40,
  0xc6, 0x40, 0x02, 0x80, 0xc5, 0x80, 0x0c, 0x40, 0xc6, 0x40, 0x02, 0x80, 0xc5, 0x80, 0x0c, 0x40,
  0xc6, 0x40, 0x02, 0x80, 0xc5, 0x80, 0x0c, 0x40, 0xc6, 0x40, 0x02, 0x80, 0xc5, 0x80, 0x0c, 0x40,
  0xc6, 0x40, 0x02, 0x80, 0xc5, 0x80, 0x0c, 0x40, 0xc6, 0x40, 0x02, 0x80, 0xc5, 0x80, 0x0c, 0x40,
  0xc6, 0x40, 0x02, 0x80, 0xc5, 0x80, 0x0c, 0x40, 0xc6, 0x40, 0x02, 0x80, 0xc5, 0x80, 0x0c, 0x40,
  0xc6, 0x40, 0x02, 0x80, 0xc5, 0x80, 0x0c, 0x40, 0xc6, 0x40, 0x02, 0x80, 0xc5, 0x80, 0x0c, 0x40,
  0xc6, 0x40, 0x02, 0x80, 0xc5, 0x80, 0x0c, 0x40, 0xc6, 0x40, 0x02, 0x80, 0xc5, 0x80, 0x0c, 0x40,
  0xc6, 0x40, 0x02, 0x80, 0xc5, 0x80, 0x0c, 0x40, 0xc6, 0x40, 0x02, 0x80, 0xc5, 0x80, 0x0c, 0x40,
  0xc6, 0x40, 0x02, 0x80, 0xc5, 0x80, 0x0c, 0x40, 0xc6, 0x40, 0x02, 0x80, 0xc5, 0x80, 0x0c, 0x40,
  0xc6, 0x40, 0x02, 0x80, 0xc5, 0x80, 0x0c, 0x40, 0xc6, 0x40, 0x02, 0x80, 0xc5, 0x80, 0x0c, 0x40,
  0xc6, 0x40, 0x02, 0x80, 0xc5, 0x80, 0x0c, 0x40, 0xc6, 0x40, 0x02, 0x80, 0xc5, 0x80, 0x0c, 0x40,
  0xc6, 0x40, 0x02, 0x80, 0xc5, 0x80, 0x0c, 0x40, 0xc6, 0x40, 0x02, 0x80, 0xc5, 0x80, 0x0c, 0x40,
  0xc6, 0x40, 0x02, 0x80, 0xc6, 0x0c, 0x80, 0xc6, 0x03, 0x40, 0xc6, 0x40, 0x0b, 0xc7, 0x03, 0x40,
  0xc7, 0x0a, 0x80, 0xc6, 0x80, 0x04, 0xc8, 0x40, 0x07, 0x80, 0xc7, 0x40, 0x04, 0x40, 0xc8, 0x80,
  0x40, 0x02, 0x41, 0xc9, 0x06, 0xd8, 0x40, 0x06, 0x40, 0xd6, 0x80, 0x08, 0x40, 0xd4, 0x80, 0x0a,
  0x40, 0xd2, 0x80, 0x0d, 0x80, 0xce, 0x80, 0x40, 0x10, 0x40, 0x80, 0xc9, 0x80, 0x40, 0x15, 0x46,
  0x0c, 0x0c, 0x40, 0x85, 0x18, 0x40, 0xc6, 0x80, 0x16, 0x40, 0xc8, 0x80, 0x15, 0xca, 0x40, 0x13,
  0xc5, 0x40, 0x80, 0xc4, 0x40, 0x11, 0x80, 0xc4, 0x40, 0x01, 0xc5, 0x40, 0x0f, 0x80, 0xc4, 0x80,
  0x02, 0x40, 0xc5, 0x40, 0x0d, 0x80, 0xc4, 0x80, 0x04, 0x40, 0xc5, 0x3f, 0x2b, 0x80, 0xc5, 0x80,
  0x0c, 0x40, 0xc6, 0x40, 0x02, 0x80, 0xc5, 0x80, 0x0c, 0x40, 0xc6, 0x40, 0x02, 0x80, 0xc5, 0x80,
  0x0c, 0x40, 0xc6, 0x40, 0x02, 0x80, 0xc5, 0x80, 0x0c, 0x40, 0xc6, 0x40, 0x02, 0x80, 0xc5, 0x80,
  0x0c, 0x40, 0xc6, 0x40, 0x02, 0x80, 0xc5, 0x80, 0x0c, 0x40, 0xc6, 0x40, 0x02, 0x80, 0xc5, 0x80,
  0x0c, 0x40, 0xc6, 0x40, 0x02, 0x80, 0xc5, 0x80, 0x0c, 0x40, 0xc6, 0x40, 0x02, 0x80, 0xc5, 0x80,
  0x0c, 0x40, 0xc6, 0x40, 0x02, 0x80, 0xc5, 0x80, 0x0c, 0x40, 0xc6, 0x40, 0x02, 0x80, 0xc5, 0x80,
  0x0c, 0x40, 0xc6, 0x40, 0x02, 0x80, 0xc5, 0x80, 0x0c, 0x40, 0xc6, 0x40, 0x02, 0x80, 0xc5, 0x80,
  0x0c, 0x40, 0xc6, 0x40, 0x02, 0x80, 0xc5, 0x80, 0x0c, 0x40, 0xc6, 0x40, 0x02, 0x80, 0xc5, 0x80,
  0x0c, 0x40, 0xc6, 0x40, 0x02, 0x80, 0xc5, 0x80, 0x0c, 0x40, 0xc6, 0x40, 0x02, 0x80, 0xc5, 0x80,
  0x0c, 0x40, 0xc6, 0x40, 0x02, 0x80, 0xc5, 0x80, 0x0c, 0x40, 0xc6, 0x40, 0x02, 0x80, 0xc5, 0x80,
  0x0c, 0x40, 0xc6, 0x40, 0x02, 0x80, 0xc5, 0x80, 0x0c, 0x40, 0xc6, 0x40, 0x02, 0x80, 0xc5, 0x80,
  0x0c, 0x40, 0xc6, 0x40, 0x02, 0x80, 0xc5, 0x80, 0x0c, 0x40, 0xc6, 0x40, 0x02, 0x80, 0xc5, 0x80,
  0x0c, 0x40, 0xc6, 0x40, 0x02, 0x80, 0xc5, 0x80, 0x0c, 0x40, 0xc6, 0x40, 0x02, 0x80, 0xc6, 0x0c,
  0x80, 0xc6, 0x03, 0x40, 0xc6, 0x40, 0x0b, 0xc7, 0x03, 0x40, 0xc7, 0x0a, 0x80, 0xc6, 0x80, 0x04,
  0xc8, 0x40, 0x07, 0x80, 0xc7, 0x40, 0x04, 0x40, 0xc8, 0x80, 0x40, 0x02, 0x41, 0xc9, 0x06, 0xd8,
  0x40, 0x06, 0x40, 0xd6, 0x80, 0x08, 0x40, 0xd4, 0x80, 0x0a, 0x40, 0xd2, 0x80, 0x0d, 0x80, 0xce,
  0x80, 0x40, 0x10, 0x40, 0x80, 0xc9, 0x80, 0x40, 0x15, 0x46, 0x0c, 0x09, 0x82, 0x06, 0x40, 0x81,
  0x40, 0x10, 0x40, 0xc4, 0x40, 0x03, 0x80, 0xc3, 0x80, 0x0f, 0xc5, 0x80, 0x02, 0x40, 0xc5, 0x40,
  0x0e, 0xc6, 0x02, 0x80, 0xc5, 0x40, 0x0e, 0xc6, 0x02, 0x80, 0xc5, 0x40, 0x0e, 0x80, 0xc4, 0x80,
  0x02, 0x40, 0xc5, 0x10, 0x80, 0xc2, 0x80, 0x04, 0x40, 0xc3, 0x40, 0x12, 0x40, 0x08, 0x41, 0x3f,
  0x2e, 0x80, 0xc5, 0x80, 0x0c, 0x40, 0xc6, 0x40, 0x02, 0x80, 0xc5, 0x80, 0x0c, 0x40, 0xc6, 0x40,
  0x02, 0x80, 0xc5, 0x80, 0x0c, 0x40, 0xc6, 0x40, 0x02, 0x80, 0xc5, 0x80, 0x0c, 0x40, 0xc6, 0x40,
  0x02, 0x80, 0xc5, 0x80, 0x0c, 0x40, 0xc6, 0x40, 0x02, 0x80, 0xc5, 0x80, 0x0c, 0x40, 0xc6, 0x40,
  0x02, 0x80, 0xc5, 0x80, 0x0c, 0x40, 0xc6, 0x40, 0x02, 0x80, 0xc5, 0x80, 0x0c, 0x40, 0xc6, 0x40,
  0x02, 0x80, 0xc5, 0x80, 0x0c, 0x40, 0xc6, 0x40, 0x02, 0x80, 0xc5, 0x80, 0x0c, 0x40, 0xc6, 0x40,
  0x02, 0x80, 0xc5, 0x80, 0x0c, 0x40, 0xc6, 0x40, 0x02, 0x80, 0xc5, 0x80, 0x0c, 0x40, 0xc6, 0x40,
  0x02, 0x80, 0xc5, 0x80, 0x0c, 0x40, 0xc6, 0x40, 0x02, 0x80, 0xc5, 0x80, 0x0c, 0x40, 0xc6, 0x40,
  0x02, 0x80, 0xc5, 0x80, 0x0c, 0x40, 0xc6, 0x40, 0x02, 0x80, 0xc5, 0x80, 0x0c, 0x40, 0xc6, 0x40,
  0x02, 0x80, 0xc5, 0x80, 0x0c, 0x40, 0xc6, 0x40, 0x02, 0x80, 0xc5, 0x80, 0x0c, 0x40, 0xc6, 0x40,
  0x02, 0x80, 0xc5, 0x80, 0x0c, 0x40, 0xc6, 0x40, 0x02, 0x80, 0xc5, 0x80, 0x0c, 0x40, 0xc6, 0x40,
  0x02, 0x80, 0xc5, 0x80, 0x0c, 0x40, 0xc6, 0x40, 0x02, 0x80, 0xc5, 0x80, 0x0c, 0x40, 0xc6, 0x40,
  0x02, 0x80, 0xc5, 0x80, 0x0c, 0x40, 0xc6, 0x40, 0x02, 0x80, 0xc5, 0x80, 0x0c, 0x40, 0xc6, 0x40,
  0x02, 0x80, 0xc6, 0x0c, 0x80, 0xc6, 0x03, 0x40, 0xc6, 0x40, 0x0b, 0xc7, 0x03, 0x40, 0xc7, 0x0a,
  0x80, 0xc6, 0x80, 0x04, 0xc8, 0x40, 0x07, 0x80, 0xc7, 0x40, 0x04, 0x40, 0xc8, 0x80, 0x40, 0x02,
  0x41, 0xc9, 0x06, 0xd8, 0x40, 0x06, 0x40, 0xd6, 0x80, 0x08, 0x40, 0xd4, 0x80, 0x0a, 0x40, 0xd2,
  0x80, 0x0d, 0x80, 0xce, 0x80, 0x40, 0x10, 0x40, 0x80, 0xc9, 0x80, 0x40, 0x15, 0x46, 0x0c, 0x10,
  0x85, 0x40, 0x18, 0x40, 0xc5, 0x19, 0x80, 0xc4, 0x40, 0x18, 0x40, 0xc4, 0x80, 0x19, 0x80, 0xc4,
  0x19, 0x40, 0xc4, 0x40, 0x19, 0x80, 0xc3, 0x80, 0x1a, 0x84, 0x3f, 0x30, 0x80, 0xc6, 0x80, 0x0e,
  0x40, 0xc6, 0x80, 0x00, 0xc7, 0x40, 0x0d, 0xc7, 0x40, 0x00, 0x40, 0xc6, 0x80, 0x0c, 0x80, 0xc6,
  0x80, 0x02, 0xc7, 0x40, 0x0b, 0xc7, 0x03, 0x40, 0xc6, 0x80, 0x0a, 0x80, 0xc6, 0x80, 0x04, 0x80,
  0xc6, 0x40, 0x09, 0xc7, 0x05, 0x40, 0xc7, 0x08, 0x80, 0xc6, 0x40, 0x06, 0x80, 0xc6, 0x40, 0x06,
  0x40, 0xc6, 0x80, 0x08, 0xc7, 0x06, 0x80, 0xc6, 0x40, 0x08, 0x40, 0xc6, 0x40, 0x04, 0x40, 0xc6,
  0x80, 0x0a, 0xc7, 0x04, 0x80, 0xc6, 0x0b, 0x40, 0xc6, 0x80, 0x02, 0x40, 0xc6, 0x80, 0x0c, 0x80,
  0xc6, 0x02, 0xc7, 0x0d, 0x40, 0xc6, 0x80, 0x00, 0x40, 0xc6, 0x40, 0x0e, 0x80, 0xc6, 0x00, 0xc7,
  0x10, 0xce, 0x40, 0x10, 0x80, 0xcc, 0x80, 0x12, 0xcc, 0x40, 0x12, 0x40, 0xca, 0x80, 0x14, 0xca,
  0x15, 0x40, 0xc8, 0x80, 0x16, 0x80, 0xc7, 0x17, 0x40, 0xc6, 0x40, 0x18, 0xc6, 0x40, 0x18, 0xc6,
  0x40, 0x18, 0xc6, 0x40, 0x18, 0xc6, 0x40, 0x18, 0xc6, 0x40, 0x18, 0xc6, 0x40, 0x18, 0xc6, 0x40,
  0x18, 0xc6, 0x40, 0x18, 0xc6, 0x40, 0x18, 0xc6, 0x40, 0x18, 0xc6, 0x40, 0x18, 0xc6, 0x40, 0x0b,
  0x01, 0x80, 0xc5, 0x80, 0x16, 0xc6, 0x80, 0x16, 0xc6, 0x80, 0x16, 0xc6, 0x80, 0x16, 0xc6, 0x80,
  0x16, 0xc6, 0x80, 0x16, 0xc6, 0x86, 0x42, 0x0d, 0xd1, 0x80, 0x40, 0x0a, 0xd3, 0x80, 0x09, 0xd5,
  0x40, 0x07, 0xd6, 0x40, 0x06, 0xd7, 0x06, 0xc6, 0x80, 0x46, 0x80, 0xc7, 0x80, 0x05, 0xc6, 0x80,
  0x07, 0x40, 0xc7, 0x05, 0xc6, 0x80, 0x09, 0xc6, 0x40, 0x04, 0xc6, 0x80, 0x09, 0x80, 0xc5, 0x80,
  0x04, 0xc6, 0x80, 0x09, 0x40, 0xc5, 0x80, 0x04, 0xc6, 0x80, 0x09, 0x40, 0xc5, 0x80, 0x04, 0xc6,
  0x80, 0x09, 0x40, 0xc5, 0x80, 0x04, 0xc6, 0x80, 0x09, 0xc6, 0x40, 0x04, 0xc6, 0x80, 0x08, 0x80,
  0xc6, 0x40, 0x04, 0xc6, 0x80, 0x06, 0x40, 0x80, 0xc6, 0x80, 0x05, 0xd7, 0x40, 0x05, 0xd6, 0x80,
  0x06, 0xd5, 0x80, 0x07, 0xd4, 0x40, 0x08, 0xd2, 0x80, 0x0a, 0xc7, 0x87, 0x41, 0x0c, 0xc6, 0x80,
  0x16, 0xc6, 0x80, 0x16, 0xc6, 0x80, 0x16, 0xc6, 0x80, 0x16, 0xc6, 0x80, 0x16, 0xc6, 0x80, 0x16,
  0xc6, 0x80, 0x14, 0x0a, 0x45, 0x14, 0x40, 0x80, 0xc8, 0x80, 0x40, 0x0e, 0x40, 0xce, 0x40, 0x0b,
  0x80, 0xd0, 0x80, 0x09, 0x80, 0xd2, 0x80, 0x07, 0x40, 0xd4, 0x40, 0x06, 0xc9, 0x82, 0xc9, 0x05,
  0x40, 0xc7, 0x80, 0x04, 0x80, 0xc7, 0x40, 0x04, 0x80, 0xc6, 0x40, 0x06, 0x80, 0xc6, 0x80, 0x04,
  0x80, 0xc6, 0x08, 0xc6, 0x80, 0x04, 0x80, 0xc5, 0x80, 0x08, 0x80, 0xc5, 0x80, 0x04, 0x80, 0xc5,
  0x80, 0x08, 0x80, 0xc5, 0x80, 0x04, 0x80, 0xc5, 0x80, 0x08, 0xc6, 0x40, 0x04, 0x80, 0xc5, 0x80,
  0x07, 0x40, 0xc6, 0x05, 0x80, 0xc5, 0x80, 0x06, 0x40, 0xc6, 0x40, 0x05, 0x80, 0xc5, 0x80, 0x02,
  0x41, 0x81, 0xc6, 0x80, 0x06, 0x80, 0xc5, 0x80, 0x02, 0x80, 0xc8, 0x40, 0x07, 0x80, 0xc5, 0x80,
  0x02, 0x80, 0xc7, 0x40, 0x08, 0x80, 0xc5, 0x80, 0x02, 0x80, 0xc9, 0x80, 0x06, 0x80, 0xc5, 0x80,
  0x02, 0x80, 0xcb, 0x40, 0x04, 0x80, 0xc5, 0x80, 0x02, 0x80, 0xcc, 0x40, 0x03, 0x80, 0xc5, 0x80,
  0x05, 0x41, 0x80, 0xc8, 0x03, 0x80, 0xc5, 0x80, 0x09, 0x80, 0xc6, 0x40, 0x02, 0x80, 0xc5, 0x80,
  0x0a, 0x80, 0xc5, 0x80, 0x02, 0x80, 0xc5, 0x80, 0x0a, 0x40, 0xc6, 0x02, 0x80, 0xc5, 0x80, 0x0a,
  0x40, 0xc6, 0x02, 0x80, 0xc5, 0x80, 0x0a, 0x40, 0xc6, 0x02, 0x80, 0xc5, 0x80, 0x0a, 0x80, 0xc6,
  0x02, 0x80, 0xc5, 0x80, 0x09, 0x40, 0xc7, 0x02, 0x80, 0xc5, 0x80, 0x08, 0x80, 0xc7, 0x80, 0x02,
  0x80, 0xc5, 0x80, 0x02, 0x80, 0xcd, 0x40, 0x02, 0x80, 0xc5, 0x80, 0x02, 0x80, 0xcc, 0x80, 0x03,
  0x80, 0xc5, 0x80, 0x02, 0x80, 0xcc, 0x04, 0x80, 0xc5, 0x80, 0x02, 0x80, 0xca, 0x80, 0x05, 0x80,
  0xc5, 0x80, 0x02, 0x80, 0xc9, 0x40, 0x06, 0x80, 0xc5, 0x80, 0x02, 0x80, 0xc5, 0x81, 0x40, 0x06,
  0x05, 0x40, 0x85, 0x13, 0xc5, 0x40, 0x12, 0x40, 0xc4, 0x80, 0x13, 0x80, 0xc4, 0x40, 0x13, 0xc4,
  0x80, 0x13, 0x40, 0xc4, 0x40, 0x13, 0x80, 0xc3, 0x80, 0x14, 0x84, 0x3f, 0x07, 0x41, 0x81, 0x42,
  0x0f, 0x40, 0xc9, 0x80, 0x40, 0x0a, 0x40, 0xcd, 0x80, 0x08, 0x80, 0xd0, 0x06, 0x40, 0xd2, 0x05,
  0xc8, 0x81, 0xc8, 0x40, 0x03, 0x80, 0xc6, 0x40, 0x03, 0x40, 0xc7, 0x03, 0xc6, 0x40, 0x05, 0x40,
  0xc6, 0x03, 0x42, 0x83, 0x07, 0xc6, 0x40, 0x11, 0xc6, 0x40, 0x10, 0x80, 0xc6, 0x40, 0x09, 0x42,
  0x81, 0xc9, 0x40, 0x05, 0x40, 0x80, 0xd0, 0x40, 0x04, 0x80, 0xd2, 0x40, 0x02, 0x40, 0xd4, 0x40,
  0x02, 0xca, 0x81, 0x40, 0x00, 0xc6, 0x40, 0x01, 0x80, 0xc6, 0x80, 0x40, 0x05, 0xc6, 0x40, 0x01,
  0xc6, 0x80, 0x07, 0xc6, 0x40, 0x01, 0xc6, 0x08, 0xc6, 0x40, 0x01, 0xc6, 0x07, 0x40, 0xc6, 0x40,
  0x01, 0xc6, 0x07, 0xc7, 0x40, 0x01, 0xc6, 0x80, 0x04, 0x40, 0x80, 0xc7, 0x40, 0x01, 0x80, 0xc7,
  0x83, 0xc9, 0x40, 0x01, 0x40, 0xce, 0x80, 0xc5, 0x40, 0x02, 0x80, 0xcc, 0x40, 0x80, 0xc5, 0x40,
  0x03, 0x80, 0xca, 0x80, 0x00, 0x80, 0xc5, 0x40, 0x04, 0x40, 0x80, 0xc6, 0x80, 0x40, 0x01, 0x80,
  0xc5, 0x40, 0x07, 0x44, 0x0d, 0x0d, 0x85, 0x40, 0x11, 0x40, 0xc5, 0x12, 0xc5, 0x40, 0x11, 0x40,
  0xc4, 0x80, 0x12, 0x80, 0xc4, 0x12, 0x40, 0xc4, 0x40, 0x12, 0x80, 0xc3, 0x80, 0x13, 0x84, 0x3f,
  0x07, 0x41, 0x81, 0x42, 0x0f, 0x40, 0xc9, 0x80, 0x40, 0x0a, 0x40, 0xcd, 0x80, 0x08, 0x80, 0xd0,
  0x06, 0x40, 0xd2, 0x05, 0xc8, 0x81, 0xc8, 0x40, 0x03, 0x80, 0xc6, 0x40, 0x03, 0x40, 0xc7, 0x03,
  0xc6, 0x40, 0x05, 0x40, 0xc6, 0x03, 0x42, 0x83, 0x07, 0xc6, 0x40, 0x11, 0xc6, 0x40, 0x10, 0x80,
  0xc6, 0x40, 0x09, 0x42, 0x81, 0xc9, 0x40, 0x05, 0x40, 0x80, 0xd0, 0x40, 0x04, 0x80, 0xd2, 0x40,
  0x02, 0x40, 0xd4, 0x40, 0x02, 0xca, 0x81, 0x40, 0x00, 0xc6, 0x40, 0x01, 0x80, 0xc6, 0x80, 0x40,
  0x05, 0xc6, 0x40, 0x01, 0xc6, 0x80, 0x07, 0xc6, 0x40, 0x01, 0xc6, 0x08, 0xc6, 0x40, 0x01, 0xc6,
  0x07, 0x40, 0xc6, 0x40, 0x01, 0xc6, 0x07, 0xc7, 0x40, 0x01, 0xc6, 0x80, 0x04, 0x40, 0x80, 0xc7,
  0x40, 0x01, 0x80, 0xc7, 0x83, 0xc9, 0x40, 0x01, 0x40, 0xce, 0x80, 0xc5, 0x40, 0x02, 0x80, 0xcc,
  0x40, 0x80, 0xc5, 0x40, 0x03, 0x80, 0xca, 0x80, 0x00, 0x80, 0xc5, 0x40, 0x04, 0x40, 0x80, 0xc6,
  0x80, 0x40, 0x01, 0x80, 0xc5, 0x40, 0x07, 0x44, 0x0d, 0x23, 0x80, 0xc4, 0x80, 0x11, 0x80, 0xc6,
  0x80, 0x0f, 0x80, 0xc8, 0x80, 0x0d, 0x80, 0xc4, 0x80, 0xc4, 0x40, 0x0b, 0x40, 0xc4, 0x80, 0x00,
  0x80, 0xc4, 0x40, 0x09, 0x40, 0xc4, 0x80, 0x02, 0xc5, 0x40, 0x07, 0x40, 0xc5, 0x03, 0x40, 0xc5,
  0x40, 0x06, 0x85, 0x40, 0x04, 0x40, 0x85, 0x3f, 0x00, 0x41, 0x81, 0x42, 0x0f, 0x40, 0xc9, 0x80,
  0x40, 0x0a, 0x40, 0xcd, 0x80, 0x08, 0x80, 0xd0, 0x06, 0x40, 0xd2, 0x05, 0xc8, 0x81, 0xc8, 0x40,
  0x03, 0x80, 0xc6, 0x40, 0x03, 0x40, 0xc7, 0x03, 0xc6, 0x40, 0x05, 0x40, 0xc6, 0x03, 0x42, 0x83,
  0x07, 0xc6, 0x40, 0x11, 0xc6, 0x40, 0x10, 0x80, 0xc6, 0x40, 0x09, 0x42, 0x81, 0xc9, 0x40, 0x05,
  0x40, 0x80, 0xd0, 0x40, 0x04, 0x80, 0xd2, 0x40, 0x02, 0x40, 0xd4, 0x40, 0x02, 0xca, 0x81, 0x40,
  0x00, 0xc6, 0x40, 0x01, 0x80, 0xc6, 0x80, 0x40, 0x05, 0xc6, 0x40, 0x01, 0xc6, 0x80, 0x07, 0xc6,
  0x40, 0x01, 0xc6, 0x08, 0xc6, 0x40, 0x01, 0xc6, 0x07, 0x40, 0xc6, 0x40, 0x01, 0xc6, 0x07, 0xc7,
  0x40, 0x01, 0xc6, 0x80, 0x04, 0x40, 0x80, 0xc7, 0x40, 0x01, 0x80, 0xc7, 0x83, 0xc9, 0x40, 0x01,
  0x40, 0xce, 0x80, 0xc5, 0x40, 0x02, 0x80, 0xcc, 0x40, 0x80, 0xc5, 0x40, 0x03, 0x80, 0xca, 0x80,
  0x00, 0x80, 0xc5, 0x40, 0x04, 0x40, 0x80, 0xc6, 0x80, 0x40, 0x01, 0x80, 0xc5, 0x40, 0x07, 0x44,
  0x0d, 0x07, 0x80, 0xc1, 0x80, 0x40, 0x03, 0x40, 0xc2, 0x80, 0x09, 0x40, 0xc6, 0x40, 0x01, 0x40,
  0xc2, 0x80, 0x09, 0xc8, 0x81, 0xc3, 0x40, 0x08, 0x40, 0xce, 0x09, 0x80, 0xc2, 0x80, 0x00, 0x40,
  0x80, 0xc6, 0x80, 0x09, 0x80, 0xc2, 0x40, 0x02, 0x40, 0xc4, 0x80, 0x0a, 0x43, 0x05, 0x42, 0x3f,
  0x05, 0x41, 0x81, 0x42, 0x0f, 0x40, 0xc9, 0x80, 0x40, 0x0a, 0x40, 0xcd, 0x80, 0x08, 0x80, 0xd0,
  0x06, 0x40, 0xd2, 0x05, 0xc8, 0x81, 0xc8, 0x40, 0x03, 0x80, 0xc6, 0x40, 0x03, 0x40, 0xc7, 0x03,
  0xc6, 0x40, 0x05, 0x40, 0xc6, 0x03, 0x42, 0x83, 0x07, 0xc6, 0x40, 0x11, 0xc6, 0x40, 0x10, 0x80,
  0xc6, 0x40, 0x09, 0x42, 0x81, 0xc9, 0x40, 0x05, 0x40, 0x80, 0xd0, 0x40, 0x04, 0x80, 0xd2, 0x40,
  0x02, 0x40, 0xd4, 0x40, 0x02, 0xca, 0x81, 0x40, 0x00, 0xc6, 0x40, 0x01, 0x80, 0xc6, 0x80, 0x40,
  0x05, 0xc6, 0x40, 0x01, 0xc6, 0x80, 0x07, 0xc6, 0x40, 0x01, 0xc6, 0x08, 0xc6, 0x40, 0x01, 0xc6,
  0x07, 0x40, 0xc6, 0x40, 0x01, 0xc6, 0x07, 0xc7, 0x40, 0x01, 0xc6, 0x80, 0x04, 0x40, 0x80, 0xc7,
  0x40, 0x01, 0x80, 0xc7, 0x83, 0xc9, 0x40, 0x01, 0x40, 0xce, 0x80, 0xc5, 0x40, 0x02, 0x80, 0xcc,
  0x40, 0x80, 0xc5, 0x40, 0x03, 0x80, 0xca, 0x80, 0x00, 0x80, 0xc5, 0x40, 0x04, 0x40, 0x80, 0xc6,
  0x80, 0x40, 0x01, 0x80, 0xc5, 0x40, 0x07, 0x44, 0x0d, 0x05, 0x40, 0x81, 0x40, 0x06, 0x40, 0x81,
  0x40, 0x09, 0x40, 0xc4, 0x04, 0xc4, 0x40, 0x08, 0xc5, 0x80, 0x02, 0x80, 0xc5, 0x07, 0x40, 0xc5,
  0x80, 0x02, 0xc6, 0x40, 0x06, 0x40, 0xc5, 0x80, 0x02, 0x80, 0xc5, 0x08, 0x80, 0xc4, 0x40, 0x02,
  0x40, 0xc4, 0x80, 0x09, 0x80, 0xc2, 0x40, 0x04, 0x40, 0xc2, 0x80, 0x0c, 0x40, 0x08, 0x40, 0x3f,
  0x04, 0x41, 0x81, 0x42, 0x0f, 0x40, 0xc9, 0x80, 0x40, 0x0a, 0x40, 0xcd, 0x80, 0x08, 0x80, 0xd0,
  0x06, 0x40, 0xd2, 0x05, 0xc8, 0x81, 0xc8, 0x40, 0x03, 0x80, 0xc6, 0x40, 0x03, 0x40, 0xc7, 0x03,
  0xc6, 0x40, 0x05, 0x40, 0xc6, 0x03, 0x42, 0x83, 0x07, 0xc6, 0x40, 0x11, 0xc6, 0x40, 0x10, 0x80,
  0xc6, 0x40, 0x09, 0x42, 0x81, 0xc9, 0x40, 0x05, 0x40, 0x80, 0xd0, 0x40, 0x04, 0x80, 0xd2, 0x40,
  0x02, 0x40, 0xd4, 0x40, 0x02, 0xca, 0x81, 0x40, 0x00, 0xc6, 0x40, 0x01, 0x80, 0xc6, 0x80, 0x40,
  0x05, 0xc6, 0x40, 0x01, 0xc6, 0x80, 0x07, 0xc6, 0x40, 0x01, 0xc6, 0x08, 0xc6, 0x40, 0x01, 0xc6,
  0x07, 0x40, 0xc6, 0x40, 0x01, 0xc6, 0x07, 0xc7, 0x40, 0x01, 0xc6, 0x80, 0x04, 0x40, 0x80, 0xc7,
  0x40, 0x01, 0x80, 0xc7, 0x83, 0xc9, 0x40, 0x01, 0x40, 0xce, 0x80, 0xc5, 0x40, 0x02, 0x80, 0xcc,
  0x40, 0x80, 0xc5, 0x40, 0x03, 0x80, 0xca, 0x80, 0x00, 0x80, 0xc5, 0x40, 0x04, 0x40, 0x80, 0xc6,
  0x80, 0x40, 0x01, 0x80, 0xc5, 0x40, 0x07, 0x44, 0x0d, 0x0c, 0x40, 0x15, 0x40, 0xc4, 0x40, 0x11,
  0x80, 0xc6, 0x80, 0x0f, 0x80, 0xc8, 0x40, 0x0e, 0xc2, 0x80, 0x02, 0x80, 0xc2, 0x0d, 0x40, 0xc2,
  0x04, 0xc2, 0x40, 0x0c, 0x40, 0xc2, 0x04, 0xc2, 0x40, 0x0c, 0x40, 0xc2, 0x04, 0xc2, 0x40, 0x0d,
  0xc2, 0x80, 0x40, 0x00, 0x40, 0xc3, 0x0e, 0x40, 0xc8, 0x40, 0x0f, 0x40, 0xc6, 0x40, 0x11, 0x40,
  0x80, 0xc2, 0x80, 0x40, 0x3f, 0x06, 0x41, 0x81, 0x42, 0x0f, 0x40, 0xc9, 0x80, 0x40, 0x0a, 0x40,
  0xcd, 0x80, 0x08, 0x80, 0xd0, 0x06, 0x40, 0xd2, 0x05, 0xc8, 0x81, 0xc8, 0x40, 0x03, 0x80, 0xc6,
  0x40, 0x03, 0x40, 0xc7, 0x03, 0xc6, 0x40, 0x05, 0x40, 0xc6, 0x03, 0x42, 0x83, 0x07, 0xc6, 0x40,
  0x11, 0xc6, 0x40, 0x10, 0x80, 0xc6, 0x40, 0x09, 0x42, 0x81, 0xc9, 0x40, 0x05, 0x40, 0x80, 0xd0,
  0x40, 0x04, 0x80, 0xd2, 0x40, 0x02, 0x40, 0xd4, 0x40, 0x02, 0xca, 0x81, 0x40, 0x00, 0xc6, 0x40,
  0x01, 0x80, 0xc6, 0x80, 0x40, 0x05, 0xc6, 0x40, 0x01, 0xc6, 0x80, 0x07, 0xc6, 0x40, 0x01, 0xc6,
  0x08, 0xc6, 0x40, 0x01, 0xc6, 0x07, 0x40, 0xc6, 0x40, 0x01, 0xc6, 0x07, 0xc7, 0x40, 0x01, 0xc6,
  0x80, 0x04, 0x40, 0x80, 0xc7, 0x40, 0x01, 0x80, 0xc7, 0x83, 0xc9, 0x40, 0x01, 0x40, 0xce, 0x80,
  0xc5, 0x40, 0x02, 0x80, 0xcc, 0x40, 0x80, 0xc5, 0x40, 0x03, 0x80, 0xca, 0x80, 0x00, 0x80, 0xc5,
  0x40, 0x04, 0x40, 0x80, 0xc6, 0x80, 0x40, 0x01, 0x80, 0xc5, 0x40, 0x07, 0x44, 0x0d, 0x09, 0x41,
  0x81, 0x41, 0x09, 0x41, 0x81, 0x41, 0x10, 0x40, 0xc8, 0x80, 0x40, 0x03, 0x40, 0x80, 0xc7, 0x80,
  0x40, 0x0b, 0x40, 0xcc, 0x80, 0x01, 0x80, 0xcc, 0x40, 0x08, 0x80, 0xce, 0x81, 0xce, 0x40, 0x06,
  0x40, 0xe1, 0x40, 0x05, 0xc8, 0x81, 0xd8, 0x04, 0x80, 0xc6, 0x40, 0x03, 0x40, 0xc9, 0x40, 0x03,
  0x40, 0xc6, 0x80, 0x03, 0xc6, 0x40, 0x05, 0x40, 0xc7, 0x07, 0xc6, 0x03, 0x42, 0x83, 0x07, 0xc6,
  0x40, 0x07, 0x40, 0xc5, 0x40, 0x11, 0xc5, 0x80, 0x09, 0xc5, 0x80, 0x10, 0x80, 0xc5, 0x80, 0x09,
  0x80, 0xc5, 0x09, 0x42, 0x81, 0xc9, 0x89, 0xc6, 0x05, 0x40, 0x80, 0xe1, 0x40, 0x03, 0x80, 0xe3,
  0x40, 0x01, 0x40, 0xe5, 0x40, 0x01, 0xca, 0x81, 0x40, 0x00, 0xc6, 0x90, 0x40, 0x00, 0x80, 0xc6,
  0x80, 0x40, 0x05, 0xc5, 0x40, 0x12, 0xc6, 0x80, 0x07, 0xc5, 0x80, 0x12, 0xc6, 0x08, 0xc6, 0x12,
  0xc6, 0x07, 0x40, 0xc6, 0x40, 0x08, 0x80, 0xc0, 0x84, 0x01, 0xc6, 0x07, 0xc8, 0x40, 0x06, 0x80,
  0xc5, 0x80, 0x01, 0xc6, 0x80, 0x04, 0x40, 0x80, 0xc9, 0x80, 0x03, 0x40, 0x80, 0xc6, 0x40, 0x01,
  0x80, 0xc7, 0x83, 0xd9, 0x02, 0x40, 0xd0, 0x41, 0xd1, 0x40, 0x03, 0x80, 0xce, 0x80, 0x01, 0x80,
  0xcf, 0x40, 0x05, 0x80, 0xcc, 0x40, 0x03, 0x40, 0xcc, 0x80, 0x08, 0x40, 0x80, 0xc7, 0x80, 0x40,
  0x07, 0x80, 0xc8, 0x80, 0x40, 0x0c, 0x45, 0x0c, 0x42, 0x80, 0x42, 0x08, 0x0a, 0x41, 0x81, 0x41,
  0x11, 0x80, 0xc9, 0x40, 0x0c, 0x40, 0xcd, 0x40, 0x09, 0x80, 0xcf, 0x80, 0x07, 0x80, 0xd1, 0x40,
  0x05, 0x80, 0xd3, 0x40, 0x04, 0xc7, 0x80, 0x43, 0x80, 0xc6, 0x80, 0x03, 0x80, 0xc6, 0x80, 0x05,
  0x80, 0xc6, 0x03, 0xc6, 0x80, 0x07, 0xc6, 0x40, 0x01, 0x40, 0xc6, 0x40, 0x07, 0x40, 0xc5, 0x80,
  0x01, 0x80, 0xc6, 0x09, 0x85, 0x40, 0x01, 0x80, 0xc5, 0x80, 0x12, 0xc6, 0x80, 0x12, 0xc6, 0x40,
  0x12, 0xc6, 0x40, 0x12, 0xc6, 0x80, 0x12, 0x80, 0xc5, 0x80, 0x12, 0x80, 0xc6, 0x08, 0x40, 0x85,
  0x40, 0x01, 0x40, 0xc6, 0x40, 0x07, 0x40, 0xc5, 0x80, 0x02, 0xc6, 0x80, 0x07, 0xc6, 0x40, 0x02,
  0x80, 0xc6, 0x80, 0x05, 0x80, 0xc6, 0x04, 0xc7, 0x80, 0x43, 0x80, 0xc6, 0x80, 0x04, 0x80, 0xd3,
  0x06, 0x80, 0xd1, 0x40, 0x07, 0x80, 0xcf, 0x40, 0x09, 0x40, 0xcd, 0x40, 0x0c, 0x80, 0xc9, 0x40,
  0x11, 0x40, 0xc2, 0x80, 0x40, 0x15, 0xc2, 0x80, 0x40, 0x14, 0x40, 0xc4, 0x80, 0x13, 0x40, 0x81,
  0xc3, 0x80, 0x15, 0x80, 0xc3, 0x40, 0x15, 0xc3, 0x40, 0x14, 0x40, 0xc3, 0x40, 0x11, 0x41, 0x80,
  0xc4, 0x11, 0x80, 0xc6, 0x40, 0x11, 0x80, 0xc4, 0x80, 0x40, 0x12, 0x80, 0xc1, 0x81, 0x40, 0x25,
  0x05, 0x40, 0x85, 0x14, 0xc5, 0x40, 0x13, 0x40, 0xc5, 0x14, 0x80, 0xc4, 0x40, 0x14, 0x80, 0xc4,
  0x14, 0x40, 0xc4, 0x40, 0x14, 0x40, 0xc3, 0x80, 0x15, 0x40, 0x83, 0x3f, 0x0a, 0x42, 0x81, 0x41,
  0x11, 0x80, 0xc8, 0x80, 0x40, 0x0c, 0x40, 0xcc, 0x80, 0x0a, 0x80, 0xcf, 0x40, 0x07, 0x80, 0xd1,
  0x40, 0x05, 0x80, 0xd3, 0x05, 0xc7, 0x40, 0x03, 0x80, 0xc6, 0x40, 0x03, 0x80, 0xc5, 0x80, 0x06,
  0x40, 0xc6, 0x03, 0xc6, 0x08, 0x80, 0xc5, 0x40, 0x01, 0x40, 0xc5, 0x80, 0x08, 0x40, 0xc5, 0x80,
  0x01, 0x80, 0xc5, 0x40, 0x09, 0xc5, 0x80, 0x01, 0x80, 0xc5, 0x8a, 0xc6, 0x01, 0xd8, 0x01, 0xd8,
  0x01, 0xd8, 0x01, 0xc6, 0x91, 0x01, 0x80, 0xc5, 0x40, 0x12, 0x80, 0xc5, 0x40, 0x12, 0x40, 0xc5,
  0x80, 0x13, 0xc6, 0x40, 0x08, 0xc1, 0x83, 0x40, 0x02, 0x80, 0xc6, 0x07, 0x80, 0xc5, 0x80, 0x02,
  0x40, 0xc7, 0x40, 0x03, 0x40, 0x80, 0xc6, 0x40, 0x03, 0x80, 0xd3, 0x80, 0x05, 0x80, 0xd2, 0x07,
  0x80, 0xd0, 0x09, 0x80, 0xcd, 0x80, 0x0c, 0x80, 0xc9, 0x80, 0x40, 0x10, 0x41, 0x81, 0x42, 0x08,
  0x0d, 0x85, 0x40, 0x12, 0x40, 0xc5, 0x13, 0x80, 0xc4, 0x40, 0x12, 0x40, 0xc4, 0x80, 0x13, 0x80,
  0xc4, 0x13, 0x40, 0xc4, 0x40, 0x13, 0x80, 0xc3, 0x80, 0x14, 0x84, 0x3f, 0x0a, 0x42, 0x81, 0x41,
  0x11, 0x80, 0xc8, 0x80, 0x40, 0x0c, 0x40, 0xcc, 0x80, 0x0a, 0x80, 0xcf, 0x40, 0x07, 0x80, 0xd1,
  0x40, 0x05, 0x80, 0xd3, 0x05, 0xc7, 0x40, 0x03, 0x80, 0xc6, 0x40, 0x03, 0x80, 0xc5, 0x80, 0x06,
  0x40, 0xc6, 0x03, 0xc6, 0x08, 0x80, 0xc5, 0x40, 0x01, 0x40, 0xc5, 0x80, 0x08, 0x40, 0xc5, 0x80,
  0x01, 0x80, 0xc5, 0x40, 0x09, 0xc5, 0x80, 0x01, 0x80, 0xc5, 0x8a, 0xc6, 0x01, 0xd8, 0x01, 0xd8,
  0x01, 0xd8, 0x01, 0xc6, 0x91, 0x01, 0x80, 0xc5, 0x40, 0x12, 0x80, 0xc5, 0x40, 0x12, 0x40, 0xc5,
  0x80, 0x13, 0xc6, 0x40, 0x08, 0xc1, 0x83, 0x40, 0x02, 0x80, 0xc6, 0x07, 0x80, 0xc5, 0x80, 0x02,
  0x40, 0xc7, 0x40, 0x03, 0x40, 0x80, 0xc6, 0x40, 0x03, 0x80, 0xd3, 0x80, 0x05, 0x80, 0xd2, 0x07,
  0x80, 0xd0, 0x09, 0x80, 0xcd, 0x80, 0x0c, 0x80, 0xc9, 0x80, 0x40, 0x10, 0x41, 0x81, 0x42, 0x08,
  0x24, 0x80, 0xc4, 0x80, 0x12, 0x80, 0xc6, 0x80, 0x10, 0x40, 0xc8, 0x80, 0x0e, 0x40, 0xc4, 0x80,
  0xc4, 0x80, 0x0c, 0x40, 0xc4, 0x80, 0x00, 0x80, 0xc4, 0x40, 0x0a, 0x40, 0xc5, 0x02, 0x80, 0xc4,
  0x40, 0x08, 0x40, 0xc5, 0x40, 0x03, 0xc5, 0x40, 0x07, 0x85, 0x40, 0x04, 0x40, 0x85, 0x3f, 0x03,
  0x42, 0x81, 0x41, 0x11, 0x80, 0xc8, 0x80, 0x40, 0x0c, 0x40, 0xcc, 0x80, 0x0a, 0x80, 0xcf, 0x40,
  0x07, 0x80, 0xd1, 0x40, 0x05, 0x80, 0xd3, 0x05, 0xc7, 0x40, 0x03, 0x80, 0xc6, 0x40, 0x03, 0x80,
  0xc5, 0x80, 0x06, 0x40, 0xc6, 0x03, 0xc6, 0x08, 0x80, 0xc5, 0x40, 0x01, 0x40, 0xc5, 0x80, 0x08,
  0x40, 0xc5, 0x80, 0x01, 0x80, 0xc5, 0x40, 0x09, 0xc5, 0x80, 0x01, 0x80, 0xc5, 0x8a, 0xc6, 0x01,
  0xd8, 0x01, 0xd8, 0x01, 0xd8, 0x01, 0xc6, 0x91, 0x01, 0x80, 0xc5, 0x40, 0x12, 0x80, 0xc5, 0x40,
  0x12, 0x40, 0xc5, 0x80, 0x13, 0xc6, 0x40, 0x08, 0xc1, 0x83, 0x40, 0x02, 0x80, 0xc6, 0x07, 0x80,
  0xc5, 0x80, 0x02, 0x40, 0xc7, 0x40, 0x03, 0x40, 0x80, 0xc6, 0x40, 0x03, 0x80, 0xd3, 0x80, 0x05,
  0x80, 0xd2, 0x07, 0x80, 0xd0, 0x09, 0x80, 0xcd, 0x80, 0x0c, 0x80, 0xc9, 0x80, 0x40, 0x10, 0x41,
  0x81, 0x42, 0x08, 0x05, 0x40, 0x82, 0x06, 0x40, 0x81, 0x40, 0x0a, 0x40, 0xc4, 0x04, 0x80, 0xc3,
  0x40, 0x09, 0xc5, 0x80, 0x02, 0x80, 0xc5, 0x08, 0x40, 0xc6, 0x02, 0x80, 0xc5, 0x40, 0x08, 0xc6,
  0x02, 0x80, 0xc5, 0x40, 0x08, 0x80, 0xc4, 0x40, 0x02, 0x40, 0xc5, 0x0a, 0x80, 0xc2, 0x80, 0x04,
  0x40, 0xc2, 0x80, 0x0d, 0x40, 0x08, 0x40, 0x3f, 0x07, 0x42, 0x81, 0x41, 0x11, 0x80, 0xc8, 0x80,
  0x40, 0x0c, 0x40, 0xcc, 0x80, 0x0a, 0x80, 0xcf, 0x40, 0x07, 0x80, 0xd1, 0x40, 0x05, 0x80, 0xd3,
  0x05, 0xc7, 0x40, 0x03, 0x80, 0xc6, 0x40, 0x03, 0x80, 0xc5, 0x80, 0x06, 0x40, 0xc6, 0x03, 0xc6,
  0x08, 0x80, 0xc5, 0x40, 0x01, 0x40, 0xc5, 0x80, 0x08, 0x40, 0xc5, 0x80, 0x01, 0x80, 0xc5, 0x40,
  0x09, 0xc5, 0x80, 0x01, 0x80, 0xc5, 0x8a, 0xc6, 0x01, 0xd8, 0x01, 0xd8, 0x01, 0xd8, 0x01, 0xc6,
  0x91, 0x01, 0x80, 0xc5, 0x40, 0x12, 0x80, 0xc5, 0x40, 0x12, 0x40, 0xc5, 0x80, 0x13, 0xc6, 0x40,
  0x08, 0xc1, 0x83, 0x40, 0x02, 0x80, 0xc6, 0x07, 0x80, 0xc5, 0x80, 0x02, 0x40, 0xc7, 0x40, 0x03,
  0x40, 0x80, 0xc6, 0x40, 0x03, 0x80, 0xd3, 0x80, 0x05, 0x80, 0xd2, 0x07, 0x80, 0xd0, 0x09, 0x80,
  0xcd, 0x80, 0x0c, 0x80, 0xc9, 0x80, 0x40, 0x10, 0x41, 0x81, 0x42, 0x08, 0x40, 0x85, 0x07, 0x80,
  0xc4, 0x80, 0x07, 0xc5, 0x07, 0x40, 0xc4, 0x80, 0x07, 0x80, 0xc4, 0x08, 0xc4, 0x40, 0x07, 0x40,
  0xc4, 0x08, 0x40, 0x83, 0x23, 0x46, 0x06, 0xc6, 0x40, 0x05, 0xc6, 0x40, 0x05, 0xc6, 0x40, 0x05,
  0xc6, 0x40, 0x05, 0xc6, 0x40, 0x05, 0xc6, 0x40, 0x05, 0xc6, 0x40, 0x05, 0xc6, 0x40, 0x05, 0xc6,
  0x40, 0x05, 0xc6, 0x40, 0x05, 0xc6, 0x40, 0x05, 0xc6, 0x40, 0x05, 0xc6, 0x40, 0x05, 0xc6, 0x40,
  0x05, 0xc6, 0x40, 0x05, 0xc6, 0x40, 0x05, 0xc6, 0x40, 0x05, 0xc6, 0x40, 0x05, 0xc6, 0x40, 0x05,
  0xc6, 0x40, 0x05, 0xc6, 0x40, 0x05, 0xc6, 0x40, 0x05, 0xc6, 0x40, 0x05, 0xc6, 0x40, 0x05, 0xc6,
  0x40, 0x05, 0xc6, 0x40, 0x01, 0x05, 0x40, 0x84, 0x40, 0x04, 0x40, 0xc5, 0x40, 0x04, 0x80, 0xc4,
  0x80, 0x05, 0xc4, 0x80, 0x05, 0x80, 0xc4, 0x40, 0x05, 0xc4, 0x40, 0x05, 0x40, 0xc3, 0x80, 0x06,
  0x40, 0x83, 0x20, 0x46, 0x05, 0xc6, 0x40, 0x04, 0xc6, 0x40, 0x04, 0xc6, 0x40, 0x04, 0xc6, 0x40,
  0x04, 0xc6, 0x40, 0x04, 0xc6, 0x40, 0x04, 0xc6, 0x40, 0x04, 0xc6, 0x40, 0x04, 0xc6, 0x40, 0x04,
  0xc6, 0x40, 0x04, 0xc6, 0x40, 0x04, 0xc6, 0x40, 0x04, 0xc6, 0x40, 0x04, 0xc6, 0x40, 0x04, 0xc6,
  0x40, 0x04, 0xc6, 0x40, 0x04, 0xc6, 0x40, 0x04, 0xc6, 0x40, 0x04, 0xc6, 0x40, 0x04, 0xc6, 0x40,
  0x04, 0xc6, 0x40, 0x04, 0xc6, 0x40, 0x04, 0xc6, 0x40, 0x04, 0xc6, 0x40, 0x04, 0xc6, 0x40, 0x04,
  0xc6, 0x40, 0x02, 0x19, 0x80, 0xc5, 0x0b, 0x40, 0xc6, 0x80, 0x09, 0x40, 0xc8, 0x80, 0x07, 0x40,
  0xc4, 0x80, 0xc4, 0x80, 0x05, 0x40, 0xc5, 0x00, 0x40, 0xc4, 0x80, 0x03, 0x40, 0xc5, 0x40, 0x01,
  0x80, 0xc4, 0x80, 0x02, 0xc5, 0x40, 0x03, 0x80, 0xc4, 0x40, 0x00, 0x85, 0x40, 0x05, 0x85, 0x2e,
  0x46, 0x0c, 0xc6, 0x40, 0x0b, 0xc6, 0x40, 0x0b, 0xc6, 0x40, 0x0b, 0xc6, 0x40, 0x0b, 0xc6, 0x40,
  0x0b, 0xc6, 0x40, 0x0b, 0xc6, 0x40, 0x0b, 0xc6, 0x40, 0x0b, 0xc6, 0x40, 0x0b, 0xc6, 0x40, 0x0b,
  0xc6, 0x40, 0x0b, 0xc6, 0x40, 0x0b, 0xc6, 0x40, 0x0b, 0xc6, 0x40, 0x0b, 0xc6, 0x40, 0x0b, 0xc6,
  0x40, 0x0b, 0xc6, 0x40, 0x0b, 0xc6, 0x40, 0x0b, 0xc6, 0x40, 0x0b, 0xc6, 0x40, 0x0b, 0xc6, 0x40,
  0x0b, 0xc6, 0x40, 0x0b, 0xc6, 0x40, 0x0b, 0xc6, 0x40, 0x0b, 0xc6, 0x40, 0x0b, 0xc6, 0x40, 0x05,
  0x02, 0x82, 0x06, 0x40, 0x81, 0x40, 0x02, 0x40, 0xc4, 0x40, 0x03, 0x80, 0xc3, 0x80, 0x01, 0x80,
  0xc5, 0x02, 0x40, 0xc5, 0x40, 0x00, 0xc6, 0x02, 0x80, 0xc5, 0x40, 0x00, 0xc6, 0x02, 0x80, 0xc5,
  0x40, 0x00, 0x80, 0xc4, 0x80, 0x03, 0xc5, 0x02, 0x80, 0xc2, 0x80, 0x04, 0x40, 0xc3, 0x40, 0x04,
  0x40, 0x08, 0x41, 0x2e, 0x46, 0x0b, 0xc6, 0x40, 0x0a, 0xc6, 0x40, 0x0a, 0xc6, 0x40, 0x0a, 0xc6,
  0x40, 0x0a, 0xc6, 0x40, 0x0a, 0xc6, 0x40, 0x0a, 0xc6, 0x40, 0x0a, 0xc6, 0x40, 0x0a, 0xc6, 0x40,
  0x0a, 0xc6, 0x40, 0x0a, 0xc6, 0x40, 0x0a, 0xc6, 0x40, 0x0a, 0xc6, 0x40, 0x0a, 0xc6, 0x40, 0x0a,
  0xc6, 0x40, 0x0a, 0xc6, 0x40, 0x0a, 0xc6, 0x40, 0x0a, 0xc6, 0x40, 0x0a, 0xc6, 0x40, 0x0a, 0xc6,
  0x40, 0x0a, 0xc6, 0x40, 0x0a, 0xc6, 0x40, 0x0a, 0xc6, 0x40, 0x0a, 0xc6, 0x40, 0x0a, 0xc6, 0x40,
  0x0a, 0xc6, 0x40, 0x04, 0x05, 0x80, 0x40, 0x17, 0x40, 0xc2, 0x80, 0x40, 0x07, 0x40, 0xc0, 0x0a,
  0x80, 0xc5, 0x40, 0x03, 0x40, 0xc2, 0x40, 0x09, 0x80, 0xc6, 0x80, 0x41, 0xc4, 0x40, 0x09, 0x40,
  0x80, 0xcc, 0x80, 0x0d, 0x80, 0xc8, 0x80, 0x10, 0x80, 0xc7, 0x40, 0x0e, 0x40, 0x80, 0xc9, 0x40,
  0x0b, 0x40, 0x80, 0xc4, 0x80, 0xc6, 0x40, 0x0a, 0xc4, 0x80, 0x40, 0x00, 0x40, 0xc6, 0x0a, 0x80,
  0xc1, 0x80, 0x40, 0x04, 0xc5, 0x80, 0x09, 0x81, 0x40, 0x07, 0xc5, 0x80, 0x0d, 0x42, 0x02, 0x40,
  0xc5, 0x40, 0x09, 0x40, 0x80, 0xc5, 0x40, 0x00, 0x80, 0xc4, 0x80, 0x07, 0x40, 0xca, 0x40, 0xc5,
  0x40, 0x05, 0x40, 0xcc, 0x80, 0xc4, 0x80, 0x04, 0x40, 0xd4, 0x04, 0xc7, 0x80, 0x42, 0x80, 0xc8,
  0x40, 0x02, 0x40, 0xc6, 0x40, 0x05, 0x80, 0xc6, 0x80, 0x02, 0xc6, 0x40, 0x07, 0xc6, 0x80, 0x01,
  0x40, 0xc5, 0x80, 0x08, 0x40, 0xc6, 0x01, 0x80, 0xc5, 0x40, 0x09, 0xc6, 0x01, 0x80, 0xc5, 0x40,
  0x09, 0x80, 0xc5, 0x01, 0xc6, 0x0a, 0x80, 0xc5, 0x01, 0xc6, 0x0a, 0x80, 0xc5, 0x01, 0xc6, 0x0a,
  0x80, 0xc5, 0x01, 0xc6, 0x0a, 0x80, 0xc5, 0x01, 0x80, 0xc5, 0x40, 0x09, 0xc5, 0x80, 0x01, 0x80,
  0xc5, 0x80, 0x08, 0x40, 0xc5, 0x80, 0x01, 0x40, 0xc6, 0x40, 0x07, 0x80, 0xc5, 0x40, 0x02, 0xc7,
  0x06, 0x80, 0xc6, 0x03, 0x40, 0xc7, 0x40, 0x02, 0x40, 0x80, 0xc6, 0x40, 0x04, 0x80, 0xd2, 0x80,
  0x06, 0xd2, 0x07, 0x40, 0xd0, 0x0a, 0x80, 0xcc, 0x80, 0x0c, 0x40, 0x80, 0xc8, 0x80, 0x40, 0x10,
  0x41, 0x82, 0x41, 0x09, 0x07, 0x40, 0x80, 0xc1, 0x80, 0x40, 0x03, 0x40, 0xc2, 0x40, 0x0b, 0x40,
  0xc5, 0x80, 0x02, 0x80, 0xc2, 0x40, 0x0a, 0x40, 0xc8, 0x81, 0xc3, 0x0b, 0x80, 0xcd, 0x80, 0x0b,
  0xc3, 0x40, 0x00, 0x40, 0xc7, 0x40, 0x0b, 0xc3, 0x03, 0x80, 0xc4, 0x40, 0x0c, 0x43, 0x05, 0x42,
  0x3f, 0x02, 0x46, 0x04, 0x41, 0x81, 0x41, 0x09, 0xc6, 0x40, 0x01, 0x40, 0x80, 0xc6, 0x80, 0x07,
  0xc6, 0x40, 0x00, 0x80, 0xca, 0x40, 0x05, 0xc6, 0x41, 0xcc, 0x05, 0xc6, 0x40, 0xcd, 0x80, 0x04,
  0xd6, 0x40, 0x03, 0xc9, 0x83, 0xc8, 0x80, 0x03, 0xc8, 0x40, 0x04, 0x80, 0xc7, 0x03, 0xc7, 0x40,
  0x06, 0x80, 0xc6, 0x03, 0xc6, 0x80, 0x07, 0x40, 0xc6, 0x40, 0x02, 0xc6, 0x80, 0x08, 0xc6, 0x40,
  0x02, 0xc6, 0x40, 0x08, 0xc6, 0x40, 0x02, 0xc6, 0x40, 0x08, 0xc6, 0x40, 0x02, 0xc6, 0x40, 0x08,
  0xc6, 0x40, 0x02, 0xc6, 0x40, 0x08, 0xc6, 0x40, 0x02, 0xc6, 0x40, 0x08, 0xc6, 0x40, 0x02, 0xc6,
  0x40, 0x08, 0xc6, 0x40, 0x02, 0xc6, 0x40, 0x08, 0xc6, 0x40, 0x02, 0xc6, 0x40, 0x08, 0xc6, 0x40,
  0x02, 0xc6, 0x40, 0x08, 0xc6, 0x40, 0x02, 0xc6, 0x40, 0x08, 0xc6, 0x40, 0x02, 0xc6, 0x40, 0x08,
  0xc6, 0x40, 0x02, 0xc6, 0x40, 0x08, 0xc6, 0x40, 0x02, 0xc6, 0x40, 0x08, 0xc6, 0x40, 0x02, 0xc6,
  0x40, 0x08, 0xc6, 0x40, 0x02, 0xc6, 0x40, 0x08, 0xc6, 0x40, 0x02, 0xc6, 0x40, 0x08, 0xc6, 0x40,
  0x00, 0x06, 0x85, 0x40, 0x14, 0x80, 0xc4, 0x80, 0x15, 0xc5, 0x40, 0x14, 0x40, 0xc4, 0x80, 0x15,
  0x80, 0xc4, 0x40, 0x15, 0x80, 0xc3, 0x80, 0x15, 0x40, 0xc4, 0x16, 0x40, 0x83, 0x40, 0x3f, 0x0d,
  0x41, 0x81, 0x41, 0x12, 0x80, 0xc9, 0x40, 0x0d, 0x40, 0xcd, 0x40, 0x0a, 0x80, 0xcf, 0x80, 0x08,
  0x80, 0xd1, 0x80, 0x06, 0x80, 0xd3, 0x40, 0x04, 0x40, 0xc7, 0x80, 0x43, 0x80, 0xc7, 0x04, 0x80,
  0xc6, 0x80, 0x05, 0x80, 0xc6, 0x80, 0x03, 0xc6, 0x80, 0x07, 0x80, 0xc6, 0x02, 0x40, 0xc6, 0x40,
  0x07, 0x40, 0xc6, 0x40, 0x01, 0x80, 0xc6, 0x09, 0xc6, 0x40, 0x01, 0x80, 0xc5, 0x80, 0x09, 0x80,
  0xc5, 0x80, 0x01, 0xc6, 0x80, 0x09, 0x80, 0xc5, 0x80, 0x01, 0xc6, 0x40, 0x09, 0x80, 0xc5, 0x80,
  0x01, 0xc6, 0x40, 0x09, 0x80, 0xc5, 0x80, 0x01, 0xc6, 0x80, 0x09, 0x80, 0xc5, 0x80, 0x01, 0x80,
  0xc5, 0x80, 0x09, 0x80, 0xc5, 0x80, 0x01, 0x80, 0xc6, 0x09, 0xc6, 0x40, 0x01, 0x40, 0xc6, 0x40,
  0x07, 0x40, 0xc6, 0x40, 0x02, 0xc6, 0x80, 0x07, 0xc7, 0x03, 0x80, 0xc6, 0x80, 0x05, 0x80, 0xc6,
  0x80, 0x04, 0xc7, 0x80, 0x43, 0x80, 0xc7, 0x05, 0x80, 0xd3, 0x40, 0x06, 0x80, 0xd1, 0x80, 0x08,
  0x80, 0xcf, 0x80, 0x0a, 0x40, 0xcd, 0x40, 0x0d, 0x80, 0xc9, 0x40, 0x12, 0x41, 0x81, 0x41, 0x0a,
  0x0d, 0x40, 0x85, 0x14, 0xc5, 0x40, 0x13, 0x40, 0xc4, 0x80, 0x14, 0xc5, 0x14, 0x40, 0xc4, 0x40,
  0x14, 0x80, 0xc3, 0x80, 0x14, 0x40, 0xc4, 0x15, 0x40, 0x83, 0x40, 0x3f, 0x0d, 0x41, 0x81, 0x41,
  0x12, 0x80, 0xc9, 0x40, 0x0d, 0x40, 0xcd, 0x40, 0x0a, 0x80, 0xcf, 0x80, 0x08, 0x80, 0xd1, 0x80,
  0x06, 0x80, 0xd3, 0x40, 0x04, 0x40, 0xc7, 0x80, 0x43, 0x80, 0xc7, 0x04, 0x80, 0xc6, 0x80, 0x05,
  0x80, 0xc6, 0x80, 0x03, 0xc6, 0x80, 0x07, 0x80, 0xc6, 0x02, 0x40, 0xc6, 0x40, 0x07, 0x40, 0xc6,
  0x40, 0x01, 0x80, 0xc6, 0x09, 0xc6, 0x40, 0x01, 0x80, 0xc5, 0x80, 0x09, 0x80, 0xc5, 0x80, 0x01,
  0xc6, 0x80, 0x09, 0x80, 0xc5, 0x80, 0x01, 0xc6, 0x40, 0x09, 0x80, 0xc5, 0x80, 0x01, 0xc6, 0x40,
  0x09, 0x80, 0xc5, 0x80, 0x01, 0xc6, 0x80, 0x09, 0x80, 0xc5, 0x80, 0x01, 0x80, 0xc5, 0x80, 0x09,
  0x80, 0xc5, 0x80, 0x01, 0x80, 0xc6, 0x09, 0xc6, 0x40, 0x01, 0x40, 0xc6, 0x40, 0x07, 0x40, 0xc6,
  0x40, 0x02, 0xc6, 0x80, 0x07, 0xc7, 0x03, 0x80, 0xc6, 0x80, 0x05, 0x80, 0xc6, 0x80, 0x04, 0xc7,
  0x80, 0x43, 0x80, 0xc7, 0x05, 0x80, 0xd3, 0x40, 0x06, 0x80, 0xd1, 0x80, 0x08, 0x80, 0xcf, 0x80,
  0x0a, 0x40, 0xcd, 0x40, 0x0d, 0x80, 0xc9, 0x40, 0x12, 0x41, 0x81, 0x41, 0x0a, 0x25, 0x40, 0xc5,
  0x40, 0x12, 0x40, 0xc7, 0x11, 0x40, 0xc9, 0x10, 0xcb, 0x0e, 0xc5, 0x41, 0xc4, 0x80, 0x0c, 0xc5,
  0x40, 0x01, 0x40, 0xc4, 0x80, 0x0a, 0x80, 0xc4, 0x40, 0x03, 0x80, 0xc4, 0x80, 0x08, 0x40, 0x85,
  0x05, 0x85, 0x40, 0x3f, 0x06, 0x41, 0x81, 0x41, 0x12, 0x80, 0xc9, 0x40, 0x0d, 0x40, 0xcd, 0x40,
  0x0a, 0x80, 0xcf, 0x80, 0x08, 0x80, 0xd1, 0x80, 0x06, 0x80, 0xd3, 0x40, 0x04, 0x40, 0xc7, 0x80,
  0x43, 0x80, 0xc7, 0x04, 0x80, 0xc6, 0x80, 0x05, 0x80, 0xc6, 0x80, 0x03, 0xc6, 0x80, 0x07, 0x80,
  0xc6, 0x02, 0x40, 0xc6, 0x40, 0x07, 0x40, 0xc6, 0x40, 0x01, 0x80, 0xc6, 0x09, 0xc6, 0x40, 0x01,
  0x80, 0xc5, 0x80, 0x09, 0x80, 0xc5, 0x80, 0x01, 0xc6, 0x80, 0x09, 0x80, 0xc5, 0x80, 0x01, 0xc6,
  0x40, 0x09, 0x80, 0xc5, 0x80, 0x01, 0xc6, 0x40, 0x09, 0x80, 0xc5, 0x80, 0x01, 0xc6, 0x80, 0x09,
  0x80, 0xc5, 0x80, 0x01, 0x80, 0xc5, 0x80, 0x09, 0x80, 0xc5, 0x80, 0x01, 0x80, 0xc6, 0x09, 0xc6,
  0x40, 0x01, 0x40, 0xc6, 0x40, 0x07, 0x40, 0xc6, 0x40, 0x02, 0xc6, 0x80, 0x07, 0xc7, 0x03, 0x80,
  0xc6, 0x80, 0x05, 0x80, 0xc6, 0x80, 0x04, 0xc7, 0x80, 0x43, 0x80, 0xc7, 0x05, 0x80, 0xd3, 0x40,
  0x06, 0x80, 0xd1, 0x80, 0x08, 0x80, 0xcf, 0x80, 0x0a, 0x40, 0xcd, 0x40, 0x0d, 0x80, 0xc9, 0x40,
  0x12, 0x41, 0x81, 0x41, 0x0a, 0x07, 0x40, 0x80, 0xc1, 0x80, 0x40, 0x03, 0x80, 0xc2, 0x0c, 0x80,
  0xc5, 0x80, 0x02, 0xc3, 0x0b, 0x40, 0xc8, 0x81, 0xc3, 0x0b, 0xce, 0x80, 0x0b, 0xc3, 0x40, 0x00,
  0x80, 0xc7, 0x0b, 0x40, 0xc2, 0x80, 0x02, 0x40, 0x80, 0xc4, 0x40, 0x0c, 0x43, 0x04, 0x43, 0x3f,
  0x0b, 0x41, 0x81, 0x41, 0x12, 0x80, 0xc9, 0x40, 0x0d, 0x40, 0xcd, 0x40, 0x0a, 0x80, 0xcf, 0x80,
  0x08, 0x80, 0xd1, 0x80, 0x06, 0x80, 0xd3, 0x40, 0x04, 0x40, 0xc7, 0x80, 0x43, 0x80, 0xc7, 0x04,
  0x80, 0xc6, 0x80, 0x05, 0x80, 0xc6, 0x80, 0x03, 0xc6, 0x80, 0x07, 0x80, 0xc6, 0x02, 0x40, 0xc6,
  0x40, 0x07, 0x40, 0xc6, 0x40, 0x01, 0x80, 0xc6, 0x09, 0xc6, 0x40, 0x01, 0x80, 0xc5, 0x80, 0x09,
  0x80, 0xc5, 0x80, 0x01, 0xc6, 0x80, 0x09, 0x80, 0xc5, 0x80, 0x01, 0xc6, 0x40, 0x09, 0x80, 0xc5,
  0x80, 0x01, 0xc6, 0x40, 0x09, 0x80, 0xc5, 0x80, 0x01, 0xc6, 0x80, 0x09, 0x80, 0xc5, 0x80, 0x01,
  0x80, 0xc5, 0x80, 0x09, 0x80, 0xc5, 0x80, 0x01, 0x80, 0xc6, 0x09, 0xc6, 0x40, 0x01, 0x40, 0xc6,
  0x40, 0x07, 0x40, 0xc6, 0x40, 0x02, 0xc6, 0x80, 0x07, 0xc7, 0x03, 0x80, 0xc6, 0x80, 0x05, 0x80,
  0xc6, 0x80, 0x04, 0xc7, 0x80, 0x43, 0x80, 0xc7, 0x05, 0x80, 0xd3, 0x40, 0x06, 0x80, 0xd1, 0x80,
  0x08, 0x80, 0xcf, 0x80, 0x0a, 0x40, 0xcd, 0x40, 0x0d, 0x80, 0xc9, 0x40, 0x12, 0x41, 0x81, 0x41,
  0x0a, 0x06, 0x40, 0x81, 0x40, 0x05, 0x40, 0x81, 0x40, 0x0c, 0xc4, 0x40, 0x03, 0x80, 0xc3, 0x80,
  0x0a, 0x80, 0xc5, 0x02, 0x40, 0xc5, 0x40, 0x09, 0x80, 0xc5, 0x40, 0x01, 0x40, 0xc5, 0x80, 0x09,
  0x80, 0xc5, 0x40, 0x01, 0x40, 0xc5, 0x80, 0x09, 0x40, 0xc4, 0x80, 0x03, 0xc5, 0x40, 0x0a, 0x40,
  0xc2, 0x80, 0x05, 0x80, 0xc2, 0x40, 0x0d, 0x40, 0x08, 0x41, 0x3f, 0x0a, 0x41, 0x81, 0x41, 0x12,
  0x80, 0xc9, 0x40, 0x0d, 0x40, 0xcd, 0x40, 0x0a, 0x80, 0xcf, 0x80, 0x08, 0x80, 0xd1, 0x80, 0x06,
  0x80, 0xd3, 0x40, 0x04, 0x40, 0xc7, 0x80, 0x43, 0x80, 0xc7, 0x04, 0x80, 0xc6, 0x80, 0x05, 0x80,
  0xc6, 0x80, 0x03, 0xc6, 0x80, 0x07, 0x80, 0xc6, 0x02, 0x40, 0xc6, 0x40, 0x07, 0x40, 0xc6, 0x40,
  0x01, 0x80, 0xc6, 0x09, 0xc6, 0x40, 0x01, 0x80, 0xc5, 0x80, 0x09, 0x80, 0xc5, 0x80, 0x01, 0xc6,
  0x80, 0x09, 0x80, 0xc5, 0x80, 0x01, 0xc6, 0x40, 0x09, 0x80, 0xc5, 0x80, 0x01, 0xc6, 0x40, 0x09,
  0x80, 0xc5, 0x80, 0x01, 0xc6, 0x80, 0x09, 0x80, 0xc5, 0x80, 0x01, 0x80, 0xc5, 0x80, 0x09, 0x80,
  0xc5, 0x80, 0x01, 0x80, 0xc6, 0x09, 0xc6, 0x40, 0x01, 0x40, 0xc6, 0x40, 0x07, 0x40, 0xc6, 0x40,
  0x02, 0xc6, 0x80, 0x07, 0xc7, 0x03, 0x80, 0xc6, 0x80, 0x05, 0x80, 0xc6, 0x80, 0x04, 0xc7, 0x80,
  0x43, 0x80, 0xc7, 0x05, 0x80, 0xd3, 0x40, 0x06, 0x80, 0xd1, 0x80, 0x08, 0x80, 0xcf, 0x80, 0x0a,
  0x40, 0xcd, 0x40, 0x0d, 0x80, 0xc9, 0x40, 0x12, 0x41, 0x81, 0x41, 0x0a, 0x0d, 0x40, 0x80, 0x40,
  0x19, 0x40, 0xc4, 0x40, 0x17, 0xc6, 0x16, 0x40, 0xc6, 0x40, 0x15, 0x80, 0xc6, 0x80, 0x15, 0x40,
  0xc6, 0x40, 0x16, 0xc6, 0x17, 0x40, 0xc4, 0x40, 0x19, 0x82, 0x3f, 0x0e, 0x40, 0xd6, 0x40, 0x05,
  0x40, 0xd6, 0x40, 0x05, 0x40, 0xd6, 0x40, 0x05, 0x40, 0xd6, 0x40, 0x05, 0x40, 0xd6, 0x40, 0x05,
  0x40, 0xd6, 0x40, 0x3f, 0x0e, 0x40, 0x80, 0x40, 0x19, 0x40, 0xc4, 0x40, 0x17, 0xc6, 0x16, 0x40,
  0xc6, 0x40, 0x15, 0x80, 0xc6, 0x80, 0x15, 0x40, 0xc6, 0x40, 0x16, 0xc6, 0x17, 0x40, 0xc4, 0x40,
  0x19, 0x40, 0x80, 0x40, 0x0d, 0x14, 0x40, 0x10, 0x41, 0x81, 0x41, 0x02, 0x40, 0xc1, 0x40, 0x0b,
  0x80, 0xc9, 0x40, 0x80, 0xc2, 0x80, 0x08, 0x40, 0xd0, 0x40, 0x07, 0x80, 0xd0, 0x80, 0x07, 0x80,
  0xd1, 0x80, 0x06, 0x80, 0xd3, 0x40, 0x05, 0xc7, 0x80, 0x43, 0xc8, 0x04, 0x80, 0xc6, 0x80, 0x04,
  0xc8, 0x80, 0x03, 0xc6, 0x80, 0x04, 0x80, 0xc9, 0x02, 0x40, 0xc6, 0x40, 0x03, 0x40, 0xca, 0x40,
  0x01, 0x80, 0xc6, 0x04, 0xc3, 0x80, 0xc6, 0x40, 0x01, 0x80, 0xc5, 0x80, 0x03, 0x80, 0xc3, 0x40,
  0x80, 0xc5, 0x80, 0x01, 0xc6, 0x80, 0x02, 0x40, 0xc3, 0x40, 0x00, 0x80, 0xc5, 0x80, 0x01, 0xc6,
  0x40, 0x01, 0x40, 0xc3, 0x80, 0x01, 0x80, 0xc5, 0x80, 0x01, 0xc6, 0x40, 0x01, 0xc4, 0x02, 0x80,
  0xc5, 0x80, 0x01, 0xc6, 0x80, 0x00, 0x80, 0xc3, 0x40, 0x02, 0x80, 0xc5, 0x80, 0x01, 0x80, 0xc5,
  0x80, 0x40, 0xc3, 0x80, 0x03, 0x80, 0xc5, 0x80, 0x01, 0x80, 0xcb, 0x04, 0xc6, 0x40, 0x01, 0x40,
  0xca, 0x40, 0x03, 0x40, 0xc6, 0x40, 0x02, 0xc9, 0x80, 0x04, 0xc7, 0x03, 0x80, 0xc8, 0x04, 0x80,
  0xc6, 0x80, 0x03, 0x40, 0xc7, 0x80, 0x43, 0x80, 0xc7, 0x05, 0x80, 0xd3, 0x40, 0x06, 0x80, 0xd1,
  0x80, 0x07, 0x80, 0xd0, 0x80, 0x07, 0x80, 0xd0, 0x40, 0x08, 0x80, 0xc2, 0x81, 0xc9, 0x40, 0x0b,
  0x80, 0xc1, 0x02, 0x42, 0x81, 0x41, 0x0f, 0x41, 0x14, 0x06, 0x85, 0x40, 0x14, 0x40, 0xc5, 0x15,
  0x80, 0xc4, 0x80, 0x15, 0xc5, 0x15, 0x40, 0xc4, 0x40, 0x15, 0x80, 0xc4, 0x16, 0xc4, 0x40, 0x15,
  0x40, 0x83, 0x40, 0x3f, 0x04, 0x46, 0x09, 0x46, 0x03, 0xc6, 0x40, 0x08, 0xc6, 0x03, 0xc6, 0x40,
  0x08, 0xc6, 0x03, 0xc6, 0x40, 0x08, 0xc6, 0x03, 0xc6, 0x40, 0x08, 0xc6, 0x03, 0xc6, 0x40, 0x08,
  0xc6, 0x03, 0xc6, 0x40, 0x08, 0xc6, 0x03, 0xc6, 0x40, 0x08, 0xc6, 0x03, 0xc6, 0x40, 0x08, 0xc6,
  0x03, 0xc6, 0x40, 0x08, 0xc6, 0x03, 0xc6, 0x40, 0x08, 0xc6, 0x03, 0xc6, 0x40, 0x08, 0xc6, 0x03,
  0xc6, 0x40, 0x08, 0xc6, 0x03, 0xc6, 0x40, 0x08, 0xc6, 0x03, 0xc6, 0x40, 0x08, 0xc6, 0x03, 0xc6,
  0x40, 0x08, 0xc6, 0x03, 0xc6, 0x40, 0x08, 0xc6, 0x03, 0xc6, 0x40, 0x07, 0x40, 0xc6, 0x03, 0x80,
  0xc5, 0x80, 0x07, 0x80, 0xc6, 0x03, 0x80, 0xc6, 0x40, 0x05, 0x40, 0xc7, 0x03, 0x80, 0xc7, 0x40,
  0x03, 0x80, 0xc8, 0x03, 0x40, 0xd6, 0x04, 0xce, 0x80, 0xc6, 0x04, 0x40, 0xcd, 0x40, 0x80, 0xc5,
  0x05, 0x80, 0xcb, 0x80, 0x00, 0x80, 0xc5, 0x06, 0x80, 0xc9, 0x80, 0x01, 0x80, 0xc5, 0x07, 0x40,
  0x80, 0xc5, 0x80, 0x40, 0x02, 0x80, 0xc5, 0x0a, 0x43, 0x0e, 0x0d, 0x40, 0x85, 0x14, 0x80, 0xc4,
  0x80, 0x13, 0x40, 0xc5, 0x14, 0x80, 0xc4, 0x40, 0x14, 0xc4, 0x80, 0x14, 0x80, 0xc4, 0x15, 0xc4,
  0x40, 0x14, 0x40, 0x83, 0x40, 0x3f, 0x04, 0x46, 0x09, 0x46, 0x03, 0xc6, 0x40, 0x08, 0xc6, 0x03,
  0xc6, 0x40, 0x08, 0xc6, 0x03, 0xc6, 0x40, 0x08, 0xc6, 0x03, 0xc6, 0x40, 0x08, 0xc6, 0x03, 0xc6,
  0x40, 0x08, 0xc6, 0x03, 0xc6, 0x40, 0x08, 0xc6, 0x03, 0xc6, 0x40, 0x08, 0xc6, 0x03, 0xc6, 0x40,
  0x08, 0xc6, 0x03, 0xc6, 0x40, 0x08, 0xc6, 0x03, 0xc6, 0x40, 0x08, 0xc6, 0x03, 0xc6, 0x40, 0x08,
  0xc6, 0x03, 0xc6, 0x40, 0x08, 0xc6, 0x03, 0xc6, 0x40, 0x08, 0xc6, 0x03, 0xc6, 0x40, 0x08, 0xc6,
  0x03, 0xc6, 0x40, 0x08, 0xc6, 0x03, 0xc6, 0x40, 0x08, 0xc6, 0x03, 0xc6, 0x40, 0x07, 0x40, 0xc6,
  0x03, 0x80, 0xc5, 0x80, 0x07, 0x80, 0xc6, 0x03, 0x80, 0xc6, 0x40, 0x05, 0x40, 0xc7, 0x03, 0x80,
  0xc7, 0x40, 0x03, 0x80, 0xc8, 0x03, 0x40, 0xd6, 0x04, 0xce, 0x80, 0xc6, 0x04, 0x40, 0xcd, 0x40,
  0x80, 0xc5, 0x05, 0x80, 0xcb, 0x80, 0x00, 0x80, 0xc5, 0x06, 0x80, 0xc9, 0x80, 0x01, 0x80, 0xc5,
  0x07, 0x40, 0x80, 0xc5, 0x80, 0x40, 0x02, 0x80, 0xc5, 0x0a, 0x43, 0x0e, 0x25, 0x40, 0xc5, 0x40,
  0x13, 0xc7, 0x40, 0x11, 0xc9, 0x40, 0x0f, 0x80, 0xca, 0x40, 0x0d, 0x80, 0xc4, 0x40, 0x00, 0xc5,
  0x0c, 0x80, 0xc4, 0x80, 0x01, 0x40, 0xc5, 0x0a, 0x80, 0xc4, 0x80, 0x03, 0x40, 0xc5, 0x08, 0x40,
  0x85, 0x05, 0x40, 0x84, 0x40, 0x3d, 0x46, 0x09, 0x46, 0x03, 0xc6, 0x40, 0x08, 0xc6, 0x03, 0xc6,
  0x40, 0x08, 0xc6, 0x03, 0xc6, 0x40, 0x08, 0xc6, 0x03, 0xc6, 0x40, 0x08, 0xc6, 0x03, 0xc6, 0x40,
  0x08, 0xc6, 0x03, 0xc6, 0x40, 0x08, 0xc6, 0x03, 0xc6, 0x40, 0x08, 0xc6, 0x03, 0xc6, 0x40, 0x08,
  0xc6, 0x03, 0xc6, 0x40, 0x08, 0xc6, 0x03, 0xc6, 0x40, 0x08, 0xc6, 0x03, 0xc6, 0x40, 0x08, 0xc6,
  0x03, 0xc6, 0x40, 0x08, 0xc6, 0x03, 0xc6, 0x40, 0x08, 0xc6, 0x03, 0xc6, 0x40, 0x08, 0xc6, 0x03,
  0xc6, 0x40, 0x08, 0xc6, 0x03, 0xc6, 0x40, 0x08, 0xc6, 0x03, 0xc6, 0x40, 0x07, 0x40, 0xc6, 0x03,
  0x80, 0xc5, 0x80, 0x07, 0x80, 0xc6, 0x03, 0x80, 0xc6, 0x40, 0x05, 0x40, 0xc7, 0x03, 0x80, 0xc7,
  0x40, 0x03, 0x80, 0xc8, 0x03, 0x40, 0xd6, 0x04, 0xce, 0x80, 0xc6, 0x04, 0x40, 0xcd, 0x40, 0x80,
  0xc5, 0x05, 0x80, 0xcb, 0x80, 0x00, 0x80, 0xc5, 0x06, 0x80, 0xc9, 0x80, 0x01, 0x80, 0xc5, 0x07,
  0x40, 0x80, 0xc5, 0x80, 0x40, 0x02, 0x80, 0xc5, 0x0a, 0x43, 0x0e, 0x06, 0x40, 0x81, 0x40, 0x05,
  0x40, 0x82, 0x0c, 0x80, 0xc3, 0x80, 0x03, 0x40, 0xc4, 0x0a, 0x40, 0xc5, 0x40, 0x02, 0xc5, 0x80,
  0x09, 0x80, 0xc5, 0x40, 0x01, 0x40, 0xc6, 0x09, 0x80, 0xc5, 0x40, 0x02, 0xc5, 0x80, 0x0a, 0xc5,
  0x03, 0x80, 0xc4, 0x40, 0x0a, 0x40, 0xc3, 0x40, 0x04, 0x80, 0xc2, 0x80, 0x0d, 0x41, 0x08, 0x40,
  0x3f, 0x01, 0x46, 0x09, 0x46, 0x03, 0xc6, 0x40, 0x08, 0xc6, 0x03, 0xc6, 0x40, 0x08, 0xc6, 0x03,
  0xc6, 0x40, 0x08, 0xc6, 0x03, 0xc6, 0x40, 0x08, 0xc6, 0x03, 0xc6, 0x40, 0x08, 0xc6, 0x03, 0xc6,
  0x40, 0x08, 0xc6, 0x03, 0xc6, 0x40, 0x08, 0xc6, 0x03, 0xc6, 0x40, 0x08, 0xc6, 0x03, 0xc6, 0x40,
  0x08, 0xc6, 0x03, 0xc6, 0x40, 0x08, 0xc6, 0x03, 0xc6, 0x40, 0x08, 0xc6, 0x03, 0xc6, 0x40, 0x08,
  0xc6, 0x03, 0xc6, 0x40, 0x08, 0xc6, 0x03, 0xc6, 0x40, 0x08, 0xc6, 0x03, 0xc6, 0x40, 0x08, 0xc6,
  0x03, 0xc6, 0x40, 0x08, 0xc6, 0x03, 0xc6, 0x40, 0x07, 0x40, 0xc6, 0x03, 0x80, 0xc5, 0x80, 0x07,
  0x80, 0xc6, 0x03, 0x80, 0xc6, 0x40, 0x05, 0x40, 0xc7, 0x03, 0x80, 0xc7, 0x40, 0x03, 0x80, 0xc8,
  0x03, 0x40, 0xd6, 0x04, 0xce, 0x80, 0xc6, 0x04, 0x40, 0xcd, 0x40, 0x80, 0xc5, 0x05, 0x80, 0xcb,
  0x80, 0x00, 0x80, 0xc5, 0x06, 0x80, 0xc9, 0x80, 0x01, 0x80, 0xc5, 0x07, 0x40, 0x80, 0xc5, 0x80,
  0x40, 0x02, 0x80, 0xc5, 0x0a, 0x43, 0x0e, 0x0c, 0x40, 0x85, 0x13, 0x80, 0xc4, 0x80, 0x13, 0xc5,
  0x13, 0x80, 0xc4, 0x40, 0x13, 0xc4, 0x80, 0x13, 0x80, 0xc4, 0x14, 0xc4, 0x40, 0x14, 0x83, 0x40,
  0x3f, 0x00, 0x46, 0x0b, 0x46, 0x00, 0x80, 0xc6, 0x09, 0x40, 0xc6, 0x41, 0xc6, 0x09, 0x80, 0xc6,
  0x01, 0xc6, 0x40, 0x08, 0xc6, 0x80, 0x01, 0x80, 0xc5, 0x80, 0x07, 0x40, 0xc6, 0x40, 0x01, 0x40,
  0xc6, 0x07, 0x80, 0xc6, 0x03, 0xc6, 0x40, 0x06, 0x80, 0xc5, 0x80, 0x03, 0x80, 0xc5, 0x80, 0x06,
  0xc6, 0x40, 0x03, 0x40, 0xc6, 0x05, 0x40, 0xc5, 0x80, 0x05, 0xc6, 0x05, 0x80, 0xc5, 0x40, 0x05,
  0x80, 0xc5, 0x40, 0x04, 0xc6, 0x06, 0x40, 0xc5, 0x80, 0x03, 0x40, 0xc5, 0x80, 0x07, 0xc6, 0x03,
  0x40, 0xc5, 0x40, 0x07, 0x80, 0xc5, 0x40, 0x02, 0x80, 0xc5, 0x08, 0x40, 0xc5, 0x80, 0x02, 0xc5,
  0x80, 0x09, 0xc5, 0x80, 0x01, 0x40, 0xc5, 0x40, 0x09, 0x40, 0xc5, 0x01, 0x80, 0xc5, 0x0b, 0xc5,
  0x40, 0x00, 0xc5, 0x80, 0x0b, 0x80, 0xc4, 0x80, 0x40, 0xc5, 0x40, 0x0b, 0x40, 0xc5, 0x40, 0xc5,
  0x0d, 0xcb, 0x80, 0x0d, 0x80, 0xca, 0x40, 0x0d, 0x40, 0xca, 0x0f, 0xc9, 0x80, 0x0f, 0x80, 0xc8,
  0x40, 0x0f, 0x40, 0xc8, 0x11, 0xc7, 0x80, 0x11, 0x80, 0xc6, 0x12, 0xc6, 0x80, 0x11, 0x40, 0xc6,
  0x40, 0x10, 0x40, 0xc7, 0x0d, 0x80, 0xca, 0x80, 0x0d, 0xcb, 0x0d, 0x40, 0xca, 0x40, 0x0d, 0x80,
  0xc9, 0x40, 0x0e, 0x80, 0xc7, 0x80, 0x40, 0x0f, 0x40, 0x85, 0x41, 0x0f, 0x01, 0x80, 0xc5, 0x40,
  0x14, 0xc6, 0x40, 0x14, 0xc6, 0x40, 0x14, 0xc6, 0x40, 0x14, 0xc6, 0x40, 0x14, 0xc6, 0x40, 0x14,
  0xc6, 0x40, 0x14, 0xc6, 0x40, 0x14, 0xc6, 0x40, 0x03, 0x41, 0x81, 0x41, 0x0a, 0xc6, 0x40, 0x01,
  0x40, 0xc7, 0x80, 0x08, 0xc6, 0x40, 0x00, 0x40, 0xca, 0x40, 0x06, 0xc6, 0x41, 0xcc, 0x40, 0x05,
  0xc6, 0x40, 0xce, 0x05, 0xd6, 0x80, 0x04, 0xc9, 0x80, 0x42, 0x80, 0xc8, 0x40, 0x03, 0xc8, 0x40,
  0x05, 0xc7, 0x80, 0x03, 0xc7, 0x80, 0x07, 0xc7, 0x03, 0xc7, 0x08, 0x80, 0xc6, 0x40, 0x02, 0xc6,
  0x80, 0x08, 0x40, 0xc6, 0x40, 0x02, 0xc6, 0x40, 0x09, 0xc6, 0x80, 0x02, 0xc6, 0x40, 0x09, 0xc6,
  0x80, 0x02, 0xc6, 0x40, 0x09, 0x80, 0xc5, 0x80, 0x02, 0xc6, 0x40, 0x09, 0x80, 0xc5, 0x80, 0x02,
  0xc6, 0x40, 0x09, 0xc6, 0x80, 0x02, 0xc6, 0x40, 0x09, 0xc6, 0x80, 0x02, 0xc6, 0x80, 0x08, 0x40,
  0xc6, 0x40, 0x02, 0xc7, 0x08, 0x80, 0xc6, 0x40, 0x02, 0xc7, 0x80, 0x06, 0x40, 0xc7, 0x03, 0xc8,
  0x80, 0x04, 0x40, 0xc7, 0x80, 0x03, 0xca, 0x80, 0x41, 0x80, 0xc8, 0x04, 0xd6, 0x80, 0x04, 0xc6,
  0x40, 0xce, 0x05, 0xc6, 0x41, 0xcc, 0x06, 0xc6, 0x40, 0x00, 0x40, 0xc9, 0x80, 0x07, 0xc6, 0x40,
  0x01, 0x40, 0x80, 0xc5, 0x80, 0x40, 0x08, 0xc6, 0x40, 0x04, 0x43, 0x0b, 0xc6, 0x40, 0x14, 0xc6,
  0x40, 0x14, 0xc6, 0x40, 0x14, 0xc6, 0x40, 0x14, 0xc6, 0x40, 0x14, 0xc6, 0x40, 0x14, 0xc6, 0x40,
  0x14, 0xc6, 0x40, 0x14, 0x86, 0x40, 0x12, 0x05, 0x40, 0x81, 0x40, 0x06, 0x82, 0x0b, 0x80, 0xc3,
  0x80, 0x03, 0x40, 0xc4, 0x09, 0x40, 0xc5, 0x40, 0x02, 0xc5, 0x80, 0x08, 0x80, 0xc5, 0x80, 0x02,
  0xc6, 0x08, 0x40, 0xc5, 0x40, 0x02, 0xc6, 0x09, 0xc5, 0x03, 0x80, 0xc4, 0x40, 0x09, 0x40, 0xc3,
  0x40, 0x04, 0x80, 0xc2, 0x80, 0x0c, 0x41, 0x08, 0x40, 0x3d, 0x46, 0x0b, 0x46, 0x00, 0x80, 0xc6,
  0x09, 0x40, 0xc6, 0x41, 0xc6, 0x09, 0x80, 0xc6, 0x01, 0xc6, 0x40, 0x08, 0xc6, 0x80, 0x01, 0x80,
  0xc5, 0x80, 0x07, 0x40, 0xc6, 0x40, 0x01, 0x40, 0xc6, 0x07, 0x80, 0xc6, 0x03, 0xc6, 0x40, 0x06,
  0x80, 0xc5, 0x80, 0x03, 0x80, 0xc5, 0x80, 0x06, 0xc6, 0x40, 0x03, 0x40, 0xc6, 0x05, 0x40, 0xc5,
  0x80, 0x05, 0xc6, 0x05, 0x80, 0xc5, 0x40, 0x05, 0x80, 0xc5, 0x40, 0x04, 0xc6, 0x06, 0x40, 0xc5,
  0x80, 0x03, 0x40, 0xc5, 0x80, 0x07, 0xc6, 0x03, 0x40, 0xc5, 0x40, 0x07, 0x80, 0xc5, 0x40, 0x02,
  0x80, 0xc5, 0x08, 0x40, 0xc5, 0x80, 0x02, 0xc5, 0x80, 0x09, 0xc5, 0x80, 0x01, 0x40, 0xc5, 0x40,
  0x09, 0x40, 0xc5, 0x01, 0x80, 0xc5, 0x0b, 0xc5, 0x40, 0x00, 0xc5, 0x80, 0x0b, 0x80, 0xc4, 0x80,
  0x40, 0xc5, 0x40, 0x0b, 0x40, 0xc5, 0x40, 0xc5, 0x0d, 0xcb, 0x80, 0x0d, 0x80, 0xca, 0x40, 0x0d,
  0x40, 0xca, 0x0f, 0xc9, 0x80, 0x0f, 0x80, 0xc8, 0x40, 0x0f, 0x40, 0xc8, 0x11, 0xc7, 0x80, 0x11,
  0x80, 0xc6, 0x12, 0xc6, 0x80, 0x11, 0x40, 0xc6, 0x40, 0x10, 0x40, 0xc7, 0x0d, 0x80, 0xca, 0x80,
  0x0d, 0xcb, 0x0d, 0x40, 0xca, 0x40, 0x0d, 0x80, 0xc9, 0x40, 0x0e, 0x80, 0xc7, 0x80, 0x40, 0x0f,
  0x40, 0x85, 0x41, 0x0f, 0x0b, 0x80, 0xc8, 0x18, 0xc9, 0x40, 0x16, 0x40, 0xc9, 0x80, 0x16, 0x80,
  0xca, 0x16, 0xcb, 0x40, 0x14, 0x40, 0xcb, 0x80, 0x14, 0x80, 0xcc, 0x14, 0xcd, 0x40, 0x12, 0x80,
  0xc6, 0x80, 0xc5, 0x80, 0x12, 0xc6, 0x80, 0x40, 0xc6, 0x11, 0x40, 0xc6, 0x40, 0x00, 0xc6, 0x80,
  0x10, 0x80, 0xc6, 0x01, 0x80, 0xc6, 0x10, 0xc6, 0x80, 0x01, 0x40, 0xc6, 0x40, 0x0e, 0x40, 0xc6,
  0x40, 0x02, 0xc6, 0x80, 0x0e, 0x80, 0xc6, 0x03, 0x80, 0xc6, 0x0e, 0xc6, 0x80, 0x03, 0x40, 0xc6,
  0x40, 0x0c, 0x40, 0xc6, 0x40, 0x04, 0xc6, 0x80, 0x0c, 0x80, 0xc6, 0x05, 0x80, 0xc6, 0x0c, 0xc6,
  0x80, 0x05, 0x40, 0xc6, 0x40, 0x0a, 0x40, 0xc6, 0x40, 0x06, 0xc6, 0x80, 0x0a, 0x80, 0xc6, 0x07,
  0x80, 0xc6, 0x0a, 0xc7, 0x87, 0xc7, 0x40, 0x08, 0x40, 0xd7, 0x80, 0x08, 0x80, 0xd8, 0x08, 0xd9,
  0x40, 0x06, 0x40, 0xd9, 0x80, 0x06, 0x80, 0xda, 0x06, 0xc6, 0x80, 0x0b, 0x40, 0xc6, 0x40, 0x04,
  0x40, 0xc6, 0x40, 0x0c, 0xc6, 0x80, 0x04, 0x80, 0xc6, 0x0d, 0x80, 0xc6, 0x04, 0xc6, 0x80, 0x0d,
  0x40, 0xc6, 0x40, 0x02, 0x40, 0xc6, 0x40, 0x0e, 0xc6, 0x80, 0x02, 0x80, 0xc6, 0x0f, 0x80, 0xc6,
  0x02, 0xc6, 0x80, 0x0f, 0x40, 0xc6, 0x40, 0x00, 0x40, 0xc6, 0x40, 0x10, 0xc6, 0x80, 0x19, 0x40,
  0xc5, 0x80, 0x40, 0x19, 0x80, 0xc4, 0x80, 0x1b, 0xc4, 0x80, 0x1c, 0xc4, 0x40, 0x1c, 0xc4, 0x80,
  0x1c, 0xc5, 0x82, 0x19, 0x80, 0xc7, 0x19, 0x40, 0xc7, 0x40, 0x19, 0x40, 0xc6, 0x40, 0x1b, 0x40,
  0x83, 0x40, 0x00, 0x09, 0x41, 0x81, 0x42, 0x0f, 0x40, 0xc9, 0x80, 0x40, 0x0a, 0x40, 0xcd, 0x80,
  0x08, 0x80, 0xd0, 0x06, 0x40, 0xd2, 0x05, 0xc8, 0x81, 0xc8, 0x40, 0x03, 0x80, 0xc6, 0x40, 0x03,
  0x40, 0xc7, 0x03, 0xc6, 0x40, 0x05, 0x40, 0xc6, 0x03, 0x42, 0x83, 0x07, 0xc6, 0x40, 0x11, 0xc6,
  0x40, 0x10, 0x80, 0xc6, 0x40, 0x09, 0x42, 0x81, 0xc9, 0x40, 0x05, 0x40, 0x80, 0xd0, 0x40, 0x04,
  0x80, 0xd2, 0x40, 0x02, 0x40, 0xd4, 0x40, 0x02, 0xca, 0x81, 0x40, 0x00, 0xc6, 0x40, 0x01, 0x80,
  0xc6, 0x80, 0x40, 0x05, 0xc6, 0x40, 0x01, 0xc6, 0x80, 0x07, 0xc6, 0x40, 0x01, 0xc6, 0x08, 0xc6,
  0x40, 0x01, 0xc6, 0x07, 0x40, 0xc6, 0x40, 0x01, 0xc6, 0x07, 0xc7, 0x40, 0x01, 0xc6, 0x80, 0x04,
  0x40, 0x80, 0xc7, 0x40, 0x01, 0x80, 0xc7, 0x83, 0xc9, 0x40, 0x01, 0x40, 0xce, 0x80, 0xc5, 0x40,
  0x02, 0x80, 0xcc, 0x40, 0x80, 0xc5, 0x40, 0x03, 0x80, 0xca, 0x80, 0x00, 0x80, 0xc5, 0x40, 0x04,
  0x40, 0x80, 0xc6, 0x80, 0x40, 0x00, 0x40, 0xc6, 0x40, 0x07, 0x44, 0x03, 0xc6, 0x40, 0x10, 0x40,
  0xc4, 0x80, 0x12, 0x80, 0xc4, 0x13, 0x80, 0xc3, 0x80, 0x13, 0x80, 0xc4, 0x13, 0x80, 0xc4, 0x82,
  0x40, 0x0f, 0x40, 0xc7, 0x40, 0x10, 0x80, 0xc6, 0x80, 0x11, 0x80, 0xc5, 0x80, 0x12, 0x40, 0x83,
  0x40, 0x01, 0x11, 0x40, 0x85, 0x1b, 0xc5, 0x40, 0x1a, 0x40, 0xc4, 0x80, 0x1b, 0xc5, 0x1b, 0x40,
  0xc4, 0x40, 0x1b, 0xc4, 0x80, 0x1b, 0x40, 0xc4, 0x1c, 0x40, 0x83, 0x40, 0x3f, 0x22, 0x45, 0x18,
  0x40, 0x80, 0xc8, 0x81, 0x40, 0x12, 0x40, 0x80, 0xcd, 0x80, 0x40, 0x0f, 0x80, 0xd1, 0x80, 0x0d,
  0x80, 0xd3, 0x80, 0x0b, 0x80, 0xd5, 0x80, 0x09, 0x80, 0xd7, 0x80, 0x07, 0x40, 0xc9, 0x41, 0x01,
  0x41, 0x80, 0xc8, 0x40, 0x06, 0xc8, 0x40, 0x07, 0x40, 0xc7, 0x80, 0x05, 0x80, 0xc7, 0x40, 0x09,
  0x40, 0xc7, 0x05, 0xc7, 0x40, 0x0b, 0x40, 0xc6, 0x40, 0x03, 0x40, 0xc6, 0x80, 0x0d, 0xc6, 0x80,
  0x03, 0x80, 0xc6, 0x0e, 0x80, 0xc6, 0x03, 0xc6, 0x80, 0x0f, 0x46, 0x03, 0xc6, 0x80, 0x19, 0x40,
  0xc6, 0x40, 0x19, 0x40, 0xc6, 0x40, 0x19, 0x40, 0xc6, 0x1a, 0x40, 0xc6, 0x1a, 0x40, 0xc6, 0x1a,
  0x40, 0xc6, 0x40, 0x19, 0x40, 0xc6, 0x40, 0x1a, 0xc6, 0x40, 0x1a, 0xc6, 0x80, 0x1a, 0x80, 0xc6,
  0x0e, 0x40, 0xc6, 0x03, 0x40, 0xc6, 0x80, 0x0d, 0x80, 0xc5, 0x80, 0x04, 0xc7, 0x40, 0x0b, 0x40,
  0xc6, 0x80, 0x04, 0x80, 0xc7, 0x0b, 0xc7, 0x06, 0xc8, 0x40, 0x07, 0x40, 0xc7, 0x80, 0x06, 0x40,
  0xc8, 0x80, 0x41, 0x02, 0x40, 0x80, 0xc8, 0x40, 0x07, 0x80, 0xd7, 0x40, 0x09, 0xd6, 0x80, 0x0b,
  0xd4, 0x80, 0x0d, 0x80, 0xd1, 0x40, 0x0f, 0x40, 0xce, 0x80, 0x40, 0x12, 0x40, 0x80, 0xc9, 0x80,
  0x40, 0x18, 0x45, 0x0d, 0x0d, 0x40, 0x85, 0x13, 0xc5, 0x40, 0x12, 0x40, 0xc4, 0x80, 0x13, 0xc5,
  0x13, 0x40, 0xc4, 0x40, 0x13, 0x80, 0xc3, 0x80, 0x13, 0x40, 0xc4, 0x14, 0x40, 0x83, 0x40, 0x3f,
  0x0a, 0x41, 0x81, 0x41, 0x11, 0x80, 0xc9, 0x40, 0x0c, 0x40, 0xcd, 0x40, 0x09, 0x80, 0xcf, 0x80,
  0x07, 0x80, 0xd1, 0x40, 0x05, 0x80, 0xd3, 0x40, 0x04, 0xc7, 0x80, 0x43, 0x80, 0xc6, 0x80, 0x03,
  0x80, 0xc6, 0x80, 0x05, 0x80, 0xc6, 0x03, 0xc6, 0x80, 0x07, 0xc6, 0x40, 0x01, 0x40, 0xc6, 0x40,
  0x07, 0x40, 0xc5, 0x80, 0x01, 0x80, 0xc6, 0x09, 0x85, 0x40, 0x01, 0x80, 0xc5, 0x80, 0x12, 0xc6,
  0x80, 0x12, 0xc6, 0x40, 0x12, 0xc6, 0x40, 0x12, 0xc6, 0x80, 0x12, 0x80, 0xc5, 0x80, 0x12, 0x80,
  0xc6, 0x08, 0x40, 0x85, 0x40, 0x01, 0x40, 0xc6, 0x40, 0x07, 0x40, 0xc5, 0x80, 0x02, 0xc6, 0x80,
  0x07, 0xc6, 0x40, 0x02, 0x80, 0xc6, 0x80, 0x05, 0x80, 0xc6, 0x04, 0xc7, 0x80, 0x43, 0x80, 0xc6,
  0x80, 0x04, 0x80, 0xd3, 0x06, 0x80, 0xd1, 0x40, 0x07, 0x80, 0xcf, 0x40, 0x09, 0x40, 0xcd, 0x40,
  0x0c, 0x80, 0xc9, 0x40, 0x11, 0x41, 0x81, 0x41, 0x09, 0x01, 0x80, 0xd5, 0x80, 0x03, 0x80, 0xd5,
  0x80, 0x03, 0x80, 0xd5, 0x80, 0x03, 0x80, 0xd5, 0x80, 0x03, 0x80, 0xd5, 0x80, 0x03, 0x80, 0xd5,
  0x80, 0x03, 0x80, 0xc5, 0x80, 0x4e, 0x04, 0x80, 0xc5, 0x80, 0x13, 0x80, 0xc5, 0x80, 0x13, 0x80,
  0xc5, 0x80, 0x13, 0x80, 0xc5, 0x80, 0x13, 0x80, 0xc5, 0x80, 0x13, 0x80, 0xc5, 0x80, 0x13, 0x80,
  0xc5, 0x80, 0x13, 0x80, 0xc6, 0x8d, 0x40, 0x04, 0x80, 0xd4, 0x80, 0x04, 0x80, 0xd4, 0x80, 0x04,
  0x80, 0xd4, 0x80, 0x04, 0x80, 0xd4, 0x80, 0x04, 0x80, 0xd4, 0x80, 0x04, 0x80, 0xc5, 0x80, 0x4e,
  0x04, 0x80, 0xc5, 0x80, 0x13, 0x80, 0xc5, 0x80, 0x13, 0x80, 0xc5, 0x80, 0x13, 0x80, 0xc5, 0x80,
  0x13, 0x80, 0xc5, 0x80, 0x13, 0x80, 0xc5, 0x80, 0x13, 0x80, 0xc5, 0x80, 0x13, 0x80, 0xc5, 0x80,
  0x13, 0x80, 0xd5, 0x80, 0x03, 0x80, 0xd5, 0x80, 0x03, 0x80, 0xd5, 0x80, 0x03, 0x80, 0xd5, 0x80,
  0x03, 0x80, 0xd5, 0x80, 0x03, 0x80, 0xd5, 0x80, 0x12, 0x40, 0xc5, 0x80, 0x40, 0x12, 0x80, 0xc4,
  0x40, 0x14, 0xc4, 0x80, 0x14, 0x40, 0xc4, 0x40, 0x14, 0x40, 0xc4, 0x40, 0x15, 0xc5, 0x82, 0x12,
  0x80, 0xc7, 0x12, 0x40, 0xc7, 0x40, 0x12, 0x40, 0xc6, 0x40, 0x14, 0x40, 0x83, 0x40, 0x01, 0x09,
  0x42, 0x81, 0x41, 0x11, 0x80, 0xc8, 0x80, 0x40, 0x0c, 0x40, 0xcc, 0x80, 0x0a, 0x80, 0xcf, 0x40,
  0x07, 0x80, 0xd1, 0x40, 0x05, 0x80, 0xd3, 0x05, 0xc7, 0x40, 0x03, 0x80, 0xc6, 0x40, 0x03, 0x80,
  0xc5, 0x80, 0x06, 0x40, 0xc6, 0x03, 0xc6, 0x08, 0x80, 0xc5, 0x40, 0x01, 0x40, 0xc5, 0x80, 0x08,
  0x40, 0xc5, 0x80, 0x01, 0x80, 0xc5, 0x40, 0x09, 0xc5, 0x80, 0x01, 0x80, 0xc5, 0x8a, 0xc6, 0x01,
  0xd8, 0x01, 0xd8, 0x01, 0xd8, 0x01, 0xc6, 0x91, 0x01, 0x80, 0xc5, 0x40, 0x12, 0x80, 0xc5, 0x40,
  0x12, 0x40, 0xc5, 0x80, 0x13, 0xc6, 0x40, 0x08, 0xc1, 0x83, 0x40, 0x02, 0x80, 0xc6, 0x07, 0x80,
  0xc5, 0x80, 0x02, 0x40, 0xc7, 0x40, 0x03, 0x40, 0x80, 0xc6, 0x40, 0x03, 0x80, 0xd3, 0x80, 0x05,
  0x80, 0xd2, 0x07, 0x80, 0xd0, 0x09, 0x80, 0xcd, 0x80, 0x0c, 0x80, 0xc9, 0x80, 0x40, 0x10, 0xc5,
  0x40, 0x13, 0xc4, 0x80, 0x13, 0x40, 0xc4, 0x40, 0x13, 0x40, 0xc4, 0x40, 0x14, 0xc5, 0x82, 0x11,
  0x80, 0xc7, 0x11, 0x40, 0xc7, 0x40, 0x11, 0x40, 0xc6, 0x40, 0x13, 0x40, 0x83, 0x40, 0x06, 0x03,
  0x40, 0xc6, 0x13, 0x40, 0xc6, 0x13, 0x40, 0xc6, 0x13, 0x40, 0xc6, 0x13, 0x40, 0xc6, 0x13, 0x40,
  0xc6, 0x13, 0x40, 0xc6, 0x13, 0x40, 0xc6, 0x13, 0x40, 0xc6, 0x13, 0x40, 0xc6, 0x13, 0x40, 0xc6,
  0x13, 0x40, 0xc6, 0x13, 0x40, 0xc6, 0x02, 0x41, 0x0e, 0x40, 0xc6, 0x40, 0x80, 0xc1, 0x80, 0x0e,
  0x40, 0xca, 0x80, 0x0e, 0x40, 0xca, 0x80, 0x0b, 0x40, 0x80, 0xcc, 0x40, 0x0b, 0xca, 0x80, 0x40,
  0x0e, 0xca, 0x10, 0xca, 0x10, 0x80, 0x40, 0x00, 0x40, 0xc6, 0x13, 0x40, 0xc6, 0x13, 0x40, 0xc6,
  0x13, 0x40, 0xc6, 0x13, 0x40, 0xc6, 0x13, 0x40, 0xc6, 0x13, 0x40, 0xc6, 0x13, 0x40, 0xc6, 0x13,
  0x40, 0xc6, 0x40, 0x12, 0x40, 0xd5, 0x04, 0x40, 0xd5, 0x04, 0x40, 0xd5, 0x04, 0x40, 0xd5, 0x04,
  0x40, 0xd5, 0x04, 0x40, 0xd5, 0x00, 0x03, 0x80, 0xc5, 0x40, 0x06, 0xc6, 0x40, 0x06, 0xc6, 0x40,
  0x06, 0xc6, 0x40, 0x06, 0xc6, 0x40, 0x06, 0xc6, 0x40, 0x06, 0xc6, 0x40, 0x06, 0xc6, 0x40, 0x06,
  0xc6, 0x40, 0x06, 0xc6, 0x40, 0x06, 0xc6, 0x40, 0x06, 0xc6, 0x40, 0x06, 0xc6, 0x40, 0x00, 0x41,
  0x03, 0xc9, 0x80, 0x03, 0xc9, 0x80, 0x03, 0xc9, 0x80, 0x00, 0x80, 0xca, 0x80, 0x40, 0x00, 0xc9,
  0x80, 0x03, 0xc9, 0x40, 0x03, 0xc9, 0x40, 0x03, 0x41, 0x00, 0xc6, 0x40, 0x06, 0xc6, 0x40, 0x06,
  0xc6, 0x40, 0x06, 0xc6, 0x40, 0x06, 0xc6, 0x40, 0x06, 0xc6, 0x40, 0x06, 0xc6, 0x40, 0x06, 0xc6,
  0x40, 0x06, 0xc6, 0x40, 0x06, 0xc6, 0x40, 0x06, 0xc6, 0x40, 0x06, 0xc6, 0x40, 0x06, 0xc6, 0x40,
  0x06, 0xc6, 0x40, 0x06, 0xc6, 0x40, 0x02, 0x10, 0x40, 0x85, 0x1a, 0xc5, 0x40, 0x19, 0x80, 0xc4,
  0x80, 0x1a, 0xc5, 0x1a, 0x40, 0xc4, 0x40, 0x1a, 0xc4, 0x80, 0x1a, 0x40, 0xc4, 0x1b, 0x40, 0x83,
  0x40, 0x3f, 0x35, 0x80, 0xc5, 0x0e, 0xc6, 0x40, 0x03, 0x80, 0xc5, 0x80, 0x0d, 0xc6, 0x40, 0x03,
  0x80, 0xc6, 0x40, 0x0c, 0xc6, 0x40, 0x03, 0x80, 0xc7, 0x0c, 0xc6, 0x40, 0x03, 0x80, 0xc7, 0x80,
  0x0b, 0xc6, 0x40, 0x03, 0x80, 0xc8, 0x40, 0x0a, 0xc6, 0x40, 0x03, 0x80, 0xc9, 0x0a, 0xc6, 0x40,
  0x03, 0x80, 0xc9, 0x80, 0x09, 0xc6, 0x40, 0x03, 0x80, 0xca, 0x80, 0x08, 0xc6, 0x40, 0x03, 0x80,
  0xcb, 0x40, 0x07, 0xc6, 0x40, 0x03, 0x80, 0xcc, 0x07, 0xc6, 0x40, 0x03, 0x80, 0xcc, 0x80, 0x06,
  0xc6, 0x40, 0x03, 0x80, 0xcd, 0x40, 0x05, 0xc6, 0x40, 0x03, 0x80, 0xc5, 0x81, 0xc6, 0x05, 0xc6,
  0x40, 0x03, 0x80, 0xc5, 0x80, 0x00, 0xc6, 0x80, 0x04, 0xc6, 0x40, 0x03, 0x80, 0xc5, 0x80, 0x00,
  0x40, 0xc6, 0x40, 0x03, 0xc6, 0x40, 0x03, 0x80, 0xc5, 0x80, 0x01, 0x80, 0xc6, 0x03, 0xc6, 0x40,
  0x03, 0x80, 0xc5, 0x80, 0x02, 0xc6, 0x80, 0x02, 0xc6, 0x40, 0x03, 0x80, 0xc5, 0x80, 0x02, 0x40,
  0xc6, 0x40, 0x01, 0xc6, 0x40, 0x03, 0x80, 0xc5, 0x80, 0x03, 0x80, 0xc6, 0x01, 0xc6, 0x40, 0x03,
  0x80, 0xc5, 0x80, 0x04, 0xc6, 0x80, 0x00, 0xc6, 0x40, 0x03, 0x80, 0xc5, 0x80, 0x04, 0x40, 0xc6,
  0x40, 0xc6, 0x40, 0x03, 0x80, 0xc5, 0x80, 0x05, 0x80, 0xcd, 0x40, 0x03, 0x80, 0xc5, 0x80, 0x06,
  0x80, 0xcc, 0x40, 0x03, 0x80, 0xc5, 0x80, 0x06, 0x40, 0xcc, 0x40, 0x03, 0x80, 0xc5, 0x80, 0x07,
  0x40, 0xcb, 0x40, 0x03, 0x80, 0xc5, 0x80, 0x08, 0x80, 0xca, 0x40, 0x03, 0x80, 0xc5, 0x80, 0x09,
  0xca, 0x40, 0x03, 0x80, 0xc5, 0x80, 0x09, 0x40, 0xc9, 0x40, 0x03, 0x80, 0xc5, 0x80, 0x0a, 0x80,
  0xc8, 0x40, 0x03, 0x80, 0xc5, 0x80, 0x0b, 0xc8, 0x40, 0x03, 0x80, 0xc5, 0x80, 0x0b, 0x40, 0xc7,
  0x40, 0x03, 0x80, 0xc5, 0x80, 0x0c, 0x80, 0xc6, 0x40, 0x03, 0x80, 0xc5, 0x80, 0x0d, 0xc6, 0x40,
  0x03, 0x80, 0xc5, 0x80, 0x0d, 0x40, 0xc5, 0x40, 0x01, 0x0d, 0x40, 0x85, 0x14, 0x80, 0xc4, 0x80,
  0x13, 0x40, 0xc5, 0x14, 0x80, 0xc4, 0x40, 0x14, 0xc4, 0x80, 0x14, 0x80, 0xc4, 0x15, 0xc4, 0x40,
  0x14, 0x40, 0x83, 0x40, 0x3f, 0x04, 0x46, 0x04, 0x41, 0x81, 0x41, 0x09, 0xc6, 0x40, 0x01, 0x40,
  0x80, 0xc6, 0x80, 0x07, 0xc6, 0x40, 0x00, 0x80, 0xca, 0x40, 0x05, 0xc6, 0x41, 0xcc, 0x05, 0xc6,
  0x40, 0xcd, 0x80, 0x04, 0xd6, 0x40, 0x03, 0xc9, 0x83, 0xc8, 0x80, 0x03, 0xc8, 0x40, 0x04, 0x80,
  0xc7, 0x03, 0xc7, 0x40, 0x06, 0x80, 0xc6, 0x03, 0xc6, 0x80, 0x07, 0x40, 0xc6, 0x40, 0x02, 0xc6,
  0x80, 0x08, 0xc6, 0x40, 0x02, 0xc6, 0x40, 0x08, 0xc6, 0x40, 0x02, 0xc6, 0x40, 0x08, 0xc6, 0x40,
  0x02, 0xc6, 0x40, 0x08, 0xc6, 0x40, 0x02, 0xc6, 0x40, 0x08, 0xc6, 0x40, 0x02, 0xc6, 0x40, 0x08,
  0xc6, 0x40, 0x02, 0xc6, 0x40, 0x08, 0xc6, 0x40, 0x02, 0xc6, 0x40, 0x08, 0xc6, 0x40, 0x02, 0xc6,
  0x40, 0x08, 0xc6, 0x40, 0x02, 0xc6, 0x40, 0x08, 0xc6, 0x40, 0x02, 0xc6, 0x40, 0x08, 0xc6, 0x40,
  0x02, 0xc6, 0x40, 0x08, 0xc6, 0x40, 0x02, 0xc6, 0x40, 0x08, 0xc6, 0x40, 0x02, 0xc6, 0x40, 0x08,
  0xc6, 0x40, 0x02, 0xc6, 0x40, 0x08, 0xc6, 0x40, 0x02, 0xc6, 0x40, 0x08, 0xc6, 0x40, 0x02, 0xc6,
  0x40, 0x08, 0xc6, 0x40, 0x00, 0x0e, 0x40, 0x85, 0x16, 0xc5, 0x40, 0x15, 0x40, 0xc4, 0x80, 0x16,
  0xc5, 0x16, 0x40, 0xc4, 0x40, 0x16, 0x80, 0xc3, 0x80, 0x16, 0x40, 0xc4, 0x17, 0x40, 0x83, 0x40,
  0x3f, 0x13, 0x45, 0x14, 0x40, 0x80, 0xc8, 0x80, 0x40, 0x0e, 0x80, 0xce, 0x40, 0x0a, 0x40, 0xd1,
  0x80, 0x08, 0x40, 0xd3, 0x80, 0x06, 0x40, 0xd5, 0x40, 0x05, 0x80, 0xc9, 0x81, 0xca, 0x04, 0x40,
  0xc7, 0x80, 0x40, 0x04, 0x40, 0xc7, 0x80, 0x03, 0x80, 0xc6, 0x40, 0x08, 0xc7, 0x03, 0x80, 0xc6,
  0x09, 0x40, 0xc6, 0x03, 0xc6, 0x80, 0x0a, 0xc6, 0x40, 0x02, 0xc6, 0x80, 0x15, 0xc7, 0x40, 0x14,
  0x80, 0xc7, 0x40, 0x13, 0x40, 0xc9, 0x41, 0x11, 0xcc, 0x80, 0x41, 0x0d, 0x40, 0xcf, 0x80, 0x40,
  0x0b, 0x40, 0xd0, 0x80, 0x40, 0x0b, 0x80, 0xd0, 0x80, 0x0b, 0x40, 0x80, 0xd0, 0x0d, 0x40, 0x80,
  0xce, 0x0f, 0x41, 0x80, 0xca, 0x80, 0x12, 0x40, 0x80, 0xc8, 0x15, 0xc7, 0x40, 0x15, 0xc6, 0x80,
  0x01, 0x80, 0xc5, 0x40, 0x0b, 0x80, 0xc5, 0x80, 0x01, 0x80, 0xc5, 0x80, 0x0b, 0x80, 0xc5, 0x80,
  0x01, 0x80, 0xc6, 0x0b, 0xc6, 0x80, 0x01, 0x40, 0xc6, 0x80, 0x09, 0x80, 0xc6, 0x40, 0x02, 0xc8,
  0x40, 0x05, 0x40, 0x80, 0xc7, 0x40, 0x02, 0x80, 0xca, 0x82, 0xc9, 0x80, 0x04, 0xd7, 0x40, 0x04,
  0x40, 0xd5, 0x40, 0x06, 0x40, 0xd3, 0x40, 0x09, 0x80, 0xcf, 0x80, 0x40, 0x0c, 0x40, 0x80, 0xca,
  0x80, 0x40, 0x11, 0x47, 0x0a, 0x0c, 0x40, 0x85, 0x11, 0xc5, 0x40, 0x10, 0x80, 0xc4, 0x80, 0x11,
  0xc5, 0x11, 0x40, 0xc4, 0x40, 0x11, 0xc4, 0x80, 0x11, 0x40, 0xc4, 0x12, 0x40, 0x83, 0x40, 0x3f,
  0x03, 0x42, 0x81, 0x41, 0x0e, 0x40, 0x80, 0xc9, 0x80, 0x09, 0x40, 0xce, 0x40, 0x06, 0x40, 0xd0,
  0x80, 0x04, 0x40, 0xd2, 0x40, 0x03, 0x80, 0xc7, 0x82, 0xc8, 0x03, 0xc6, 0x80, 0x04, 0x40, 0xc6,
  0x40, 0x01, 0x40, 0xc6, 0x06, 0x40, 0xc5, 0x80, 0x01, 0x40, 0xc6, 0x07, 0x82, 0x43, 0x01, 0x40,
  0xc6, 0x40, 0x10, 0xc7, 0x80, 0x40, 0x0e, 0x80, 0xca, 0x81, 0x40, 0x09, 0x40, 0xce, 0x80, 0x40,
  0x07, 0x40, 0xd0, 0x80, 0x06, 0x40, 0x80, 0xcf, 0x80, 0x07, 0x40, 0x80, 0xce, 0x80, 0x0a, 0x40,
  0x81, 0xca, 0x0e, 0x40, 0x80, 0xc7, 0x40, 0x0f, 0x40, 0xc6, 0x40, 0x00, 0x84, 0xc1, 0x40, 0x07,
  0xc6, 0x40, 0x00, 0x80, 0xc5, 0x80, 0x07, 0xc6, 0x40, 0x00, 0x40, 0xc6, 0x80, 0x04, 0x40, 0xc7,
  0x02, 0xc9, 0x81, 0xc8, 0x80, 0x02, 0x40, 0xd3, 0x04, 0x40, 0xd1, 0x06, 0x40, 0xce, 0x80, 0x09,
  0x40, 0x80, 0xc9, 0x80, 0x0e, 0x42, 0x81, 0x41, 0x08, 0x0f, 0x85, 0x40, 0x15, 0x80, 0xc4, 0x80,
  0x16, 0xc5, 0x16, 0x80, 0xc4, 0x40, 0x16, 0xc4, 0x80, 0x16, 0x40, 0xc4, 0x17, 0xc4, 0x40, 0x17,
  0x83, 0x40, 0x3f, 0x27, 0xd9, 0x80, 0x01, 0x40, 0xd9, 0x80, 0x01, 0x40, 0xd9, 0x80, 0x01, 0x40,
  0xd9, 0x80, 0x01, 0x40, 0xd9, 0x40, 0x01, 0x40, 0xd8, 0x80, 0x03, 0x50, 0xc7, 0x14, 0x80, 0xc6,
  0x40, 0x13, 0x40, 0xc6, 0x80, 0x14, 0xc7, 0x14, 0x80, 0xc6, 0x40, 0x13, 0x40, 0xc6, 0x80, 0x13,
  0x40, 0xc6, 0x80, 0x14, 0xc7, 0x14, 0x80, 0xc6, 0x40, 0x13, 0x40, 0xc6, 0x80, 0x14, 0xc7, 0x14,
  0x80, 0xc6, 0x40, 0x13, 0x40, 0xc6, 0x80, 0x13, 0x40, 0xc6, 0x80, 0x14, 0xc7, 0x14, 0x80, 0xc6,
  0x40, 0x13, 0x40, 0xc6, 0x80, 0x14, 0xc7, 0x14, 0x80, 0xc6, 0x40, 0x13, 0x40, 0xc6, 0x80, 0x13,
  0x40, 0xc6, 0x80, 0x14, 0xc7, 0x14, 0x80, 0xc6, 0x40, 0x13, 0x40, 0xd8, 0x80, 0x02, 0xd9, 0x80,
  0x02, 0xd9, 0x80, 0x02, 0xd9, 0x80, 0x02, 0xd9, 0x80, 0x02, 0xd9, 0x80, 0x00, 0x0c, 0x40, 0x85,
  0x12, 0xc5, 0x40, 0x11, 0x40, 0xc4, 0x80, 0x12, 0xc5, 0x12, 0x40, 0xc4, 0x40, 0x12, 0x80, 0xc3,
  0x80, 0x12, 0x40, 0xc4, 0x13, 0x40, 0x83, 0x40, 0x3f, 0x00, 0x53, 0x04, 0x80, 0xd3, 0x80, 0x03,
  0x80, 0xd3, 0x80, 0x03, 0x80, 0xd3, 0x80, 0x03, 0x80, 0xd3, 0x80, 0x03, 0x80, 0xd3, 0x40, 0x03,
  0x40, 0x8b, 0xc6, 0x80, 0x10, 0x80, 0xc6, 0x10, 0x80, 0xc6, 0x40, 0x0f, 0x40, 0xc6, 0x40, 0x0f,
  0x40, 0xc6, 0x80, 0x10, 0xc7, 0x10, 0x80, 0xc6, 0x40, 0x0f, 0x80, 0xc6, 0x40, 0x0f, 0x40, 0xc6,
  0x80, 0x0f, 0x40, 0xc6, 0x80, 0x10, 0xc7, 0x10, 0x80, 0xc6, 0x40, 0x0f, 0x80, 0xc6, 0x40, 0x0f,
  0x40, 0xc6, 0x80, 0x0f, 0x40, 0xc7, 0x10, 0xc8, 0x8b, 0x03, 0x80, 0xd4, 0x03, 0xd5, 0x03, 0xd5,
  0x03, 0xd5, 0x03, 0xd5, 0x01, 0x0c, 0x40, 0x80, 0xc0, 0x80, 0x40, 0x17, 0x80, 0xc4, 0x40, 0x15,
  0x40, 0xc6, 0x15, 0x80, 0xc6, 0x40, 0x14, 0x80, 0xc6, 0x15, 0x40, 0xc5, 0x80, 0x16, 0x40, 0xc3,
  0x80, 0x19, 0x42, 0x3f, 0x28, 0xd9, 0x80, 0x01, 0x40, 0xd9, 0x80, 0x01, 0x40, 0xd9, 0x80, 0x01,
  0x40, 0xd9, 0x80, 0x01, 0x40, 0xd9, 0x40, 0x01, 0x40, 0xd8, 0x80, 0x03, 0x50, 0xc7, 0x14, 0x80,
  0xc6, 0x40, 0x13, 0x40, 0xc6, 0x80, 0x14, 0xc7, 0x14, 0x80, 0xc6, 0x40, 0x13, 0x40, 0xc6, 0x80,
  0x13, 0x40, 0xc6, 0x80, 0x14, 0xc7, 0x14, 0x80, 0xc6, 0x40, 0x13, 0x40, 0xc6, 0x80, 0x14, 0xc7,
  0x14, 0x80, 0xc6, 0x40, 0x13, 0x40, 0xc6, 0x80, 0x13, 0x40, 0xc6, 0x80, 0x14, 0xc7, 0x14, 0x80,
  0xc6, 0x40, 0x13, 0x40, 0xc6, 0x80, 0x14, 0xc7, 0x14, 0x80, 0xc6, 0x40, 0x13, 0x40, 0xc6, 0x80,
  0x13, 0x40, 0xc6, 0x80, 0x14, 0xc7, 0x14, 0x80, 0xc6, 0x40, 0x13, 0x40, 0xd8, 0x80, 0x02, 0xd9,
  0x80, 0x02, 0xd9, 0x80, 0x02, 0xd9, 0x80, 0x02, 0xd9, 0x80, 0x02, 0xd9, 0x80, 0x00, 0x0a, 0x80,
  0xc1, 0x80, 0x13, 0x40, 0xc5, 0x12, 0x80, 0xc5, 0x80, 0x11, 0xc6, 0x80, 0x11, 0xc6, 0x80, 0x11,
  0x80, 0xc5, 0x40, 0x12, 0x80, 0xc3, 0x40, 0x14, 0x42, 0x3f, 0x02, 0x53, 0x04, 0x80, 0xd3, 0x80,
  0x03, 0x80, 0xd3, 0x80, 0x03, 0x80, 0xd3, 0x80, 0x03, 0x80, 0xd3, 0x80, 0x03, 0x80, 0xd3, 0x40,
  0x03, 0x40, 0x8b, 0xc6, 0x80, 0x10, 0x80, 0xc6, 0x10, 0x80, 0xc6, 0x40, 0x0f, 0x40, 0xc6, 0x40,
  0x0f, 0x40, 0xc6, 0x80, 0x10, 0xc7, 0x10, 0x80, 0xc6, 0x40, 0x0f, 0x80, 0xc6, 0x40, 0x0f, 0x40,
  0xc6, 0x80, 0x0f, 0x40, 0xc6, 0x80, 0x10, 0xc7, 0x10, 0x80, 0xc6, 0x40, 0x0f, 0x80, 0xc6, 0x40,
  0x0f, 0x40, 0xc6, 0x80, 0x0f, 0x40, 0xc7, 0x10, 0xc8, 0x8b, 0x03, 0x80, 0xd4, 0x03, 0xd5, 0x03,
  0xd5, 0x03, 0xd5, 0x03, 0xd5, 0x01, 0x57, 0xff, 0xf7, 0x97, 0x3f, 0x3f, 0x3f, 0x3f, 0x07, 0x6f,
  0xff, 0xff, 0xff, 0xef, 0xaf, 0x3f, 0x3f, 0x3f, 0x3f, 0x3f, 0x3f, 0x3f, 0x3f, 0x0f, 0x07, 0x43,
  0x0c, 0x40, 0xc5, 0x80, 0x40, 0x08, 0x80, 0xc8, 0x40, 0x06, 0x80, 0xca, 0x40, 0x04, 0x40, 0xcc,
  0x04, 0x80, 0xcc, 0x40, 0x03, 0xcd, 0x80, 0x03, 0xcd, 0x80, 0x03, 0xce, 0x03, 0xcd, 0x80, 0x03,
  0x80, 0xcc, 0x40, 0x03, 0x40, 0xcc, 0x05, 0x80, 0xca, 0x40, 0x06, 0x80, 0xc8, 0x80, 0x08, 0x80,
  0xc6, 0x40, 0x0b, 0x40, 0x81, 0x41, 0x3f, 0x37, 0x04, 0x40, 0x82, 0x40, 0x06, 0x40, 0x82, 0x40,
  0x06, 0x40, 0x82, 0x40, 0x06, 0x40, 0xc4, 0x40, 0x04, 0x40, 0xc4, 0x40, 0x04, 0x40, 0xc4, 0x40,
  0x04, 0x40, 0xc6, 0x40, 0x02, 0x40, 0xc6, 0x40, 0x03, 0xc6, 0x40, 0x03, 0x80, 0xc6, 0x80, 0x02,
  0x80, 0xc6, 0x80, 0x02, 0x40, 0xc6, 0x80, 0x03, 0x80, 0xc6, 0x80, 0x02, 0x80, 0xc6, 0x80, 0x02,
  0x80, 0xc6, 0x80, 0x03, 0x40, 0xc6, 0x40, 0x02, 0x40, 0xc6, 0x40, 0x02, 0x40, 0xc6, 0x80, 0x04,
  0xc6, 0x04, 0xc6, 0x04, 0xc6, 0x05, 0x40, 0xc4, 0x40, 0x04, 0x40, 0xc4, 0x40, 0x04, 0x40, 0xc4,
  0x40, 0x07, 0x42, 0x08, 0x42, 0x08, 0x42, 0x03, 0x10, 0x45, 0x15, 0x40, 0x80, 0xc7, 0x80, 0x40,
  0x10, 0x40, 0xcd, 0x80, 0x0d, 0x80, 0xd0, 0x40, 0x0a, 0x80, 0xd1, 0x40, 0x09, 0x80, 0xd1, 0x80,
  0x09, 0x80, 0xd2, 0x40, 0x08, 0x40, 0xc8, 0x80, 0x44, 0x80, 0xc2, 0x80, 0x09, 0xc7, 0x80, 0x07,
  0x40, 0x80, 0xc0, 0x40, 0x08, 0x40, 0xc6, 0x80, 0x0a, 0x40, 0x09, 0x80, 0xc6, 0x16, 0xc6, 0x80,
  0x15, 0x40, 0xc6, 0x40, 0x12, 0xd5, 0x80, 0x06, 0x80, 0xd5, 0x40, 0x06, 0xd6, 0x06, 0x40, 0x83,
  0xc7, 0x8a, 0x0b, 0xc6, 0x40, 0x16, 0xc6, 0x40, 0x16, 0xc6, 0x40, 0x13, 0x82, 0xc7, 0x87, 0x40,
  0x09, 0x40, 0xd2, 0x40, 0x09, 0x80, 0xd1, 0x80, 0x09, 0x40, 0xd2, 0x40, 0x0e, 0x40, 0xc6, 0x40,
  0x16, 0xc6, 0x80, 0x16, 0x80, 0xc6, 0x16, 0x40, 0xc6, 0x80, 0x0a, 0x40, 0x0a, 0xc7, 0x80, 0x08,
  0x80, 0xc0, 0x0a, 0x40, 0xc8, 0x80, 0x40, 0x01, 0x41, 0x80, 0xc2, 0x80, 0x0a, 0x80, 0xd2, 0x0b,
  0xd2, 0x80, 0x0b, 0xd2, 0x0c, 0x80, 0xd0, 0x40, 0x0c, 0x40, 0xcd, 0x80, 0x10, 0x40, 0x80, 0xc8,
  0x80, 0x40, 0x14, 0x45, 0x07, 0x3f, 0x80, 0xc0, 0x40, 0x27, 0x80, 0xc2, 0x40, 0x25, 0x80, 0xc4,
  0x40, 0x23, 0x80, 0xc5, 0x80, 0x22, 0x80, 0xc6, 0x22, 0x80, 0xc6, 0x22, 0x80, 0xc6, 0x22, 0x80,
  0xc6, 0x22, 0x80, 0xc6, 0x22, 0x80, 0xc6, 0x40, 0x21, 0x80, 0xc6, 0x40, 0x21, 0x80, 0xc6, 0x40,
  0x21, 0x80, 0xc6, 0x40, 0x21, 0x80, 0xc6, 0x40, 0x21, 0x80, 0xdf, 0x09, 0x80, 0xe0, 0x08, 0x80,
  0xe1, 0x08, 0x40, 0xe1, 0x09, 0x40, 0xe0, 0x0a, 0x40, 0xc7, 0x97, 0x0b, 0x40, 0xc6, 0x80, 0x23,
  0x40, 0xc6, 0x80, 0x23, 0x40, 0xc6, 0x80, 0x23, 0x40, 0xc6, 0x80, 0x23, 0x40, 0xc6, 0x80, 0x23,
  0x40, 0xc6, 0x80, 0x23, 0x40, 0xc6, 0x80, 0x23, 0x40, 0xc6, 0x80, 0x23, 0x40, 0xc6, 0x80, 0x23,
  0x40, 0xc6, 0x80, 0x23, 0x40, 0xc5, 0x80, 0x24, 0x40, 0xc3, 0x80, 0x26, 0x40, 0xc1, 0x80, 0x28,
  0x40, 0x80, 0x15, 0x3f, 0x00, 0x40, 0x80, 0x28, 0x40, 0xc1, 0x80, 0x26, 0x40, 0xc3, 0x80, 0x24,
  0x40, 0xc5, 0x80, 0x22, 0x40, 0xc7, 0x80, 0x20, 0x40, 0xc9, 0x80, 0x1e, 0x40, 0xcb, 0x80, 0x1c,
  0x40, 0xcd, 0x80, 0x1a, 0x80, 0xcf, 0x80, 0x18, 0x80, 0xd1, 0x80, 0x16, 0x80, 0xd3, 0x80, 0x14,
  0x80, 0xc6, 0x40, 0x80, 0xc4, 0x40, 0xc6, 0x80, 0x12, 0x80, 0xc6, 0x40, 0x00, 0x80, 0xc4, 0x00,
  0x40, 0xc6, 0x80, 0x10, 0x80, 0xc6, 0x40, 0x01, 0x80, 0xc4, 0x01, 0x40, 0xc6, 0x80, 0x0e, 0x80,
  0xc6, 0x40, 0x02, 0x80, 0xc4, 0x02, 0x40, 0xc6, 0x80, 0x0c, 0x40, 0xc6, 0x40, 0x03, 0x80, 0xc4,
  0x03, 0x40, 0xc6, 0x80, 0x0b, 0x40, 0xc5, 0x40, 0x04, 0x80, 0xc4, 0x04, 0x40, 0xc5, 0x40, 0x0c,
  0x40, 0xc3, 0x40, 0x05, 0x80, 0xc4, 0x05, 0x40, 0xc3, 0x40, 0x0e, 0x40, 0xc1, 0x40, 0x06, 0x80,
  0xc4, 0x06, 0x40, 0xc1, 0x40, 0x10, 0x41, 0x07, 0x80, 0xc4, 0x07, 0x41, 0x1b, 0x80, 0xc4, 0x25,
  0x80, 0xc4, 0x25, 0x80, 0xc4, 0x25, 0x80, 0xc4, 0x25, 0x80, 0xc4, 0x25, 0x80, 0xc4, 0x25, 0x80,
  0xc4, 0x25, 0x80, 0xc4, 0x25, 0x80, 0xc4, 0x25, 0x80, 0xc4, 0x25, 0x80, 0xc4, 0x25, 0x80, 0xc4,
  0x25, 0x80, 0xc4, 0x25, 0x80, 0xc4, 0x25, 0x80, 0xc4, 0x12, 0x3f, 0x01, 0x80, 0xc0, 0x40, 0x27,
  0x80, 0xc2, 0x40, 0x25, 0x80, 0xc4, 0x40, 0x23, 0x80, 0xc6, 0x40, 0x23, 0x80, 0xc6, 0x40, 0x23,
  0x80, 0xc6, 0x40, 0x23, 0x80, 0xc6, 0x40, 0x23, 0x80, 0xc6, 0x40, 0x23, 0x80, 0xc6, 0x24, 0x80,
  0xc6, 0x24, 0x80, 0xc6, 0x24, 0x80, 0xc6, 0x24, 0x80, 0xc6, 0x23, 0x40, 0xc7, 0x0b, 0x80, 0xdf,
  0x0a, 0x80, 0xe0, 0x09, 0x80, 0xe1, 0x08, 0x80, 0xe0, 0x40, 0x08, 0x80, 0xdf, 0x40, 0x09, 0x40,
  0x96, 0xc7, 0x80, 0x21, 0x40, 0xc6, 0x80, 0x21, 0x40, 0xc6, 0x80, 0x21, 0x40, 0xc6, 0x80, 0x21,
  0x40, 0xc6, 0x80, 0x21, 0x40, 0xc6, 0x80, 0x21, 0x40, 0xc6, 0x80, 0x21, 0x40, 0xc6, 0x80, 0x21,
  0x40, 0xc6, 0x80, 0x21, 0x40, 0xc6, 0x80, 0x21, 0x40, 0xc6, 0x80, 0x22, 0x40, 0xc5, 0x80, 0x24,
  0x40, 0xc3, 0x80, 0x26, 0x40, 0xc1, 0x80, 0x28, 0x40, 0x80, 0x13, 0x12, 0x80, 0xc4, 0x25, 0x80,
  0xc4, 0x25, 0x80, 0xc4, 0x25, 0x80, 0xc4, 0x25, 0x80, 0xc4, 0x25, 0x80, 0xc4, 0x25, 0x80, 0xc4,
  0x25, 0x80, 0xc4, 0x25, 0x80, 0xc4, 0x25, 0x80, 0xc4, 0x25, 0x80, 0xc4, 0x25, 0x80, 0xc4, 0x25,
  0x80, 0xc4, 0x25, 0x80, 0xc4, 0x25, 0x80, 0xc4, 0x1b, 0x41, 0x07, 0x80, 0xc4, 0x07, 0x41, 0x10,
  0x40, 0xc1, 0x40, 0x06, 0x80, 0xc4, 0x06, 0x40, 0xc1, 0x40, 0x0e, 0x40, 0xc3, 0x40, 0x05, 0x80,
  0xc4, 0x05, 0x40, 0xc3, 0x40, 0x0c, 0x40, 0xc5, 0x40, 0x04, 0x80, 0xc4, 0x04, 0x40, 0xc5, 0x40,
  0x0b, 0x80, 0xc6, 0x40, 0x03, 0x80, 0xc4, 0x03, 0x40, 0xc6, 0x80, 0x0c, 0x80, 0xc6, 0x40, 0x02,
  0x80, 0xc4, 0x02, 0x40, 0xc6, 0x80, 0x0e, 0x80, 0xc6, 0x40, 0x01, 0x80, 0xc4, 0x01, 0x40, 0xc6,
  0x80, 0x10, 0x80, 0xc6, 0x40, 0x00, 0x80, 0xc4, 0x00, 0x40, 0xc6, 0x80, 0x12, 0x80, 0xc6, 0x40,
  0x80, 0xc4, 0x40, 0xc6, 0x80, 0x14, 0x80, 0xd3, 0x80, 0x16, 0x80, 0xd1, 0x80, 0x18, 0x80, 0xcf,
  0x80, 0x1a, 0x80, 0xcd, 0x80, 0x1c, 0x80, 0xcb, 0x80, 0x1e, 0x80, 0xc9, 0x80, 0x20, 0x80, 0xc7,
  0x80, 0x22, 0x80, 0xc5, 0x80, 0x24, 0x80, 0xc3, 0x80, 0x26, 0x80, 0xc1, 0x80, 0x28, 0x81, 0x3f,
  0x00, 0x3f, 0x09, 0x81, 0x25, 0x80, 0xc1, 0x80, 0x23, 0x80, 0xc3, 0x80, 0x21, 0x80, 0xc5, 0x80,
  0x1f, 0x80, 0xc7, 0x80, 0x1d, 0x80, 0xc8, 0x1d, 0x80, 0xc8, 0x1d, 0x80, 0xc8, 0x1d, 0x80, 0xc8,
  0x0d, 0x40, 0x0e, 0x80, 0xc8, 0x0d, 0x40, 0xc0, 0x80, 0x0c, 0x80, 0xc8, 0x0d, 0x40, 0xc2, 0x80,
  0x0a, 0x80, 0xc8, 0x0d, 0x40, 0xc4, 0x80, 0x08, 0x80, 0xc8, 0x0d, 0x40, 0xc6, 0x80, 0x06, 0x80,
  0xc8, 0x0e, 0xc8, 0x80, 0x04, 0x80, 0xc8, 0x10, 0xc8, 0x80, 0x02, 0x80, 0xc8, 0x12, 0xc8, 0x80,
  0x00, 0x80, 0xc8, 0x14, 0xd2, 0x16, 0xd0, 0x18, 0xce, 0x1a, 0xcc, 0x1c, 0xca, 0x1e, 0x80, 0xc7,
  0x20, 0x80, 0xc5, 0x22, 0x80, 0xc3, 0x24, 0x80, 0xc1, 0x26, 0x80, 0x3f, 0x29, 0x01, 0x40, 0x91,
  0x40, 0x03, 0x80, 0xd1, 0x80, 0x03, 0x80, 0xd1, 0x80, 0x03, 0x80, 0xc0, 0x80, 0x0d, 0x80, 0xc0,
  0x80, 0x03, 0x80, 0xc0, 0x80, 0x0d, 0x80, 0xc0, 0x80, 0x03, 0x80, 0xc0, 0x80, 0x0d, 0x80, 0xc0,
  0x80, 0x03, 0x80, 0xc0, 0x80, 0x0d, 0x80, 0xc0, 0x80, 0x03, 0x80, 0xc0, 0x80, 0x0d, 0x80, 0xc0,
  0x80, 0x03, 0x80, 0xc0, 0x80, 0x0d, 0x80, 0xc0, 0x80, 0x03, 0x80, 0xc0, 0x80, 0x0d, 0x80, 0xc0,
  0x80, 0x03, 0x80, 0xc0, 0x80, 0x0d, 0x80, 0xc0, 0x80, 0x03, 0x80, 0xc0, 0x80, 0x0d, 0x80, 0xc0,
  0x80, 0x03, 0x80, 0xc0, 0x80, 0x0d, 0x80, 0xc0, 0x80, 0x03, 0x80, 0xc0, 0x80, 0x0d, 0x80, 0xc0,
  0x80, 0x03, 0x80, 0xc0, 0x80, 0x0d, 0x80, 0xc0, 0x80, 0x03, 0x80, 0xc0, 0x80, 0x0d, 0x80, 0xc0,
  0x80, 0x03, 0x80, 0xc0, 0x80, 0x0d, 0x80, 0xc0, 0x80, 0x03, 0x80, 0xc0, 0x80, 0x0d, 0x80, 0xc0,
  0x80, 0x03, 0x80, 0xc0, 0x80, 0x0d, 0x80, 0xc0, 0x80, 0x03, 0x80, 0xc0, 0x80, 0x0d, 0x80, 0xc0,
  0x80, 0x03, 0x80, 0xc0, 0x80, 0x0d, 0x80, 0xc0, 0x80, 0x03, 0x80, 0xc0, 0x80, 0x0d, 0x80, 0xc0,
  0x80, 0x03, 0x80, 0xc0, 0x80, 0x0d, 0x80, 0xc0, 0x80, 0x03, 0x80, 0xc0, 0x80, 0x0d, 0x80, 0xc0,
  0x80, 0x03, 0x80, 0xc0, 0x80, 0x0d, 0x80, 0xc0, 0x80, 0x03, 0x80, 0xc0, 0x80, 0x0d, 0x80, 0xc0,
  0x80, 0x03, 0x80, 0xc0, 0x80, 0x0d, 0x80, 0xc0, 0x80, 0x03, 0x80, 0xc0, 0x80, 0x0d, 0x80, 0xc0,
  0x80, 0x03, 0x80, 0xc0, 0x80, 0x0d, 0x80, 0xc0, 0x80, 0x03, 0x80, 0xc0, 0x80, 0x0d, 0x80, 0xc0,
  0x80, 0x03, 0x80, 0xc0, 0x80, 0x0d, 0x80, 0xc0, 0x80, 0x03, 0x80, 0xc0, 0x80, 0x0d, 0x80, 0xc0,
  0x80, 0x03, 0x80, 0xc0, 0x80, 0x0d, 0x80, 0xc0, 0x80, 0x03, 0x80, 0xc0, 0x80, 0x0d, 0x80, 0xc0,
  0x80, 0x03, 0x80, 0xc0, 0x80, 0x0d, 0x80, 0xc0, 0x80, 0x03, 0x80, 0xc0, 0x80, 0x0d, 0x80, 0xc0,
  0x80, 0x03, 0x80, 0xc0, 0x80, 0x0d, 0x80, 0xc0, 0x80, 0x03, 0x80, 0xc0, 0x80, 0x0d, 0x80, 0xc0,
  0x80, 0x03, 0x80, 0xc0, 0x80, 0x0d, 0x80, 0xc0, 0x80, 0x03, 0x80, 0xc0, 0x80, 0x0d, 0x80, 0xc0,
  0x80, 0x03, 0x80, 0xc0, 0x80, 0x0d, 0x80, 0xc0, 0x80, 0x03, 0x80, 0xc0, 0x80, 0x0d, 0x80, 0xc0,
  0x80, 0x03, 0x80, 0xc0, 0x80, 0x0d, 0x80, 0xc0, 0x80, 0x03, 0x80, 0xc0, 0x80, 0x0d, 0x80, 0xc0,
  0x80, 0x03, 0x80, 0xc0, 0x80, 0x0d, 0x80, 0xc0, 0x80, 0x03, 0x80, 0xc0, 0x80, 0x0d, 0x80, 0xc0,
  0x80, 0x03, 0x80, 0xc0, 0x80, 0x0d, 0x80, 0xc0, 0x80, 0x03, 0x80, 0xc0, 0x80, 0x0d, 0x80, 0xc0,
  0x80, 0x03, 0x80, 0xc0, 0x80, 0x0d, 0x80, 0xc0, 0x80, 0x03, 0x80, 0xc0, 0x80, 0x0d, 0x80, 0xc0,
  0x80, 0x03, 0x80, 0xc0, 0x80, 0x0d, 0x80, 0xc0, 0x80, 0x03, 0x80, 0xc0, 0x80, 0x0d, 0x80, 0xc0,
  0x80, 0x03, 0x80, 0xc0, 0x80, 0x0d, 0x80, 0xc0, 0x80, 0x03, 0x80, 0xc0, 0x80, 0x0d, 0x80, 0xc0,
  0x80, 0x03, 0x80, 0xc0, 0x80, 0x0d, 0x80, 0xc0, 0x80, 0x03, 0x80, 0xc0, 0x80, 0x0d, 0x80, 0xc0,
  0x80, 0x03, 0x80, 0xc1, 0x8d, 0xc1, 0x80, 0x03, 0x80, 0xd1, 0x80, 0x03, 0x40, 0x91, 0x40, 0x01,
};
const CoverageGlyph coverageGlyphs48[] PROGMEM = {
  {0, 32, 10, 0, 10, 0, 0},
  {0, 33, 15, 36, 15, 0, -35},
  {105, 34, 25, 35, 25, 0, -35},
  {214, 35, 31, 35, 30, -1, -35},
  {417, 36, 30, 45, 30, 0, -40},
  {685, 37, 40, 39, 40, 0, -37},
  {1006, 38, 32, 37, 31, 0, -36},
  {1225, 39, 15, 35, 15, 0, -35},
  {1284, 40, 17, 45, 16, 0, -38},
  {1431, 41, 17, 45, 16, 0, -38},
  {1572, 42, 26, 35, 26, 0, -35},
  {1699, 43, 31, 27, 31, 0, -27},
  {1797, 44, 15, 15, 15, 0, -5},
  {1846, 45, 21, 18, 21, 0, -18},
  {1876, 46, 15, 9, 15, 0, -8},
  {1909, 47, 19, 43, 17, -1, -37},
  {2050, 48, 31, 37, 31, 0, -36},
  {2264, 49, 19, 35, 19, 0, -35},
  {2389, 50, 29, 36, 29, 0, -36},
  {2533, 51, 30, 37, 30, 0, -36},
  {2698, 52, 31, 35, 31, 0, -35},
  {2886, 53, 29, 36, 29, 0, -35},
  {3051, 54, 30, 37, 30, 0, -36},
  {3261, 55, 26, 35, 26, 0, -35},
  {3385, 56, 30, 37, 30, 0, -36},
  {3592, 57, 30, 37, 30, 0, -36},
  {3808, 58, 15, 26, 15, 0, -25},
  {3875, 59, 15, 35, 15, 0, -25},
  {3958, 60, 31, 28, 31, 0, -28},
  {4089, 61, 31, 23, 31, 0, -23},
  {4145, 62, 31, 28, 31, 0, -28},
  {4275, 63, 25, 37, 25, 0, -36},
  {4414, 64, 48, 46, 48, 0, -35},
  {4825, 65, 34, 35, 34, 0, -35},
  {5009, 66, 30, 35, 30, 0, -35},
  {5220, 67, 35, 37, 35, 0, -36},
  {5403, 68, 33, 35, 33, 0, -35},
  {5627, 69, 28, 35, 28, 0, -35},
  {5771, 70, 27, 35, 27, 0, -35},
  {5909, 71, 35, 37, 35, 0, -36},
  {6109, 72, 34, 35, 34, 0, -35},
  {6331, 73, 12, 35, 12, 0, -35},
  {6472, 74, 26, 36, 26, 0, -35},
  {6632, 75, 32, 35, 32, 0, -35},
  {6876, 76, 26, 35, 26, 0, -35},
  {7017, 77, 42, 35, 42, 0, -35},
  {7342, 78, 34, 35, 34, 0, -35},
  {7621, 79, 36, 37, 36, 0, -36},
  {7842, 80, 30, 35, 30, 0, -35},
  {8027, 81, 36, 39, 36, 0, -36},
  {8265, 82, 30, 35, 30, 0, -35},
  {8485, 83, 30, 37, 30, 0, -36},
  {8665, 84, 31, 35, 31, 0, -35},
  {8772, 85, 33, 36, 33, 0, -35},
  {9027, 86, 34, 35, 34, 0, -35},
  {9231, 87, 49, 35, 48, 0, -35},
  {9583, 88, 33, 35, 33, 0, -35},
  {9786, 89, 33, 35, 33, 0, -35},
  {9950, 90, 30, 35, 30, 0, -35},
  {10072, 91, 17, 45, 16, 0, -38},
  {10239, 92, 19, 43, 17, -1, -37},
  {10380, 93, 17, 45, 16, 0, -38},
  {10481, 94, 22, 35, 22, 0, -35},
  {10570, 95, 24, 6, 21, -1, 0},
  {10588, 96, 21, 37, 21, 0, -37},
  {10624, 97, 26, 28, 26, 0, -27},
  {10777, 98, 29, 36, 29, 0, -35},
  {10966, 99, 27, 28, 27, 0, -27},
  {11103, 100, 29, 36, 29, 0, -35},
  {11324, 101, 27, 28, 27, 0, -27},
  {11456, 102, 18, 37, 17, 0, -37},
  {11554, 103, 29, 38, 29, 0, -27},
  {11798, 104, 29, 35, 28, 0, -35},
  {11979, 105, 12, 37, 12, 0, -37},
  {12088, 106, 15, 47, 12, -3, -37},
  {12228, 107, 27, 35, 26, 0, -35},
  {12402, 108, 12, 35, 12, 0, -35},
  {12509, 109, 42, 27, 42, 0, -27},
  {12768, 110, 28, 27, 28, 0, -27},
  {12928, 111, 28, 28, 28, 0, -27},
  {13089, 112, 29, 37, 29, 0, -27},
  {13282, 113, 29, 37, 29, 0, -27},
  {13508, 114, 18, 27, 18, 0, -27},
  {13599, 115, 25, 28, 25, 0, -27},
  {13736, 116, 17, 34, 17, 0, -33},
  {13825, 117, 28, 28, 28, 0, -27},
  {13975, 118, 27, 27, 27, 0, -27},
  {14124, 119, 40, 27, 39, 0, -27},
  {14377, 120, 26, 27, 26, 0, -27},
  {14522, 121, 27, 37, 27, 0, -27},
  {14708, 122, 26, 27, 26, 0, -27},
  {14800, 123, 21, 45, 21, 0, -38},
  {14975, 124, 16, 59, 16, 0, -47},
  {15208, 125, 21, 45, 21, 0, -38},
  {15382, 126, 31, 20, 31, 0, -20},
  {15457, 160, 10, 0, 10, 0, 0},
  {15457, 161, 15, 36, 15, 0, -27},
  {15564, 162, 27, 35, 27, 0, -35},
  {15779, 163, 31, 36, 31, 0, -36},
  {15921, 164, 35, 31, 35, 0, -30},
  {16161, 165, 28, 35, 26, -1, -35},
  {16334, 166, 15, 42, 15, 0, -35},
  {16468, 167, 27, 44, 27, 0, -36},
  {16678, 168, 24, 37, 24, 0, -37},
  {16745, 169, 42, 37, 42, 0, -36},
  {17065, 170, 22, 35, 22, 0, -35},
  {17165, 171, 29, 25, 29, 0, -25},
  {17312, 172, 26, 19, 26, 0, -19},
  {17355, 173, 0, 0, 1, 0, 0},
  {17355, 174, 30, 36, 30, 0, -36},
  {17620, 175, 26, 35, 26, 0, -35},
  {17645, 176, 20, 36, 20, 0, -36},
  {17741, 177, 31, 28, 31, 0, -28},
  {17839, 178, 19, 39, 19, 0, -39},
  {17938, 179, 20, 39, 20, 0, -39},
  {18042, 180, 21, 37, 21, 0, -37},
  {18079, 181, 30, 37, 30, 0, -27},
  {18274, 182, 28, 35, 28, 0, -35},
  {18480, 183, 15, 20, 15, 0, -20},
  {18515, 184, 16, 13, 16, 0, -1},
  {18559, 185, 14, 39, 14, 0, -39},
  {18621, 186, 22, 35, 22, 0, -35},
  {18732, 187, 29, 25, 29, 0, -25},
  {18878, 188, 41, 35, 41, 0, -35},
  {19152, 189, 42, 35, 42, 0, -35},
  {19420, 190, 45, 35, 45, 0, -35},
  {19722, 191, 25, 37, 25, 0, -27},
  {19859, 192, 34, 46, 34, 0, -46},
  {20070, 193, 34, 46, 34, 0, -46},
  {20282, 194, 34, 46, 34, 0, -46},
  {20510, 195, 34, 45, 34, 0, -45},
  {20739, 196, 34, 46, 34, 0, -46},
  {20977, 197, 34, 48, 34, 0, -48},
  {21214, 198, 48, 35, 48, 0, -35},
  {21420, 199, 35, 48, 35, 0, -36},
  {21643, 200, 28, 46, 28, 0, -46},
  {21815, 201, 28, 46, 28, 0, -46},
  {21988, 202, 28, 46, 28, 0, -46},
  {22174, 203, 28, 46, 28, 0, -46},
  {22376, 204, 14, 46, 12, -2, -46},
  {22545, 205, 14, 46, 12, 0, -46},
  {22713, 206, 20, 46, 12, -4, -46},
  {22896, 207, 18, 46, 12, -3, -46},
  {23089, 208, 36, 35, 33, -3, -35},
  {23314, 209, 34, 45, 34, 0, -45},
  {23637, 210, 36, 47, 36, 0, -46},
  {23887, 211, 36, 47, 36, 0, -46},
  {24136, 212, 36, 47, 36, 0, -46},
  {24399, 213, 36, 46, 36, 0, -45},
  {24665, 214, 36, 47, 36, 0, -46},
  {24943, 215, 31, 27, 31, 0, -27},
  {25104, 216, 36, 39, 36, 0, -37},
  {25388, 217, 33, 47, 33, 0, -46},
  {25669, 218, 33, 47, 33, 0, -46},
  {25953, 219, 33, 47, 33, 0, -46},
  {26251, 220, 33, 47, 33, 0, -46},
  {26559, 221, 33, 46, 33, 0, -46},
  {26752, 222, 31, 35, 31, 0, -35},
  {26899, 223, 30, 36, 30, 0, -36},
  {27152, 224, 26, 38, 26, 0, -37},
  {27333, 225, 26, 38, 26, 0, -37},
  {27513, 226, 26, 39, 26, 0, -38},
  {27713, 227, 26, 37, 26, 0, -36},
  {27913, 228, 26, 38, 26, 0, -37},
  {28121, 229, 26, 42, 26, 0, -41},
  {28334, 230, 42, 28, 42, 0, -27},
  {28540, 231, 27, 39, 27, 0, -27},
  {28720, 232, 27, 38, 27, 0, -37},
  {28880, 233, 27, 38, 27, 0, -37},
  {29040, 234, 27, 39, 27, 0, -38},
  {29219, 235, 27, 38, 27, 0, -37},
  {29404, 236, 14, 37, 12, -2, -37},
  {29509, 237, 13, 37, 12, 0, -37},
  {29619, 238, 20, 38, 12, -4, -38},
  {29744, 239, 19, 37, 12, -4, -37},
  {29876, 240, 27, 38, 27, 0, -37},
  {30100, 241, 28, 36, 28, 0, -36},
  {30305, 242, 28, 38, 28, 0, -37},
  {30496, 243, 28, 38, 28, 0, -37},
  {30685, 244, 28, 39, 28, 0, -38},
  {30885, 245, 28, 37, 28, 0, -36},
  {31089, 246, 28, 38, 28, 0, -37},
  {31308, 247, 31, 28, 31, 0, -28},
  {31397, 248, 28, 30, 28, 0, -28},
  {31593, 249, 28, 38, 28, 0, -37},
  {31770, 250, 28, 38, 28, 0, -37},
  {31948, 251, 28, 39, 28, 0, -38},
  {32139, 252, 28, 38, 28, 0, -37},
  {32343, 253, 27, 47, 27, 0, -37},
  {32556, 254, 29, 45, 29, 0, -35},
  {32775, 255, 27, 47, 27, 0, -37},
  {33012, 260, 35, 45, 34, 0, -35},
  {33235, 261, 26, 37, 26, 0, -27},
  {33426, 262, 35, 47, 35, 0, -46},
  {33636, 263, 27, 38, 27, 0, -37},
  {33801, 280, 28, 45, 28, 0, -35},
  {33983, 281, 27, 36, 27, 0, -27},
  {34143, 321, 28, 35, 27, -1, -35},
  {34262, 322, 15, 35, 12, -2, -35},
  {34375, 323, 34, 46, 34, 0, -46},
  {34681, 324, 28, 37, 28, 0, -37},
  {34869, 346, 30, 47, 30, 0, -46},
  {35077, 347, 25, 38, 25, 0, -37},
  {35241, 377, 30, 46, 30, 0, -46},
  {35389, 378, 26, 37, 26, 0, -37},
  {35509, 379, 30, 46, 30, 0, -46},
  {35662, 380, 26, 37, 26, 0, -37},
  {35782, 8211, 24, 18, 24, 0, -18},
  {35791, 8212, 48, 18, 48, 0, -18},
  {35806, 8226, 19, 22, 19, 0, -22},
  {35864, 8230, 37, 9, 37, 0, -8},
  {35960, 8364, 31, 37, 31, 0, -36},
  {36117, 8592, 44, 35, 44, 0, -33},
  {36243, 8593, 44, 36, 44, 0, -36},
  {36426, 8594, 44, 35, 44, 0, -33},
  {36555, 8595, 44, 36, 44, 0, -35},
  {36737, 10003, 41, 30, 41, 0, -30},
  {36845, 10005, 24, 59, 24, 0, -47},
};
const CoverageFont coverageFont48 = {coveragePixels48, coverageGlyphs48, 218, 48, 12};
#endif
const CoverageFont *builtInCoverageFont(uint8_t size) {
#if defined(ESP8266) || defined(COVERAGE_TEST)
  if (size == 2) return &coverageFont36;
  if (size == 3) return &coverageFont48;
#else
  (void)size;
#endif
  return nullptr;
}
